epoch,mean_r_inv,mean_r_vrp,mean_total_reward,mean_fill_fraction,mean_requested_fraction,mean_skip_rate,mean_visits_per_period,mean_tour_len,mean_tour_ref_len,mean_tour_ratio,mean_nn_rank,mean_logit_spread,mean_routing_advantage,mean_total_distance,mean_total_reference,policy_inv,policy_vrp,value,entropy,value_mean,value_explained_var,advantage_bias
1,-3299.754061268573,-24431.40625,-27731.160311268573,0.5200666754884742,0.5030338638979528,0.022512400793650796,23.258680555555557,6366.432291666667,2383.944444444445,2.4678837713471724,0.5135227787560258,0.0017379918530317116,-1.4678837713471726,24431.40625,9509.135416666666,-0.002115983041203251,1.7928204834461212,18.30118703842163,0.3505334109067917,0.03234127163887024,4.738569259643555e-05,0.27161943912506104
2,-3299.742389195175,-24190.125,-27489.867389195188,0.5106872908305374,0.4927190108638671,0.025342813051146384,23.144097222222218,6284.0954861111095,2387.8576388888887,2.4358221161698634,0.5054924602941805,0.013310592446755061,-1.4358221161698632,24190.125,9515.59375,-0.0020249342146644728,1.7603329122066498,17.862159252166748,0.36960022151470184,0.16143736243247986,0.0052078962326049805,0.13083508610725403
3,-3301.5592684153276,-23919.208333333332,-27220.767601748663,0.5193498125485744,0.5019357412432631,0.022802303791887125,23.168402777777775,6208.244791666667,2389.7499999999995,2.4021294577871912,0.48208356513056727,0.08780992488279347,-1.4021294577871917,23919.208333333332,9534.291666666666,-0.00505743065503228,1.723311960697174,16.947446823120117,0.3893313407897949,0.3114127814769745,0.03758227825164795,-0.029725907370448112
4,-3304.45076121294,-23474.635416666668,-26779.08617787961,0.5265151656717192,0.5125993875683182,0.021455302028218697,23.222222222222225,6090.967013888888,2379.6423611111113,2.3701686404263307,0.4745208589569501,0.13604184216667833,-1.3701686404263311,23474.635416666668,9493.427083333334,-0.0022606284415225275,1.6827251315116882,13.768416166305542,0.41518285870552063,0.748652458190918,0.18021535873413086,-0.44529062509536743
5,-3303.1452260803085,-23467.072916666668,-26770.21814274698,0.5228567118915208,0.5077026879363177,0.02170552248677249,23.18576388888889,6102.630208333333,2395.2517361111113,2.359420483067051,0.4705571914008653,0.1544383236592767,-1.3594204830670504,23467.072916666668,9550.604166666666,-0.002061343292948159,1.6608708500862122,12.223556995391846,0.4159245043992996,1.423575520515442,0.4234735369682312,-1.1265385150909424
6,-3301.085029110123,-23411.364583333332,-26712.449612443448,0.5156727889467564,0.49932837713923717,0.02590994268077601,23.118055555555557,6074.145833333333,2388.0416666666665,2.3587872032839337,0.47821854837797334,0.17124520387115102,-1.3587872032839334,23411.364583333332,9526.479166666666,-0.0014522568655795376,1.6650941967964172,12.978761434555054,0.4215775579214096,0.8919316530227661,0.30455589294433594,-0.621742844581604
7,-3302.901152608704,-23504.979166666668,-26807.88031927537,0.5107909502762847,0.4932233561865158,0.026572420634920633,23.131944444444443,6103.579861111112,2385.7170138888887,2.3671613300273,0.479964373676248,0.0877302481759294,-1.3671613300273,23504.979166666668,9516.364583333334,0.0007047142189365307,1.6767971515655518,10.971402168273926,0.4583262950181961,0.26852163672447205,0.34075450897216797,0.017268866300582886
8,-3304.919367674511,-23315.989583333332,-26620.908951007852,0.5076409690951138,0.4868352027713425,0.028247078924162256,23.097222222222218,6064.164930555556,2387.3420138888887,2.351588038037104,0.47177554201545197,0.13126951412674207,-1.3515880380371044,23315.989583333332,9518.677083333334,-0.0036066629908595438,1.6552327871322632,8.263216972351074,0.46989092230796814,0.8615546226501465,0.5246514081954956,-0.5809081196784973
9,-3304.149426400581,-22463.447916666668,-25767.597343067242,0.501555219972846,0.4801136744726035,0.029044036596119926,23.020833333333332,5826.519097222223,2377.460069444445,2.2782944387701343,0.44514514549939105,0.21578227429010866,-1.278294438770134,22463.447916666668,9488.395833333334,-0.00343814876396209,1.5621048212051392,6.470556616783142,0.5151573270559311,0.3561810553073883,0.6203460693359375,-0.07116340100765228
10,-3301.352171301151,-21990.177083333332,-25291.529254634475,0.5014580763396652,0.4801619832093517,0.03160163139329806,22.973958333333332,5698.364583333333,2379.772569444445,2.229810895802885,0.4371888705018048,0.28937302721823127,-1.229810895802885,21990.177083333332,9490.104166666666,0.0015408602088097245,1.5001085102558136,5.584110498428345,0.49980516731739044,0.5705885887145996,0.6777454614639282,-0.28355807065963745
11,-3301.2899138462885,-22029.416666666668,-25330.706580512964,0.5017801907528604,0.48004569816920495,0.026027612433862434,23.06423611111111,5716.984375,2387.1614583333335,2.227250421922686,0.4369505251000317,0.298863922983542,-1.2272504219226859,22029.416666666668,9516.645833333334,-0.0019592069245368063,1.5061925649642944,4.47621476650238,0.519737645983696,0.30324557423591614,0.7302649617195129,-0.014182751066982746
12,-3301.333551212839,-21465.604166666668,-24766.937717879497,0.5107545364331871,0.49280058111374575,0.031532462522045855,22.99826388888889,5584.321180555555,2371.631944444445,2.190164783679292,0.42127245489937387,0.3595335979045237,-1.1901647836792917,21465.604166666668,9462.770833333334,-0.004245778791943933,1.4542015492916107,4.642457008361816,0.5269334763288498,0.1506190299987793,0.7772091627120972,0.15284010767936707
13,-3305.3073879610715,-20995.53125,-24300.83863796107,0.49958718756607073,0.47705869697448283,0.032412367724867726,22.885416666666668,5443.994791666667,2367.1770833333335,2.148762069672979,0.4175610304011667,0.40435721421559156,-1.148762069672979,20995.53125,9441.395833333334,0.0009492373545514354,1.3925547301769257,5.893572092056274,0.6749023050069809,0.9903882741928101,0.7278984189033508,-0.6989961266517639
14,-3301.76712742649,-20947.395833333332,-24249.162960759815,0.49314669825015045,0.47200237236554843,0.04534887566137565,22.689236111111114,5426.949652777777,2373.8645833333335,2.1269636357167285,0.4112053895440873,0.42167885279970313,-1.1269636357167283,20947.395833333332,9474.364583333334,-0.002315503553630638,1.384204387664795,5.079139590263367,0.7183477282524109,-0.518376886844635,0.7608833312988281,0.7693747878074646
15,-3301.2108786299336,-20622.395833333332,-23923.606711963275,0.5088574605474387,0.4890231754009922,0.0391413139329806,22.770833333333332,5337.019097222222,2381.144097222222,2.0882025528366284,0.4009374173149147,0.4533890585820446,-1.0882025528366286,20622.395833333332,9495.53125,0.0004832642705584478,1.3388205468654633,4.48543119430542,0.8064230233430862,-0.31598567962646484,0.7891892194747925,0.5922607779502869
16,-3301.288538744788,-20200.84375,-23502.132288744786,0.507831452752075,0.48517392888768685,0.03572117504409171,22.800347222222225,5216.024305555556,2375.7708333333335,2.051729925630862,0.38861129841267966,0.516408305483777,-1.0517299256308623,20200.84375,9477.614583333334,-0.0022474460770034455,1.2889542281627655,4.684859871864319,0.7768062129616737,1.6169301271438599,0.7587511539459229,-1.3415826559066772
17,-3303.1542156062837,-20167.34375,-23470.49796560628,0.4980378214362305,0.476973915213926,0.04511491402116402,22.630208333333332,5215.505208333333,2370.810763888889,2.0538378749286896,0.3853467609093811,0.49772920281577254,-1.0538378749286894,20167.34375,9470.739583333334,-0.003833986233185982,1.294134944677353,3.3996951580047607,0.7609101682901382,0.2956780195236206,0.8169564008712769,-0.033395618200302124
18,-3303.217983459094,-19228.645833333332,-22531.863816792433,0.49062630735591356,0.4644544828269217,0.044936618165784835,22.651041666666668,4944.9375,2359.361111111111,1.957234230025173,0.3529079045386155,0.5571349579673016,-0.9572342300251732,19228.645833333332,9420.770833333334,-0.0005824378305914202,1.1913266777992249,4.369697749614716,0.6980711594223976,0.9212659597396851,0.7935277223587036,-0.6821412444114685
19,-3303.4583788595864,-19173.364583333332,-22476.822962192917,0.49210140520019463,0.46793062746938735,0.04819912918871252,22.553819444444446,4950.638888888889,2350.6145833333335,1.9722003347123511,0.36318059792075674,0.5475865066912383,-0.9722003347123515,19173.364583333332,9379.135416666666,0.0011802626170471786,1.1947899460792542,5.464488327503204,0.7929322272539139,-1.5844247341156006,0.7778747081756592,1.8406177759170532
20,-3297.9271854646354,-19807.708333333332,-23105.63551879796,0.49436179008573916,0.4702855907897982,0.04774526014109346,22.605902777777775,5119.828125000001,2363.7638888888887,2.0269090772229297,0.3879899611460556,0.5063053723717593,-1.0269090772229295,19807.708333333332,9432.541666666666,-0.0016434803018077204,1.251577079296112,6.306754112243652,0.7216566205024719,2.0376386642456055,0.7160208225250244,-1.7787874937057495
21,-3302.9379691288996,-19735.229166666668,-23038.167135795575,0.4901086193869693,0.46441618259996176,0.045421902557319226,22.651041666666668,5100.84548611111,2371.1631944444443,2.0099100910598913,0.3770923488032263,0.5080097822142561,-1.009910091059891,19735.229166666668,9471.677083333334,-0.00039608397962331843,1.2449458539485931,4.091511845588684,0.7030501589179039,-0.6126907467842102,0.8094912767410278,0.8739069700241089
22,-3304.111598806092,-19335.791666666668,-22639.90326547275,0.4842580699946308,0.45814445534617537,0.04729166666666667,22.597222222222218,4998.04513888889,2368.262152777778,1.9767878134071877,0.36862242539868967,0.5462028116868791,-0.9767878134071877,19335.791666666668,9455.65625,-0.0016687705767730598,1.1974930465221405,5.083057403564453,0.6549520865082741,1.8187059164047241,0.7689237594604492,-1.5516588687896729
23,-3301.6688668057654,-19069.75,-22371.41886680576,0.4815620009851016,0.4512736635127415,0.0493369708994709,22.633680555555557,4951.817708333333,2356.453125,1.9644788880948145,0.3530516600362737,0.5823825549962895,-0.9644788880948146,19069.75,9392.354166666666,0.0010443009827705296,1.186637818813324,5.066371321678162,0.7178899943828583,-1.4716964960098267,0.790428638458252,1.7318990230560303
24,-3302.9695838492403,-18488.885416666668,-21791.85500051591,0.4804127938878096,0.45192821298001545,0.049842647707231034,22.494791666666668,4770.559027777777,2351.7517361111113,1.9042886486112274,0.34956036768754495,0.6325343132135103,-0.9042886486112276,18488.885416666668,9379.979166666666,-0.001382834353893414,1.113282173871994,4.2511985301971436,0.6432100981473923,1.19144606590271,0.7985224723815918,-0.9233956336975098
25,-3299.596687771484,-18177.833333333332,-21477.430021104814,0.47597481349431403,0.44746140525158906,0.05403880070546738,22.458333333333332,4692.432291666667,2352.5954861111113,1.8664257484453468,0.3332636526952379,0.6599937775089498,-0.8664257484453467,18177.833333333332,9387.75,0.00013051279455922327,1.0746254622936249,5.411631107330322,0.5941999703645706,-1.6189966201782227,0.778821587562561,1.8910670280456543
26,-3298.70590615615,-17957.520833333332,-21256.226739489473,0.4770033589020181,0.44618368554963833,0.0573597332451499,22.36111111111111,4622.074652777777,2356.140625,1.8457590789431766,0.3252912658080976,0.6910578695272308,-0.8457590789431766,17957.520833333332,9411.614583333334,-0.0004657213567318408,1.0416666567325592,4.059715151786804,0.5170063599944115,1.270401120185852,0.8133891224861145,-1.0094798803329468
27,-3301.8004188053746,-17695.1875,-20996.98791880537,0.4760913437075098,0.4467748295929697,0.04826195987654321,22.571180555555554,4565.72048611111,2361.2239583333335,1.823722644377393,0.33582051874653157,0.7498343554430463,-0.8237226443773933,17695.1875,9429.645833333334,-0.000527835875129834,1.0049680769443512,4.708951652050018,0.47324059903621674,-1.3555471897125244,0.7936654686927795,1.6158372163772583
28,-3298.6321396313556,-17676.8125,-20975.44463963135,0.4707397504851664,0.4416028084750805,0.05028742283950618,22.515625,4550.899305555556,2348.265625,1.8254378047677458,0.31472262445360466,0.7452532164285905,-0.8254378047677459,17676.8125,9371.90625,-0.0016154519636818465,1.0173176229000092,4.111186683177948,0.48336009681224823,1.3409144878387451,0.7960686087608337,-1.0853214263916016
29,-3300.375212195117,-17328.385416666668,-20628.760628861794,0.47199265418519337,0.4370695382046203,0.05411403218694885,22.420138888888886,4474.87673611111,2353.0833333333335,1.7937250277118386,0.3147172065429264,0.7818854476300029,-0.793725027711839,17328.385416666668,9402.697916666666,-0.0010093698326976153,0.9746598154306412,4.0831462144851685,0.5469410717487335,-1.0330005884170532,0.8209765553474426,1.3126766681671143
30,-3300.4513378085726,-17042.541666666668,-20342.993004475244,0.4742916925356419,0.43995165819716125,0.05520860890652557,22.331597222222218,4396.425347222222,2342.7604166666665,1.7702926346993018,0.3062575514228704,0.78926349962581,-0.7702926346993019,17042.541666666668,9360.614583333334,-0.0038556193349639223,0.9455427080392838,4.087653696537018,0.6580031290650368,1.5091675519943237,0.8028658628463745,-1.25669264793396
31,-3304.9061309936856,-17232.895833333332,-20537.801964327024,0.4805058052310027,0.4532667965524726,0.05649388227513227,22.383680555555557,4438.649305555555,2345.9357638888887,1.7853838372357835,0.3038201940260934,0.802783638587463,-0.7853838372357838,17232.895833333332,9361.385416666666,-0.0012007739407837725,0.9609071314334869,3.6991376280784607,0.6925447657704353,-0.8050331473350525,0.8318039178848267,1.063002347946167
32,-3302.0169928087075,-17122.65625,-20424.67324280871,0.4779607627189873,0.4490328773649202,0.04968998015873016,22.536458333333332,4410.710069444444,2350.6145833333335,1.7717416669198567,0.3111335536536029,0.8211511694618855,-0.7717416669198567,17122.65625,9387.427083333334,-0.0012881603909793427,0.9458989948034286,4.146645426750183,0.6306429281830788,1.5665600299835205,0.8087888360023499,-1.3147687911987305
33,-3302.589031088383,-17220.645833333332,-20523.234864421716,0.469994143723021,0.4374918057324572,0.05759562389770723,22.362847222222225,4443.27951388889,2348.852430555555,1.784449927347529,0.3076006843417335,0.8070992040200285,-0.7844499273475293,17220.645833333332,9380.697916666666,-0.0021100827231719244,0.9587946534156799,3.718151807785034,0.5246797949075699,-0.7638709545135498,0.8307987451553345,1.020281434059143
34,-3300.2916200327527,-16623.354166666668,-19923.645786699417,0.4647947310786858,0.43040379718877375,0.06011298500881834,22.284722222222218,4278.663194444444,2337.6006944444443,1.7323377202881272,0.29776440645825103,0.8613501766862403,-0.7323377202881272,16623.354166666668,9331.791666666666,-0.006839632348279778,0.8921148180961609,3.868063747882843,0.4518031179904938,1.5896294116973877,0.8219749927520752,-1.345697283744812
35,-3304.479862066996,-16965.583333333332,-20270.06319540032,0.4617986190825547,0.4243914290952186,0.0669987323633157,22.130208333333332,4364.699652777778,2344.6145833333335,1.756214866928741,0.30671521136001406,0.8043160527452008,-0.7562148669287407,16965.583333333332,9375.864583333334,-0.0009706138324219182,0.9328475743532181,3.189586043357849,0.3441969156265259,-0.6673707962036133,0.8564977049827576,0.9108389019966125
36,-3302.6009621815915,-16583.385416666668,-19885.98637884826,0.4495920361476667,0.40982121606874794,0.07171351410934744,22.050347222222225,4265.347222222222,2344.7916666666665,1.720743862957699,0.2956084848606968,0.8452384043579689,-0.7207438629576988,16583.385416666668,9340.114583333334,-0.002069692165035608,0.8908519744873047,4.034269034862518,0.3355851471424103,1.736925482749939,0.8280407190322876,-1.492732048034668
37,-3300.763054648398,-16041.104166666666,-19341.867221315068,0.4548232745178828,0.4169239447866049,0.06980792548500882,22.032986111111114,4124.359375,2331.0833333333335,1.680715814957613,0.2882087722410025,0.9369165263692146,-0.6807158149576127,16041.104166666666,9302.65625,-0.0014742828384948226,0.8294914811849594,3.019241154193878,0.3101855665445328,-0.6116752028465271,0.8581153154373169,0.8206577301025391
38,-3301.210162292267,-15733.71875,-19034.92891229226,0.45337541579658525,0.41244537155661315,0.06998815035273369,21.967013888888886,4039.4895833333335,2336.7135416666665,1.643421554043882,0.28558966150666215,0.9274143084095473,-0.6434215540438819,15733.71875,9341.15625,0.0019129786682738903,0.79422827064991,3.9129186272621155,0.398779034614563,1.6987872123718262,0.8346953392028809,-1.4750896692276
39,-3299.880263179714,-16476.833333333332,-19776.713596513044,0.4597248253794235,0.42275641387742424,0.06938161375661375,21.993055555555554,4230.416666666667,2333.5364583333335,1.715790601344894,0.2990659026563736,0.7844265626416104,-0.7157906013448939,16476.833333333332,9325.291666666666,-0.0033260858799989412,0.8799437135457993,3.03824782371521,0.49310531467199326,-0.6687341332435608,0.8617264032363892,0.9153342247009277
40,-3298.794163614299,-16752.71875,-20051.5129136143,0.466022474673808,0.4310413458798495,0.06854414682539682,22.065972222222218,4307.84375,2342.1770833333335,1.7358633310923262,0.30055925022661484,0.8028773439487707,-0.7358633310923262,16752.71875,9343.020833333334,0.0005245107793303561,0.9103696048259735,3.6975393295288086,0.421817384660244,1.5550464391708374,0.8355290293693542,-1.3061671257019043
41,-3302.2698944143976,-16347.770833333334,-19650.040727747717,0.45246026904592473,0.41240339201047194,0.07016479276895944,21.977430555555557,4201.239583333333,2327.2170138888887,1.7113692980676571,0.2899319161022076,0.8565752190591206,-0.7113692980676568,16347.770833333334,9296.15625,-0.00017701105962508734,0.8736286759376526,2.9840821623802185,0.25865940749645233,-0.719806969165802,0.8648676872253418,0.9646048545837402
42,-3300.637009611814,-16132.572916666666,-19433.20992627848,0.4489915702752663,0.4086209885750172,0.07106564153439153,21.963541666666668,4140.373263888889,2337.017361111111,1.6788298657077991,0.28602529918250835,0.9041323888852405,-0.6788298657077988,16132.572916666666,9334.447916666666,0.004043743682841772,0.8312031179666519,3.2953602075576782,0.3582960516214371,1.490653157234192,0.8545190095901489,-1.2540861368179321
43,-3300.832122941403,-15974.322916666666,-19275.155039608067,0.4562100256439203,0.4174557104448064,0.0697988315696649,22.036458333333332,4113.621527777777,2334.7708333333335,1.6694139128015504,0.2825182217139613,0.9474127873202143,-0.6694139128015507,15974.322916666666,9330.677083333334,-0.004617070198303708,0.8214246928691864,3.0964969396591187,0.3715766966342926,-0.8230720162391663,0.863504946231842,1.0764650106430054
44,-3298.538763524685,-15913.885416666666,-19212.424180191356,0.4548787481626538,0.41545541682798004,0.07280368165784833,21.960069444444443,4078.029513888889,2327.027777777778,1.6658546276990502,0.27983814708795723,0.9829038884058064,-0.6658546276990501,15913.885416666666,9301.458333333334,0.00021008908861230857,0.8140648007392883,3.3375765085220337,0.38817377388477325,1.3635978698730469,0.8474022150039673,-1.1546008586883545
45,-3297.985030286615,-15496.78125,-18794.766280286614,0.45693581839919384,0.41907485159269225,0.0752524250440917,21.892361111111114,3983.5121527777774,2337.7170138888887,1.620981403765743,0.26993346153682674,1.0407947459286981,-0.620981403765743,15496.78125,9330.3125,-0.0002378390177688594,0.7577843219041824,2.833109200000763,0.36818458139896393,-0.7200185060501099,0.8731883764266968,0.9801688194274902
46,-3300.292894871607,-15701.114583333334,-19001.40747820494,0.4550804795631331,0.4155896626568089,0.07565696649029982,21.914930555555554,4015.102430555555,2313.418402777778,1.649703047799812,0.2670688118442684,0.9969841735218733,-0.6497030477998119,15701.114583333334,9255.979166666666,0.0011516862907248182,0.7973600625991821,3.1737852096557617,0.457963190972805,1.3909348249435425,0.8565475940704346,-1.1691887378692627
47,-3303.157121285272,-16020.416666666666,-19323.573787951937,0.462938348477446,0.4274114217195246,0.06822200176366842,22.149305555555554,4130.248263888889,2348.173611111111,1.663126225085053,0.2737697979677247,0.9862539583691549,-0.663126225085053,16020.416666666666,9363.739583333334,-0.0002303809754935493,0.8205248415470123,2.7611753940582275,0.5234940573573112,-0.6869651675224304,0.8734983205795288,0.9368715286254883
48,-3299.6170576071995,-15849.697916666666,-19149.31497427387,0.4716789891894002,0.43819845902423066,0.06379050925925926,22.177083333333332,4071.3784722222226,2341.960069444445,1.6473934209134484,0.26863568001767313,1.0102915628100277,-0.6473934209134486,15849.697916666666,9331.5625,9.614673579549926e-05,0.803023561835289,3.075509548187256,0.622988797724247,1.2766730785369873,0.8536978960037231,-1.0466278791427612
49,-3301.5316749533445,-15623.177083333334,-18924.708758286677,0.47832564043028025,0.45021891048074597,0.06709187610229277,22.138888888888886,4020.1701388888887,2337.8645833333335,1.631052066361385,0.26828447956014395,0.9962722087771985,-0.6310520663613848,15623.177083333334,9344.416666666666,-0.00011767601101764225,0.7788106501102448,2.7278448343276978,0.6724161729216576,-0.6414068937301636,0.8720434904098511,0.885747492313385
50,-3299.1605925817857,-15675.03125,-18974.191842581782,0.4729241115622889,0.44052768296872574,0.0657771164021164,22.109375,4036.7083333333335,2343.039930555555,1.6343418995834105,0.27797504853891414,1.021838605051861,-0.6343418995834105,15675.03125,9371.635416666666,-0.0004973789329980605,0.7781326621770859,2.9030730724334717,0.6463474221527576,1.2792831659317017,0.8628098964691162,-1.0260708332061768
51,-3301.926793291581,-15428.625,-18730.551793291583,0.4812804863023035,0.4503456450119201,0.060877700617283946,22.227430555555557,3962.595486111111,2354.5833333333335,1.5991936378086817,0.2674258981471104,1.054254494084716,-0.5991936378086816,15428.625,9383.78125,-0.0031971476467633764,0.7419434487819672,2.8245493173599243,0.7232791520655155,-0.6505963802337646,0.8682457208633423,0.921506404876709
52,-3300.1682988200587,-15070.270833333334,-18370.439132153388,0.48417447582974243,0.45450289800970095,0.06366264329805997,22.168402777777775,3874.696180555556,2347.59375,1.5681435996475923,0.255149364986118,1.0940635633946443,-0.5681435996475924,15070.270833333334,9374.0625,-0.00042854700858688255,0.7000243663787842,2.8676836490631104,0.74022426456213,1.285726547241211,0.8645656704902649,-1.0195770263671875
53,-3303.369981877126,-15416.71875,-18720.08873187713,0.48520474006190756,0.4561040855995897,0.061200396825396824,22.272569444444443,3956.732638888889,2351.4756944444443,1.596706242054866,0.25528544408970416,1.0517652787020895,-0.596706242054866,15416.71875,9382.09375,-0.00021720047494233619,0.7460627555847168,2.7590076327323914,0.7473456896841526,-0.6297773122787476,0.8702850937843323,0.8797963261604309
54,-3299.8170146166085,-15401.458333333334,-18701.275347949926,0.47540526659669485,0.4442742527462542,0.06063216490299824,22.229166666666668,3958.258680555555,2346.675347222222,1.6043921202026261,0.2675098793423722,1.0543466957027128,-0.6043921202026259,15401.458333333334,9368.15625,-0.00018549100772258242,0.7377362549304962,2.8617091178894043,0.6994114778935909,1.2542058229446411,0.8620439171791077,-0.9851611256599426
55,-3302.949038829311,-15396.03125,-18698.98028882931,0.47754638481138856,0.4504983530172871,0.06314373897707232,22.18923611111111,3955.9565972222226,2349.5052083333335,1.598285862800387,0.25888107461179544,1.1029236767458725,-0.598285862800387,15396.03125,9370.875,-0.0010557948652687443,0.7386341989040375,2.721603274345398,0.707406260073185,-0.5685103535652161,0.8715154528617859,0.8275884985923767
56,-3299.773950803621,-15168.53125,-18468.305200803625,0.4821257137905505,0.45220635725288755,0.06268077601410933,22.269097222222218,3899.769097222222,2353.6302083333335,1.57622684575884,0.24641252500012942,1.144035878128567,-0.5762268457588399,15168.53125,9381.6875,0.00045355589989215517,0.7098535895347595,2.89982533454895,0.6185190640389919,1.280077576637268,0.8630062937736511,-1.0203067064285278
57,-3300.843295675175,-14893.364583333334,-18194.207879008503,0.4676319433650931,0.43378128680504036,0.07144455467372134,22.07986111111111,3827.951388888889,2343.7864583333335,1.5483010768152792,0.2359369233215325,1.1831719290182534,-0.5483010768152792,14893.364583333334,9361.854166666666,-0.0008430654138051885,0.6856315433979034,2.6385180950164795,0.5392113626003265,-0.5029323101043701,0.8744699358940125,0.7665138840675354
58,-3298.1728561597897,-14754.052083333334,-18052.224939493117,0.46694099036226744,0.43475260828725154,0.06544284611992945,22.088541666666668,3777.664930555556,2348.2430555555557,1.5335622223966519,0.23834523401493582,1.2188357572621966,-0.533562222396652,14754.052083333334,9373.729166666666,-0.0005611134531706696,0.6637883931398392,2.954153299331665,0.49832286685705185,1.3174620866775513,0.8629018664360046,-1.0954762697219849
59,-3302.8450406787924,-14834.739583333334,-18137.58462401213,0.46623726975924873,0.43242601623448235,0.06879546957671957,21.991319444444446,3781.647569444444,2326.6041666666665,1.5454264357529224,0.23988664229947335,1.169358992716308,-0.545426435752922,14834.739583333334,9317.739583333334,-0.0016607468614985021,0.6867685317993164,2.4906707406044006,0.5185336470603943,-0.5125609636306763,0.8792827129364014,0.7294827103614807
60,-3303.2826543602455,-14803.864583333334,-18107.14723769358,0.4753603206910764,0.4424941634190165,0.06648616622574956,22.090277777777782,3800.545138888889,2342.404513888889,1.5433705779198927,0.2448592915138729,1.2222524058607467,-0.543370577919893,14803.864583333334,9362.770833333334,-0.000995201831407222,0.679665595293045,2.8029709458351135,0.609819445759058,1.3004480600357056,0.8651880025863647,-1.0587186813354492
61,-3302.4100565095305,-14506.28125,-17808.691306509525,0.47730477642400015,0.44828851615440923,0.06861138668430335,22.105902777777782,3723.059027777778,2343.4374999999995,1.5158578240698712,0.23522524681400733,1.2628387873894766,-0.5158578240698712,14506.28125,9357.21875,-0.0027030644673181475,0.6389798223972321,2.5613564252853394,0.6353545784950256,-0.5203656554222107,0.8786372542381287,0.7702158689498901
62,-3300.3302120335884,-14257.635416666666,-17557.96562870026,0.48978991715299763,0.4608298788726743,0.058419587742504414,22.279513888888886,3653.022569444445,2358.420138888889,1.4806811274491416,0.22228595990794245,1.3205659017228015,-0.48068112744914143,14257.635416666666,9429.90625,-0.010744598550684381,0.5955777764320374,2.8803343176841736,0.5905544236302376,1.354399561882019,0.868477463722229,-1.1085408926010132
63,-3301.959673935784,-14256.375,-17558.334673935777,0.47147456213984196,0.4383228888812785,0.06595844356261023,22.105902777777782,3660.949652777778,2345.0052083333335,1.4898977675682843,0.2321928682782939,1.2797279852664143,-0.48989776756828424,14256.375,9341.229166666666,-0.003124115560472207,0.6099187433719635,2.4616024494171143,0.45634063333272934,-0.4681999087333679,0.8761601448059082,0.7031386494636536
64,-3301.3862037018084,-13902.40625,-17203.792453701815,0.4629058243969446,0.4281263341609803,0.06824266975308642,22.085069444444443,3558.309027777778,2355.472222222222,1.4497833418580628,0.22031448872251227,1.3559805048641145,-0.44978334185806285,13902.40625,9401.354166666666,-0.0022917950397705056,0.5569755882024765,2.7173460721969604,0.34224871546030045,1.2082841396331787,0.8651015162467957,-0.9803042411804199
65,-3300.6937010092206,-14012.729166666666,-17313.42286767589,0.4608073772765511,0.424493964929651,0.0667741402116402,22.085069444444443,3584.428819444445,2341.5052083333335,1.4657843960201247,0.2284309636131423,1.3045068368228545,-0.46578439602012484,14012.729166666666,9339.09375,-0.002023942256463851,0.5799262374639511,2.3834773004055023,0.311032272875309,-0.42576903104782104,0.8828315138816833,0.6621649861335754
66,-3301.950845181435,-14339.885416666666,-17641.8362618481,0.46117342154608904,0.4238842552941706,0.07363205467372134,21.977430555555557,3674.2326388888887,2346.595486111111,1.4987116128538218,0.22912461605510606,1.2744229317574851,-0.49871161285382204,14339.885416666666,9354.864583333334,-0.00031757033899637577,0.6197764575481415,2.8880757093429565,0.3737938851118088,1.2101480960845947,0.8570184111595154,-0.9828312993049622
67,-3300.391047762268,-14226.739583333334,-17527.13063109559,0.4565788949495125,0.41792573257245946,0.06747602513227513,22.012152777777775,3646.8315972222226,2332.550347222222,1.4963854752264394,0.23546250406568955,1.3112726898707399,-0.49638547522643933,14226.739583333334,9321.28125,0.0004946973956498901,0.6085927039384842,2.507207691669464,0.26614250242710114,-0.5066795349121094,0.8833527565002441,0.7500030994415283
68,-3300.0892123866447,-14256.770833333334,-17556.860045719983,0.45078829770467316,0.40808316377095055,0.07072503306878307,22.027777777777782,3654.6666666666665,2334.347222222222,1.4954372253829575,0.23322175238365359,1.3016735577549123,-0.49543722538295726,14256.770833333334,9323.760416666666,-0.00031272546818006397,0.6143504530191422,2.8525386452674866,0.2586602121591568,1.2058649063110352,0.8616774082183838,-0.9743469953536987
69,-3301.1543778135197,-13890.770833333334,-17191.925211146845,0.45731172467601483,0.41947449122865993,0.07157600308641975,21.970486111111114,3552.046875,2336.715277777778,1.4550981620911116,0.22502976423014762,1.3720244470880043,-0.4550981620911115,13890.770833333334,9338.0625,-0.0010128110005451774,0.5688701719045639,2.4463603794574738,0.2441415637731552,-0.6211014986038208,0.8842127919197083,0.8259255290031433
70,-3298.606613545127,-14119.21875,-17417.825363545126,0.4492183347235547,0.4087371845057028,0.07464037698412698,21.897569444444443,3600.258680555556,2324.7569444444443,1.4788874095511837,0.22524010078815268,1.3319379519080237,-0.47888740955118375,14119.21875,9297.78125,0.0004909166440345558,0.6008442640304565,2.723710060119629,0.12490104138851166,1.2039625644683838,0.8735458254814148,-1.0024220943450928
71,-3303.7907211492106,-14126.052083333334,-17429.842804482545,0.4492309853423328,0.40581701972728806,0.07477402998236331,21.975694444444443,3617.717013888889,2339.0225694444443,1.4762947656165046,0.23563545437928324,1.319505575739113,-0.47629476561650447,14126.052083333334,9332.479166666666,0.00017198554732278382,0.601307824254036,2.470244884490967,0.17238812148571014,-0.5186715126037598,0.8795743584632874,0.725744366645813
72,-3301.3123424432056,-14010.447916666666,-17311.76025910987,0.45447797328473144,0.4159297350302546,0.0710460758377425,22.045138888888886,3582.144097222222,2339.3333333333335,1.4668691243255987,0.22778723329259534,1.2992414093009943,-0.46686912432559874,14010.447916666666,9330.09375,-0.004327174628887209,0.5811176747083664,2.5959070920944214,0.18017596006393433,1.1378766298294067,0.8723403215408325,-0.9239356517791748
73,-3299.6873928545756,-14156.822916666666,-17456.51030952124,0.44332871609582164,0.4027162732608202,0.07493331128747795,21.947916666666668,3625.602430555556,2338.84375,1.479454792198515,0.2309113329360888,1.295846344513545,-0.479454792198515,14156.822916666666,9342.458333333334,-0.0017877810792246152,0.5999267548322678,2.370923697948456,0.05446222424507141,-0.5617303848266602,0.8857960104942322,0.7694089412689209
74,-3297.6784474678675,-13799.010416666666,-17096.68886413453,0.4497560529439342,0.40792579110711813,0.07105820105820106,22.092013888888886,3531.6927083333335,2333.0416666666665,1.450091751207741,0.21663139847896895,1.3617674783627738,-0.45009175120774086,13799.010416666666,9308.427083333334,-0.0003459623456530392,0.5596651285886765,2.5831815004348755,0.28031209856271744,1.193082571029663,0.876275360584259,-0.962321400642395
75,-3303.6609395893806,-14400.260416666666,-17703.921356256044,0.460650175498942,0.42423637488132554,0.06599289021164022,22.041666666666668,3678.5451388888887,2348.1041666666665,1.49807342958253,0.2321111497092889,1.2002379307306108,-0.49807342958252976,14400.260416666666,9386.375,0.00012913738876285663,0.6182978451251984,2.283981740474701,0.3764854520559311,-0.4827703535556793,0.8869055509567261,0.7060899138450623
76,-3300.549169768128,-14169.15625,-17469.705419768132,0.4602702152947955,0.4225160263271795,0.07485807980599647,21.991319444444443,3632.199652777778,2331.923611111111,1.4890728958152646,0.2387469274598529,1.2947496575382027,-0.48907289581526453,14169.15625,9315.208333333334,-7.809747685172397e-05,0.6010790020227432,2.539235770702362,0.34040308743715286,1.1897684335708618,0.8798263072967529,-0.9647918343544006
77,-3300.8095530157207,-13867.395833333334,-17168.205386349055,0.45761150031358167,0.421135699428204,0.07119020061728396,21.970486111111114,3548.152777777778,2334.230902777778,1.4569724017663932,0.22566252585493266,1.3861455118723984,-0.4569724017663934,13867.395833333334,9316.958333333334,-0.00024684254785478643,0.5618039518594742,2.355346590280533,0.2627239376306534,-0.5441983938217163,0.8879734873771667,0.7635473608970642
78,-3302.195191888708,-13658.75,-16960.94519188871,0.45432621718013033,0.4142648582864139,0.07305417768959437,22.00173611111111,3496.736111111111,2337.0989583333335,1.4357949070522125,0.21121087496229687,1.4225036424195647,-0.43579490705221247,13658.75,9322.71875,-0.002513712395077583,0.5406997501850128,2.5537038445472717,0.19961941242218018,1.1093735694885254,0.8756964206695557,-0.8829019069671631
79,-3302.7978708457576,-13401.447916666666,-16704.24578751242,0.45127518888915397,0.41169964452274144,0.07576526675485008,21.928819444444443,3422.6927083333335,2328.2482638888887,1.4136859984896624,0.2134357796163819,1.4108651844782678,-0.41368599848966214,13401.447916666666,9308.447916666666,-0.0004312935650681027,0.5159989297389984,2.459051251411438,0.0708608329296112,-0.5265007615089417,0.8783998489379883,0.7329365611076355
80,-3300.391679505901,-13346.697916666666,-16647.089596172566,0.44861382289395907,0.4097609945262472,0.07049244929453262,22.015625,3403.8020833333335,2336.53125,1.4034883557677755,0.2048140880663504,1.440253701263268,-0.4034883557677757,13346.697916666666,9318.46875,-0.0027267141459477173,0.5045797228813171,2.7597012519836426,0.02263800799846649,1.1083608865737915,0.8662811517715454,-0.8918235301971436
81,-3301.1642122419366,-13089.375,-16390.539212241933,0.4380393156809051,0.39282310355661637,0.076460262345679,21.907986111111114,3343.467013888889,2339.871527777778,1.3757058832508762,0.19797398859618334,1.4736715950625936,-0.3757058832508762,13089.375,9341.302083333334,0.0016379585082781922,0.4702240750193596,2.3185148537158966,-0.19919852912425995,-0.5277343392372131,0.8867167830467224,0.7177481651306152
82,-3298.1748963961018,-13364.552083333334,-16662.726979729436,0.43633477319483155,0.38995653111487627,0.07438740079365079,21.921875,3407.873263888889,2326.078125,1.4088207439639948,0.20659590502859074,1.4566147199109567,-0.4088207439639951,13364.552083333334,9290.75,-0.0005136456930454614,0.5077672302722931,2.4971970319747925,-0.2571317255496979,1.105204463005066,0.8781506419181824,-0.9009091854095459
83,-3301.6297950305834,-13161.46875,-16463.09854503059,0.4328978114780526,0.3867174909036193,0.0845665233686067,21.793402777777775,3359.366319444444,2309.711805555555,1.4017014368895235,0.21330373091661495,1.444048708381528,-0.4017014368895235,13161.46875,9232.322916666666,4.886681624771683e-05,0.49022524058818817,2.248065948486328,-0.354472279548645,-0.477482408285141,0.8893357515335083,0.6953761577606201
84,-3297.3936880383612,-13308.072916666666,-16605.466604705034,0.42693374632789366,0.37817623978480697,0.0803761574074074,21.770833333333332,3381.381944444445,2328.9479166666665,1.401406529587286,0.20953192871592607,1.4229478980021204,-0.4014065295872859,13308.072916666666,9305.104166666666,-0.0029718216771446038,0.49665898084640503,2.573345720767975,-0.3903833478689194,1.1360057592391968,0.875342845916748,-0.950764536857605
85,-3304.0004017532956,-13648.239583333334,-16952.23998508663,0.42224712010187027,0.3718377720538734,0.08020089285714287,21.76736111111111,3475.4322916666665,2326.7274305555557,1.433613247877811,0.22017895750000216,1.3369814308840156,-0.433613247877811,13648.239583333334,9293.989583333334,-0.0005880203894372826,0.5433594137430191,2.1602689027786255,-0.4462556540966034,-0.4566614031791687,0.8951159119606018,0.6463072896003723
86,-3297.3398261355956,-13645.510416666666,-16942.850242802255,0.4292211092717655,0.37926440913644105,0.08104690255731922,21.762152777777775,3478.362847222222,2320.371527777778,1.438395635346011,0.20981204299008746,1.3567036656377358,-0.438395635346011,13645.510416666666,9261.864583333334,-0.0051680257887287695,0.549503892660141,2.6393540501594543,-0.27623526751995087,0.7422405481338501,0.8571253418922424,-0.5493934154510498
87,-3298.24619271643,-13537.385416666666,-16835.63160938311,0.43605853942782513,0.39002457475807106,0.077567791005291,21.895833333333332,3456.5,2330.4791666666665,1.4233461247364811,0.2066607925860541,1.3753005466875612,-0.4233461247364813,13537.385416666666,9308.489583333334,-4.452848379488117e-05,0.5310656577348709,2.8491830825805664,-0.13487577438354492,-0.6115615367889404,0.862522542476654,0.8138980269432068
88,-3295.671895686996,-13746.041666666666,-17041.713562353656,0.43648064400692493,0.3920831521973014,0.07949542548500882,21.777777777777782,3514.5815972222226,2322.621527777778,1.4474673282849064,0.22294476323321055,1.3349991819267972,-0.44746732828490615,13746.041666666666,9282.333333333334,0.0006291047594837451,0.5556286871433258,2.57573801279068,-0.20662930607795715,1.1531293392181396,0.8851297497749329,-0.9528930187225342
89,-3300.052943983171,-13543.3125,-16843.36544398317,0.4250780199532936,0.3777965375662056,0.07650848765432099,21.838541666666668,3457.8854166666665,2335.769097222222,1.426272755557605,0.2154820488075085,1.3876640037814845,-0.42627275555760497,13543.3125,9317.729166666666,-0.0007157915768933876,0.5208100974559784,2.464698374271393,-0.3664097636938095,-0.7977287769317627,0.8916109204292297,0.9817350506782532
90,-3300.1798415113894,-13538.385416666666,-16838.56525817806,0.4257666474853969,0.37642601592880154,0.08178902116402116,21.74826388888889,3455.7048611111113,2317.980902777778,1.431971323575137,0.21925002699905782,1.3946883879727885,-0.4319713235751368,13538.385416666666,9261.5625,-0.0004544054897974714,0.533090278506279,2.5456400513648987,-0.34202148020267487,1.087842345237732,0.8802253603935242,-0.889837384223938
91,-3303.7956566478347,-13379.708333333334,-16683.503989981164,0.4274387160269506,0.37855662664191586,0.08220954585537919,21.651041666666668,3415.15625,2324.7552083333335,1.4179853150721329,0.216858981319758,1.437498934554198,-0.4179853150721329,13379.708333333334,9297.833333333334,-0.0020995037151015916,0.5119721293449402,2.5179200172424316,-0.24277672171592712,-0.49801120162010193,0.8729006052017212,0.6833521723747253
92,-3299.334563082768,-13381.03125,-16680.36581308277,0.4409414272419349,0.3953945536890792,0.07532021604938272,21.848958333333332,3433.725694444444,2324.421875,1.416955957979457,0.19855026884805094,1.4989515480012656,-0.4169559579794569,13381.03125,9290.78125,-0.0015553956474483321,0.5136448442935944,2.2266717851161957,-0.09759317338466644,0.8412047028541565,0.8809412121772766,-0.6071426272392273
93,-3301.7225284817237,-13710.4375,-17012.16002848173,0.44839129439399444,0.40667444780572426,0.06994846781305115,22.03125,3513.633680555556,2341.09375,1.439772924656685,0.21269394360516589,1.4869527685851562,-0.4397729246566851,13710.4375,9326.739583333334,-2.632308875183398e-05,0.5409954935312271,2.4043341875076294,-0.007267892360687256,-0.6179794669151306,0.8805512189865112,0.8419612646102905
94,-3299.3863948948037,-13251.770833333334,-16551.157228228134,0.4479873649219068,0.40712399985123837,0.07672453703703704,21.916666666666668,3385.487847222222,2336.756944444445,1.3922773246116058,0.20396001140663475,1.5398998683086493,-0.39227732461160564,13251.770833333334,9326.072916666666,-0.0003923985811957742,0.4929278790950775,2.334149181842804,0.07490569353103638,0.9258334040641785,0.8855589032173157,-0.7149513363838196
95,-3299.811501711072,-12816.010416666666,-16115.821918377735,0.4508742014707768,0.41004375978890395,0.07412533068783068,22.015625,3269.59375,2340.6197916666665,1.3495550283411586,0.1930450256196604,1.6778592590528998,-0.349555028341159,12816.010416666666,9334.5,-0.001106720050853327,0.4365936517715454,2.3423699736595154,0.04010474681854248,-0.695283830165863,0.8893384337425232,0.881650984287262
96,-3298.951180594778,-12488.40625,-15787.357430594786,0.4469858650516055,0.40678417892195284,0.080013778659612,21.859375,3177.314236111111,2337.921875,1.31613574453038,0.18276359562498726,1.7970228788619924,-0.31613574453038,12488.40625,9324.59375,-0.0035948879826306346,0.39493586122989655,2.089144468307495,-0.09096390008926392,0.9400524497032166,0.8954151272773743,-0.7281280159950256
97,-3303.8976218692274,-12309.427083333334,-15613.324705202562,0.44120099497633974,0.3965991519443277,0.07927083333333333,21.763888888888886,3120.90625,2318.90625,1.3017386943983216,0.17805436986367185,1.847971912707635,-0.30173869439832157,12309.427083333334,9273.125,-0.00570376693844965,0.38421230018138885,2.500892758369446,-0.3099817484617233,-0.5766424536705017,0.8789083957672119,0.7652338743209839
98,-3299.995953877338,-11880.520833333334,-15180.516787210667,0.4310385727421222,0.38145898080741364,0.08164186507936508,21.774305555555557,3022.897569444444,2322.5677083333335,1.2614860111131279,0.16969142258697514,1.9675678063446291,-0.26148601111312775,11880.520833333334,9267.6875,-0.0008364588614891977,0.33265290409326553,2.22293159365654,-0.48798123002052307,0.9373134970664978,0.8881973624229431,-0.7215434908866882
99,-3300.573714038292,-11769.114583333334,-15069.688297371633,0.42546454188958743,0.37662098163531893,0.07789434523809524,21.83854166666666,2999.3489583333335,2340.2916666666665,1.2458217429169895,0.1700202870424905,2.086640777242019,-0.24582174291698966,11769.114583333334,9331.708333333334,-0.00010407641177545557,0.31139513850212097,2.438027024269104,-0.5736118257045746,-0.5407058000564575,0.8742609024047852,0.742976188659668
100,-3295.75749781691,-11485.145833333334,-14780.903331150252,0.4305925415680078,0.3815981801340564,0.07667465828924162,21.828125,2907.5607638888887,2317.9861111111113,1.222551752604004,0.15232057769539745,2.340886175800164,-0.22255175260400362,11485.145833333334,9273.791666666666,-0.001531454803883392,0.28022660315036774,2.3003115355968475,-0.6801706999540329,0.947822093963623,0.8846427798271179,-0.7508153319358826
101,-3304.21930857073,-11261.989583333334,-14566.208891904067,0.41991298445577924,0.3682652178427411,0.08699101631393297,21.75173611111111,2855.8628472222226,2320.060763888889,1.1980887439778278,0.14920486683222936,2.462134348014068,-0.19808874397782786,11261.989583333334,9280.46875,0.00024383732347310616,0.25787945836782455,1.9956828355789185,-0.6954128593206406,-0.49600327014923096,0.9005863666534424,0.6567434668540955
102,-3297.3393948945645,-11099.760416666666,-14397.099811561233,0.4270148857202873,0.3755826180697315,0.0856139770723104,21.633680555555557,2820.15625,2328.9079861111113,1.1833405666826347,0.13853161347812337,2.6361604794442326,-0.18334056668263465,11099.760416666666,9298.260416666666,2.8893106969185567e-06,0.23488511890172958,2.332699030637741,-0.6809633374214172,1.0537712574005127,0.8874894380569458,-0.8749725818634033
103,-3295.9643686376935,-10939.75,-14235.714368637697,0.42563740931324395,0.3747851914312276,0.07810157627865962,21.862847222222218,2764.390625,2317.404513888889,1.1656410818388239,0.13476481801434634,2.745783226277877,-0.1656410818388239,10939.75,9283.135416666666,-0.002250580118576373,0.2170119844377041,2.2353062629699707,-0.7525747120380402,-0.495028018951416,0.8943375945091248,0.6949667930603027
104,-3300.8577915992314,-10769.114583333334,-14069.97237493257,0.4184609229208906,0.3643108731549647,0.0886069775132275,21.652777777777782,2724.682291666667,2307.340277777778,1.1568942596968406,0.13685415453144117,2.829156475366927,-0.1568942596968404,10769.114583333334,9233.989583333334,-0.0006806745435952166,0.20268703997135162,2.408741533756256,-0.8963111266493797,1.1742061376571655,0.8903637528419495,-0.9524701237678528
105,-3298.6212881816778,-10609.78125,-13908.402538181677,0.4222058395079202,0.3697070543033381,0.08449845679012347,21.680555555555557,2684.7395833333335,2326.6857638888887,1.132429637911903,0.12040549211209654,3.017930564757864,-0.13242963791190296,10609.78125,9302.0,0.0012607508098807507,0.17256823554635048,2.168895125389099,-0.7009468898177147,-0.40451303124427795,0.893528401851654,0.5921890139579773
106,-3302.175351839378,-10518.052083333334,-13820.227435172712,0.43111814722766256,0.38412714421024746,0.07884562389770723,21.833333333333332,2664.529513888889,2307.6510416666665,1.1326223085794906,0.12222234438783482,3.1859677128686017,-0.13262230857949067,10518.052083333334,9228.458333333334,3.265650387973551e-05,0.1744370497763157,2.444461703300476,-0.57325329631567,1.2160497903823853,0.8925384283065796,-1.003987193107605
107,-3302.7824584457617,-10469.583333333334,-13772.365791779092,0.43191194237054326,0.38589570746343166,0.07769786155202822,21.824652777777782,2645.012152777778,2326.1979166666665,1.1176311576429592,0.12478499239349213,3.3100382305923515,-0.11763115764295913,10469.583333333334,9298.71875,-2.169756005576673e-05,0.15821198374032974,2.262167900800705,-0.4191494509577751,-0.4065254032611847,0.8941758275032043,0.6402343511581421
108,-3300.5864156807165,-10558.364583333334,-13858.95099901405,0.4452582289059815,0.40294505942923325,0.07752425044091711,21.81423611111111,2673.3333333333335,2323.6354166666665,1.1262269946120373,0.11699860589388734,3.477059805380485,-0.12622699461203724,10558.364583333334,9291.239583333334,-0.0033781899614346855,0.1700216755270958,2.6114001870155334,-0.4588751047849655,1.2532696723937988,0.8937793970108032,-1.0578068494796753
109,-3299.575298247819,-10595.041666666666,-13894.616964914487,0.4343446156482395,0.38637390331779087,0.08059468694885362,21.772569444444446,2689.3611111111113,2331.953125,1.128986430010099,0.12231008328299035,3.588284255796246,-0.1289864300100988,10595.041666666666,9323.604166666666,0.00015670915257426365,0.1725129932165146,2.2566245794296265,-0.6109733954071999,-0.4164567291736603,0.8861500024795532,0.6480780839920044
110,-3299.6972326983437,-10557.895833333334,-13857.593066031679,0.4357664822006462,0.38744886483376223,0.07867807539682539,21.855902777777775,2682.871527777778,2351.730902777778,1.1154190204913983,0.12463146911225302,3.6771475147508643,-0.11541902049139831,10557.895833333334,9384.239583333334,-0.0017014310966866342,0.1610666587948799,2.141858845949173,-0.6911385878920555,0.7196595668792725,0.8800661563873291,-0.48965609073638916
111,-3300.8787380550625,-10625.541666666666,-13926.42040472173,0.42530449327366454,0.374275599166544,0.0798845348324515,21.822916666666668,2697.3836805555557,2336.359375,1.1268745479573374,0.12674743082820375,3.827003725999461,-0.12687454795733724,10625.541666666666,9313.59375,-0.0010629799388228722,0.17922793701291084,2.1125770807266235,-0.8003806918859482,-0.40100398659706116,0.885867178440094,0.5983826518058777
112,-3295.905395225202,-10598.65625,-13894.561645225205,0.42524169035072407,0.3740588337079518,0.08426284171075837,21.743055555555554,2687.902777777778,2315.46875,1.1333569897704583,0.12270073198815201,3.8061875162166285,-0.13335698977045815,10598.65625,9264.427083333334,0.002075724465997908,0.1826855093240738,2.161969780921936,-0.5760304406285286,0.8146204352378845,0.888732373714447,-0.6114281415939331
113,-3301.595979768889,-10465.8125,-13767.408479768885,0.4423708590757974,0.399072132875315,0.07647404100529101,21.774305555555554,2655.53125,2329.9114583333335,1.113815324873813,0.1194178518253125,3.7806603654350917,-0.11381532487381296,10465.8125,9316.520833333334,0.00018353016347472106,0.16078821569681168,2.3271733224391937,-0.43157846480607986,-0.5240752100944519,0.8856839537620544,0.7292712926864624
114,-3300.4829796611725,-10578.90625,-13879.389229661172,0.4390473804376687,0.3931035695649269,0.07294642857142858,21.895833333333332,2688.809027777778,2324.940972222222,1.1278492721937152,0.11819649940690924,3.796243722802886,-0.1278492721937152,10578.90625,9293.395833333334,-0.006826835843814827,0.17937911301851273,2.2173114717006683,-0.4458855465054512,0.9623885750770569,0.8918027877807617,-0.7316077351570129
115,-3301.9262133340594,-10514.552083333334,-13816.478296667397,0.43417433804360517,0.3857443403426764,0.07876736111111111,21.899305555555554,2670.140625,2327.152777777778,1.1220108711086205,0.11271069094260937,3.826830199261474,-0.12201087110862047,10514.552083333334,9299.020833333334,0.0001453647405147418,0.16870399191975594,2.2254433929920197,-0.6110148057341576,-0.561908483505249,0.8942173719406128,0.7878312468528748
116,-3302.770126059692,-10531.354166666666,-13834.124292726357,0.4335366884455931,0.3855627650239815,0.07510692239858907,21.904513888888886,2672.3385416666665,2324.7048611111113,1.1229830276799282,0.11823878251275255,3.916919454080228,-0.12298302767992826,10531.354166666666,9295.302083333334,-0.00029654100786741244,0.17056159302592278,2.2390831410884857,-0.6578656509518623,1.0983529090881348,0.8953197002410889,-0.8719574213027954
117,-3297.9356728519874,-10519.90625,-13817.841922851983,0.4277477635046501,0.37836936111044556,0.07459518298059964,21.842013888888886,2677.3680555555557,2335.7239583333335,1.1197582300634192,0.11748995975189354,3.9857088898508732,-0.11975823006341935,10519.90625,9327.135416666666,-0.00023344652392109921,0.1664009392261505,2.136509746313095,-0.8705995827913284,-0.46257641911506653,0.8978095650672913,0.7022081613540649
118,-3300.2794975937845,-10226.65625,-13526.935747593789,0.4140200036186282,0.35946759025359326,0.08329723324514991,21.659722222222218,2591.046875,2317.737847222222,1.0947616996358884,0.10773854135488399,4.0442294524280165,-0.09476169963588842,10226.65625,9276.458333333334,-0.0033990096452534146,0.136970367282629,2.434208393096924,-0.9707627967000008,1.1080292463302612,0.888139545917511,-0.9046000242233276
119,-3302.4868302477057,-10320.177083333334,-13622.663913581038,0.42069934045198415,0.3672143162435127,0.07884507275132274,21.885416666666668,2617.532986111111,2337.9270833333335,1.0969395173696739,0.10898192263535554,4.161147255952165,-0.09693951736967375,10320.177083333334,9336.364583333334,9.312247693049613e-05,0.13992168754339218,2.1079854667186737,-0.8232109248638153,-0.4115293025970459,0.8959124088287354,0.6332692503929138
120,-3300.297481979074,-10381.4375,-13681.734981979069,0.4221468939496127,0.3694804335116512,0.0788412147266314,21.789930555555554,2631.894097222222,2317.5052083333335,1.1151938511709545,0.11917461335169437,4.110635383776175,-0.11519385117095436,10381.4375,9257.791666666666,-0.00011194647760781606,0.1567562036216259,2.33443883061409,-0.9633916020393372,1.0866367816925049,0.8874347805976868,-0.8484567999839783
121,-3299.9211024756714,-10251.354166666666,-13551.275269142336,0.41704395991299964,0.3634355048028131,0.07789572310405644,21.777777777777782,2597.581597222222,2321.1788194444443,1.099349169114509,0.11350074609673444,4.170694178879297,-0.09934916911450875,10251.354166666666,9302.635416666666,-0.00046240042123679714,0.13579461351037025,2.0428678393363953,-1.1536172553896904,-0.31447288393974304,0.8988304138183594,0.5194392204284668
122,-3301.6373993296475,-10620.583333333334,-13922.220732662981,0.41672757798583193,0.3614804603728569,0.08417824074074075,21.6875,2693.493055555555,2323.704861111111,1.1309900564558324,0.12263533815567769,4.363681933879358,-0.13099005645583242,10620.583333333334,9292.4375,-0.0042007807665740415,0.17894403263926506,2.4012255370616913,-1.2208871245384216,1.1888692378997803,0.8954039812088013,-0.9816082119941711
123,-3300.2781153128603,-10838.041666666666,-14138.319781979524,0.40459710332497006,0.3452636295826071,0.09074790564373898,21.576388888888886,2759.626736111111,2298.28125,1.163532484022669,0.12468033524903178,4.420738695187406,-0.16353248402266898,10838.041666666666,9199.65625,0.00154085595553477,0.2280190847814083,2.167642205953598,-1.4845200031995773,-0.6551694869995117,0.9012521505355835,0.8652330040931702
124,-3299.485156317082,-10450.75,-13750.235156317081,0.40687182274974676,0.3463548330279688,0.08650159832451498,21.652777777777775,2653.565972222222,2312.6736111111113,1.1207164894066037,0.11923768814230089,4.409013969298478,-0.12071648940660377,10450.75,9248.90625,-0.0012247556711151852,0.16975081712007523,2.0613365471363068,-1.6401485949754715,0.7502387166023254,0.8891118168830872,-0.5560958385467529
125,-3299.3854145583705,-10851.1875,-14150.572914558366,0.3968335506895748,0.33462014102325255,0.09239004629629628,21.53125,2757.2378472222226,2307.921875,1.1580612532795291,0.1220360529231261,4.319791473872439,-0.15806125327952925,10851.1875,9219.916666666666,-0.00028764998128405495,0.22303078696131706,2.0823196172714233,-1.7171604335308075,-0.36648860573768616,0.8893241882324219,0.5390587449073792
126,-3297.3262792328333,-10706.833333333334,-14004.159612566167,0.3936825953221981,0.3276402315176609,0.09023533950617284,21.44965277777777,2715.1631944444443,2306.730902777778,1.1462777780170634,0.12393072963060152,4.157068650076365,-0.14627777801706343,10706.833333333334,9221.072916666666,-0.0065257836514236445,0.2053370252251625,2.1687353551387787,-1.8715191408991814,0.7865763306617737,0.8859020471572876,-0.6079114079475403
127,-3302.4071424973567,-10980.947916666666,-14283.355059164014,0.3834069854981486,0.31109077858531636,0.09448495370370369,21.427083333333332,2796.289930555556,2313.118055555555,1.1742608465957656,0.12994685323886548,3.985096158900818,-0.17426084659576566,10980.947916666666,9248.614583333334,-0.0002182852850003414,0.23438811302185059,2.0210330188274384,-2.027290478348732,-0.4401147961616516,0.8981459736824036,0.6161304712295532
128,-3296.819359406063,-11036.010416666666,-14332.829776072727,0.38843705318788047,0.3196844131841014,0.09693617724867726,21.371527777777775,2805.272569444445,2309.0833333333335,1.1804014067240705,0.13540729143568594,3.9105872813621736,-0.18040140672407054,11036.010416666666,9227.010416666666,-0.00047542937005862207,0.245210450142622,2.2960500717163086,-1.9653849750757217,0.7192261219024658,0.8784215450286865,-0.5351735949516296
129,-3300.667025989194,-10898.229166666666,-14198.89619265586,0.3910343504490548,0.32451401829409104,0.0965666335978836,21.36111111111111,2770.876736111111,2315.7760416666665,1.1632840569412368,0.12508292792866438,3.85113505949491,-0.16328405694123677,10898.229166666666,9274.645833333334,-0.00043929488619498525,0.21863552182912827,2.099359631538391,-1.8537974059581757,-0.41920047998428345,0.8942739367485046,0.5953239798545837
130,-3300.363008777044,-10886.53125,-14186.894258777049,0.3872225922251607,0.3180156021973946,0.0952053020282187,21.40625,2770.362847222222,2317.890625,1.1609463229378787,0.13302347688415347,3.8423151386733445,-0.16094632293787878,10886.53125,9276.03125,0.005388731328591412,0.21887946128845215,2.036781370639801,-2.1097256392240524,0.5384186506271362,0.8904284238815308,-0.3533303141593933
131,-3297.830070525379,-10861.760416666666,-14159.590487192043,0.37572611262984984,0.301712485237254,0.09688822751322752,21.434027777777782,2756.78125,2297.6579861111113,1.1664932841951934,0.131709964391164,3.7407707488479596,-0.16649328419519346,10861.760416666666,9198.28125,-0.0013498927100861202,0.22776422649621964,1.846568077802658,-2.581656239926815,0.3649725914001465,0.8995267152786255,-0.20457716286182404
132,-3302.0410291911758,-10798.604166666666,-14100.64519585785,0.37028902217454734,0.29426019786236185,0.10281856261022927,21.125,2749.246527777778,2290.029513888889,1.1670796336998261,0.1371674242250508,3.6406037649922904,-0.167079633699826,10798.604166666666,9160.5,0.00030616065384370117,0.22450363636016846,2.2696827054023743,-2.612101212143898,-0.6053590774536133,0.9012102484703064,0.7500647306442261
133,-3301.127613160294,-10778.458333333334,-14079.585946493631,0.3725827752406155,0.29384077566727584,0.1000082671957672,21.18402777777778,2730.2986111111113,2292.296875,1.1574330416961554,0.13272848801578035,3.5914582986012213,-0.15743304169615555,10778.458333333334,9181.979166666666,-0.005897023987890826,0.21852068230509758,2.163135200738907,-2.787715367972851,0.717264711856842,0.9035762548446655,-0.5648850798606873
134,-3298.2916598883808,-10818.052083333334,-14116.343743221709,0.36775225046981186,0.2864329697202063,0.1075961750440917,21.097222222222225,2736.2690972222226,2284.6875,1.1656108904558973,0.13945307807619825,3.55440780236807,-0.16561089045589725,10818.052083333334,9155.645833333334,-0.0002416283773936101,0.2238764353096485,2.2734146416187286,-2.7816066220402718,-0.6101071834564209,0.9065211415290833,0.7577691674232483
135,-3298.496422364003,-10773.0625,-14071.558922364,0.36932312925649285,0.29065638364085716,0.11008901014109347,21.104166666666668,2737.555555555555,2289.8767361111113,1.1604977300882284,0.13770319541186324,3.5649290426837794,-0.16049773008822849,10773.0625,9161.239583333334,-0.002482123914318235,0.22223719954490662,2.140539288520813,-2.8382176533341408,1.0274332761764526,0.8954369425773621,-0.8735957145690918
136,-3299.7137968689253,-10730.885416666666,-14030.59921353559,0.3685564833375931,0.28973560215025723,0.10795028659611994,21.09201388888889,2730.560763888889,2291.201388888889,1.1590368517812137,0.13672804553800214,3.5563775133603444,-0.1590368517812138,10730.885416666666,9164.916666666666,9.363250372729226e-05,0.21762213483452797,2.069420874118805,-2.8176897540688515,-0.23959651589393616,0.9008396863937378,0.4184311032295227
137,-3300.337670360506,-10766.46875,-14066.8064203605,0.3652216665592653,0.283494082163088,0.11899443342151676,20.852430555555554,2729.7274305555557,2272.7725694444443,1.1674317071829314,0.13786512119636243,3.2660557293419914,-0.16743170718293135,10766.46875,9114.84375,0.005723361433319418,0.2270834892988205,2.1359742879867554,-2.678114652633667,0.7050794959068298,0.8907201290130615,-0.5874987244606018
138,-3300.425322491005,-10869.354166666666,-14169.779489157676,0.37491320339078255,0.2989877866995003,0.10871500220458553,21.131944444444446,2767.9878472222226,2282.7829861111113,1.1789394310620447,0.14898606962095093,3.2886183667757485,-0.17893943106204466,10869.354166666666,9135.822916666666,0.0020091808173212655,0.23806394636631012,2.1063734889030457,-2.4351002648472786,-0.5208161473274231,0.9000566005706787,0.7011092901229858
139,-3299.7538576082075,-10779.520833333334,-14079.274690941535,0.3738228748905567,0.2983733526068843,0.10603064373897707,21.17013888888889,2736.930555555555,2303.902777777778,1.1559976396655083,0.14464170243575372,3.4269908391499997,-0.15599763966550828,10779.520833333334,9217.427083333334,0.0007999676446996951,0.21373273059725761,2.0586285293102264,-2.6186593323946,0.9247205257415771,0.8979042172431946,-0.7626720666885376
140,-3300.098620946704,-10868.177083333334,-14168.275704280039,0.37551592988242155,0.3008299422476233,0.10540261243386244,21.14236111111111,2763.0260416666665,2288.0520833333335,1.1738652533900515,0.1450572641887861,3.3324426516358296,-0.17386525339005146,10868.177083333334,9151.645833333334,0.00648567421218349,0.23762507364153862,2.1135155856609344,-2.2231845408678055,-0.3018982708454132,0.900959849357605,0.46372106671333313
141,-3298.8247235090453,-10777.8125,-14076.637223509053,0.38404474601017174,0.3133457403940459,0.09786182760141093,21.24826388888889,2739.1822916666665,2300.293402777778,1.1588636828192775,0.13387450294085676,3.418500799361677,-0.1588636828192775,10777.8125,9192.46875,-0.0008372821774340622,0.2172967791557312,2.0521369576454163,-2.1677671670913696,0.8181073665618896,0.9064534902572632,-0.6690671443939209
142,-3302.2162546998225,-10872.864583333334,-14175.080838033164,0.38358171740604297,0.3133001281853972,0.09366484788359787,21.45138888888889,2757.461805555556,2309.9739583333335,1.1631464559369735,0.13913284756489927,3.432973222978454,-0.16314645593697338,10872.864583333334,9235.822916666666,-0.0027480140378974838,0.21957941725850105,2.009330064058304,-2.2464304864406586,-0.6476821303367615,0.9023714661598206,0.8333708047866821
143,-3301.0055806411347,-10699.010416666666,-14000.015997307804,0.38058660293039326,0.3083465106578337,0.10417768959435625,21.164930555555557,2722.001736111111,2280.78125,1.1590694459619215,0.12765596861604062,3.5275807525935376,-0.15906944596192152,10699.010416666666,9138.510416666666,0.0015415251722461498,0.2165980041027069,2.0813194513320923,-2.1206594556570053,0.690457820892334,0.900127112865448,-0.4959314465522766
144,-3301.018559224487,-10697.375,-13998.39355922449,0.38808552567416604,0.31955952453427017,0.09821759259259259,21.255208333333332,2712.159722222222,2295.934027777778,1.1511590411398709,0.12848118142372247,3.622348566670121,-0.15115904113987086,10697.375,9190.958333333334,-0.0003710751804799628,0.2057754509150982,2.1760736107826233,-2.130159482359886,-0.43727806210517883,0.8856375217437744,0.5869933366775513
145,-3296.2723802018536,-10594.96875,-13891.241130201846,0.38391795808934254,0.31464863004576826,0.0966724537037037,21.333333333333332,2693.814236111111,2305.909722222222,1.1375392118792158,0.12716486472593788,3.7389197283867666,-0.13753921187921592,10594.96875,9211.083333333334,-0.005034121830543192,0.19346649944782257,1.9339925646781921,-1.8950280845165253,0.6519138813018799,0.9028644561767578,-0.478238582611084
146,-3300.0438662922224,-10521.364583333334,-13821.408449625558,0.39394241850254375,0.32950230010060805,0.09056189373897709,21.480902777777782,2662.7326388888887,2332.9131944444443,1.1181926065999659,0.12655785736480682,3.6660416548953507,-0.11819260659996587,10521.364583333334,9324.395833333334,0.0009267039593741089,0.16443060338497162,2.189577966928482,-1.8613116070628166,-0.4517335295677185,0.8983802199363708,0.6318234801292419
147,-3302.092844055472,-10374.59375,-13676.68659405547,0.39377153697259937,0.32992081633872455,0.09609209656084657,21.446180555555557,2628.21875,2299.477430555555,1.1176033027006052,0.12352466604529606,3.712318572505277,-0.11760330270060525,10374.59375,9198.96875,-0.0023117988103427134,0.16528793424367905,1.9755872786045074,-1.759262628853321,0.9396877884864807,0.9060690402984619,-0.7566112875938416
148,-3300.6732446476376,-10206.270833333334,-13506.944077980976,0.387938264115866,0.32016213073964334,0.09732914462081128,21.378472222222218,2583.649305555555,2298.2760416666665,1.1023128052122166,0.11584809840494764,3.796776674094319,-0.10231280521221686,10206.270833333334,9186.395833333334,-0.0001084849295738266,0.1424880512058735,2.174027532339096,-2.087117627263069,-0.363650918006897,0.9025217294692993,0.5429355502128601
149,-3299.5590706021867,-10276.78125,-13576.340320602189,0.3911907160686325,0.32537449228887755,0.09439649470899471,21.418402777777775,2604.368055555555,2303.930555555555,1.1073536385248213,0.12174558868860123,3.855193608099407,-0.10735363852482131,10276.78125,9213.96875,-0.0008542581283226269,0.15315724164247513,2.0175203382968903,-2.168560229241848,1.004042387008667,0.9016798734664917,-0.8170106410980225
150,-3302.660671959327,-10081.916666666666,-13384.577338625999,0.38195226630139206,0.3119130375044834,0.10502810846560846,21.184027777777775,2550.112847222222,2299.5364583333335,1.088172312632128,0.10782338352756393,3.948032536045934,-0.08817231263212816,10081.916666666666,9209.03125,0.0009301096176543844,0.12611524015665054,2.097793072462082,-2.3165875300765038,-0.32404476404190063,0.9051526784896851,0.48465004563331604
151,-3297.8660943295004,-10038.010416666666,-13335.87651099617,0.3831561837244095,0.3139430811214778,0.09478036816578483,21.30902777777778,2540.378472222222,2298.4739583333335,1.085785600040072,0.10871057456686406,3.964315038581544,-0.085785600040072,10038.010416666666,9195.791666666666,0.0015857099323777213,0.12088552862405777,2.172942668199539,-2.1216383799910545,0.9855421185493469,0.9015316963195801,-0.8112847805023193
152,-3301.2964639733677,-9951.479166666666,-13252.775630640033,0.3917458468294062,0.32743704976100063,0.10124751984126984,21.359375,2512.4375,2300.3923611111113,1.0748618941713193,0.10356808223841456,4.0526347725393785,-0.07486189417131923,9951.479166666666,9201.739583333334,-0.0027284931225086684,0.11202475056052208,2.069214403629303,-2.0871462523937225,-0.5266863107681274,0.9029346108436584,0.6819474697113037
153,-3300.5264480283136,-9914.125,-13214.651448028313,0.38366118309405994,0.3160576106230211,0.09406883818342153,21.40625,2508.586805555556,2301.512152777778,1.0716758346567605,0.10369483115171325,4.0805488290072836,-0.0716758346567605,9914.125,9205.635416666666,0.0014947112714356336,0.10698467120528221,2.0297370553016663,-2.0283702984452248,0.7210413813591003,0.8974133729934692,-0.5487115979194641
154,-3300.523813901819,-9838.489583333334,-13139.013397235154,0.39332360754422097,0.32940840289100176,0.09314539241622573,21.4375,2483.1510416666665,2302.4947916666665,1.0638400182272691,0.10522070008624408,3.964224905447518,-0.06384001822726908,9838.489583333334,9204.46875,-5.663201373964921e-05,0.09401818551123142,2.022913247346878,-1.8989658057689667,-0.3300358057022095,0.8993642330169678,0.5006760358810425
155,-3301.458245169933,-9697.520833333334,-12998.97907850326,0.3933575816177752,0.3283621958560414,0.10093116181657848,21.27777777777778,2444.581597222222,2302.387152777778,1.0491412175690853,0.10371552605242791,3.8424260443517952,-0.04914121756908533,9697.520833333334,9197.96875,0.0014778017807244304,0.07712269201874733,1.886884868144989,-1.700768493115902,0.7183877229690552,0.9025694131851196,-0.5480992794036865
156,-3301.5159888547564,-9810.3125,-13111.828488854757,0.40141650788332156,0.34011729149561787,0.09233024691358026,21.480902777777782,2478.5885416666665,2307.5677083333335,1.0608657654620337,0.10555447126096251,3.801476660292374,-0.06086576546203368,9810.3125,9226.729166666666,-0.0018390290659024422,0.09058534726500511,2.0203428268432617,-1.6820869520306587,-0.350279837846756,0.9029683470726013,0.5281775593757629
157,-3299.1484473365017,-9758.28125,-13057.429697336498,0.39357056313668465,0.3285385058778856,0.09450947971781305,21.446180555555554,2466.1857638888887,2307.84375,1.0556559436126225,0.107999585928327,3.8647590676471637,-0.05565594361262244,9758.28125,9212.375,-0.0030603402975071248,0.08401548489928246,2.0102890133857727,-1.8234965354204178,0.8617016077041626,0.8990902304649353,-0.6861225366592407
158,-3299.9555692523536,-9591.635416666666,-12891.590985919021,0.38868575828647645,0.3212699884704004,0.10031525573192242,21.282986111111114,2416.7864583333335,2284.2881944444443,1.0438595445794039,0.09641311889192328,3.958663197155269,-0.043859544579403914,9591.635416666666,9160.354166666666,-0.0003511668033713278,0.07119234465062618,1.835355430841446,-2.120981365442276,-0.29597869515419006,0.9101734757423401,0.4579651951789856
159,-3301.4649830187395,-9658.364583333334,-12959.82956635207,0.3898684808316999,0.32412557774740786,0.08903576940035272,21.480902777777775,2437.3107638888887,2322.918402777778,1.038004322307092,0.09946029891696812,4.168452692159483,-0.03800432230709199,9658.364583333334,9265.635416666666,-0.0025612731635302477,0.06483152695000172,2.013952076435089,-2.2144899293780327,0.7497614622116089,0.894959032535553,-0.5809794068336487
160,-3299.955683775978,-9494.020833333334,-12793.976517109304,0.38174609116314645,0.3117898458925386,0.1098969356261023,21.046875,2389.8246527777774,2290.967013888889,1.0362387016708456,0.09697486902923867,4.245858591331712,-0.036238701670845724,9494.020833333334,9171.666666666666,-0.0028292624928960564,0.05504194367676973,1.9404989182949066,-2.422134853899479,-0.30925408005714417,0.9081597328186035,0.45177245140075684
161,-3303.1958168633882,-9560.135416666666,-12863.331233530056,0.3816013841245293,0.31100183592126185,0.0979348544973545,21.28298611111111,2407.503472222222,2296.9791666666665,1.0339192361386251,0.09793529612167062,4.493529452986022,-0.033919236138625054,9560.135416666666,9196.15625,-1.0676739474746455e-06,0.06610298901796341,1.9825016856193542,-2.3593330457806587,0.7024693489074707,0.8959174156188965,-0.5735043883323669
162,-3299.6493920046523,-9464.520833333334,-12764.170225337986,0.3810082918182256,0.3093585886009452,0.10918154761904762,21.157986111111114,2382.8333333333335,2298.0954861111113,1.0257350192679973,0.0930481145668768,4.564859307822439,-0.025735019267997133,9464.520833333334,9202.270833333334,-0.0023426127313128653,0.05117953848093748,1.9882563948631287,-2.3634046986699104,-0.3317139744758606,0.904342770576477,0.4842592477798462
163,-3297.5475389134444,-9463.822916666666,-12761.370455580109,0.38462825936278966,0.31828856869186795,0.09859071869488538,21.3125,2382.9791666666665,2301.690972222222,1.024599912531256,0.09213997914837857,4.669461542889804,-0.024599912531255774,9463.822916666666,9195.28125,-0.00716130087867084,0.049849897623062134,1.9491724371910095,-2.4927601367235184,0.7523028254508972,0.8973390460014343,-0.5945698618888855
164,-3301.342081540189,-9400.895833333334,-12702.237914873527,0.3760598323625561,0.30303794662985534,0.11178433641975309,21.026041666666668,2364.789930555555,2277.659722222222,1.0267449406482072,0.09286029180508511,4.6602383110583805,-0.02674494064820716,9400.895833333334,9115.34375,-0.0008761443148779247,0.05161953531205654,1.9242720901966095,-2.4766721352934837,-0.27729547023773193,0.9045886993408203,0.39920705556869507
165,-3299.3653231710828,-9419.479166666666,-12718.84448983775,0.3825632574053645,0.3149346020331399,0.10236441798941799,21.09201388888889,2368.784722222222,2294.5954861111113,1.0234415358937854,0.09587360441087789,4.595479748458928,-0.023441535893785333,9419.479166666666,9178.572916666666,-0.0004798561619252517,0.04347323067486286,1.9709669053554535,-2.633183404803276,0.5673527717590332,0.8960849046707153,-0.4320470690727234
166,-3300.2564672133026,-9394.416666666666,-12694.673133879965,0.3767160976072079,0.30496854821427005,0.10828593474426806,21.07638888888889,2365.4322916666665,2278.7395833333335,1.0282406476720876,0.09546703305638189,4.44600834864199,-0.02824064767208742,9394.416666666666,9117.197916666666,-0.0020392551048624696,0.05025393236428499,1.9764064252376556,-2.5736132115125656,-0.3325478434562683,0.9012187719345093,0.4702030420303345
167,-3300.7320424912227,-9303.260416666666,-12603.992459157895,0.3789193693560642,0.3088952634328355,0.11330880731922398,20.835069444444446,2339.8975694444443,2283.388888888889,1.017440102722135,0.08974466014354494,4.53796760448655,-0.017440102722134972,9303.260416666666,9135.0,0.001632871883251008,0.037330894730985165,1.9358408153057098,-2.5480578020215034,0.6013222932815552,0.8976722359657288,-0.46231767535209656
168,-3297.468814653081,-9355.864583333334,-12653.333397986413,0.38096540458748374,0.313382062000326,0.10727540784832452,21.100694444444443,2355.2361111111113,2284.8177083333335,1.0212189688286262,0.09405628366259833,4.441317584506134,-0.021218968828626006,9355.864583333334,9139.875,-0.00764831723974585,0.044403091073036194,1.968475878238678,-2.587972991168499,-0.2980097532272339,0.8980715870857239,0.43175503611564636
169,-3301.2493428649564,-9353.5625,-12654.811842864947,0.3773825156683605,0.30803686825351584,0.10964616402116405,21.04513888888889,2349.9947916666665,2276.899305555555,1.0230518975986804,0.09479189002762034,4.4731713108941875,-0.023051897598680298,9353.5625,9132.458333333334,-0.0008818008552978693,0.044343669898808,1.944799393415451,-2.5150486677885056,0.4575064182281494,0.8971653580665588,-0.3271065652370453
170,-3301.8614919762545,-9387.979166666666,-12689.840658642925,0.38049040145815954,0.3108334736769191,0.10099096119929453,21.17013888888889,2363.1145833333335,2290.7239583333335,1.0236755226477268,0.10114691942319527,4.541855155329678,-0.023675522647726793,9387.979166666666,9156.96875,-0.001219453971546068,0.04133022390305996,1.9748199582099915,-2.753728397190571,-0.18576446175575256,0.890610933303833,0.32188522815704346
171,-3296.6585797460248,-9380.072916666666,-12676.73149641269,0.37468550093342445,0.3011121489366309,0.11375799162257494,21.008680555555554,2363.8489583333335,2283.7083333333335,1.0256281104523135,0.08808865810026649,4.702011982276706,-0.025628110452313432,9380.072916666666,9136.052083333334,-0.0012570656806634162,0.04941923450678587,2.03153994679451,-2.6748717799782753,0.12073802202939987,0.8786885142326355,0.005474339704960585
172,-3299.6334212403985,-9387.916666666666,-12687.55008790707,0.37289385512629686,0.29951859876099557,0.11224757495590827,20.930555555555554,2361.0833333333335,2285.1458333333335,1.0254644470412737,0.09258634547262157,4.8098818895902475,-0.025464447041273746,9387.916666666666,9154.072916666666,-0.003642379353880898,0.045239103958010674,2.129455655813217,-3.033717133104801,0.6711940765380859,0.8854475021362305,-0.5363057255744934
173,-3297.620281310537,-9401.1875,-12698.80778131054,0.37167958835801046,0.2986454328703177,0.11446345899470899,20.932291666666668,2360.1510416666665,2272.4704861111113,1.028942239115204,0.08798789753797982,4.766831569404509,-0.028942239115203983,9401.1875,9108.53125,-0.0007173940584926652,0.051772515289485455,1.9085018336772919,-2.9039226770401,-0.027818139642477036,0.8830744028091431,0.1598193198442459
174,-3297.5395425146235,-9384.15625,-12681.695792514625,0.3655727035572496,0.2862391610655726,0.11047481261022929,21.088541666666664,2362.7708333333335,2276.4583333333335,1.0262654963768585,0.08960114112547594,4.784017909574666,-0.026265496376858474,9384.15625,9115.385416666666,0.00017546839768844968,0.05149394925683737,1.7470245659351349,-3.0743043050169945,0.2575889229774475,0.9007617831230164,-0.14358919858932495
175,-3298.703266238008,-9342.458333333334,-12641.161599571335,0.36349211862088965,0.2856836883195986,0.12115327380952383,20.78125,2348.5381944444443,2275.175347222222,1.022668432313852,0.09655660257258826,4.728373839944424,-0.022668432313851947,9342.458333333334,9119.59375,0.0003488809517067093,0.04344097711145878,1.6837908029556274,-3.0266426131129265,-0.09362833201885223,0.9138134717941284,0.20429867506027222
176,-3296.596685333649,-9347.635416666666,-12644.232102000313,0.364636129869435,0.286983102818744,0.11532049162257496,20.880208333333332,2347.78125,2278.2447916666665,1.0231068291821848,0.10224110772033396,4.69486763944671,-0.023106829182184933,9347.635416666666,9129.21875,-0.00042736431593459745,0.042723724618554115,1.722618043422699,-3.028960019350052,0.01261125411838293,0.9035065770149231,0.1063486710190773
177,-3297.9480815909724,-9307.708333333334,-12605.656414924311,0.36655612277407895,0.28946807110656264,0.1176534942680776,20.932291666666664,2340.991319444445,2273.758680555555,1.021192343762481,0.09807854107752696,4.6019729477998474,-0.021192343762481147,9307.708333333334,9110.6875,-0.0067925783758511216,0.03965362627059221,1.6334952414035797,-3.139635995030403,0.1365985870361328,0.9124979376792908,-0.006840969435870647
178,-3299.7299735502115,-9268.177083333334,-12567.907056883545,0.3662281361873278,0.2892674583838218,0.12547729276895944,20.678819444444443,2325.6788194444443,2266.625,1.0197941193991313,0.09549895433200402,4.583400912421614,-0.01979411939913144,9268.177083333334,9085.114583333334,0.011543980258695706,0.0373292351141572,1.8277907073497772,-3.390499100089073,0.36884820461273193,0.9018018245697021,-0.27103447914123535
179,-3297.7456134162635,-9233.645833333334,-12531.391446749594,0.3555485726332928,0.27233821074737025,0.130319389329806,20.51388888888889,2322.3298611111113,2269.701388888889,1.0172856616269008,0.09378807067251937,4.709063050727196,-0.01728566162690068,9233.645833333334,9074.895833333334,0.0014896972389771834,0.03570513799786568,1.7402191162109375,-3.712264906615019,-0.2675594985485077,0.9051357507705688,0.3499974012374878
180,-3301.6749974574464,-9184.552083333334,-12486.227080790772,0.3501289109975965,0.2632420947128493,0.13266975308641973,20.618055555555554,2303.8385416666665,2260.855902777778,1.0119877068164973,0.09187468285362255,4.743462769057088,-0.011987706816497462,9184.552083333334,9039.385416666666,-0.0017730524728776231,0.030781233683228493,1.7686740458011627,-4.11859193444252,0.24742653965950012,0.9056736826896667,-0.17405454814434052
181,-3296.9754539044984,-9225.229166666666,-12522.204620571165,0.3493419908123698,0.2603286971570924,0.13150187389770723,20.505208333333332,2316.0486111111113,2260.25,1.0173437049182743,0.08991686950103515,4.741525369286236,-0.017343704918274434,9225.229166666666,9051.21875,-0.004470827249043463,0.0386575935408473,1.6237179934978485,-4.323991239070892,0.3390979468822479,0.9142243266105652,-0.2449430227279663
182,-3297.28473212419,-9214.114583333334,-12511.399315457522,0.34659600464616896,0.2558283682188226,0.13559386022927689,20.399305555555554,2314.248263888889,2252.3836805555557,1.0182625793817013,0.09476119312433191,4.631049738074266,-0.018262579381701366,9214.114583333334,9027.114583333334,0.014225601813652844,0.03921183664351702,1.6490899920463562,-4.027071140706539,-0.32306328415870667,0.9092998504638672,0.40544643998146057
183,-3299.495252960441,-9150.75,-12450.245252960447,0.34633235032843274,0.2565629839405625,0.13648809523809524,20.409722222222225,2296.324652777778,2257.039930555555,1.0102747426466658,0.09044499127823502,4.668832899864611,-0.010274742646665782,9150.75,9036.802083333334,0.0020535975186661837,0.031131882686167955,1.6978720724582672,-4.57917907834053,0.15363021194934845,0.91696697473526,-0.08627012372016907
184,-3300.4680820866765,-9166.770833333334,-12467.238915420008,0.33873817464806616,0.24261489410936418,0.13963899911816577,20.22048611111111,2297.628472222222,2248.824652777778,1.0144785016803703,0.08583343201608425,4.834998520206266,-0.0144785016803702,9166.770833333334,9020.854166666666,-0.004136700743254895,0.034751842729747295,1.5269593000411987,-4.61873659864068,0.25825977325439453,0.9198660254478455,-0.20900580286979675
185,-3300.8335303539443,-9146.979166666666,-12447.812697020601,0.34420560666636524,0.2511163104144442,0.14048721340388007,20.28472222222222,2295.746527777778,2238.2135416666665,1.0169232085045083,0.09220314491657411,4.867560237987292,-0.01692320850450832,9146.979166666666,8985.0,-0.0033934581948380504,0.03818757273256779,1.6420574188232422,-4.65257154405117,-0.4689030051231384,0.9125529527664185,0.5161701440811157
186,-3297.2905261040305,-9175.614583333334,-12472.905109437363,0.34281806833623435,0.24881125180723354,0.12889081790123458,20.506944444444443,2302.579861111111,2260.878472222222,1.0111424073020288,0.09231752947693202,4.861715311559901,-0.011142407302028806,9175.614583333334,9079.1875,-0.0008184597130034277,0.028863422572612762,1.5990575850009918,-4.6858243606984615,0.17278151214122772,0.9217244982719421,-0.08363720774650574
187,-3296.9237080033267,-9239.09375,-12536.017458003333,0.34394408053535824,0.2528296287119803,0.13444031084656086,20.45659722222222,2319.0885416666665,2261.727430555555,1.0171814981770495,0.09976791770626785,4.921613716726427,-0.01718149817704941,9239.09375,9062.895833333334,0.0003677224203876006,0.03805044665932655,1.5762546062469482,-4.515842378139496,0.2858583331108093,0.9185255765914917,-0.19809596240520477
188,-3298.586057168284,-9139.916666666666,-12438.502723834956,0.3400067537700456,0.24714010876292983,0.14151537698412697,20.230902777777775,2289.6197916666665,2245.472222222222,1.0129170357962802,0.0919355443787163,4.857650881990561,-0.012917035796280221,9139.916666666666,9022.541666666666,0.0015878504567843343,0.03192343655973673,1.655740201473236,-4.790447290986776,-0.3039109706878662,0.9150164127349854,0.3645172417163849
189,-3301.133054518467,-9137.739583333334,-12438.872637851795,0.3371315283006602,0.24087352433707565,0.14619984567901234,20.052083333333332,2290.621527777778,2220.914930555555,1.0221286464768233,0.09228770803604298,4.886982034613304,-0.022128646476823166,9137.739583333334,8940.708333333334,-0.0014401686173801664,0.04249058663845062,1.598408043384552,-5.122887060046196,0.27474987506866455,0.9199138879776001,-0.22769059240818024
190,-3298.0057283801975,-9097.9375,-12395.943228380202,0.3375617043976324,0.2426299589052279,0.14962714947089947,20.135416666666668,2284.644097222222,2228.078125,1.0193308041872837,0.0942163579818039,4.777731313936182,-0.019330804187283643,9097.9375,8929.270833333334,-0.0026683039913857343,0.03771014604717493,1.4822312593460083,-5.133282959461212,0.25097647309303284,0.9206265807151794,-0.20994988083839417
191,-3295.821861051501,-9073.447916666666,-12369.269777718173,0.3359902577657008,0.2391843658664988,0.1422255291005291,20.105902777777775,2278.331597222222,2247.378472222222,1.0055165728175794,0.0896181852915846,4.870921830829778,-0.005516572817579349,9073.447916666666,9020.083333333334,-0.0039236085563474354,0.025038622319698334,1.7008585035800934,-5.199667476117611,-0.36430624127388,0.9106650352478027,0.4195379316806793
192,-3300.191176546606,-9118.604166666666,-12418.79534321327,0.3341234534685091,0.23782657738775015,0.1541807208994709,19.875,2286.859375,2229.8385416666665,1.0167355692649336,0.09167341161097768,4.8877729798039296,-0.016735569264933466,9118.604166666666,8934.104166666666,-0.004142443906407653,0.041509486734867096,1.6507456302642822,-5.219459623098373,0.20651376247406006,0.9175467491149902,-0.18792639672756195
193,-3296.3155363030583,-9173.291666666666,-12469.607202969732,0.3357732971190839,0.23869209422264248,0.149538139329806,19.947916666666668,2298.3888888888887,2245.550347222222,1.016276348052276,0.09141059886524795,4.937997232411589,-0.016276348052276155,9173.291666666666,9018.552083333334,-0.003731418054696678,0.035518075339496136,1.5024608075618744,-5.245995000004768,0.21927548944950104,0.921214759349823,-0.16209766268730164
194,-3300.092105713076,-9159.53125,-12459.62335571307,0.335060048872182,0.23951976888606116,0.15626570767195766,19.918402777777775,2292.506944444445,2232.0260416666665,1.018630852830397,0.0898562554077943,4.742842651112706,-0.01863085283039694,9159.53125,8967.895833333334,0.0014226279078015658,0.04056750517338514,1.6039202213287354,-5.055020026862621,-0.2963363230228424,0.9111589789390564,0.3217715322971344
195,-3298.715188224581,-9045.135416666666,-12343.850604891248,0.3425171177014891,0.25084686107260895,0.15326113315696646,19.904513888888886,2264.965277777778,2233.640625,1.006184281304681,0.09305369267911275,4.823242770325382,-0.006184281304681154,9045.135416666666,8973.5,-0.0016383791616954024,0.0270675141364336,1.5443702042102814,-4.7785772532224655,0.17214110493659973,0.9184026718139648,-0.1386265605688095
196,-3298.4650825725143,-9120.833333333334,-12419.298415905852,0.34247880683737136,0.25394689086048555,0.15199239417989419,19.90451388888889,2284.3420138888887,2223.9010416666665,1.0199617818497548,0.09418962911088948,4.769419311953841,-0.01996178184975474,9120.833333333334,8936.552083333334,0.002680774990379664,0.038908557035028934,1.567279189825058,-4.641892276704311,0.35698413848876953,0.9195722341537476,-0.3290897011756897
197,-3297.874347706122,-9060.583333333334,-12358.457681039457,0.341968169372113,0.2507363086010122,0.16080990961199293,19.85173611111111,2273.7638888888887,2219.657986111111,1.0150819406278366,0.09296614066107461,4.916359392721119,-0.01508194062783677,9060.583333333334,8893.333333333334,-0.0036082212528627533,0.03835663106292486,1.541893094778061,-4.70449697971344,-0.4377615451812744,0.9196593165397644,0.45717039704322815
198,-3300.45857537799,-9170.125,-12470.583575377985,0.34356468121916456,0.253571190780753,0.1505144951499118,19.927083333333332,2301.657986111111,2225.7708333333335,1.0254925041899197,0.09486167239800103,4.971936370946859,-0.025492504189919597,9170.125,8925.53125,0.001790611360003358,0.04642255138605833,1.4644392430782318,-4.693114161491394,0.22031180560588837,0.9235225319862366,-0.18472538888454437
199,-3297.056033456325,-9073.520833333334,-12370.576866789657,0.350671537658333,0.26612426544953555,0.1574785052910053,19.89236111111111,2276.3385416666665,2212.305555555555,1.0207155874526317,0.0891238693058305,5.010556173346486,-0.020715587452631717,9073.520833333334,8888.5625,0.00043744601281670015,0.04026417247951031,1.515760898590088,-4.6281664445996284,0.34505578875541687,0.9219259023666382,-0.3463703989982605
200,-3299.035428209314,-9075.260416666666,-12374.29584487598,0.3452632297486677,0.25832133697501075,0.1551044422398589,19.85763888888889,2278.128472222222,2221.1979166666665,1.0160081101708045,0.09138792825016406,5.01002844676984,-0.01600811017080457,9075.260416666666,8904.302083333334,-0.0007590822818688281,0.03993041068315506,1.606744259595871,-4.727747313678265,-0.42768505215644836,0.9189044833183289,0.4443013370037079
201,-3300.6728971521065,-9034.78125,-12335.454147152108,0.3509143443937173,0.2655580023096667,0.15568424823633156,19.881944444444446,2263.4166666666665,2211.178819444445,1.0148548454964006,0.09067778487296868,4.88478443886352,-0.014854845496400681,9034.78125,8881.75,0.004672087133671621,0.03813908714801073,1.4621864557266235,-4.744132481515408,0.2602846026420593,0.9262238144874573,-0.24378828704357147
202,-3297.759075060431,-9068.364583333334,-12366.123658393763,0.33870134747694863,0.24718466075137258,0.16397376543209877,19.635416666666668,2272.0989583333335,2208.6579861111113,1.019820625382198,0.08928494114549486,4.987764275519989,-0.019820625382197976,9068.364583333334,8874.572916666666,-0.0018587240108789427,0.042520842514932156,1.5239085853099823,-4.975253656506538,0.24473236501216888,0.9197961091995239,-0.23991821706295013
203,-3297.220570192177,-9062.302083333334,-12359.522653525506,0.3383630020795801,0.2462738911724753,0.161650958994709,19.602430555555554,2267.9322916666665,2209.1822916666665,1.0192831945170557,0.09300935062965883,4.975571969225453,-0.01928319451705573,9062.302083333334,8880.916666666666,0.004979539002030853,0.04086536355316639,1.4860279262065887,-5.16685339063406,-0.44247037172317505,0.9204920530319214,0.41028255224227905
204,-3299.8369706884746,-9072.145833333334,-12371.982804021813,0.33587336097128,0.24114626330426994,0.16281690917107586,19.789930555555557,2273.0017361111113,2212.9843749999995,1.0180196936419286,0.09057219873566852,5.013252012779728,-0.01801969364192873,9072.145833333334,8893.5,-0.002250446454090449,0.04220246057957411,1.4763792753219604,-5.298695802688599,0.08498352020978928,0.9224987030029297,-0.06871503591537476
205,-3297.3068213106894,-9014.958333333334,-12312.265154644023,0.3359880939177206,0.2420850453975921,0.16532600308641976,19.600694444444446,2259.105902777778,2203.543402777778,1.0149698804816205,0.09024346338838785,5.17797346628997,-0.014969880481620491,9014.958333333334,8851.020833333334,0.0297656077280114,0.03995388559997082,1.3294417262077332,-4.705737255513668,0.39731845259666443,0.9327651858329773,-0.41156768798828125
206,-3297.710830428707,-9136.822916666666,-12434.533747095373,0.34028411877102993,0.250706401705328,0.15709848985890654,19.980902777777775,2290.1822916666665,2223.796875,1.0193732493717897,0.0965891420856995,5.095785961336566,-0.019373249371789646,9136.822916666666,8926.770833333334,0.0015374011732873782,0.045230948366224766,1.6255117058753967,-4.875624142587185,-0.44733598828315735,0.9180998206138611,0.4658447504043579
207,-3297.560116790539,-9140.75,-12438.310116790539,0.3425389187905091,0.2525496816379018,0.14538414902998234,20.04513888888889,2289.1927083333335,2230.090277777778,1.017397786786101,0.08929998559050407,5.021031797906024,-0.017397786786101002,9140.75,8941.8125,0.011211813824966388,0.04253717418760061,1.463028371334076,-4.238727055490017,0.41250383853912354,0.9234944581985474,-0.3864467442035675
208,-3298.4562514998593,-9157.40625,-12455.862501499862,0.34713572015429656,0.2615357375341571,0.14244846781305115,20.237847222222225,2298.75,2236.996527777778,1.018732315033147,0.09235817362082964,4.879766182138371,-0.018732315033146905,9157.40625,8974.625,0.014729607424632807,0.04248900432139635,1.441730797290802,-4.737798169255257,0.3095484972000122,0.9250167012214661,-0.26257801055908203
209,-3297.4657419559103,-9111.697916666666,-12409.163658622581,0.34227172438088577,0.25384026845373836,0.15507908950617286,19.993055555555554,2287.237847222222,2214.9479166666665,1.0234622501471307,0.08952025087683772,4.845976818427676,-0.023462250147130544,9111.697916666666,8874.729166666666,0.0005407672271959818,0.04685366991907358,1.4699476063251495,-4.750542089343071,-0.4150623381137848,0.9246031045913696,0.4427483379840851
210,-3298.641871933141,-9127.75,-12426.391871933143,0.3356634317755503,0.24039808245530972,0.15126295194003528,19.953125,2289.9739583333335,2235.546875,1.0157348636575498,0.09261590148064759,4.956681759058138,-0.01573486365754963,9127.75,8951.635416666666,-0.004360366945455996,0.04129892587661743,1.394606202840805,-5.266504652798176,0.2938855290412903,0.9276145100593567,-0.2793067991733551
211,-3299.603505109384,-9089.739583333334,-12389.34308844272,0.33616440760329896,0.2422445392941073,0.15995122354497357,19.86111111111111,2285.909722222222,2216.7586805555557,1.0213468906827188,0.09381809955920282,4.977770316464195,-0.021346890682718864,9089.739583333334,8889.041666666666,-0.009057780665420623,0.046201727353036404,1.3557602167129517,-5.129988383501768,0.28455835580825806,0.9287353754043579,-0.2584192752838135
212,-3300.523994946212,-9124.645833333334,-12425.16982827955,0.3365581558000561,0.2431959534296766,0.1574647266313933,19.8125,2284.680555555555,2211.546875,1.0203254084058258,0.09574286586143706,5.054890678409553,-0.020325408405825664,9124.645833333334,8881.479166666666,-0.006325855500751487,0.052834137342870235,1.4448295533657074,-4.967035457491875,-0.37826356291770935,0.924428403377533,0.39275476336479187
213,-3298.928610484643,-9144.885416666666,-12443.81402715131,0.3439175450473952,0.25574441264486975,0.16311728395061728,19.666666666666668,2294.460069444445,2203.800347222222,1.0310090496072273,0.09107266271085783,5.238515301882447,-0.03100904960722738,9144.885416666666,8853.5,-0.002056909528986628,0.05517636891454458,1.3951015174388885,-4.860952869057655,0.20980888605117798,0.9288250803947449,-0.22801077365875244
214,-3297.182720855479,-9190.78125,-12487.96397085547,0.3398680381549413,0.24984217054831484,0.16917603615520282,19.609375,2302.6822916666665,2201.326388888889,1.031152149445618,0.0983265133486864,5.18892309949183,-0.031152149445617974,9190.78125,8866.947916666666,-0.0019006826444480929,0.06452104821801186,1.3705714643001556,-4.9270777106285095,0.258620023727417,0.9277702569961548,-0.25784990191459656
215,-3297.427569144407,-9209.364583333334,-12506.792152477736,0.33778744018320905,0.24770401344479373,0.16576636904761907,19.644097222222225,2306.65625,2207.3541666666665,1.0297678370733374,0.10381995049456783,5.180429217097346,-0.029767837073337546,9209.364583333334,8873.083333333334,-0.000744031451470839,0.06566924974322319,1.4223870038986206,-5.019828528165817,-0.36364707350730896,0.9232434034347534,0.34976494312286377
216,-3299.1950527697954,-9232.822916666666,-12532.01796943647,0.3370604867749454,0.2434060922047744,0.17055665784832452,19.539930555555554,2311.355902777778,2198.102430555555,1.0376861300510545,0.10048161403706157,5.2698074733761695,-0.03768613005105457,9232.822916666666,8834.5625,-0.00010208492643526412,0.06933325715363026,1.2604264616966248,-5.198284573853016,0.11469890922307968,0.9332739114761353,-0.13516071438789368
217,-3296.8328398354083,-9219.885416666666,-12516.718256502076,0.3338070758599106,0.2406510664020768,0.16973985890652557,19.604166666666668,2313.2361111111113,2182.631944444445,1.0457773786757705,0.09704578067681895,5.303597665509259,-0.04577737867577044,9219.885416666666,8779.458333333334,-0.006897649667790162,0.07547570951282978,1.412466824054718,-5.281928114593029,0.35530975461006165,0.9267758131027222,-0.35112103819847107
218,-3297.163273970414,-9214.197916666666,-12511.361190637084,0.3350330807660633,0.24045622613953635,0.1675476741622575,19.618055555555554,2307.5520833333335,2178.986111111111,1.0438126166443054,0.10245700083754489,5.284288809690314,-0.04381261664430539,9214.197916666666,8775.25,-0.0033297712999604823,0.0790574923157692,1.384756863117218,-5.262477204203606,-0.4240003228187561,0.9280184507369995,0.40066754817962646
219,-3298.331348294432,-9349.6875,-12648.01884829443,0.33418588099028446,0.2384991917125363,0.1655009920634921,19.555555555555557,2349.597222222222,2198.7135416666665,1.0498673744997444,0.09611533959011043,5.4801238595036,-0.049867374499744516,9349.6875,8832.96875,-0.001903985703723965,0.09020715579390526,1.2710961997509003,-5.438918873667717,0.1394624561071396,0.9337226152420044,-0.15646691620349884
220,-3299.3694664262052,-9402.927083333334,-12702.296549759541,0.33108024813658526,0.23390758557232197,0.1806566909171076,19.337847222222223,2364.6260416666664,2185.7527777777777,1.062943574179964,0.10158162256807786,5.540476140354264,-0.06294357417996414,9402.927083333334,8767.510416666666,-0.008139690999270921,0.10329855047166348,1.3903217017650604,-5.485427118837833,0.41093409061431885,0.9317159056663513,-0.45152077078819275
221,-3297.24941934186,-9171.65625,-12468.905669341853,0.3326363069873511,0.23790659533632505,0.18877948633156963,19.214583333333334,2307.879166666667,2160.628472222222,1.0500617163609403,0.10148056787699171,5.389422968483772,-0.05006171636094034,9171.65625,8673.552083333334,-0.0027157892276079565,0.08771520853042603,1.2633320689201355,-5.321876868605614,-0.4237460196018219,0.9323755502700806,0.3406830132007599
222,-3298.156591028494,-9533.635416666666,-12831.792007695163,0.33841186033347226,0.24831051650431213,0.181507385361552,19.27951388888889,2397.8802083333335,2172.144097222222,1.077743438652704,0.10003810585330138,5.676123678671317,-0.0777434386527039,9533.635416666666,8738.614583333334,-0.002946352248663242,0.1316620633006096,1.2888050079345703,-5.242968574166298,0.17933841049671173,0.9298399686813354,-0.23157396912574768
223,-3298.3499489528544,-9423.958333333334,-12722.308282286192,0.3367316858194724,0.24566928281759223,0.18204833553791885,19.239583333333332,2359.706597222222,2170.6961805555557,1.064763948634071,0.10545884154575096,5.628895734507464,-0.06476394863407088,9423.958333333334,8739.59375,0.002188545051430957,0.1130134928971529,1.3460846543312073,-5.233780302107334,0.26250192523002625,0.9300158619880676,-0.33192679286003113
224,-3298.823945942853,-9707.59375,-13006.417695942853,0.3386678416489081,0.250661194719012,0.19179453262786597,19.149305555555554,2448.1069444444443,2174.8809027777775,1.097295083562981,0.1081233918515734,5.774345528183036,-0.09729508356298107,9707.59375,8731.3125,-0.005748065244382872,0.15120253711938858,1.3096523880958557,-5.1818235367536545,-0.4426426291465759,0.9346425533294678,0.39038991928100586
225,-3300.855836272098,-9620.177083333334,-12921.03291960543,0.33919908162488926,0.2517532070115623,0.18737681878306878,19.055555555555557,2416.0954861111113,2168.375,1.088111341685628,0.10943773188350248,5.704006737447645,-0.08811134168562818,9620.177083333334,8746.614583333334,-0.0027822469751530576,0.1424313373863697,1.218783289194107,-5.296912722289562,0.22293365001678467,0.9322272539138794,-0.2828120291233063
226,-3297.47095519731,-9626.3125,-12923.783455197314,0.3412252587646605,0.25534470996353775,0.18387428350970017,19.11111111111111,2418.53125,2180.5868055555557,1.08206347168212,0.11668311723361136,5.504581890643432,-0.0820634716821201,9626.3125,8749.697916666666,-0.001564618536337825,0.1406528279185295,1.3658209443092346,-5.184442766010761,0.32677552103996277,0.9303545951843262,-0.39873769879341125
227,-3297.949379388223,-9508.052083333334,-12806.001462721557,0.3367200733053283,0.24613191096836493,0.21192239858906525,18.54861111111111,2381.1423611111113,2118.359375,1.0964548371514498,0.11268635044251851,5.464354653760863,-0.09645483715144965,9508.052083333334,8536.520833333334,0.039662335571278184,0.1560889668762684,1.2617657780647278,-6.13004070520401,-0.45208925008773804,0.9317836761474609,0.32862332463264465
228,-3299.572425864453,-9612.052083333334,-12911.62450919779,0.3283702029120981,0.23097327345749363,0.20842069003527333,18.602430555555554,2410.503472222222,2119.440972222222,1.103500596683295,0.11597099700475742,5.213067483423969,-0.10350059668329492,9612.052083333334,8550.53125,-0.000279846592736277,0.17127063870429993,1.1256937980651855,-6.016980357468128,0.033513665199279785,0.9359959959983826,-0.17251768708229065
229,-3297.3245145460737,-9869.895833333334,-13167.220347879405,0.32720442880373607,0.22781181297290862,0.20882385361552028,18.519097222222225,2476.359375,2119.484375,1.131646506602811,0.12265670508156412,5.108344571918572,-0.13164650660281096,9869.895833333334,8554.958333333334,0.0013854537249455845,0.20634230598807335,1.2357636094093323,-6.198126330971718,0.22536233067512512,0.9345640540122986,-0.3556237518787384
230,-3299.9381970214054,-10048.770833333334,-13348.709030354743,0.331425169959139,0.23558243348573646,0.20278714726631394,18.662847222222222,2519.4284722222224,2124.7982638888893,1.1486644773700194,0.13140566011499263,4.8873827653755635,-0.14866447737001945,10048.770833333334,8566.385416666666,0.003126215229676488,0.22896245494484901,1.31077378988266,-5.974770605564117,-0.609325647354126,0.924800455570221,0.47164419293403625
231,-3298.2260344034053,-10423.822916666666,-13722.048951070066,0.32359538388397674,0.22132250384634564,0.22290261243386245,18.335069444444443,2614.503472222222,2118.565972222222,1.186286428467516,0.13518729991951964,4.403191383921777,-0.18628642846751609,10423.822916666666,8547.625,-0.0017177658173199717,0.2827752083539963,1.2316733598709106,-6.4845729023218155,-0.15956950187683105,0.9359179139137268,-0.01276371255517006
232,-3301.094796574504,-10317.635416666666,-13618.73021324117,0.3241043264038703,0.2223134324239153,0.21538277116402116,18.380208333333332,2590.515625,2118.1961805555557,1.1804931964272407,0.13917058086618614,3.971949641426336,-0.18049319642724068,10317.635416666666,8543.78125,-0.004552177607429986,0.2682929039001465,1.2488870322704315,-6.693031527101994,0.1847439408302307,0.9354685544967651,-0.3331129252910614
233,-3298.0046201711157,-10925.8125,-14223.817120171123,0.3205157312567216,0.2146297774096537,0.23082175925925927,18.024305555555557,2747.685763888889,2093.465277777778,1.2543342296450166,0.17379612153082333,3.2731955051762456,-0.2543342296450166,10925.8125,8455.354166666666,-0.00016298606070375143,0.3647374361753464,1.2405653297901154,-6.784723773598671,-0.5371461510658264,0.9290511012077332,0.37310662865638733
234,-3298.7876652552436,-11019.895833333334,-14318.683498588578,0.3186730722957189,0.21134324934488782,0.22571235670194,18.161458333333332,2776.8229166666665,2101.878472222222,1.2596441266882905,0.17215020568915984,3.0397232452148195,-0.25964412668829057,11019.895833333334,8473.979166666666,-0.0009722980252116487,0.37272124737501144,1.1576527655124664,-6.8016218692064285,-0.048393480479717255,0.9275256395339966,-0.10857880860567093
235,-3296.504284555101,-11181.322916666666,-14477.827201221764,0.3197010875622463,0.21499937135700345,0.2267035934744268,18.130208333333332,2815.225694444444,2110.8871527777774,1.2723862961896775,0.17686418792773817,2.821084670849741,-0.27238629618967775,11181.322916666666,8489.84375,-0.008189936104992412,0.3938547149300575,1.2041096985340118,-6.813543200492859,0.23818053305149078,0.9365023374557495,-0.41089311242103577
236,-3296.803727184923,-11241.885416666666,-14538.689143851587,0.3177795397182471,0.20970124894261566,0.2383013668430335,17.70138888888889,2815.9253472222226,2078.5625,1.2882028606513185,0.18567698914455913,2.476016691315472,-0.2882028606513185,11241.885416666666,8417.760416666666,-0.00632038092207754,0.4166194275021553,1.1827321648597717,-6.972560256719589,-0.597756564617157,0.9322808980941772,0.38032469153404236
237,-3298.5591977843455,-11356.177083333334,-14654.73628111768,0.31935238772154956,0.21208392578409985,0.24198743386243385,17.635416666666668,2852.743055555556,2081.902777777778,1.2980318111486016,0.19134479442007582,2.264510612537434,-0.2980318111486016,11356.177083333334,8408.21875,-0.005051116683670864,0.4382008761167526,1.143582135438919,-7.148624166846275,-0.1238737404346466,0.9371696710586548,-0.08233807235956192
238,-3297.8743166518416,-11299.385416666666,-14597.259733318511,0.3190630346114589,0.21077034707155287,0.23824790564373896,17.71875,2836.835069444444,2062.8229166666665,1.303514763030229,0.1856803050890599,2.2322298121978084,-0.30351476303022895,11299.385416666666,8349.5,-0.005626041148177663,0.43793758749961853,1.2718422412872314,-7.258221223950386,0.1333763301372528,0.9321588277816772,-0.3098517954349518
239,-3299.859277997266,-11076.552083333334,-14376.411361330602,0.32082477846053586,0.2154871671809815,0.24917080026455027,17.50451388888889,2782.519791666667,2054.164583333333,1.2866849401890124,0.18574288552841037,2.268596602610071,-0.2866849401890123,11076.552083333334,8298.447916666666,0.0015848744692953387,0.41519825905561447,1.1735603511333466,-7.097639515995979,-0.6354056596755981,0.9323797821998596,0.41636350750923157
240,-3298.1846532650434,-11110.21875,-14408.403403265038,0.3191654173279115,0.2122933027567342,0.2545684523809524,17.561111111111114,2785.453472222222,2057.0305555555556,1.282626773691802,0.18859096351891277,2.109880534550154,-0.28262677369180195,11110.21875,8317.822916666666,-0.009092604931951964,0.4159194752573967,1.1245798170566559,-7.451910838484764,-0.07651396840810776,0.9366162419319153,-0.14790096879005432
241,-3298.972732357413,-11143.3125,-14442.285232357406,0.3180364439335843,0.21168734067921627,0.2717253637566137,17.023958333333336,2793.687152777778,2008.9829861111114,1.3146168122061135,0.19249181238174437,2.022342296709049,-0.31461681220611354,11143.3125,8110.802083333333,-0.0020667808405253063,0.45861775428056717,1.073729246854782,-7.4613503366708755,0.16085174679756165,0.9411882162094116,-0.4139052927494049
242,-3298.8806029555,-11002.1875,-14301.0681029555,0.3214062922690263,0.21785604901378974,0.2731657848324515,17.020138888888887,2755.7065972222226,2009.1979166666667,1.2947844432459388,0.20104608222794051,1.9609780562461172,-0.2947844432459387,11002.1875,8126.510416666667,0.007029205768232738,0.43674445897340775,1.1811084151268005,-7.572933062911034,-0.7505472898483276,0.9327632784843445,0.48792096972465515
243,-3296.596201692935,-10912.072916666666,-14208.669118359598,0.3202179179326414,0.21702096416912453,0.2758399470899471,16.899305555555554,2733.7166666666667,2006.9385416666667,1.2818794827983326,0.19203189189245537,1.9260204875949034,-0.2818794827983326,10912.072916666666,8105.020833333333,-0.0013280581335879393,0.43411756306886673,1.043815866112709,-7.545396000146866,-0.0463758148252964,0.9385228753089905,-0.23020660877227783
244,-3297.8688550476877,-10978.3125,-14276.181355047693,0.32270868544597525,0.22208128790629822,0.28469521604938275,16.790277777777778,2741.332638888889,2000.1746527777777,1.2892341280202715,0.18797357922238156,1.8334966147219094,-0.28923412802027165,10978.3125,8097.260416666667,-0.006834274101437998,0.4479338154196739,1.1008964776992798,-7.53375218808651,0.012390349060297012,0.9370861649513245,-0.3227826952934265
245,-3299.437857913305,-11035.510416666666,-14334.948274579974,0.3244598287395808,0.22491868615745467,0.2754050925925926,16.856944444444444,2762.8604166666664,1979.970833333333,1.31196413488749,0.19769008876292873,1.7264978214903248,-0.31196413488749,11035.510416666666,8022.364583333333,-0.003323451276031175,0.4621507525444031,1.0646075010299683,-7.610325127840042,-0.7188776135444641,0.9385548233985901,0.435153067111969
246,-3299.743988486403,-10914.114583333334,-14213.858571819743,0.32178848631474466,0.21959274777004287,0.2829805996472663,16.76111111111111,2729.985763888889,1983.51875,1.2872646837358794,0.1890084361170017,1.7132655390337508,-0.2872646837358794,10914.114583333334,8011.541666666667,0.007710369133315242,0.452665738761425,1.138250082731247,-8.11784440279007,-0.014655585400760174,0.9354146718978882,-0.2835521101951599
247,-3296.5362034673053,-10928.489583333334,-14225.025786800632,0.3200741628921708,0.21499707191509917,0.29108768738977076,16.599305555555556,2739.3319444444446,1950.9600694444446,1.3039201987620064,0.19964048370615747,1.645712431028807,-0.30392019876200627,10928.489583333334,7906.489583333333,0.0038798340629184747,0.4758264645934105,0.963572233915329,-7.881166040897369,-0.12280333042144775,0.9405096769332886,-0.18242691457271576
248,-3298.27375658128,-10723.479166666666,-14021.75292324795,0.3187441832467284,0.2101141826003893,0.30237736992945324,16.400000000000002,2697.690972222222,1955.526736111111,1.2883309863304278,0.18742800842675433,1.7215447301177518,-0.2883309863304276,10723.479166666666,7862.604166666667,-0.010729238783677264,0.4540507569909096,1.0928464829921722,-8.583757251501083,-0.6555255651473999,0.9310979247093201,0.3196509778499603
249,-3299.8630180440396,-10780.395833333334,-14080.258851377379,0.31677915859883815,0.20771870373088555,0.3053849757495591,16.311458333333334,2704.601388888889,1946.8010416666668,1.2935104509736657,0.20853978403470588,1.5531736028930634,-0.2935104509736655,10780.395833333334,7851.104166666667,-0.005542688003524976,0.4647197723388672,0.9737344235181808,-8.669662326574326,-0.27761760354042053,0.9434140920639038,-0.06666644662618637
250,-3299.0228672962216,-11004.479166666666,-14303.502033962888,0.318890091926802,0.21105226043598826,0.30657710537918875,16.23090277777778,2753.6152777777775,1934.981597222222,1.321363167043019,0.2029626848075875,1.4490800069018086,-0.3213631670430188,11004.479166666666,7822.416666666667,0.0007655927094143422,0.5121133327484131,1.051763340830803,-8.669274285435677,0.019287513568997383,0.9380514621734619,-0.37078437209129333
251,-3296.222556917899,-10733.302083333334,-14029.524640251242,0.31764818373201303,0.20984709126383272,0.310977733686067,16.224305555555556,2710.13125,1946.0364583333333,1.2961444797874169,0.21268638101552031,1.5646398685925291,-0.2961444797874169,10733.302083333334,7803.854166666667,-0.009629825758041832,0.47356080263853073,1.0640383809804916,-8.682648867368698,-0.8452975153923035,0.9305474758148193,0.5035005211830139
252,-3297.6892524189684,-10989.229166666666,-14286.91841908564,0.31873249747695387,0.21119950072574686,0.315313602292769,16.122916666666665,2786.488541666667,1944.386111111111,1.3312487944995448,0.23072341612631075,1.4395085452838892,-0.33124879449954486,10989.229166666666,7737.270833333333,-0.000616280547804153,0.5247471779584885,1.0646597743034363,-8.596244171261787,-0.21022388339042664,0.9335306286811829,-0.14468812942504883
253,-3296.759011265209,-10924.041666666666,-14220.80067793188,0.31881054811447657,0.2085735707078129,0.3255144951499118,16.098958333333332,2805.0038194444446,1945.039236111111,1.3378378554014365,0.22385145990674013,1.3735423665585056,-0.3378378554014365,10924.041666666666,7625.09375,0.046940439136115675,0.5434883832931519,0.9248437136411667,-9.678608521819115,-0.13058416545391083,0.9431496262550354,-0.2478446215391159
254,-3297.577052406566,-10883.875,-14181.452052406568,0.3122103848605367,0.19709786568354404,0.33086777998236333,15.785069444444446,2743.4034722222227,1899.932986111111,1.3303493988533857,0.22532455758828754,1.3855754761751056,-0.33034939885338566,10883.875,7609.020833333333,-0.0026582595573652057,0.5341060161590576,1.047649011015892,-9.572498396039009,-0.6733351349830627,0.9328582882881165,0.2828131914138794
255,-3298.5147037522142,-10638.666666666666,-13937.181370418883,0.31302477516784893,0.1978939740769824,0.32813492063492067,15.826388888888888,2697.520486111111,1901.1239583333333,1.3092821652408,0.2245176840414577,1.4291326621781764,-0.30928216524080004,10638.666666666666,7591.708333333333,0.0027416467912391718,0.5049019008874893,1.2206049263477325,-9.918243274092674,-0.39868056774139404,0.9321387410163879,0.014551467262208462
256,-3298.131648236807,-11013.166666666666,-14311.298314903475,0.31290393548100903,0.19884000706467,0.32425319664903,15.906944444444443,2793.3850694444445,1910.1881944444442,1.3412761242986952,0.2243606800685792,1.2773170232382172,-0.3412761242986952,11013.166666666666,7630.333333333333,0.0018622908586012343,0.5600486695766449,1.006390318274498,-9.515039160847664,-0.039501748979091644,0.943577766418457,-0.33768314123153687
257,-3296.9929721154567,-10698.791666666666,-13995.784638782125,0.309837864406543,0.19124817290058774,0.3464701829805996,15.708680555555555,2743.7312500000003,1888.6847222222223,1.3367848993204678,0.23226273098031971,1.2656697723855967,-0.33678489932046807,10698.791666666666,7424.229166666667,0.0013839866833131875,0.5499002784490585,1.0274260193109512,-10.107800766825676,-0.7422024607658386,0.9358457326889038,0.32787439227104187
258,-3299.567510227549,-10737.229166666666,-14036.796676894219,0.31179880891069095,0.19441030591648692,0.33295910493827163,15.780902777777778,2730.0677083333335,1881.4152777777779,1.3337605813839268,0.2262548778543112,1.2693454871805832,-0.33376058138392667,10737.229166666666,7481.614583333333,-0.005789574235677719,0.5425521433353424,1.075697124004364,-10.14133757352829,-0.23251348733901978,0.919408917427063,-0.17475830018520355
259,-3296.029579124453,-11026.8125,-14322.84207912445,0.30891905763711486,0.19000837701767323,0.3408220348324515,15.740277777777777,2814.678472222222,1874.413888888889,1.370402696618734,0.22589805788978315,1.1673679042161182,-0.3704026966187343,11026.8125,7411.916666666667,-0.0008204441837366128,0.6015328168869019,0.9931922405958176,-10.009610772132874,-0.006457800976932049,0.9408188462257385,-0.40903618931770325
260,-3299.3771413661375,-11107.958333333334,-14407.335474699468,0.3101560898368854,0.191743006302406,0.34388861331569665,15.708333333333334,2839.7645833333336,1883.0371527777777,1.374566226462716,0.24846159448695404,1.1706048064611716,-0.37456622646271615,11107.958333333334,7429.395833333333,-0.003349188355224797,0.6117148995399475,0.9876180738210678,-10.236541613936424,-0.727997899055481,0.9387395977973938,0.31547456979751587
261,-3299.4685792002006,-10687.677083333334,-13987.145662533543,0.30984606370804685,0.1926030745768609,0.34139880952380947,16.076736111111114,2786.9586805555555,1898.128472222222,1.3470263649487375,0.23352282348252895,1.2989682493179167,-0.3470263649487377,10687.677083333334,7356.541666666667,0.004785393507747759,0.5609206855297089,0.9361140429973602,-10.08226528763771,-0.4386347234249115,0.9291753172874451,0.014029205776751041
262,-3297.9183131269697,-10873.645833333334,-14171.564146460305,0.3068768996043152,0.1851000056841359,0.34800925925925935,15.657986111111109,2798.8184027777775,1879.9506944444445,1.362236859759669,0.2389012914485565,1.1873690538582378,-0.3622368597596692,10873.645833333334,7351.583333333333,0.0025085643397741997,0.5959618538618088,1.4846569001674652,-10.516412556171417,-0.6190624237060547,0.9230376482009888,0.2074337899684906
263,-3297.039086642775,-11219.15625,-14516.195336642777,0.30500539220595196,0.18120611946020895,0.34736634700176366,15.573958333333332,2852.0618055555556,1856.048611111111,1.3926373162192205,0.2602631486821106,1.0789329676738992,-0.39263731621922043,11219.15625,7360.666666666667,-0.0004979188976141913,0.6437609642744064,1.3330372273921967,-10.255668729543686,0.2784734070301056,0.9146087169647217,-0.6962115168571472
264,-3297.084377306388,-10943.260416666666,-14240.344793973052,0.3074964538921933,0.18772391528667257,0.3490974977954145,15.973263888888889,2849.160416666667,1893.189583333333,1.3726189823769814,0.23580301138411056,1.156601464197681,-0.3726189823769815,10943.260416666666,7327.083333333333,-0.003739160430591748,0.6055753082036972,1.015647068619728,-10.16849698126316,-0.8927426338195801,0.9389503598213196,0.4582959711551666
265,-3297.6195618412694,-11055.53125,-14353.150811841268,0.3090039801386904,0.18996415221610932,0.3437866512345679,15.897569444444443,2876.7993055555557,1890.5184027777777,1.3864755430604578,0.2519962124825828,1.125565646953031,-0.3864755430604579,11055.53125,7345.375,-0.0024948920349054937,0.6184994876384735,1.1461257636547089,-10.248445764183998,0.19333972036838531,0.9374058246612549,-0.6166570782661438
266,-3294.516020167495,-11324.385416666666,-14618.90143683416,0.3089211499139867,0.18922697177105063,0.3413340498236331,15.717708333333333,2881.8600694444444,1854.2694444444444,1.405455811486658,0.23455852397535437,1.1088708312434221,-0.40545581148665777,11324.385416666666,7334.083333333333,0.0038468217088563073,0.6637824028730392,1.1179746240377426,-10.161176577210426,-1.0428097248077393,0.9319700598716736,0.6048406958580017
267,-3297.0413762849203,-11605.145833333334,-14902.18720961825,0.31159068723524447,0.1936570547954438,0.34027970679012337,15.871527777777777,3007.824305555556,1901.9871527777777,1.4374849826258667,0.2648433190060662,1.0459971345209038,-0.4374849826258666,11605.145833333334,7373.135416666667,0.0010121152515027987,0.6990916132926941,0.9301390647888184,-10.006029561161995,-0.1471872180700302,0.9305146932601929,-0.2606450021266937
268,-3296.579159966857,-11388.927083333334,-14685.50624330019,0.31032977326909444,0.19268346262267896,0.3506203152557319,16.261805555555554,3047.216666666667,1903.5159722222222,1.4469828323156595,0.25758972974776245,1.0577940619529016,-0.44698283231565955,11388.927083333334,7203.239583333333,0.0007071374771712158,0.7099193930625916,0.850152313709259,-10.434871539473534,-0.3942851424217224,0.933739423751831,-0.028461085632443428
269,-3296.184758694301,-11548.020833333334,-14844.20559202763,0.30758091910167334,0.1867361906527852,0.3523883928571429,15.94513888888889,3051.0229166666663,1882.4131944444443,1.453122933154608,0.2678876208340056,1.0142502809152205,-0.45312293315460783,11548.020833333334,7192.083333333333,-0.0005448685545648146,0.7427190691232681,0.8106053322553635,-10.21568700671196,-0.19115521013736725,0.9383233785629272,-0.22424539923667908
270,-3298.136777749936,-11616.21875,-14914.355527749933,0.3104360440999463,0.19283094037544088,0.34960703262786597,15.987152777777778,3041.1368055555554,1880.3447916666664,1.4524449811338174,0.26601284265888675,1.0154486025405045,-0.4524449811338173,11616.21875,7233.645833333333,-0.0022324144550966984,0.7462364286184311,0.9023230522871017,-10.09553076326847,-0.19493341445922852,0.9396507740020752,-0.23074421286582947
271,-3297.9927056303313,-12149.010416666666,-15447.003122296997,0.3117879698373704,0.19702589955381375,0.34044587742504406,16.70277777777778,3299.042708333333,1941.4600694444443,1.5306035027090559,0.298943364284016,0.8807445412540013,-0.530603502709056,12149.010416666666,7260.375,2.137193929008241e-05,0.8155491352081299,1.0958447307348251,-9.848135590553284,-0.5706679821014404,0.9463408589363098,0.15643095970153809
272,-3299.6278362185117,-11903.604166666666,-15203.232002885185,0.3093672824079187,0.19283515777270724,0.3420353835978836,16.671180555555555,3237.535763888889,1940.904513888889,1.5021287424330847,0.2641691480293166,0.926777210011332,-0.5021287424330846,11903.604166666666,7247.114583333333,-0.0006095590478518709,0.7746147066354752,1.3416217267513275,-9.849682345986366,-0.21983087062835693,0.9436262845993042,-0.19497594237327576
273,-3298.212075251417,-12101.40625,-15399.618325251426,0.3081643956465769,0.18781390379202398,0.3437251984126984,16.255208333333332,3203.5833333333335,1914.0517361111113,1.4999934067406588,0.30318491992177954,0.8502190180158841,-0.4999934067406588,12101.40625,7305.020833333333,-0.0013832413400947097,0.8036868125200272,0.8758400082588196,-10.187604159116745,-0.8330280780792236,0.9374850988388062,0.42194458842277527
274,-3297.046757649589,-12355.239583333334,-15652.286340982924,0.3086828265754972,0.19203245821861656,0.3480988205467372,16.939930555555556,3442.200694444445,1964.7586805555554,1.5710770616073884,0.3056752767199257,0.7870836915619955,-0.5710770616073882,12355.239583333334,7180.71875,-0.0016374210595175853,0.8671160638332367,0.9001835435628891,-9.948853701353073,-0.7164031267166138,0.9432409405708313,0.3019586503505707
275,-3295.5719208019673,-12565.78125,-15861.353170801964,0.30588038873867757,0.18586182121523756,0.34780009920634924,16.414583333333336,3383.710763888889,1929.014236111111,1.5659679106703548,0.3109739987330298,0.7514084956379087,-0.5659679106703549,12565.78125,7241.104166666667,-0.0039841609029804825,0.8913064748048782,1.3633402585983276,-10.023838639259338,0.31483110785484314,0.9209343791007996,-0.728365421295166
276,-3297.249860654956,-12647.770833333334,-15945.020693988285,0.30966360246259406,0.19207133735633555,0.34739390432098766,17.455902777777776,3622.2885416666663,1994.9076388888886,1.635624244438698,0.31110132621269254,0.7149717793657592,-0.6356242444386978,12647.770833333334,7107.0625,0.0003984847371795719,0.9297804683446884,1.6256784945726395,-10.04787291586399,-1.2910351753234863,0.9127417802810669,0.8770483732223511
277,-3297.3683290096765,-12363.770833333334,-15661.139162343015,0.3116346933806456,0.1968404548566064,0.34382495590828926,16.93472222222222,3425.838888888889,1966.1506944444445,1.5671019556793055,0.3165506041927186,0.7575136863028726,-0.5671019556793057,12363.770833333334,7194.270833333333,0.004972936777807302,0.8623365610837936,1.7414249777793884,-9.704495638608932,0.11537297815084457,0.9367565512657166,-0.5268948674201965
278,-3297.9261730024987,-12446.385416666666,-15744.311589669167,0.31258305350363086,0.19846944962369487,0.34243110670194005,16.324652777777775,3323.65625,1925.7416666666668,1.547217583615172,0.31563672856755787,0.7465241244825581,-0.5472175836151719,12446.385416666666,7277.239583333333,-0.0043086488560698175,0.8650598227977753,1.0428910702466965,-10.072299599647522,-0.07869656383991241,0.9284044504165649,-0.3498590886592865
279,-3297.7999476161917,-12189.645833333334,-15487.445780949522,0.31233777226587595,0.19934057491870286,0.3480993716931217,16.488194444444446,3311.4701388888884,1932.762152777778,1.5437601300042971,0.3143969816888621,0.7628718300537392,-0.5437601300042973,12189.645833333334,7182.979166666667,0.00013961819242491735,0.8365241438150406,0.828150600194931,-9.98529540002346,-0.3999701738357544,0.9444295167922974,-0.02416267618536949
280,-3298.1161157082056,-12283.614583333334,-15581.73069904154,0.31323364283550204,0.20034717411100347,0.3504111552028219,16.969444444444445,3426.5631944444444,1983.3024305555555,1.5540195442671312,0.29367624319910124,0.7337333375440207,-0.5540195442671312,12283.614583333334,7216.3125,-0.0010483917157575462,0.8508271276950836,0.9339090585708618,-10.119323685765266,-0.7652509212493896,0.9386568665504456,0.36014890670776367
281,-3298.1442769784485,-12243.614583333334,-15541.758860311778,0.3135446377425022,0.20159206987429776,0.34599316578483247,16.852083333333333,3377.1885416666664,1961.9399305555555,1.5512789747843854,0.29754969360484645,0.7779678596385325,-0.5512789747843855,12243.614583333334,7170.729166666667,-0.014329205483499141,0.8493328243494034,0.8939847052097321,-10.2571060359478,-0.00553755322471261,0.9382500052452087,-0.41954872012138367
282,-3298.1963674713097,-12486.458333333334,-15784.654700804638,0.31142102183384707,0.19414256411902087,0.350075782627866,17.061805555555555,3513.2156249999994,1972.011111111111,1.6060728866492653,0.31356051361947507,0.7275812016728489,-0.6060728866492652,12486.458333333334,7068.65625,0.03350442760821526,0.9075971096754074,0.8166509419679642,-10.885491028428078,-0.6026862859725952,0.9434620141983032,0.1653287410736084
283,-3294.5749493625844,-12272.8125,-15567.387449362586,0.31339849142146853,0.19731627049137992,0.35551587301587295,17.425,3531.8652777777775,2001.9875,1.5892125813179998,0.30231331905092745,0.7837518362175997,-0.5892125813179998,12272.8125,7078.0,-0.0011673352544106508,0.8759806454181671,0.8160811364650726,-10.670080602169037,-0.7868985533714294,0.9467806816101074,0.35213956236839294
284,-3297.2264374872193,-12109.40625,-15406.63268748722,0.31162751767351743,0.19600260861140364,0.3601107804232804,17.040277777777778,3426.339930555556,1965.6364583333332,1.5705110749224034,0.29514877455162897,0.8506237513156157,-0.5705110749224035,12109.40625,7055.625,0.0017305431079659428,0.8522561490535736,0.8880544453859329,-10.66779138147831,0.046196918934583664,0.9494444727897644,-0.47498181462287903
285,-3297.332796432136,-11734.010416666666,-15031.343213098795,0.31035652589534785,0.1896319025933432,0.35632991622574955,17.296875,3371.5527777777775,2000.206597222222,1.5349816254987452,0.28385039214381647,0.87707112683306,-0.5349816254987448,11734.010416666666,7055.895833333333,-0.00539081048154566,0.7901944369077682,0.8595327138900757,-10.595119222998619,-0.911562979221344,0.9428470730781555,0.45647570490837097
286,-3295.4436334401967,-12063.333333333334,-15358.77696677354,0.3115675380843379,0.1950504512367641,0.3570566027336861,16.67152777777778,3357.0708333333337,1947.3541666666667,1.5510561790056225,0.29896074318680826,0.8335085524059259,-0.5510561790056222,12063.333333333334,7082.166666666667,-0.0011278038536963741,0.8407802879810333,0.8279775679111481,-10.621377006173134,-0.6747428178787231,0.9380494952201843,0.2329344004392624
287,-3299.600548792933,-11978.15625,-15277.75679879293,0.31306516906634524,0.19729409691515484,0.35708526234567906,17.13298611111111,3386.2246527777775,1969.103472222222,1.5547316532110063,0.28869431113394906,0.9015610987846142,-0.5547316532110061,11978.15625,7053.104166666667,-0.003110455299699222,0.8343611806631088,0.9019034802913666,-10.768745258450508,-0.15262927114963531,0.9320990443229675,-0.28313151001930237
288,-3298.343663579504,-11763.979166666666,-15062.322830246178,0.31051450921213025,0.19215549514693622,0.36178406084656084,17.254166666666666,3381.542708333334,1992.6576388888889,1.542114785108651,0.3014467136103992,0.8931632373122462,-0.5421147851086511,11763.979166666666,7001.291666666667,-0.001309359582573777,0.8041193336248398,0.8582516461610794,-10.860122457146645,-0.4937715530395508,0.9508299827575684,0.031752970069646835
289,-3298.869843572819,-11826.177083333334,-15125.046926906152,0.31014002828915405,0.19230341233034978,0.36093557098765433,17.32916666666667,3419.601736111111,1989.6819444444445,1.5613616080801211,0.2919249626835568,0.8653811773716704,-0.5613616080801215,11826.177083333334,6962.84375,-0.0053272399536306025,0.8256060630083084,0.666903629899025,-10.818956777453423,-0.5799993276596069,0.9519329071044922,0.14179198443889618
290,-3299.691252269226,-12010.625,-15310.316252269224,0.3111498278668501,0.19554738230039626,0.3570684523809524,17.779166666666665,3533.3722222222223,2037.4868055555555,1.5786941737968252,0.2927816841147226,0.8392388409649398,-0.5786941737968249,12010.625,7034.385416666667,-0.00560844967710894,0.8392699062824249,0.8083869069814682,-10.728524878621101,-0.03905648738145828,0.9485270380973816,-0.40800559520721436
291,-3298.2208274723785,-11913.03125,-15211.252077472376,0.3119176200438038,0.1961141157727171,0.3593284281305114,17.110069444444445,3403.648611111111,1981.6961805555554,1.5565110479291988,0.2930684133325759,0.8450712622445087,-0.5565110479291988,11913.03125,7027.229166666667,-0.0008130839477866747,0.8326653391122818,0.7694659531116486,-10.829696610569954,-0.7273546457290649,0.9493449330329895,0.2924329936504364
292,-3296.849523566642,-11933.072916666666,-15229.922440233307,0.31201648477472016,0.19689204856210077,0.36442542989417986,16.846180555555556,3373.6732638888884,1968.0916666666665,1.5522408699596815,0.29812128395462195,0.8430736664148547,-0.5522408699596816,11933.072916666666,7030.75,0.0021799133203903587,0.8314680755138397,0.7789767384529114,-11.150203555822372,-0.738702654838562,0.948580265045166,0.2936781346797943
293,-3298.7749784595685,-11521.635416666666,-14820.410395126228,0.31072988414894204,0.19308425672352314,0.3602416776895944,17.506249999999998,3356.2319444444443,2011.3767361111113,1.523550691279623,0.2751554781758376,0.9899256160669304,-0.523550691279623,11521.635416666666,7013.96875,0.018973830179546347,0.7688719928264618,0.7620569616556168,-10.380589410662651,-0.05193876475095749,0.945986807346344,-0.4096743166446686
294,-3298.860748634435,-11560.760416666666,-14859.621165301103,0.31085234939846806,0.19434879065859909,0.3546188822751322,17.930208333333333,3428.56875,2039.5093750000003,1.5403752026552537,0.2716914967234289,0.9602542322077233,-0.540375202655254,11560.760416666666,7015.197916666667,0.014684611772694645,0.7660269737243652,0.8053061068058014,-10.963601604104042,-0.6092143058776855,0.9501587748527527,0.15753310918807983
295,-3296.0636052970513,-11058.958333333334,-14355.02193863038,0.31122135633163683,0.1953921033936139,0.3695679012345679,18.215277777777775,3386.0010416666664,2058.017013888889,1.5151217220846303,0.25585862624330225,1.0220419981235167,-0.5151217220846304,11058.958333333334,6839.458333333333,-0.003039854383472207,0.7213039994239807,0.7836439162492752,-11.001094549894333,-0.662418782711029,0.9441300630569458,0.19105613231658936
296,-3295.2558566569683,-10895.041666666666,-14190.297523323641,0.31039363813715637,0.19323506515421388,0.3741832010582011,18.372569444444448,3390.5170138888884,2068.267013888889,1.514844733054506,0.25344644400293714,1.0357912932923368,-0.5148447330545062,10895.041666666666,6844.854166666667,-0.0060990215784801904,0.6951158493757248,0.7903729975223541,-11.340200632810593,-0.0650918036699295,0.9429572224617004,-0.381443589925766
297,-3298.106969881002,-10708.395833333334,-14006.502803214333,0.31122667777289736,0.19617353672058221,0.3675925925925925,17.869791666666668,3242.365625,2052.2829861111113,1.4580074895942705,0.2496598417143779,1.1343150958829311,-0.4580074895942709,10708.395833333334,6918.552083333333,0.0011210578711944308,0.6514380425214767,0.7143789082765579,-11.34179012477398,-0.608741283416748,0.9509302973747253,0.14458777010440826
298,-3298.952082546362,-10724.291666666666,-14023.243749213034,0.3135794223574046,0.20024125409448365,0.3691024581128748,17.82986111111111,3203.9972222222223,2027.1979166666667,1.4574987963065118,0.24933857186697528,1.164418925474707,-0.4574987963065121,10724.291666666666,6919.427083333333,0.003646414605265491,0.6568393409252167,0.8295779377222061,-11.228388130664825,-0.7847661375999451,0.9461184144020081,0.31031250953674316
299,-3298.0231752630934,-10261.322916666666,-13559.346091929765,0.30873953405855903,0.1896236118627712,0.37692956349206347,18.221180555555552,3172.1347222222225,2084.5635416666664,1.4154782741321543,0.22118004485257123,1.2033143528572467,-0.4154782741321541,10261.322916666666,6872.833333333333,-0.005263509855586435,0.5903755277395248,0.7351388484239578,-11.665110379457474,-0.07718020677566528,0.9488023519515991,-0.4034506380558014
300,-3297.2485499308464,-10074.833333333334,-13372.081883264182,0.3078600719372129,0.1867018357200626,0.38200837742504407,19.23472222222222,3300.078125,2160.34375,1.4387443205318988,0.24229402379774986,1.203523311162667,-0.4387443205318986,10074.833333333334,6764.041666666667,0.015916024417042582,0.5742041915655136,0.69403076171875,-12.38295504450798,-0.6241763830184937,0.9517160654067993,0.12301266938447952
301,-3296.2101954153204,-9978.197916666666,-13274.40811208199,0.30571017221414193,0.18300738565934202,0.38120535714285714,18.972916666666666,3229.592013888889,2127.6340277777776,1.4288980334349102,0.2307328271061766,1.2096783872571601,-0.4288980334349101,9978.197916666666,6714.354166666667,-0.003822777651349085,0.5707129538059235,0.75578872859478,-12.326016545295715,-0.8452258110046387,0.9478820562362671,0.3467458188533783
302,-3297.047469849476,-9983.375,-13280.422469849465,0.3032852859770665,0.17613195958903005,0.38760389109347443,19.200694444444444,3291.5763888888887,2133.626041666667,1.4488449684355456,0.23516749448601806,1.1469308419099862,-0.4488449684355456,9983.375,6650.104166666667,0.008747049895434955,0.5864490121603012,0.7806957513093948,-12.782848671078682,-0.1191851869225502,0.9436264038085938,-0.3894825875759125
303,-3296.93844169422,-9804.291666666666,-13101.230108360884,0.30130740216063184,0.17203316889774414,0.3854389880952381,18.754513888888887,3175.597916666667,2114.9149305555557,1.4104006904927597,0.21978162895759037,1.1973879716829898,-0.41040069049275973,9804.291666666666,6664.0,-0.002547494595578792,0.5566615909337997,0.6416827589273453,-12.860364362597466,-0.792485237121582,0.9507977366447449,0.28634053468704224
304,-3297.3366488379393,-9879.260416666666,-13176.597065504599,0.3041293658500601,0.1780121830282345,0.3825578703703704,19.175347222222225,3263.285416666667,2155.090625,1.4305662624797961,0.23939230423610391,1.1448188064148936,-0.43056626247979596,9879.260416666666,6721.885416666667,-0.00033730013604915676,0.5520335286855698,0.6176668852567673,-12.784323081374168,-0.7284083366394043,0.955262303352356,0.22915537655353546
305,-3300.113342778368,-9955.8125,-13255.925842778364,0.30418392765294383,0.17852749654169506,0.37994957010582003,18.972569444444446,3220.586805555555,2116.8243055555554,1.430300840146501,0.22626851824605368,1.1429498513399297,-0.4303008401465009,9955.8125,6688.322916666667,-0.003516286228797405,0.5710892975330353,0.7545747607946396,-12.49761089682579,-0.15399861335754395,0.9472386240959167,-0.3434002101421356
306,-3298.4100292716994,-10176.864583333334,-13475.274612605033,0.30426163550397256,0.17818276050052695,0.38485725308641977,19.428819444444443,3400.3656250000004,2151.382291666667,1.4896852022150844,0.24055352562435864,1.0687729215087431,-0.48968520221508466,10176.864583333334,6660.552083333333,0.0007196173350846463,0.613335907459259,0.6265974044799805,-12.715369388461113,-0.7500765919685364,0.9519492983818054,0.24542342126369476
307,-3296.4749843006357,-9733.645833333334,-13030.120817633964,0.3051394728744574,0.1812601202594427,0.3805508708112875,19.385069444444444,3212.519444444444,2163.152777777778,1.4123487423273027,0.221097268065676,1.2159537460403451,-0.4123487423273026,9733.645833333334,6693.822916666667,0.00108040391227604,0.5326437056064606,0.6864243000745773,-12.870184421539307,-0.7827298045158386,0.9532328844070435,0.2685738503932953
308,-3297.1386666043313,-10248.15625,-13545.294916604335,0.30554327792112096,0.18142511688751659,0.379543926366843,19.398263888888888,3399.8541666666665,2170.5069444444443,1.4762475360439753,0.2460487384323533,1.0019782935415582,-0.47624753604397535,10248.15625,6690.09375,-0.004714180265007695,0.6189483553171158,0.7688036113977432,-12.660521224141121,-0.15912313759326935,0.9473718404769897,-0.32939791679382324
309,-3297.64802878859,-10573.291666666666,-13870.939695455256,0.30535021735765727,0.18265631058198373,0.3765310846560847,19.8875,3585.784722222222,2205.6802083333337,1.5263200856322834,0.2637160435731983,0.9617039506771782,-0.5263200856322833,10573.291666666666,6744.260416666667,-0.0037986503242550818,0.661005049943924,0.5995370745658875,-12.729196846485138,-0.6757338643074036,0.9622207880020142,0.20794330537319183
310,-3296.99967793498,-10547.864583333334,-13844.864261268318,0.3048724988703512,0.18042957336001564,0.3809959215167549,19.927083333333332,3582.379166666667,2207.676041666667,1.5299624158354614,0.27080192636246914,0.9235414165158368,-0.5299624158354613,10547.864583333334,6680.708333333333,0.007849508685393802,0.6691700369119644,0.6304596662521362,-12.483315601944923,-0.6694930791854858,0.9554440379142761,0.18013519048690796
311,-3297.860429140579,-10914.239583333334,-14212.100012473915,0.31041297824236963,0.19149267644226917,0.38109733245149907,19.545833333333334,3642.642708333333,2184.515625,1.5616095748600014,0.27162409534856397,0.8775382823516508,-0.5616095748600013,10914.239583333334,6712.1875,-0.0029378291066604056,0.7294998466968536,0.6840736716985703,-12.933904841542244,-0.26224514842033386,0.9513581395149231,-0.21558310091495514
312,-3295.380288533039,-11021.322916666666,-14316.703205199707,0.30860875396728504,0.1875930059072238,0.3822428902116402,19.535069444444446,3707.4545138888884,2177.5722222222225,1.5902643775331466,0.2795062835767768,0.8599156525689621,-0.5902643775331465,11021.322916666666,6679.197916666667,-0.002693661810204695,0.7531600594520569,0.6753567904233932,-12.751033648848534,-0.5693472027778625,0.9537390470504761,0.0846487283706665
313,-3298.4596597985424,-11177.916666666666,-14476.376326465208,0.3101047097525645,0.19264595238200855,0.38183614417989425,19.607986111111114,3790.586111111111,2190.2034722222224,1.6121669322290726,0.2881845072860364,0.7750849081260167,-0.6121669322290724,11177.916666666666,6701.78125,-0.001047375495545566,0.7860315591096878,0.691678449511528,-12.509340614080429,-0.8008354306221008,0.9557236433029175,0.3325411081314087
314,-3297.9265104521596,-10963.0625,-14260.989010452153,0.31240614439304065,0.19855822165845893,0.3884650573192239,18.901041666666668,3609.4038194444443,2137.2024305555556,1.5659340809936015,0.2760737888777894,0.9071153870538623,-0.5659340809936015,10963.0625,6695.770833333333,0.005226328258750801,0.7612497210502625,0.6706442832946777,-12.23199138045311,-0.10014770925045013,0.9543256163597107,-0.3629677891731262
315,-3296.0384361950705,-11169.958333333334,-14465.996769528407,0.3080329029594373,0.18640447644348668,0.38551614858906524,19.545833333333334,3770.3534722222225,2169.8538194444445,1.6217942264980714,0.2833808434776049,0.8473813577891213,-0.6217942264980713,11169.958333333334,6633.229166666667,0.05742657834645171,0.7983234822750092,0.7111226916313171,-13.230568170547485,-0.6674954891204834,0.9507390260696411,0.19486793875694275
316,-3296.51715928184,-11121.479166666666,-14417.996325948508,0.3043352294757968,0.17692402706517085,0.3927876984126984,19.476041666666664,3787.1847222222223,2155.952777777778,1.6357533022405726,0.28151664181905706,0.867647412257301,-0.6357533022405728,11121.479166666666,6544.354166666667,-0.0037102053204147722,0.8118313997983932,0.6650660336017609,-13.498567298054695,-0.7981133460998535,0.9549263119697571,0.3081792891025543
317,-3297.1130137686073,-11338.677083333334,-14635.790097101943,0.30395222665394467,0.17708336155111382,0.3923010361552028,18.992708333333336,3756.498958333333,2130.8895833333336,1.6361001336224767,0.2959753463652048,0.8332711968981154,-0.6361001336224769,11338.677083333334,6616.479166666667,0.0045551829195269455,0.831140398979187,0.7914959341287613,-12.838156819343567,-0.08013346791267395,0.9437517523765564,-0.41209158301353455
318,-3294.1837834491253,-10979.6875,-14273.871283449114,0.30514897248331146,0.17987958187586628,0.3965680114638448,18.82986111111111,3620.3131944444444,2111.8777777777777,1.5913431189992684,0.27259656953817807,0.9023524018319682,-0.5913431189992683,10979.6875,6579.9375,0.036301781108245404,0.7787056118249893,0.7257004827260971,-13.926964327692986,-0.6751769781112671,0.9544606804847717,0.18637998402118683
319,-3297.929146759155,-10992.635416666666,-14290.564563425818,0.30393798790557164,0.17393190519619062,0.40520006613756615,18.712847222222223,3662.672569444445,2142.4315972222225,1.5860594247520883,0.2833059828595644,0.884969923166356,-0.5860594247520884,10992.635416666666,6603.302083333333,0.0014058561123100333,0.7810212224721909,0.5858016908168793,-14.116119474172592,-0.6686977744102478,0.9584671854972839,0.1663341373205185
320,-3299.214742764391,-10486.927083333334,-13786.141826097724,0.3045622777497225,0.17640107835743238,0.4036844135802469,18.804166666666667,3500.605902777778,2125.277777777778,1.5380063267530326,0.27104906974100257,0.9678841784891059,-0.5380063267530325,10486.927083333334,6547.895833333333,-0.0030622708607070948,0.7014331370592117,0.638969212770462,-13.916061848402023,-0.14891394972801208,0.9534238576889038,-0.357543021440506
321,-3297.286921858909,-10592.458333333334,-13889.74525519224,0.3037589042691315,0.17590265022752447,0.4053797398589065,18.454513888888886,3482.457986111111,2102.691666666666,1.5438846658891245,0.27525720370996515,0.9278729597635073,-0.5438846658891247,10592.458333333334,6541.166666666667,-0.005816298896785366,0.7234010398387909,0.6892364472150803,-14.144257739186287,-0.658998966217041,0.9529547691345215,0.14724421501159668
322,-3296.104702409128,-10826.916666666666,-14123.021369075783,0.3021522047932777,0.1724840140798026,0.4050454695767196,18.5,3585.211805555556,2108.1041666666665,1.579721345784396,0.2811433774418708,0.9059474918380283,-0.5797213457843959,10826.916666666666,6552.072916666667,-0.0038950329277822604,0.766349658370018,0.6656492799520493,-14.148037895560265,-0.7590519189834595,0.955572247505188,0.27484986186027527
323,-3297.4288831091276,-10691.34375,-13988.77263310913,0.3023287848211515,0.1731968212746627,0.4062739748677249,18.76388888888889,3582.7055555555557,2129.6270833333333,1.574723079064204,0.28368534777350424,0.9382583641742722,-0.5747230790642041,10691.34375,6520.791666666667,0.005926009111172803,0.7412271350622177,0.6706094890832901,-13.833802431821823,-0.0573057159781456,0.9528421759605408,-0.44600561261177063
324,-3297.466001094094,-10353.96875,-13651.434751094099,0.29771416713543686,0.1639611888741557,0.40749007936507936,18.933680555555558,3488.6062500000003,2133.567361111111,1.5293314283526638,0.2679488820435363,0.9760365832880223,-0.5293314283526637,10353.96875,6496.1875,0.03004246222024598,0.6916584819555283,0.5907056331634521,-15.044549852609634,-0.6982284188270569,0.9613525867462158,0.17173315584659576
325,-3298.225135971021,-10041.197916666666,-13339.423052637685,0.29642550727655265,0.15713030193526517,0.413010085978836,18.59513888888889,3329.066666666667,2121.7951388888887,1.4759993224667376,0.2591004865755832,1.0522349789846288,-0.4759993224667376,10041.197916666666,6486.020833333333,-6.465239784292365e-05,0.6423313021659851,0.7091363370418549,-15.216547727584839,-0.8191810250282288,0.9503182768821716,0.26497000455856323
326,-3297.3030157808876,-9909.916666666666,-13207.219682447554,0.2948824668846299,0.15414084083992444,0.4131748787477954,18.56076388888889,3308.0281250000003,2117.7927083333334,1.4680929285045323,0.248174893280617,1.0868393586205585,-0.46809292850453227,9909.916666666666,6494.354166666667,-0.00475933245086857,0.6173442006111145,0.7006857246160507,-15.400755405426025,-0.16018471121788025,0.9497925639152527,-0.3765437602996826
327,-3296.5473487884833,-9780.885416666666,-13077.43276545515,0.29819941104681463,0.16102234755655645,0.41171544312169317,18.65798611111111,3272.363888888889,2136.9350694444443,1.4427950608822322,0.24368486493897437,1.1174446988867608,-0.442795060882232,9780.885416666666,6518.197916666667,0.0012399175729380651,0.5892000198364258,0.6896647661924362,-15.43379433453083,-0.6660001277923584,0.9568430781364441,0.1277851015329361
328,-3297.7364704983643,-9741.270833333334,-13039.007303831699,0.298137071636849,0.15967924233862305,0.4147373787477954,18.573958333333334,3268.676736111111,2122.765277777778,1.4523674794559132,0.24390144488437324,1.1600375796253741,-0.452367479455913,9741.270833333334,6469.96875,-0.0009159754523406782,0.5926873981952667,0.5634370446205139,-15.698962092399597,-0.7168517708778381,0.9620825052261353,0.18645358085632324
329,-3297.59827833748,-9571.510416666666,-12869.108695004148,0.29795181988267455,0.15943518732496562,0.4172889109347442,18.597569444444446,3211.027083333333,2116.570486111111,1.4299753834424873,0.24127431803358854,1.1705671536505176,-0.42997538344248715,9571.510416666666,6443.052083333333,0.0037606890099315393,0.5730984658002853,0.7116873264312744,-15.942799746990204,-0.160268634557724,0.947932243347168,-0.38122129440307617
330,-3299.4316838927934,-9386.916666666666,-12686.348350559461,0.2962375225122504,0.15501757567593208,0.41725308641975306,18.491666666666667,3140.3645833333335,2099.2791666666667,1.4079269708824305,0.21831829465796493,1.2604384928453574,-0.4079269708824305,9386.916666666666,6424.666666666667,0.005692052634931333,0.5451993048191071,0.598422184586525,-15.804227396845818,-0.6657025814056396,0.9590543508529663,0.12428119778633118
331,-3298.2469221348106,-9255.072916666666,-12553.319838801472,0.2949087790851318,0.15318259108688734,0.4186706349206349,18.554861111111112,3108.6,2103.104513888889,1.3893566866073872,0.2087267650628275,1.2784930458681292,-0.3893566866073875,9255.072916666666,6426.291666666667,-0.004133986462921513,0.5250565856695175,0.6252856701612473,-16.14350400865078,-0.7838616967201233,0.9569769501686096,0.2586679458618164
332,-3298.2211470893794,-9251.333333333334,-12549.554480422712,0.2960817031953579,0.15621312752045924,0.416914131393298,18.619791666666668,3091.9121527777775,2120.273263888889,1.3792496106592063,0.21164959641989822,1.323253435227394,-0.379249610659206,9251.333333333334,6456.302083333333,-0.0016986306480690772,0.5101661384105682,0.6541443914175034,-15.988407626748085,-0.0915241613984108,0.9530673027038574,-0.463718980550766
333,-3297.674939143759,-9143.96875,-12441.64368914375,0.29552179123945715,0.1566541692526597,0.4162340167548501,18.568055555555556,3044.532986111111,2121.556597222222,1.3571853571531438,0.2166667226990302,1.3035532181271379,-0.3571853571531438,9143.96875,6479.020833333333,-0.000622247297680123,0.48738714307546616,0.6271951794624329,-15.57159373164177,-0.7130497097969055,0.9589089155197144,0.15001915395259857
334,-3297.573059855514,-9068.947916666666,-12366.520976522183,0.29555685814123234,0.15608624049572326,0.4159184854497355,18.511458333333334,3028.232291666667,2107.506944444445,1.3588589087449208,0.19792179977941216,1.3756946463599682,-0.3588589087449206,9068.947916666666,6440.822916666667,-0.0032753097963509337,0.4836845323443413,0.6702540218830109,-15.719012469053268,-0.8205822110176086,0.9524378180503845,0.2810991704463959
335,-3298.505961445711,-9124.739583333334,-12423.24554477904,0.29563752898875156,0.15790459675028817,0.41700589726631393,18.26875,3008.359722222222,2094.480555555556,1.356644133660123,0.21193302059883515,1.4060091251572775,-0.356644133660123,9124.739583333334,6455.40625,-0.0060436694983940775,0.491912417113781,0.7163368463516235,-15.858445465564728,-0.23808270692825317,0.9486729502677917,-0.29955509305000305
336,-3296.8752027357273,-8851.885416666666,-12148.760619402396,0.29676222563547733,0.15840508679442186,0.41467620149911816,18.419791666666665,2941.897569444444,2102.0656249999997,1.324225624466792,0.19556059073188278,1.507723730294001,-0.32422562446679204,8851.885416666666,6459.916666666667,0.011812804565492163,0.44166991114616394,0.5827263593673706,-15.54777678847313,-0.7348064184188843,0.9613388180732727,0.1904899924993515
337,-3296.6828611644473,-8613.229166666666,-11909.912027831111,0.29687773555733993,0.15825109794726205,0.41830246913580243,18.365624999999998,2848.821875,2100.2097222222224,1.2964871384880634,0.1906735176417266,1.5368758696766909,-0.2964871384880633,8613.229166666666,6450.75,-0.0001804401917335774,0.39862827211618423,0.6720149368047714,-15.896448731422424,-0.8008744120597839,0.9525782465934753,0.23836278915405273
338,-3296.751896102365,-8651.90625,-11948.658146102367,0.29938871019778956,0.16424403415456054,0.4189715608465609,18.398611111111112,2864.714236111111,2094.3368055555557,1.2960462454407906,0.1859915254466388,1.4675958532524305,-0.29604624544079056,8651.90625,6428.375,-0.0026687527129207744,0.4157751128077507,0.6958000212907791,-15.742891550064087,-0.1719607412815094,0.9459750652313232,-0.37892889976501465
339,-3296.583892609827,-8884.0625,-12180.646392609828,0.29671850627771396,0.15940767950168164,0.4162643298059965,18.23923611111111,2916.260763888889,2090.2124999999996,1.3200447384759373,0.20098893780939134,1.3900974404016608,-0.3200447384759373,8884.0625,6486.28125,-0.005769360204923579,0.44324614107608795,0.6470580101013184,-15.289337113499641,-0.65746009349823,0.9536282420158386,0.11508460342884064
340,-3295.6133876078966,-8976.0625,-12271.675887607895,0.2997843547007068,0.16517308770400835,0.41512648809523806,18.360069444444445,2981.8625000000006,2102.488541666667,1.340668867316538,0.20768231819389293,1.3797849354451293,-0.3406688673165379,8976.0625,6468.791666666667,0.005097090999238343,0.47053617238998413,0.5781968981027603,-15.691160500049591,-0.821528434753418,0.9601166248321533,0.2881578505039215
341,-3296.634556154424,-9121.895833333334,-12418.530389487752,0.29661612128027026,0.15858621859741914,0.41642168209876546,18.352083333333333,3038.207291666667,2101.5378472222224,1.353984152747706,0.21029154301520905,1.3445823287142513,-0.35398415274770617,9121.895833333334,6485.416666666667,-0.001673170361277343,0.4972241520881653,0.6776928901672363,-15.274055168032646,-0.17942698299884796,0.9505733251571655,-0.3320547044277191
342,-3297.2885576604385,-9005.635416666666,-12302.923974327103,0.2981358628771229,0.15977415956311034,0.4176151895943563,18.420486111111114,3007.729513888889,2111.9500000000003,1.3416765519680336,0.21603636593026743,1.453852456798261,-0.3416765519680336,9005.635416666666,6478.364583333333,-0.0020430449001267448,0.4784419983625412,0.7103044986724854,-15.696346178650856,-0.7304533123970032,0.9522240161895752,0.19601032137870789
343,-3298.6903257618555,-9322.302083333334,-12620.992409095184,0.298813924029991,0.16178123656087942,0.42016892636684305,17.969444444444445,3069.5520833333335,2068.0729166666665,1.386025260095625,0.2215990266063775,1.3744948703236621,-0.3860252600956251,9322.302083333334,6443.822916666667,-0.003403708703270336,0.545717403292656,0.5843754261732101,-15.428329482674599,-0.7040933966636658,0.9591561555862427,0.20276787877082825
344,-3298.0091967578924,-9370.166666666666,-12668.175863424562,0.2966811079097243,0.15815396318713384,0.41955054012345677,18.494444444444444,3162.969097222222,2119.2361111111113,1.39815089840607,0.23389155097059275,1.314402652241257,-0.3981508984060702,9370.166666666666,6455.916666666667,0.0045001863265607955,0.5476369112730026,0.6461205780506134,-15.888668805360794,-0.07009827345609665,0.9549511075019836,-0.45114782452583313
345,-3296.6701079658196,-9364.364583333334,-12661.034691299154,0.2961035613399539,0.15707867473409148,0.41606426366843036,18.00347222222222,3069.4166666666665,2065.009375,1.3886298801435772,0.23974146466237978,1.364646959509993,-0.3886298801435772,9364.364583333334,6488.145833333333,0.040989129277266056,0.5409311801195145,0.5785046964883804,-14.916635677218437,-0.7234788537025452,0.9588863253593445,0.20581667125225067
346,-3296.7995888072674,-9276.635416666666,-12573.435005473933,0.29433110812626506,0.15445892292094263,0.4145816798941799,18.17361111111111,3046.8614583333333,2085.9038194444443,1.3676766979594965,0.22588245912058968,1.4390499995467394,-0.36767669795949637,9276.635416666666,6494.854166666667,0.005667910108582586,0.5213866680860519,0.5926377922296524,-15.343889385461807,-0.8077457547187805,0.9612366557121277,0.294880747795105
347,-3298.6868199457035,-9082.416666666666,-12381.103486612372,0.2956758149056133,0.15812760575095633,0.4160816247795414,18.24826388888889,3004.4559027777777,2094.609722222222,1.3454488649368492,0.21698468684042863,1.4558104536660004,-0.34544886493684884,9082.416666666666,6483.3125,0.018725308860096934,0.4945531412959099,0.6759503185749054,-14.735798180103302,-0.21701008081436157,0.9532405734062195,-0.30359822511672974
348,-3296.1433160824004,-9444.208333333334,-12740.351649415732,0.29520405528717614,0.1555807965083255,0.4140018738977072,18.334027777777777,3127.607291666667,2091.2996527777777,1.3927939779925975,0.23265370037937638,1.3070377361460217,-0.3927939779925977,9444.208333333334,6512.635416666667,-0.003243171602000494,0.5489050894975662,0.6566000729799271,-14.701855480670929,-0.7457556128501892,0.9583052396774292,0.24712514877319336
349,-3295.8625302228215,-9265.5625,-12561.425030222827,0.29487459191193893,0.1572978698451253,0.4128345458553792,18.056250000000002,3034.910416666667,2073.75625,1.3670270322388085,0.2188084449726642,1.3748412471347449,-0.36702703223880856,9265.5625,6510.125,0.0023892945151384737,0.5217834413051605,0.6274393200874329,-14.587954595685005,-0.6837102770805359,0.9561949968338013,0.17747098207473755
350,-3299.149816121746,-9394.302083333334,-12693.45189945508,0.2978303891120213,0.16509481854963168,0.4151209766313933,17.744097222222223,3020.741666666667,2058.460416666667,1.3639119874590822,0.21764170767503976,1.399541750093869,-0.36391198745908193,9394.302083333334,6553.572916666667,-0.0017585620860138818,0.531919077038765,0.695722222328186,-14.869690015912056,-0.14501988887786865,0.9525117874145508,-0.36798179149627686
351,-3296.700775670899,-9337.03125,-12633.732025670897,0.29651482569294424,0.16262790297494373,0.41817956349206353,18.086805555555557,3077.4479166666665,2068.498263888889,1.389286341558501,0.2344188169507805,1.3962933995465274,-0.3892863415585013,9337.03125,6456.916666666667,0.0076361506394415635,0.5368112027645111,0.5679265558719635,-14.211206078529358,-0.7496904134750366,0.9619487524032593,0.24174503982067108
352,-3297.4672369275395,-9439.947916666666,-12737.415153594213,0.2990161949408519,0.16711587568392539,0.4151534942680776,17.420833333333334,3014.0274305555554,2039.320138888889,1.3706317622374542,0.2247758149522623,1.470447898928053,-0.37063176223745414,9439.947916666666,6559.229166666667,-0.0017744138426908362,0.5477065145969391,0.6228320896625519,-14.311784148216248,-0.770054280757904,0.9573524594306946,0.28308501839637756
353,-3296.0475442762768,-9240.375,-12536.42254427627,0.3017850548018464,0.17358056207336228,0.4144477513227513,17.39375,2928.3722222222223,2021.1944444444446,1.3424349135127611,0.2072767059427766,1.5562464621120562,-0.3424349135127612,9240.375,6546.010416666667,-0.003404154359348932,0.5228423774242401,0.580884575843811,-14.124960109591484,-0.15790784358978271,0.9576480984687805,-0.3362850546836853
354,-3296.8133605414805,-9702.208333333334,-12999.02169387482,0.3010470807265604,0.17228787846074234,0.41754712301587293,17.31284722222222,3084.518055555555,2013.6621527777777,1.4062813814852417,0.23072891779267538,1.3873720906812688,-0.40628138148524195,9702.208333333334,6505.3125,-0.0006057659897252821,0.61192686855793,0.5922338515520096,-14.329254388809204,-0.6221329569816589,0.9632395505905151,0.1525341123342514
355,-3298.1961932367963,-10085.9375,-13384.13369323679,0.302224466033911,0.1753939785153812,0.41512951940035264,17.328125,3190.5812499999997,2011.8524305555554,1.452834801952063,0.25423711065707155,1.2125870608359401,-0.452834801952063,10085.9375,6569.291666666667,0.0025805892320491797,0.6619448214769363,0.5190028548240662,-13.844142749905586,-0.6336193084716797,0.9632831811904907,0.1546444147825241
356,-3299.5267276543636,-9776.239583333334,-13075.766310987698,0.3027762347945971,0.17706473342615126,0.4178968253968254,17.54652777777778,3117.6975694444445,2035.2322916666665,1.4062445816377522,0.21955833091940968,1.2823495483251837,-0.4062445816377522,9776.239583333334,6542.489583333333,-0.003881114834891397,0.6074058413505554,0.6526332348585129,-14.340301722288132,-0.033277835696935654,0.9558879733085632,-0.47152087092399597
357,-3297.858225453803,-9832.072916666666,-13129.931142120462,0.3040873555965217,0.18069721978422928,0.42175374779541447,17.66701388888889,3194.945833333333,2037.288888888889,1.4418769390527544,0.2391294868271523,1.2450410221533286,-0.4418769390527546,9832.072916666666,6462.520833333333,-0.0016727321503409165,0.6348944008350372,0.5524557530879974,-14.44326713681221,-0.763515293598175,0.9633902311325073,0.2825365364551544
358,-3297.4841174199446,-9836.75,-13134.234117419941,0.303760867856069,0.17971408415016613,0.4206068121693121,17.239930555555556,3129.4562499999997,2010.2281250000003,1.4348310418026606,0.24747540102147755,1.2088337198971022,-0.43483104180266063,9836.75,6493.71875,-0.0010729581241100128,0.628280371427536,0.550652377307415,-14.466758459806442,-0.6832501888275146,0.9618405699729919,0.1931924670934677
359,-3295.844237082714,-9629.052083333334,-12924.896320416052,0.3029618214623033,0.17658258887402348,0.427824074074074,18.02013888888889,3225.2850694444446,2082.195833333333,1.4358301085063594,0.24334860724670823,1.2159107399394353,-0.43583010850635917,9629.052083333334,6414.114583333333,-0.0008275834384910974,0.6113535314798355,0.5649630427360535,-14.884249538183212,-0.09880010038614273,0.9598023295402527,-0.39072954654693604
360,-3296.1653147540055,-9481.552083333334,-12777.717398087332,0.30109067177943466,0.17423723683006956,0.4232853835978836,17.94861111111111,3149.115972222222,2067.654861111111,1.4133886169633412,0.2315026127487676,1.246734177777723,-0.41338861696334117,9481.552083333334,6427.09375,0.002871650493365019,0.5811295658349991,0.5715479478240013,-15.025589421391487,-0.5787206888198853,0.9654697775840759,0.09577018767595291
361,-3299.188708490803,-9639.645833333334,-12938.834541824142,0.30069000445862853,0.17180318302457132,0.424692184744268,18.0,3216.853125,2073.6121527777777,1.4370038987370428,0.23591785553718,1.2139630518949065,-0.43700389873704265,9639.645833333334,6420.302083333333,-0.008961796032669334,0.613478422164917,0.5421335399150848,-15.01666721701622,-0.6599087119102478,0.9620908498764038,0.1733781397342682
362,-3298.440940777938,-9624.979166666666,-12923.420107444601,0.30158815619538676,0.17308838621667952,0.428219246031746,17.88576388888889,3207.4777777777776,2058.7993055555557,1.441889865357788,0.2330483744933832,1.2108933510944413,-0.44188986535778824,9624.979166666666,6372.604166666667,0.002793390170384047,0.6240818649530411,0.5829151272773743,-14.906584292650223,-0.14894001185894012,0.9557796716690063,-0.3428865969181061
363,-3297.3937899107973,-9719.697916666666,-13017.091706577465,0.2992257707151626,0.1701696153759258,0.42649112654320986,18.03576388888889,3249.390625,2081.2552083333335,1.4463056367358902,0.23291313940790248,1.1742742177414067,-0.4463056367358904,9719.697916666666,6414.114583333333,-0.0014785785940029106,0.6312259435653687,0.5510523319244385,-15.105399563908577,-0.5987817645072937,0.9637342691421509,0.1076478362083435
364,-3296.4360339628624,-9852.020833333334,-13148.456867296196,0.299941562114223,0.17105541851035214,0.4302802579365079,17.936458333333334,3289.7201388888884,2080.35,1.464803918304933,0.23928895802863762,1.1367867601153487,-0.4648039183049329,9852.020833333334,6416.03125,-0.00453389493626255,0.6545725911855698,0.598057821393013,-15.070559352636337,-0.7306936383247375,0.9586539268493652,0.24848945438861847
365,-3297.1500570305125,-10034.260416666666,-13331.410473697184,0.30286619497302286,0.17692608813296018,0.4251774691358025,17.945138888888888,3360.879166666667,2075.2753472222225,1.4931113101949893,0.24550493185033026,1.1192382675677504,-0.4931113101949891,10034.260416666666,6427.385416666667,-0.0039322002537458545,0.6822050362825394,0.590199202299118,-15.17097045481205,-0.14869454503059387,0.959789514541626,-0.3261358439922333
366,-3297.9536690805126,-10180.229166666666,-13478.182835747182,0.30200816049449114,0.1760770640297172,0.4253474977954144,17.808680555555554,3367.598611111111,2073.3222222222225,1.494451679717433,0.2589903909832573,1.051919296328195,-0.4944516797174329,10180.229166666666,6443.770833333333,-0.0017908142748490619,0.7128550261259079,0.5687026232481003,-15.091482236981392,-0.7337859869003296,0.9579302072525024,0.2657414376735687
367,-3297.585509665694,-10224.333333333334,-13521.918842999026,0.3044512959195989,0.18149911503860494,0.4284245480599647,17.98645833333333,3442.523958333333,2077.2121527777776,1.5238091447525832,0.26777227830397204,1.1036037423495475,-0.5238091447525829,10224.333333333334,6397.40625,-0.006226842944284439,0.7321785688400269,0.5936236679553986,-15.301116570830345,-0.7773669958114624,0.9605588912963867,0.31262391805648804
368,-3298.740496589961,-9975.916666666666,-13274.657163256625,0.30481213725251866,0.18141402688828143,0.4313403880070547,18.1875,3416.348611111111,2093.0437500000003,1.5033235330338395,0.25872669909129964,1.18799560202613,-0.5033235330338396,9975.916666666666,6359.479166666667,-0.0018623996384299346,0.706405833363533,0.5904594212770462,-15.616868183016777,-0.15057319402694702,0.962881326675415,-0.31159403920173645
369,-3297.6545653126327,-10600.885416666666,-13898.539981979307,0.3007860237014523,0.17415930925845816,0.43277860449735445,17.85659722222222,3579.1003472222224,2066.452083333333,1.5722412887970947,0.2712551625365282,1.0606565783488129,-0.5722412887970946,10600.885416666666,6376.979166666667,-0.005614909296384973,0.8171256482601166,0.5090013220906258,-15.320246368646622,-0.7215850353240967,0.9637542963027954,0.273408979177475
370,-3296.5907996508936,-11034.489583333334,-14331.080382984228,0.30382404700550564,0.18188684303054792,0.4311485890652557,17.796180555555555,3710.359722222222,2065.085416666667,1.626910110198243,0.30029090829149957,0.908648577384154,-0.6269101101982429,11034.489583333334,6394.270833333333,-0.004359752794808713,0.8923239856958389,0.5417880192399025,-15.377997174859047,-0.7538870573043823,0.964568018913269,0.3149687349796295
371,-3297.3542431658498,-11240.677083333334,-14538.031326499184,0.30234414175407337,0.17803874162685437,0.4291471009700176,18.083333333333332,3841.055555555556,2079.734722222222,1.672521533554811,0.29924216112514707,0.8471933112618837,-0.672521533554811,11240.677083333334,6364.0625,-0.007050046456196668,0.9304707050323486,0.5593139454722404,-15.388982504606247,-0.06166354566812515,0.9582111239433289,-0.3711945414543152
372,-3297.398584182913,-11211.145833333334,-14508.544417516248,0.3025661893099684,0.17907462959576356,0.4317038690476191,17.895833333333332,3799.7604166666665,2081.373958333333,1.6556555048750081,0.3060415344185899,0.8614626799563515,-0.6556555048750083,11211.145833333334,6390.104166666667,-0.0032032354184511336,0.9264594465494156,0.5085684508085251,-15.69326651096344,-0.5548161864280701,0.9656661152839661,0.11209659278392792
373,-3295.8405606327688,-11556.833333333334,-14852.673893966099,0.30178375478984193,0.17630864827919543,0.4309780092592592,18.06423611111111,3957.46875,2081.0128472222223,1.7140853233396356,0.3202142003519901,0.7979369274188706,-0.7140853233396355,11556.833333333334,6363.197916666667,-0.004133177380256647,0.994298130273819,0.5571891367435455,-15.480333626270294,-0.6913301944732666,0.9628640413284302,0.2535794675350189
374,-3297.2790266291026,-11661.65625,-14958.935276629107,0.3032225334146759,0.17984066322969738,0.4327755731922398,17.859375,3952.1906249999997,2060.1552083333336,1.7335722375339504,0.3322599078863684,0.7533961292550856,-0.7335722375339504,11661.65625,6338.21875,-0.0010486281048589507,1.0130491256713867,0.5970562547445297,-15.297656670212746,-0.18675974011421204,0.9511804580688477,-0.25856778025627136
375,-3298.394308128685,-12095.34375,-15393.738058128687,0.3032786771314677,0.17944894668956599,0.43172729276895944,18.06736111111111,4123.983333333334,2087.4479166666665,1.7844047724183543,0.3413199951191066,0.7148262464865353,-0.7844047724183542,12095.34375,6380.041666666667,-0.00389211699149028,1.0783790946006775,0.5718827247619629,-15.147572815418243,-0.44590064883232117,0.96111661195755,0.0053353942930698395
376,-3299.1335205768087,-11526.291666666666,-14825.425187243474,0.30530434621559266,0.18417620037992796,0.432512676366843,17.591666666666665,3834.0802083333333,2045.165277777778,1.686792893934264,0.32585913892891827,0.7199634315960234,-0.6867928939342641,11526.291666666666,6381.3125,0.001454565245097396,0.9837294518947601,0.877136304974556,-15.414047792553902,-0.6316644549369812,0.9488433003425598,0.19970756769180298
377,-3296.8546425732707,-12039.96875,-15336.823392573273,0.3035508929768001,0.18067073209790074,0.43440007716049384,17.850347222222222,4052.85,2064.863888888889,1.7693653772372226,0.3478826036685699,0.6348584633475519,-0.7693653772372228,12039.96875,6349.322916666667,-0.0028161047966657193,1.0799546539783478,0.7606382220983505,-15.419450715184212,-0.4437541663646698,0.9417375922203064,-0.005496173165738583
378,-3296.2837352968204,-12106.708333333334,-15402.99206863015,0.3020075524461387,0.17769820952121843,0.4328025793650793,17.804166666666667,4061.348611111111,2061.2819444444444,1.7793369672471486,0.3434681595029819,0.5934828009282844,-0.7793369672471487,12106.708333333334,6367.177083333333,0.0010492713355239047,1.0769937336444855,0.7783169895410538,-15.37128135561943,-0.030689792707562447,0.9472137689590454,-0.4235163927078247
379,-3297.854529659901,-11854.614583333334,-15152.469112993227,0.301632669113655,0.17763291059398198,0.43540481701940026,17.803472222222222,4006.528819444444,2072.519097222222,1.7437800620107182,0.34060304475798536,0.6394979312793677,-0.7437800620107184,11854.614583333334,6379.21875,-0.001618377910808988,1.0358092486858368,0.8144701570272446,-15.736307591199875,-0.9804718494415283,0.9521389007568359,0.5342047214508057
380,-3298.1592663746233,-12052.9375,-15351.09676637462,0.3006240887091116,0.17664488270626558,0.43647321428571423,18.089583333333334,4159.993750000001,2095.061458333333,1.7937983401712378,0.3459021710604355,0.5638981058419503,-0.793798340171238,12052.9375,6343.479166666667,0.0027937298919740172,1.0837997496128082,0.6590440422296524,-15.993881896138191,-0.31325092911720276,0.9447876811027527,-0.12254096567630768
381,-3298.858730826103,-11958.114583333334,-15256.97331415944,0.3010202320178195,0.17777988597825037,0.43553516313932983,17.92361111111111,4087.262152777778,2076.051736111111,1.7815658538569252,0.3430565620837141,0.6158284142272739,-0.7815658538569253,11958.114583333334,6329.40625,7.684495821269621e-05,1.0700617730617523,0.6468188390135765,-15.558728456497192,-0.7799817323684692,0.9503724575042725,0.34264087677001953
382,-3297.7471832923297,-11820.666666666666,-15118.413849959006,0.3014934374772258,0.1775285342357367,0.4350385802469135,17.681597222222223,3970.1618055555555,2056.4628472222225,1.7497208675246458,0.3458976578243574,0.6412096245111537,-0.7497208675246458,11820.666666666666,6332.427083333333,-0.0007293338378739911,1.0360133945941925,0.6419030874967575,-15.932715818285942,-0.2549228072166443,0.9487836360931396,-0.1819831132888794
383,-3296.644805455118,-11578.197916666666,-14874.842722121779,0.29952717826012987,0.17516693833102992,0.4357275132275132,18.038888888888888,3973.3666666666663,2084.655902777778,1.73039906426434,0.32186863560960666,0.7064348249634791,-0.73039906426434,11578.197916666666,6333.416666666667,-0.0021782921388453502,0.995042085647583,0.5582306832075119,-15.63523618876934,-0.5006255507469177,0.9580162763595581,0.0625070109963417
384,-3298.5323835308227,-11476.34375,-14774.876133530823,0.2988189275362251,0.17322247226709606,0.4335218253968254,17.881944444444443,3893.817361111111,2078.133680555555,1.6994539901805912,0.32291918526518987,0.7077674638034019,-0.6994539901805914,11476.34375,6373.614583333333,-0.004268574153280191,0.9640055894851685,0.5896617621183395,-15.838986873626709,-0.6521114706993103,0.9564513564109802,0.19805841147899628
385,-3297.7250067942755,-11082.34375,-14380.068756794279,0.2974465830830466,0.1704885783486437,0.43554673721340387,17.997569444444444,3775.731944444444,2080.8934027777777,1.6544135146203114,0.30541061824725696,0.7620259407998701,-0.6544135146203116,11082.34375,6343.75,-0.0026308119295851418,0.8969031870365143,0.485601507127285,-15.87734979391098,-0.41867542266845703,0.9574260115623474,-0.044054388999938965
386,-3298.3913230611793,-11149.854166666666,-14448.245489727844,0.30056005363227994,0.17558394398737517,0.4340437610229277,18.077083333333334,3814.269791666666,2085.578472222222,1.6667787881789637,0.31081949943489023,0.7537172415121978,-0.6667787881789637,11149.854166666666,6326.760416666667,0.0023803291545423377,0.9181959182024002,0.44337765872478485,-16.119888320565224,-0.5011112689971924,0.9633117318153381,0.03922567144036293
387,-3296.689465828571,-11065.5625,-14362.251965828576,0.30020979196572556,0.17557929980426304,0.436127094356261,18.07777777777778,3763.9031249999994,2081.264583333333,1.6573205131370885,0.3044125576076352,0.7292922239932914,-0.6573205131370886,11065.5625,6319.520833333333,0.0024719292540784643,0.8964681029319763,0.5132363811135292,-15.815658614039421,-0.5728322863578796,0.9618410468101501,0.11030194908380508
388,-3298.557939611252,-10966.4375,-14264.995439611252,0.2990001806424047,0.17385910952806524,0.4381757054673721,17.857291666666665,3693.357638888889,2064.0885416666665,1.6364419456353023,0.2952568058215384,0.7745837765427644,-0.6364419456353024,10966.4375,6318.5625,0.01298249600633894,0.8807607293128967,0.6309311911463737,-16.543579950928688,-0.6396811008453369,0.9494658708572388,0.16643179953098297
389,-3297.632511617376,-11021.322916666666,-14318.955428284045,0.2972663336886335,0.1692158289644997,0.4336078042328042,17.96875,3727.40625,2077.001736111111,1.6474416909151024,0.3107581339043313,0.7780770153813504,-0.6474416909151022,11021.322916666666,6352.375,0.0015994044264184826,0.8767988234758377,0.5491799861192703,-16.573190823197365,-0.22266782820224762,0.9575669765472412,-0.24957460165023804
390,-3295.719622081868,-10648.614583333334,-13944.334205415202,0.2943019210753864,0.16206911240119048,0.43515762786596124,18.117708333333333,3638.1510416666665,2085.717708333333,1.6069578575672072,0.28500364679053647,0.8234230679188806,-0.6069578575672071,10648.614583333334,6310.760416666667,-0.003873943207159891,0.8147221356630325,0.5141958966851234,-16.87944556772709,-0.7107068300247192,0.9608060121536255,0.2290765941143036
391,-3296.8855162357445,-10805.447916666666,-14102.333432902407,0.2930875778648226,0.16106760892823027,0.4346580136684303,18.090625,3685.2958333333336,2085.7937500000003,1.6306213579163682,0.3027250616497834,0.8217603867028171,-0.6306213579163683,10805.447916666666,6318.46875,-0.0028231278411112726,0.8423577100038528,0.5565283894538879,-17.018927171826363,-0.42004549503326416,0.960718035697937,-0.06040819361805916
392,-3297.7964465384653,-10567.5,-13865.296446538465,0.2937304034005735,0.15982443460395895,0.43590167548500885,17.975347222222222,3591.5552083333337,2083.588888888889,1.5885200480019908,0.27974416405628827,0.9059309804852024,-0.5885200480019908,10567.5,6352.15625,-0.0007254609122585576,0.7926441431045532,0.7378706336021423,-17.264679104089737,-0.8896318674087524,0.9596861600875854,0.41786113381385803
393,-3296.0982732536118,-10391.78125,-13687.879523253607,0.29401182034051415,0.1612300983332615,0.4397902888007055,17.993750000000002,3523.625,2076.632638888889,1.5655709662442536,0.276652782886508,0.9245944187698526,-0.5655709662442537,10391.78125,6292.09375,-0.003030369814105427,0.7807961106300354,0.9260783195495605,-17.104173824191093,0.1795606166124344,0.9565753936767578,-0.6605871915817261
394,-3298.5287369859057,-10938.083333333334,-14236.612070319237,0.29151194989239726,0.15621076372028458,0.437154155643739,18.053124999999998,3737.0166666666664,2079.7322916666667,1.6492261403287838,0.28687613302851306,0.8183897142569121,-0.6492261403287838,10938.083333333334,6282.395833333333,-0.005468840052308188,0.8819933980703354,0.8818015903234482,-17.545347705483437,-1.1459401845932007,0.9579755663871765,0.6768062114715576
395,-3297.022679674898,-10926.520833333334,-14223.543513008226,0.29231895803701086,0.15867595818579303,0.4370962852733686,18.057291666666668,3719.9385416666664,2085.50625,1.643640372646989,0.29878928748970973,0.8665472191485111,-0.6436403726469887,10926.520833333334,6311.03125,0.00020085847842477023,0.8656192421913147,0.8865050226449966,-17.333544835448265,-0.1704196333885193,0.9400754570960999,-0.3057931959629059
396,-3297.2549758099376,-10258.90625,-13556.16122580994,0.2936660639311011,0.1622387682081252,0.4396001432980599,18.033333333333335,3486.625,2083.694791666667,1.5444617861197194,0.2592230035848955,1.0051154041062154,-0.5444617861197193,10258.90625,6305.802083333333,0.00618599049718771,0.7522486299276352,0.8876897394657135,-17.176921263337135,-0.8513967990875244,0.924409031867981,0.37486398220062256
397,-3297.5943190737994,-10015.083333333334,-13312.677652407132,0.2960430046043205,0.1673542977934833,0.4381881062610229,17.921180555555555,3397.254513888889,2074.759027777778,1.509905397498474,0.2638298554938033,1.0332321910192628,-0.509905397498474,10015.083333333334,6327.864583333333,-0.002437956106358996,0.7061561644077301,0.8756181001663208,-17.381151422858238,-0.017823070287704468,0.944574773311615,-0.4578303396701813
398,-3297.238473398053,-9990.885416666666,-13288.12389006472,0.29395232337949034,0.16056870708578366,0.4370194003527336,17.846180555555556,3359.582291666667,2068.3694444444445,1.5066651783340788,0.24953973419855,1.048547970810589,-0.5066651783340788,9990.885416666666,6314.822916666667,-0.005821589121213222,0.6985462009906769,0.7771230041980743,-17.291898608207703,-1.2441097497940063,0.9549949169158936,0.7632520198822021
399,-3296.0197354868774,-9849.78125,-13145.800985486874,0.29683898636918477,0.16884739602634605,0.44139522707231044,17.973958333333332,3371.634375,2084.1885416666664,1.4964667586138543,0.24819051214278656,1.0760750335701965,-0.4964667586138541,9849.78125,6304.083333333333,0.00033845313901847973,0.6829183250665665,0.6445770189166069,-17.674480244517326,-0.0854184478521347,0.9608951807022095,-0.382446825504303
400,-3295.4397388135553,-9507.822916666666,-12803.262655480217,0.2950665684959158,0.1639160252978197,0.4378824955908289,17.958333333333332,3214.227430555556,2074.546527777778,1.4464909650306037,0.22941467976810495,1.2050871969076236,-0.4464909650306037,9507.822916666666,6304.802083333333,-0.0038009766680939805,0.6109270304441452,0.625443659722805,-17.73861752450466,-0.8714289665222168,0.9568235278129578,0.37319737672805786
401,-3297.6367034493173,-9246.364583333334,-12544.00128678265,0.2945757938239547,0.16453765640390985,0.44005263447971776,18.007291666666667,3131.9510416666667,2084.6135416666666,1.4025817525979811,0.21653493386604097,1.2765965179523662,-0.4025817525979809,9246.364583333334,6304.770833333333,-0.0040282927514665445,0.5702150464057922,0.5477162301540375,-17.843299761414528,-0.16214081645011902,0.9565021395683289,-0.3335125148296356
402,-3296.475274688221,-9528.875,-12825.350274688222,0.29622005825970477,0.1680974390449895,0.4417242614638448,18.0,3236.8250000000003,2085.65,1.440374141782474,0.2245445142700205,1.2264229583971158,-0.440374141782474,9528.875,6288.65625,-0.0011375000308775363,0.6263783723115921,0.5304125398397446,-17.579823970794678,-0.4036637246608734,0.9563077688217163,-0.07387436926364899
403,-3297.2588595439393,-9406.96875,-12704.227609543945,0.29656251640893055,0.1673604921719137,0.4421541556437389,17.953125,3212.28125,2077.108333333333,1.4374079781425573,0.21740657755745185,1.2413237134695565,-0.4374079781425573,9406.96875,6266.760416666667,0.00215906409559663,0.614097073674202,0.5609054565429688,-17.826903492212296,-0.33721914887428284,0.9550487995147705,-0.12528759241104126
404,-3297.4229101040123,-9221.5,-12518.922910104004,0.2981856563539579,0.1724300498778272,0.4403053350970017,17.959722222222222,3138.4302083333337,2079.546875,1.4083635402871526,0.21843109388378945,1.3365808770361232,-0.40836354028715277,9221.5,6310.479166666667,-0.0027637481804103636,0.564180925488472,0.5580595061182976,-17.803919658064842,-0.8859262466430664,0.956089973449707,0.4030444324016571
405,-3297.6597518026665,-8794.8125,-12092.472251802663,0.2957850119735632,0.16693730097095896,0.4409815917107584,17.853125000000002,2978.846180555555,2081.125,1.3412384871036658,0.19495757590897703,1.5112456319033258,-0.341238487103666,8794.8125,6317.489583333333,-0.0033524866807368436,0.48332302272319794,0.5566284134984016,-17.864315807819366,-0.39008161425590515,0.9632387161254883,-0.08717863261699677
406,-3296.7103401651125,-8688.229166666666,-11984.93950683178,0.2970379988884689,0.16858088578576116,0.44045690035273366,17.90034722222222,2942.567013888889,2067.057986111111,1.337049555479826,0.18993749839749544,1.5552385099245907,-0.3370495554798261,8688.229166666666,6279.052083333333,-0.00534736486786791,0.4670872166752815,0.5216420367360115,-17.634817704558372,-0.25290045142173767,0.9602988958358765,-0.24243587255477905
407,-3297.3900919629973,-8674.708333333334,-11972.098425296332,0.29503491653037844,0.16510469461920568,0.43912092151675486,17.962847222222223,2940.2361111111113,2079.039236111111,1.329317597244307,0.18275218720277506,1.6260679972368166,-0.32931759724430704,8674.708333333334,6306.260416666667,-0.003294072214177657,0.4625147208571434,0.5090986266732216,-17.743454203009605,-0.7060899138450623,0.9612845182418823,0.214513897895813
408,-3297.4222009798473,-8618.010416666666,-11915.43261764652,0.2975265260662791,0.1691636068862863,0.43845541225749557,17.81736111111111,2897.298958333333,2063.6503472222225,1.3218827935444308,0.18457815482268183,1.6674002186517294,-0.3218827935444307,8618.010416666666,6287.989583333333,0.000682706922302323,0.458640992641449,0.4727390706539154,-17.708595350384712,-0.3447446823120117,0.9619813561439514,-0.15475274622440338
409,-3297.8297067245144,-8294.59375,-11592.423456724517,0.29613170507760617,0.166041938657549,0.44084931657848325,17.88611111111111,2802.7177083333336,2070.628125,1.280910610873196,0.1712933682258401,1.8043922347961712,-0.2809106108731961,8294.59375,6282.010416666667,-0.006501967025064559,0.3943024128675461,0.5057412162423134,-17.810339853167534,-0.20736096799373627,0.9649072885513306,-0.30350038409233093
410,-3296.7682772693515,-8045.25,-11342.018277269353,0.2972753209750689,0.16784520672000428,0.4398894951499117,18.006249999999998,2717.5,2081.453125,1.242293641408174,0.15192777949912062,1.8399383441340265,-0.24229364140817392,8045.25,6299.3125,-0.0010927810490652945,0.3454515114426613,0.5360996946692467,-17.483802899718285,-0.8254421353340149,0.9564517140388489,0.30122482776641846
411,-3298.2024163415736,-8113.291666666667,-11411.494083008243,0.2989137871704796,0.17297792377050633,0.44002452601410935,17.886805555555554,2732.372916666667,2073.342361111111,1.2528438182200852,0.160592160521182,1.8874684561486361,-0.2528438182200853,8113.291666666667,6288.114583333333,-0.006125371143541614,0.3609563559293747,0.5425868555903435,-17.663015842437744,-0.45512649416923523,0.9623457193374634,-0.05735962837934494
412,-3296.3328032280565,-7850.96875,-11147.301553228053,0.30066615848044065,0.17666570461652653,0.4423881172839506,17.871180555555554,2642.509722222222,2075.867361111111,1.2164003270517847,0.1556452097463882,2.024675268335079,-0.21640032705178466,7850.96875,6300.09375,-0.0005943005777555577,0.3086421936750412,0.46688488125801086,-17.609216943383217,-0.2551797330379486,0.9677367210388184,-0.2732587158679962
413,-3297.56547909177,-7697.104166666667,-10994.66964575844,0.2977727059629651,0.16957751124815937,0.44178185626102295,17.78159722222222,2566.031597222222,2067.972916666667,1.1880165966352634,0.1440940764802799,2.192969944635522,-0.18801659663526324,7697.104166666667,6303.53125,-0.003447218461201995,0.27594638615846634,0.49460340291261673,-17.6902524381876,-0.8315636515617371,0.9630091786384583,0.2938931882381439
414,-3297.755036751408,-7512.895833333333,-10810.650870084743,0.29849998186490845,0.17202826278177477,0.4403574184303351,17.85451388888889,2506.523611111111,2068.530902777778,1.1658676472398006,0.13404275307733765,2.335200206045934,-0.16586764723980077,7512.895833333333,6305.479166666667,-1.2810742558766464e-05,0.24211108684539795,0.45090898871421814,-17.457671388983727,-0.38115838170051575,0.9674122929573059,-0.1620064526796341
415,-3298.4763410509763,-7403.197916666667,-10701.674257717648,0.29579031855487536,0.16605023657110804,0.4413720789241622,17.76597222222222,2458.4177083333334,2061.3180555555555,1.1499346569551259,0.12114527730290592,2.545984342725129,-0.1499346569551259,7403.197916666667,6302.135416666667,-0.005210127545087928,0.2205239273607731,0.4702984690666199,-17.476248793303967,-0.3345082700252533,0.9636699557304382,-0.21372346580028534
416,-3299.4827253468934,-7192.822916666667,-10492.305642013556,0.2969067808652913,0.16892904254523777,0.43922508818342143,17.840625,2392.9093749999997,2066.56875,1.1253086777618835,0.11691829579372208,2.7712816966866485,-0.12530867776188329,7192.822916666667,6312.072916666667,-0.0043755463939492145,0.17833145707845688,0.4914436563849449,-17.599615700542927,-0.9181312918663025,0.9603599309921265,0.36182600259780884
417,-3297.566744279074,-7118.770833333333,-10416.337577612403,0.2956324720830423,0.1664103012477022,0.4418397266313932,17.886111111111113,2364.3413194444443,2072.930555555555,1.1103077444735663,0.11213631102820093,2.9477630947398903,-0.11030774447356649,7118.770833333333,6289.822916666667,-0.004672377244475223,0.16738472878932953,0.5151782259345055,-17.554687581956387,-0.4316750764846802,0.9595679044723511,-0.13057050108909607
418,-3297.505415482334,-7031.333333333333,-10328.838748815664,0.2981786918440877,0.1706963321848889,0.44034584435626095,17.74652777777778,2326.3788194444446,2055.742708333333,1.10507139280695,0.1103562250140215,3.0748818690474145,-0.10507139280694984,7031.333333333333,6282.166666666667,-0.003643580931097734,0.1522172950208187,0.4534037187695503,-17.378237061202526,-0.33858269453048706,0.966407299041748,-0.22493813931941986
419,-3295.758454439643,-6944.020833333333,-10239.779287772977,0.2968083192663556,0.168504610951964,0.43994075176366837,17.918055555555558,2300.1888888888893,2070.765277777778,1.086290895371554,0.10743653157720534,3.198958276442802,-0.08629089537155406,6944.020833333333,6286.583333333333,-0.0025299526133686356,0.13679758459329605,0.5126142725348473,-17.458753988146782,-0.8981943726539612,0.9590722918510437,0.3324880003929138
420,-3296.5156540216044,-6860.3125,-10156.828154021608,0.29848514409465654,0.17106159714199343,0.44193452380952375,17.746180555555558,2269.1461805555555,2067.7059027777777,1.0757988198130424,0.10711700579521455,3.189944293581099,-0.07579881981304236,6860.3125,6304.083333333333,-0.0029244558283626487,0.11711270548403263,0.4974549561738968,-17.230605624616146,-0.41457468271255493,0.9639970064163208,-0.1523725390434265
421,-3295.948837117023,-6761.875,-10057.823837117021,0.29671182803114254,0.16753707350613292,0.4416545414462081,17.5625,2205.320833333333,2047.9586805555555,1.0555278350940898,0.09812480613709067,3.3458060352118966,-0.05552783509408974,6761.875,6328.177083333333,-0.0010764486576206878,0.09674792550504208,0.4900200441479683,-17.63760981708765,-0.3494128882884979,0.9625723958015442,-0.22408753633499146
422,-3296.184250726377,-6676.708333333333,-9972.892584059708,0.29614322169206875,0.16545654560306708,0.4408327821869489,17.98784722222222,2230.0763888888887,2077.7565972222224,1.0577732497122077,0.0970802063679,3.5371910457072153,-0.05777324971220752,6676.708333333333,6276.114583333333,-0.0032746634161515686,0.08652248419821262,0.4719884544610977,-17.773824110627174,-0.9195982217788696,0.9643182754516602,0.3488712012767792
423,-3297.367830650163,-6643.322916666667,-9940.690747316834,0.29874262148285735,0.1702071633626474,0.4431015762786596,17.789236111111112,2196.1437499999997,2061.1069444444443,1.0487491495931476,0.09677030703284062,3.6504356610205497,-0.048749149593147606,6643.322916666667,6276.53125,-0.0012956977136333592,0.08288785815238953,0.45909101516008377,-17.72746381908655,-0.3860931396484375,0.9629914164543152,-0.17568351328372955
424,-3297.6049462704145,-6605.583333333333,-9903.188279603752,0.29988970847751584,0.17430197825079732,0.44472360008818335,17.686805555555555,2188.040625,2057.9868055555557,1.0449624745683943,0.08732541726336135,3.7787556254598655,-0.04496247456839427,6605.583333333333,6273.791666666667,0.00046417760636874306,0.07896287739276886,0.48192988336086273,-18.00168890506029,-0.2915630638599396,0.9634144902229309,-0.2753159999847412
425,-3300.5482733283093,-6525.208333333333,-9825.756606661644,0.29730939437388954,0.1703883758269108,0.4437218915343915,17.782638888888886,2158.5819444444446,2064.4871527777777,1.0322777878509526,0.09322811201045378,3.9822624213375106,-0.03227778785095256,6525.208333333333,6282.958333333333,0.000820031855696346,0.06074264273047447,0.5114525109529495,-17.703438758850098,-0.9872015118598938,0.9576776027679443,0.4119754731655121
426,-3297.4523105407484,-6568.25,-9865.702310540746,0.3003516459408851,0.17319439620445742,0.4442443783068783,17.98125,2182.828125,2086.1947916666663,1.034742019585631,0.09187272136148115,3.9629477446396337,-0.03474201958563097,6568.25,6311.552083333333,-0.002988773702662595,0.0591640742495656,0.48779652267694473,-17.54507664591074,-0.4875919818878174,0.9638721942901611,-0.09632869064807892
427,-3296.7373883766054,-6515.34375,-9812.081138376603,0.30050630868963496,0.17457479824143873,0.443415729717813,17.8875,2163.1583333333333,2064.536111111111,1.0354837265627097,0.08529358908276474,4.006621691870449,-0.03548372656270964,6515.34375,6254.760416666667,-0.00254346837317998,0.0599085446447134,0.4920130744576454,-17.299020774662495,-0.364618718624115,0.9626441597938538,-0.20439991354942322
428,-3297.26560725797,-6513.479166666667,-9810.74477392464,0.30115239878607303,0.17966517544118688,0.4421494708994708,17.743402777777778,2157.6989583333334,2055.942361111111,1.034907575074036,0.09191366209135436,4.141604364717865,-0.03490757507403595,6513.479166666667,6262.520833333333,-0.0038509845881807836,0.0612751767039299,0.5018588006496429,-17.21403893828392,-0.9281495809555054,0.9540456533432007,0.36805710196495056
429,-3296.0491323064803,-6488.9375,-9784.986632306483,0.30160932489146425,0.17753535062689077,0.4419700727513227,17.556250000000002,2114.4190972222223,2044.8128472222222,1.0236995330952834,0.08330677551976243,4.391091618929454,-0.023699533095283446,6488.9375,6287.572916666667,-0.005938053886039185,0.04962728824466467,0.5296398177742958,-17.091716416180134,-0.5012142062187195,0.9642159938812256,-0.08084017038345337
430,-3297.3781713640997,-6453.333333333333,-9750.711504697432,0.3030794112180046,0.18260323918528024,0.44333140432098767,17.43993055555556,2093.15,2036.6180555555554,1.019314714519281,0.0920681764456382,4.474791675177426,-0.019314714519281004,6453.333333333333,6293.947916666667,-0.0035270654897421316,0.04217832814902067,0.44418032467365265,-17.069313623011112,-0.4199463129043579,0.965560257434845,-0.16578125953674316
431,-3297.843830270671,-6397.84375,-9695.687580270673,0.30373250985415845,0.18348989282579473,0.44451857363315694,17.668402777777775,2103.065972222222,2054.9725694444446,1.0146965545492799,0.0787022444345873,4.588271831249907,-0.014696554549279739,6397.84375,6280.604166666667,-0.0071957596587113315,0.03452663030475378,0.463487409055233,-16.89606361091137,-0.884583055973053,0.9654878377914429,0.31092292070388794
432,-3298.058456246283,-6399.3125,-9697.370956246285,0.30528048760756915,0.18747667328635645,0.44244846781305114,17.619791666666668,2092.592708333333,2050.8944444444446,1.0137401591200124,0.07378860475520979,4.69127581761424,-0.013740159120012236,6399.3125,6279.979166666667,-0.005994485122048587,0.034394158981740475,0.4456261768937111,-16.756291687488556,-0.3404315114021301,0.9644078016281128,-0.2459324300289154
433,-3297.4061162956605,-6362.052083333333,-9659.458199628998,0.3074482186433882,0.18846445699455217,0.4418562610229276,17.902430555555554,2114.636805555556,2075.4993055555556,1.0109223882011547,0.07991539314501328,4.711791375107079,-0.01092238820115454,6362.052083333333,6285.260416666667,-0.011654472013822748,0.02668399503454566,0.4342576637864113,-16.947033517062664,-0.34473127126693726,0.9661845564842224,-0.23994557559490204
434,-3296.635115496789,-6345.71875,-9642.35386549679,0.30482609841521374,0.18327200762157894,0.4420745149911816,17.760069444444444,2087.8927083333333,2057.8163194444446,1.0084785613071443,0.0754285397003787,4.709313236513605,-0.008478561307144342,6345.71875,6282.145833333333,-0.0022375248616555155,0.024241250474005938,0.43514857441186905,-17.04196824133396,-0.8316812515258789,0.9664082527160645,0.23301668465137482
435,-3297.656214134899,-6338.041666666667,-9635.697880801574,0.3047990038067002,0.18530028592633443,0.44473627645502645,17.459375,2068.1256944444444,2037.0881944444445,1.0064953874824127,0.07870812465358497,4.785819411126064,-0.0064953874824128,6338.041666666667,6278.53125,-0.0015809615984889724,0.026196048595011234,0.42756182700395584,-17.181907400488853,-0.4197545349597931,0.9660059213638306,-0.1616096943616867
436,-3299.282609611275,-6306.052083333333,-9605.33469294461,0.3033281895833897,0.18261700923580468,0.44546489197530864,17.73402777777778,2074.2204861111113,2057.1739583333333,1.0041800594316297,0.07488999565217568,4.732205226249268,-0.00418005943162966,6306.052083333333,6257.979166666667,-0.006616485209881562,0.020979913417249918,0.5231449753046036,-17.09465868026018,-0.3295656740665436,0.9599034190177917,-0.2548488974571228
437,-3295.5300190254306,-6346.739583333333,-9642.269602358765,0.3055800955944344,0.18513820689178018,0.4436946097883598,17.61736111111111,2082.3624999999997,2053.638888888889,1.0065872054708551,0.08143190837325746,4.8389628572110785,-0.006587205470855247,6346.739583333333,6295.90625,-0.002134645674930269,0.02299260627478361,0.4452618286013603,-17.09274009987712,-0.7898106575012207,0.9606652855873108,0.20687033236026764
438,-3296.107222802841,-6337.614583333333,-9633.721806136176,0.3063899423765463,0.1886749715801367,0.44345734126984127,17.577430555555555,2077.820833333333,2055.9947916666665,1.0036462053850412,0.07867460309351915,4.993456141208899,-0.003646205385041424,6337.614583333333,6312.822916666667,-0.0050642119998093316,0.01823316654190421,0.5485325828194618,-17.044679202139378,-0.5092306733131409,0.9646745324134827,-0.07297711074352264
439,-3296.758248590497,-6324.59375,-9621.351998590499,0.3068811434394976,0.1884987515392519,0.4446764770723104,17.636458333333334,2077.975,2053.059027777778,1.0050491627001554,0.07941246089500072,5.008347724941262,-0.005049162700155448,6324.59375,6276.072916666667,-0.0017766347725292064,0.022949567064642906,0.4097483456134796,-17.215497218072414,-0.5277312994003296,0.9666720628738403,-0.04841221123933792
440,-3297.4341250162083,-6301.114583333333,-9598.54870834954,0.30376175433943226,0.18296245440675798,0.44508873456790116,17.78298611111111,2085.5288194444443,2061.6538194444443,1.00555963851332,0.07893941730150371,4.957574390631747,-0.005559638513320156,6301.114583333333,6243.729166666667,-0.003974795544336551,0.02262090379372239,0.5399003326892853,-17.220725119113922,-0.7716056704521179,0.9583745002746582,0.1881527602672577
441,-3298.776042020673,-6328.645833333333,-9627.421875354004,0.3041564830932238,0.18271082706471334,0.44339671516754847,17.772916666666664,2089.519791666666,2067.2468750000003,1.0063796600879722,0.08036243637152417,5.054273947566773,-0.006379660087972103,6328.645833333333,6290.020833333333,-0.004959788811957466,0.01885834103450179,0.5920269936323166,-17.105575244873762,-0.614144504070282,0.9461738467216492,0.028350818902254105
442,-3296.516446791562,-6299.541666666667,-9596.058113458228,0.30379966580031165,0.18006695855405672,0.44077325837742504,17.83159722222222,2076.613888888889,2067.4052083333336,0.9989416691247044,0.07850658916845002,4.982417550597425,0.0010583308752956523,6299.541666666667,6292.104166666667,0.0011012872279447805,0.014855960151180625,0.48555663973093033,-17.255329087376595,-0.3949596881866455,0.9580536484718323,-0.19820411503314972
443,-3298.283369849622,-6244.791666666667,-9543.07503651629,0.3037616268667925,0.18095900811264679,0.4438131062610229,17.69097222222222,2060.415625,2056.2791666666667,0.9967505763653483,0.07811546876613466,4.771185061151017,0.0032494236346517296,6244.791666666667,6243.708333333333,-0.0035893727755973437,0.012435847194865346,0.46882037818431854,-17.288208454847336,-0.8237988948822021,0.9666652083396912,0.23521795868873596
444,-3297.572378191939,-6282.21875,-9579.791128191939,0.3031225557712398,0.1804994589409843,0.44327876984126985,17.760416666666668,2072.457291666667,2063.0454861111107,0.9987733008618696,0.08694771049491147,4.794720783416838,0.001226699138130433,6282.21875,6275.208333333333,-0.0019157348771584592,0.015005043474957347,0.4801880419254303,-17.235205825418234,-0.3535233438014984,0.9642734527587891,-0.24003049731254578
445,-3298.3307249508675,-6337.083333333333,-9635.414058284206,0.30385775921633656,0.18532659043477095,0.4439269179894179,17.42152777777778,2057.144097222222,2027.918402777778,1.0065701520210066,0.08134407526869411,4.771880273811221,-0.0065701520210067555,6337.083333333333,6276.354166666667,-0.0026620807274035374,0.023292080033570528,0.4203396290540695,-17.0896688811481,-0.4813815653324127,0.9605531692504883,-0.09795470535755157
446,-3298.044510364485,-6277.1875,-9575.232010364489,0.30502724750457877,0.18580293341559204,0.44334104938271607,17.732291666666665,2067.2479166666667,2061.4548611111113,0.9987669214396581,0.07791407645411703,4.523299930405616,0.0012330785603418958,6277.1875,6264.25,-0.0043565889448867745,0.015585289569571614,0.4385095685720444,-17.199133090674877,-0.4313890337944031,0.9622669816017151,-0.1546657681465149
447,-3295.293010527905,-6299.78125,-9595.074260527903,0.3035407416391791,0.1800185006803885,0.44249944885361553,17.798958333333335,2078.5128472222223,2065.373611111111,1.0005166030039334,0.07616231550569333,4.633557625306074,-0.000516603003933325,6299.78125,6279.270833333333,-0.005868996117226466,0.01979586947709322,0.4574009105563164,-17.396671198308468,-0.3720233738422394,0.9644123911857605,-0.22090613842010498
448,-3298.8845612736563,-6174.03125,-9472.915811273655,0.3049133060987827,0.18389424173801672,0.4480511463844797,17.722222222222225,2044.3795138888888,2056.7829861111113,0.9882274301153308,0.07943293710350985,4.665181681763965,0.01177256988466926,6174.03125,6205.760416666667,-0.0023859611434877692,0.00913040665909648,0.5472770035266876,-17.45863461866975,-0.974307656288147,0.9625145792961121,0.38953080773353577
449,-3299.1729855183985,-6283.9375,-9583.110485518404,0.30388701988574035,0.18136908098596097,0.443790233686067,17.537499999999998,2044.6711805555558,2045.0934027777778,0.9961812495614005,0.08000866818232483,4.702922273055407,0.0038187504385995418,6283.9375,6309.020833333333,-0.009038108854902749,0.008784566074609756,0.47681087255477905,-17.454092916101217,-0.5163283944129944,0.9661391377449036,-0.07863032817840576
450,-3299.380488768373,-6339.145833333333,-9638.526322101709,0.3045577516684883,0.1830310019500353,0.4477590388007055,17.326041666666665,2059.6090277777776,2030.4427083333333,1.0081454045380094,0.08276987240222512,4.684481945163352,-0.008145404538009288,6339.145833333333,6274.916666666667,0.0033404816143720595,0.024989501107484102,0.4652729853987694,-17.175321880728006,-0.31534841656684875,0.9647051095962524,-0.24455246329307556
451,-3298.8298584132203,-6268.791666666667,-9567.621525079894,0.3063563143924897,0.18456964338272677,0.44236000881834214,17.889236111111114,2078.797222222222,2073.8840277777776,0.9964427923149977,0.0790609395918055,4.767881025015242,0.0035572076850022166,6268.791666666667,6275.604166666667,-0.0036806545427277015,0.01282919617369771,0.5439913794398308,-17.153316475450993,-0.9979610443115234,0.9578382968902588,0.4122851490974426
452,-3297.9832874102917,-6312.416666666667,-9610.39995407696,0.30381439310641395,0.18355251209949427,0.4432917217813051,17.846180555555552,2085.9249999999997,2071.9166666666665,1.0011272816587642,0.08279782877666556,5.079104434152367,-0.0011272816587641042,6312.416666666667,6290.614583333333,-0.0030346593186844073,0.016970012336969376,0.41207076609134674,-17.126943681389093,-0.3802378177642822,0.9616320133209229,-0.2109212726354599
453,-3297.122222499847,-6290.96875,-9588.090972499847,0.3038066218976476,0.17964481146514624,0.44627480158730154,17.57361111111111,2064.878472222222,2049.2993055555557,1.0005142134456293,0.07909270387316657,5.138843085811135,-0.0005142134456292777,6290.96875,6263.895833333333,-0.0017247752545488382,0.019495777785778046,0.39514298737049103,-17.384973775595427,-0.548271119594574,0.9650189876556396,-0.03672730177640915
454,-3298.989495387607,-6250.28125,-9549.270745387606,0.30408539854261846,0.1816811306246867,0.44589947089947096,17.717708333333334,2071.323263888889,2054.411111111111,1.0028731163269409,0.08027390958372461,5.022716935375562,-0.0028731163269409264,6250.28125,6222.802083333333,-0.001958631135751454,0.01780601218342781,0.396433562040329,-17.224795032292604,-0.5637518167495728,0.9685311913490295,-0.006237794645130634
455,-3297.374746794443,-6226.427083333333,-9523.801830127777,0.30223122470224323,0.17959647879373128,0.4467810295414462,17.699652777777775,2058.370833333333,2056.4666666666667,0.9965058354044173,0.08078144955114779,5.187911442527183,0.003494164595582569,6226.427083333333,6244.03125,-0.005946911345800443,0.011683219345286489,0.4272494316101074,-17.25078573450446,-0.4069153070449829,0.9598303437232971,-0.16760556399822235
456,-3297.1889262598256,-6254.697916666667,-9551.886842926486,0.306170155661002,0.18643833467083618,0.44418981481481473,17.799305555555556,2076.1895833333333,2068.407638888889,0.9980263235416635,0.08048597996199218,5.111472352890852,0.0019736764583364215,6254.697916666667,6252.802083333333,-0.004559664123907986,0.014545339392498136,0.3853447735309601,-17.198879525065422,-0.5728316307067871,0.9637638926506042,-0.000657991913612932
457,-3298.0700401352406,-6260.010416666667,-9558.080456801907,0.30512778095212995,0.18314148316696652,0.4483504188712522,17.18923611111111,2024.262152777778,2006.2649305555553,1.001402118583395,0.08337127872341837,5.0060842893237005,-0.0014021185833950312,6260.010416666667,6237.989583333333,-0.003800108119395018,0.018859561532735825,0.4142562448978424,-17.679204642772675,-0.690082848072052,0.9647731781005859,0.13277599215507507
458,-3296.8937022994487,-6285.854166666667,-9582.74786896612,0.30632092785660886,0.18440365200108824,0.44656498015873014,17.60763888888889,2069.742708333333,2050.7788194444443,1.0029760425078953,0.07911207108514158,5.044588568758479,-0.0029760425078952605,6285.854166666667,6249.291666666667,-0.005589418080306219,0.021510382182896137,0.4317145273089409,-17.81687445566058,-0.6906448006629944,0.957490086555481,0.11219596862792969
459,-3297.8110188638657,-6268.447916666667,-9566.258935530532,0.305377809680109,0.18531233430257998,0.4485576499118166,17.553472222222222,2063.726736111111,2044.0083333333334,1.0023480058914467,0.08171446988410505,5.003553678569127,-0.0023480058914467548,6268.447916666667,6232.614583333333,-0.005785591799220224,0.021346054505556822,0.4323378652334213,-18.049516521394253,-0.7476892471313477,0.9678819179534912,0.17722703516483307
460,-3297.7133395408323,-6263.1875,-9560.900839540833,0.30680076396021055,0.18491634491753453,0.45039985670194005,17.601041666666664,2073.7277777777776,2046.0954861111113,1.0085577382248458,0.08544341958531969,4.9301889551048586,-0.00855773822484584,6263.1875,6209.510416666667,0.002074096252497361,0.02271130634471774,0.393002413213253,-17.765819795429707,-0.5520319938659668,0.9654673337936401,-0.013788853771984577
461,-3299.378272680628,-6265.5,-9564.87827268063,0.30769620395448444,0.187924187509149,0.448945381393298,17.45138888888889,2050.0850694444443,2044.2961805555558,0.9966491218462673,0.08240362917181153,4.768694306219413,0.003350878153732803,6265.5,6252.708333333333,-0.007278892571445095,0.018256576266139746,0.4661282077431679,-17.545118905603886,-0.3435632586479187,0.9581596851348877,-0.23128998279571533
462,-3297.7535768614744,-6286.145833333333,-9583.899410194805,0.30879001702323744,0.19174197632350518,0.449782848324515,17.641319444444445,2088.8996527777776,2048.968402777778,1.011095575722899,0.09126904138980828,4.7125140195351065,-0.011095575722898985,6286.145833333333,6227.770833333333,-0.003528007959377799,0.02710875729098916,0.36857716739177704,-17.338044960051775,-0.568509578704834,0.969165027141571,0.008571559563279152
463,-3299.135001431443,-6294.875,-9594.010001431447,0.30916593036513584,0.19397191026170427,0.4491054894179894,17.615972222222222,2085.7937500000003,2054.272916666667,1.0084398402368009,0.08775545410993645,4.779078217133762,-0.008439840236801015,6294.875,6229.583333333333,-0.0016276013518264978,0.025275287218391895,0.43475905805826187,-17.27347343415022,-0.5492000579833984,0.961281418800354,-0.02033427730202675
464,-3297.13983431391,-6292.458333333333,-9589.59816764725,0.30828757603419793,0.19374650083773304,0.44717454805996476,17.772222222222222,2091.3993055555557,2061.5343749999997,1.006839180619946,0.08318122321345371,4.779286753343702,-0.006839180619946067,6292.458333333333,6237.75,-0.0013691506212145654,0.02483338350430131,0.48771117627620697,-16.827298130840063,-0.23831841349601746,0.9647623300552368,-0.3354549705982208
465,-3298.5152958367566,-6235.09375,-9533.609045836763,0.3097214740436441,0.19741086555424978,0.44922619047619045,17.672916666666666,2063.0329861111113,2052.0638888888893,0.9999088885709031,0.08187956338608877,4.842448998714439,9.111142909690173e-05,6235.09375,6234.291666666667,-0.004956386491863252,0.013149993028491735,0.40498728305101395,-16.727611672133207,-0.8649486303329468,0.969088613986969,0.29235073924064636
466,-3298.2534996235427,-6279.635416666667,-9577.88891629021,0.3098237996624705,0.19659476923293875,0.4458589616402116,17.611458333333335,2063.9982638888887,2055.032638888889,0.9995206238316875,0.08319877384325484,4.6895482064212475,0.0004793761683124607,6279.635416666667,6267.0625,-0.007701213457480538,0.014220498502254486,0.5927247554063797,-16.6238614320755,-0.5247607231140137,0.9673921465873718,-0.04829667881131172
467,-3297.68614877794,-6251.84375,-9549.529898777937,0.310659184618207,0.19788579789747018,0.44743689373897705,17.596875,2051.1145833333335,2043.6621527777777,0.9987823264144563,0.07990297689806647,4.608291145580033,0.001217673585543615,6251.84375,6255.21875,-0.0012240552652400538,0.012964606750756502,0.6806142628192902,-16.531436629593372,-0.4944602847099304,0.9388108253479004,-0.07111901044845581
468,-3296.3042076818833,-6332.40625,-9628.710457681886,0.309896083123729,0.19587416056108645,0.44488618827160487,17.211111111111112,2032.1402777777778,2008.9951388888887,1.0060007540907414,0.08585222064615848,4.694526446352595,-0.006000754090741541,6332.40625,6284.885416666667,-0.0020082225238744478,0.022687991615384817,0.5580964535474777,-17.05192806944251,-0.7297176122665405,0.9576550126075745,0.15530382096767426
469,-3297.2222703881903,-6286.9375,-9584.159770388187,0.3135080475022594,0.2036716823212272,0.44971505731922395,17.139583333333334,2021.3694444444445,2018.3072916666667,0.9981254053989025,0.07992266700657603,4.720125115581104,0.0018745946010974995,6286.9375,6286.416666666667,-0.0033655234493756847,0.012414321536198258,0.5034010410308838,-16.882684409618378,-0.8119917511940002,0.9560901522636414,0.24135994911193848
470,-3297.014662392637,-6310.677083333333,-9607.69174572597,0.31194521833368344,0.20044887113181176,0.446086860670194,17.541666666666668,2065.251736111111,2042.8763888888889,1.0033156745618743,0.08551842829496675,4.7414061625637,-0.0033156745618742197,6310.677083333333,6270.333333333333,-0.0077669423807299465,0.02226506918668747,0.4523479864001274,-17.01319147646427,-0.5493585467338562,0.9650056958198547,-0.027483567595481873
471,-3297.168863259838,-6256.489583333333,-9553.658446593166,0.3117114528143419,0.2006646156304568,0.44789682539682535,17.410069444444446,2042.3399305555552,2030.6579861111113,1.0004409989006902,0.08125203627216403,4.874703705322855,-0.0004409989006902001,6256.489583333333,6243.729166666667,-0.005536867530235662,0.016524191480129957,0.43572814762592316,-16.960142519325018,-0.43216875195503235,0.960229218006134,-0.14333505928516388
472,-3298.6012106360745,-6239.59375,-9538.194960636074,0.31169123773690377,0.2005233081298583,0.45026620370370374,17.19097222222222,2028.4329861111112,2014.776736111111,0.9992304444597796,0.07996461018375095,4.923405753928086,0.0007695555402203533,6239.59375,6228.03125,7.033341762952006e-05,0.018148193135857582,0.46180472522974014,-17.425323575735092,-0.5108582377433777,0.9600878953933716,-0.04639655724167824
473,-3298.3875336799197,-6241.166666666667,-9539.554200346585,0.30817992885950984,0.19428752533551438,0.45041749338624343,17.700000000000003,2077.6260416666664,2061.3576388888887,1.0019314714687038,0.08543092299922801,5.066065767784251,-0.0019314714687035568,6241.166666666667,6230.822916666667,-0.004766762019087878,0.017583242151886225,0.48916763812303543,-17.224787667393684,-0.22987990081310272,0.9641650915145874,-0.3387364149093628
474,-3296.7465939618564,-6267.5625,-9564.309093961863,0.3098816496779508,0.19662074593846532,0.448776455026455,17.28715277777778,2041.7586805555554,2025.5618055555553,1.0020101643652444,0.07876878764383886,5.132166031491429,-0.0020101643652443643,6267.5625,6252.979166666667,-0.00115096766908529,0.01622700970619917,0.41526438295841217,-17.015004493296146,-0.7529410719871521,0.9657886624336243,0.1892784982919693
475,-3297.139212876257,-6280.510416666667,-9577.649629542926,0.3094880946718484,0.19650859877826102,0.4463596781305115,17.305902777777778,2034.4663194444445,2030.3881944444447,0.9967972240947987,0.0806326568150397,4.8518477917012905,0.003202775905201277,6280.510416666667,6275.291666666667,-0.0033480439939528317,0.015254744328558445,0.411517471075058,-16.778257951140404,-0.7045165300369263,0.9602825045585632,0.13153429329395294
476,-3296.8279659516666,-6286.989583333333,-9583.817549285,0.30812783248642467,0.19055675365477023,0.44540233686067016,17.213194444444444,2027.9121527777777,2020.6645833333332,0.9986051998147789,0.0738781253753304,4.991974567671814,0.0013948001852210565,6286.989583333333,6292.09375,-0.0018419372529318023,0.013100462034344673,0.3718101233243942,-16.721059415489435,-0.7006627917289734,0.9685864448547363,0.12883469462394714
477,-3295.855871771882,-6275.364583333333,-9571.22045510521,0.30932631423268037,0.19496712907615196,0.4461612654320988,16.970138888888886,1995.9951388888892,1992.9288194444446,0.995960826369573,0.0845992962520364,4.99196428230102,0.0040391736304269885,6275.364583333333,6285.302083333333,-0.002454162488874978,0.01209463644772768,0.4104180857539177,-16.661131963133812,-0.6618955135345459,0.9627482295036316,0.09369310736656189
478,-3299.462981212357,-6260.020833333333,-9559.483814545698,0.3087498366376303,0.1916270236413564,0.445576774691358,16.969791666666666,1995.0930555555558,2002.2399305555557,0.9932012484317708,0.09115327016650132,4.777612896077504,0.006798751568229106,6260.020833333333,6287.375,-0.001859373767637451,0.009155706502497196,0.34948814660310745,-16.855401679873466,-0.5960285663604736,0.9702374935150146,0.02585173211991787
479,-3298.625654560541,-6151.947916666667,-9450.573571227207,0.31022573170805096,0.19750864804437798,0.4509959215167549,17.450000000000003,2019.1864583333336,2032.2517361111113,0.9901453693247948,0.07190924273423384,4.865658680613218,0.009854630675205228,6151.947916666667,6210.416666666667,-0.0019014183007947383,0.0034743668511509895,0.35386379808187485,-16.768813095986843,-0.5125440955162048,0.9688997864723206,-0.05669185891747475
480,-3296.483493975231,-6252.65625,-9549.139743975233,0.3116821711553604,0.20074495537523437,0.4477794312169312,17.17013888888889,2029.125,2013.160763888889,1.0015966198085364,0.08303458072925742,4.926789214049577,-0.0015966198085363857,6252.65625,6241.4375,-0.001967875841893729,0.01716670347377658,0.32994306832551956,-16.981803450733423,-0.6098625063896179,0.970542848110199,0.046179503202438354
481,-3296.299243195936,-6269.21875,-9565.517993195945,0.3114586697834781,0.20277614485530648,0.4496737213403879,17.343055555555555,2038.2934027777776,2030.7916666666667,0.9974446106271397,0.08043451560608857,4.925616598348611,0.002555389372860333,6269.21875,6269.0625,-0.0027950549818048787,0.01377070602029562,0.38224469870328903,-16.951877046376467,-0.6693511605262756,0.9680554866790771,0.10963355004787445
482,-3296.4191505003364,-6192.375,-9488.794150500338,0.3121515758566842,0.20341323238648734,0.4506227954144621,17.339930555555554,2026.3746527777778,2028.2920138888887,0.9932759913837401,0.0805581374090309,4.9056305376750835,0.006724008616259908,6192.375,6218.125,-0.002697137973698749,0.01153181423433125,0.35932834446430206,-17.075961023569107,-0.8285295963287354,0.9697197079658508,0.26276805996894836
483,-3298.9666896150316,-6213.322916666667,-9512.2896062817,0.31283078893884725,0.2018819983390535,0.45012676366843035,17.491319444444443,2043.4788194444445,2042.9881944444444,0.9935792753028446,0.083921075328935,4.8465904900673555,0.006420724697155308,6213.322916666667,6241.208333333333,-0.002664742028843925,0.011527850991114974,0.4282136484980583,-17.172851767390966,-0.7401078343391418,0.9635372757911682,0.16409799456596375
484,-3297.8820018721417,-6167.322916666667,-9465.204918538808,0.31218574250994324,0.20148012956067554,0.450508983686067,17.577430555555555,2040.6621527777777,2049.0447916666667,0.9897184402573792,0.0837490555064188,4.864761256602294,0.010281559742620822,6167.322916666667,6217.0,-0.0018235143477501603,0.006262598210014403,0.43221133202314377,-17.15205531567335,-0.30323150753974915,0.9646432399749756,-0.27122920751571655
485,-3297.570879660545,-6203.229166666667,-9500.800046327207,0.3124278964596814,0.20606664579584807,0.45053902116402106,17.561805555555555,2037.3621527777777,2044.8402777777776,0.992189574160534,0.08110026663687372,4.8692432024734265,0.007810425839466047,6203.229166666667,6240.479166666667,-0.0024219793161717185,0.007489131647162139,0.47170042246580124,-17.277399223297834,-0.6888576745986938,0.9686242938041687,0.10861457139253616
486,-3298.5142184979995,-6192.09375,-9490.607968498005,0.3137160123116312,0.2086956623631219,0.45176945546737207,17.37673611111111,2033.0145833333333,2038.2586805555554,0.9931294674678665,0.09388293158118916,4.733913569815447,0.006870532532133602,6192.09375,6233.59375,-0.0006409735409156347,0.005763108259998262,0.36500025540590286,-16.97551891952753,-0.5712058544158936,0.9687597751617432,0.006213728804141283
487,-3298.940930545938,-6198.541666666667,-9497.482597212604,0.31391295650820644,0.20935973887389991,0.4507779431216931,17.426041666666666,2032.4989583333333,2035.5062499999997,0.9936945028132665,0.08366542889539434,4.831998396232544,0.006305497186733573,6198.541666666667,6225.260416666667,-0.004093238823421552,0.009737616404891014,0.4314413368701935,-16.97223285585642,-0.32989242672920227,0.964303195476532,-0.23857921361923218
488,-3297.166167938441,-6208.1875,-9505.353667938438,0.31455987806093727,0.2111877823012441,0.4514288470017636,17.364583333333332,2036.1965277777779,2031.1947916666668,0.9969702508427604,0.08281077961694665,4.960882089204354,0.0030297491572398093,6208.1875,6248.447916666667,-5.590648571462964e-05,0.008678951999172568,0.41717007011175156,-16.9341385550797,-0.6906396150588989,0.968288242816925,0.13273122906684875
489,-3297.0126687582465,-6232.854166666667,-9529.866835424915,0.3125525646480661,0.20709379844225217,0.4501394400352734,17.508680555555557,2058.6836805555554,2044.9677083333333,0.9999214260862918,0.08635423554014647,4.925562667460961,7.857391370824929e-05,6232.854166666667,6238.3125,-0.0021367838256112215,0.013415215304121375,0.4075103923678398,-16.84445359185338,-0.7624922394752502,0.9690086841583252,0.1956743746995926
490,-3300.0529653961166,-6182.416666666667,-9482.469632062786,0.31454147716974223,0.20734823479789255,0.45052910052910056,17.561111111111114,2037.0263888888887,2039.5395833333332,0.9950352049001334,0.08068406273106761,4.951429933608675,0.0049647950998666915,6182.416666666667,6194.125,0.0009732358204670999,0.011796120088547468,0.4096982106566429,-16.931614864617586,-0.3424367904663086,0.9693922996520996,-0.23564402759075165
491,-3298.7595268283335,-6223.302083333333,-9522.061610161663,0.3152954964888191,0.21106086932316734,0.4525777116402116,17.399305555555557,2036.5607638888887,2032.7961805555558,0.9956053330278859,0.08952905902642816,4.91151047834105,0.004394666972114206,6223.302083333333,6228.9375,-0.0022721986747593625,0.01383431302383542,0.3951919227838516,-17.239940095692873,-0.7377214431762695,0.9690150618553162,0.1738547533750534
492,-3297.7124317257567,-6300.46875,-9598.18118172576,0.3101683777228243,0.20037127812975083,0.4464715608465608,17.259027777777778,2043.223263888889,2034.0263888888887,0.9976653312464775,0.09082404167685847,4.9750765993238755,0.002334668753522402,6300.46875,6313.385416666667,0.013779430414992078,0.015770599711686373,0.42549216747283936,-16.484016112983227,-0.8145231604576111,0.9679192304611206,0.2500787079334259
493,-3297.417109296967,-6254.197916666667,-9551.61502596363,0.3132889303893942,0.2047384958374702,0.44879987874779537,17.268402777777776,2039.0118055555552,2024.1458333333333,1.0005613094084707,0.08207988576841435,4.940491663474396,-0.0005613094084705583,6254.197916666667,6247.145833333333,-0.0007084915433557271,0.016775887925177813,0.42845869064331055,-16.823422569781542,-0.363463819026947,0.9700601100921631,-0.19894255697727203
494,-3297.2900788254574,-6252.1875,-9549.477578825461,0.3117366675221683,0.20469789182243403,0.4499650022045856,17.039930555555557,2005.9604166666668,2005.4239583333335,0.9954321114361182,0.0931665396077714,4.738072933917869,0.004567888563881794,6252.1875,6272.270833333333,0.0008547694200056188,0.011007333407178521,0.3800646513700485,-16.605458959937096,-0.8216397166252136,0.9672489762306213,0.2573275566101074
495,-3297.6739899390705,-6245.135416666667,-9542.809406605737,0.31353558881083127,0.2044948759600326,0.4491925705467372,17.215972222222224,2028.4166666666667,2024.2256944444443,0.9969423550181574,0.08340616153795076,5.058812583763172,0.0030576449818425395,6245.135416666667,6262.21875,-0.0012263433820928205,0.011977201327681541,0.40260719507932663,-16.69102944433689,-0.8225538730621338,0.9696123600006104,0.2597721815109253
496,-3295.5726494282553,-6278.375,-9573.947649428255,0.3138745074082849,0.206494377254987,0.449000496031746,17.330555555555552,2040.7913194444445,2037.9930555555557,0.996038055044057,0.08675966917193251,4.846115143627688,0.003961944955943064,6278.375,6298.552083333333,-0.005426980723212793,0.012569981394335628,0.413853220641613,-16.607305753976107,-0.21754007041454315,0.9661781787872314,-0.3587758243083954
497,-3298.6358148455533,-6227.520833333333,-9526.156648178883,0.3140239626609806,0.21067760556696968,0.44866677689594353,17.102083333333333,1994.3350694444443,1998.9875,0.9939244596706823,0.08757312720364203,4.938837384330456,0.006075540329317611,6227.520833333333,6257.208333333333,-0.004137236329802119,0.009794769575819373,0.4101818799972534,-16.73666336759925,-0.6752038598060608,0.9698264598846436,0.11768774688243866
498,-3295.435220273148,-6195.21875,-9490.653970273148,0.31261138799235727,0.20286288215882245,0.4507520392416226,17.523611111111112,2042.784375,2044.5302083333336,0.9933139537332099,0.0881409102117117,4.725146434732416,0.006686046266790102,6195.21875,6216.4375,-0.00028446443893992424,0.010802790056914091,0.37331948429346085,-16.991135597229004,-0.7226046323776245,0.9698840975761414,0.1600852608680725
499,-3297.2985258903736,-6224.875,-9522.17352589038,0.3135029199294493,0.20521137471708548,0.45115906084656077,17.39375,2036.7906249999999,2026.5868055555557,0.9992112383189565,0.0815329453120817,4.650613317412346,0.0007887616810433746,6224.875,6232.520833333333,-0.0032929704257642634,0.014872345374897122,0.4131014198064804,-16.792814902961254,-0.3203890025615692,0.9682595133781433,-0.24421678483486176
500,-3297.2354594628905,-6250.09375,-9547.329209462892,0.3153015571485977,0.20890267693579923,0.44913828262786604,17.320833333333333,2031.132986111111,2019.8024305555555,1.0002897174179441,0.0858276055452673,4.5729878494562515,-0.0002897174179442453,6250.09375,6252.447916666667,-0.0006968311514503611,0.01552340667694807,0.38746511191129684,-17.01561352983117,-0.6923134326934814,0.9717754125595093,0.1304551512002945
