epoch,instance,period,visits,distance,distance_2opt,excess_ratio,nn_rank,sequence
25,Instances_highcost_H3/abs5n10,0,10,1588.0,1480.0,1.072972972972973,0.08994708994708994,9 7 10 3 2 8 6 5 4 1
25,Instances_highcost_H3/abs5n10,1,10,1499.0,1480.0,1.0128378378378378,0.08641975308641975,8 9 7 10 3 1 4 5 6 2
25,Instances_highcost_H3/abs5n10,2,10,1499.0,1480.0,1.0128378378378378,0.08641975308641975,8 9 7 10 3 1 4 5 6 2
25,Instances_highcost_H3/abs5n15,0,15,1523.0,1469.0,1.0367597004765146,0.021428571428571432,10 7 8 12 11 13 2 5 4 6 14 3 1 15 9
25,Instances_highcost_H3/abs5n15,1,15,1641.0,1469.0,1.1170864533696392,0.05714285714285715,10 7 8 12 11 13 2 5 4 6 14 3 15 9 1
25,Instances_highcost_H3/abs5n15,2,15,1641.0,1469.0,1.1170864533696392,0.05714285714285715,10 7 8 12 11 13 2 5 4 6 14 3 15 9 1
25,Instances_highcost_H3/abs5n20,0,20,2315.0,2221.0,1.0423232778027915,0.08599071207430341,19 17 18 13 8 5 14 16 4 2 6 9 10 20 12 15 7 3 1 11
25,Instances_highcost_H3/abs5n20,1,20,2508.0,2221.0,1.1292210715893742,0.09372880731239865,19 17 18 5 14 8 13 16 4 2 6 9 10 20 11 12 15 7 3 1
25,Instances_highcost_H3/abs5n20,2,20,2556.0,2221.0,1.1508329581269698,0.09686163939259913,19 17 18 5 14 8 13 16 4 2 9 10 6 11 20 12 15 7 3 1
25,Instances_highcost_H3/abs5n25,0,25,2507.0,2284.0,1.0976357267950962,0.09206123737373738,2 11 5 20 1 13 17 6 9 24 7 18 23 19 3 14 16 12 8 4 22 25 10 21 15
25,Instances_highcost_H3/abs5n25,1,25,2418.0,2284.0,1.0586690017513134,0.07849846303793673,2 11 5 20 1 21 10 25 22 4 8 18 7 24 9 19 3 23 14 16 12 15 17 13 6
25,Instances_highcost_H3/abs5n25,2,25,2418.0,2284.0,1.0586690017513134,0.07849846303793673,2 11 5 20 1 21 10 25 22 4 8 18 7 24 9 19 3 23 14 16 12 15 17 13 6
25,Instances_highcost_H3/abs5n30,0,30,3023.0,2221.0,1.3610986042323279,0.11826735675422387,26 1 24 10 7 11 20 3 28 30 15 12 2 13 8 9 4 29 22 21 18 14 16 25 19 6 27 5 17 23
25,Instances_highcost_H3/abs5n30,1,30,2886.0,2221.0,1.29941467807294,0.13577752359857675,10 7 26 1 24 20 11 28 3 30 17 23 6 25 16 14 8 9 13 4 29 2 22 21 18 27 19 12 5 15
25,Instances_highcost_H3/abs5n30,2,30,2814.0,2221.0,1.2669968482665466,0.11803208175978687,10 7 23 17 28 26 1 24 20 11 3 30 15 6 25 16 14 8 9 13 4 29 2 22 21 18 27 19 12 5
25,Instances_highcost_H3/abs5n35,0,35,2993.0,2679.0,1.1172079134005226,0.09782165245564602,28 1 18 21 10 16 31 14 20 7 25 6 3 4 34 15 9 23 30 29 26 22 17 11 12 5 24 35 27 32 33 2 13 19 8
25,Instances_highcost_H3/abs5n35,1,35,2971.0,2679.0,1.1089958939902949,0.12309229077946225,28 1 18 21 10 16 31 14 20 7 25 6 3 4 34 19 8 33 2 13 15 9 23 30 29 11 17 5 12 26 22 35 24 32 27
25,Instances_highcost_H3/abs5n35,2,35,2922.0,2679.0,1.0907054871220605,0.12282385006984509,28 1 18 21 10 16 31 14 20 7 25 6 3 4 34 19 8 33 2 13 15 9 23 30 29 26 22 11 17 12 5 24 32 27 35
25,Instances_highcost_H3/abs5n40,0,40,3047.0,2647.0,1.151114469210427,0.09387483873733,6 4 30 31 3 13 19 38 18 34 27 21 28 23 5 40 15 33 24 32 9 20 29 1 7 16 10 35 36 11 37 2 12 14 22 39 26 25 8 17
25,Instances_highcost_H3/abs5n40,1,40,3316.0,2647.0,1.252738949754439,0.09077917495861491,6 4 30 31 13 3 38 18 34 17 8 25 19 2 15 33 24 40 5 32 9 20 29 1 7 16 37 12 14 10 23 35 28 36 11 39 22 26 27 21
25,Instances_highcost_H3/abs5n40,2,40,3408.0,2647.0,1.2874952776728372,0.08834923022097788,4 6 30 31 13 3 38 18 34 17 8 25 19 2 15 33 24 40 5 32 9 20 29 1 7 16 37 12 14 10 23 35 28 36 11 22 39 26 27 21
25,Instances_highcost_H3/abs5n45,0,45,3220.0,2475.0,1.301010101010101,0.06733942637310325,30 5 36 41 23 3 38 10 22 14 42 32 45 43 19 9 6 27 40 21 13 33 28 25 12 1 20 29 8 35 37 18 26 31 39 15 16 4 34 24 44 17 11 7 2
25,Instances_highcost_H3/abs5n45,1,45,3414.0,2475.0,1.3793939393939394,0.08818308346930274,22 5 41 23 36 30 14 42 32 38 3 15 16 4 39 34 44 24 17 11 7 31 26 18 1 9 10 43 45 19 2 33 6 27 13 40 21 28 25 12 20 29 8 35 37
25,Instances_highcost_H3/abs5n45,2,45,3277.0,2475.0,1.3240404040404041,0.08521466679119785,22 5 36 41 23 3 38 10 43 32 42 30 14 9 45 19 39 16 15 4 34 44 24 17 11 7 31 26 18 37 35 8 20 13 6 27 40 21 33 28 2 1 25 12 29
25,Instances_highcost_H3/abs5n5,0,5,1010.0,865.0,1.1676300578034682,0.08333333333333333,3 5 4 1 2
25,Instances_highcost_H3/abs5n5,1,5,1010.0,865.0,1.1676300578034682,0.08333333333333333,3 5 4 1 2
25,Instances_highcost_H3/abs5n5,2,5,1010.0,865.0,1.1676300578034682,0.08333333333333333,3 5 4 1 2
25,Instances_highcost_H3/abs5n50,0,50,3303.0,3165.0,1.0436018957345972,0.06465632661378484,33 45 26 44 31 49 13 20 42 48 12 36 22 4 37 50 32 41 23 28 35 9 47 38 18 46 5 39 10 6 14 25 34 7 27 24 1 40 8 19 21 16 2 15 3 11 29 17 43 30
25,Instances_highcost_H3/abs5n50,1,50,4139.0,3165.0,1.307740916271722,0.08125700240499859,45 33 1 40 24 8 21 19 34 7 27 14 25 39 5 36 20 13 49 44 26 31 4 32 50 41 23 43 37 28 35 9 47 22 42 48 12 38 18 46 15 29 17 30 11 3 10 6 2 16
25,Instances_highcost_H3/abs5n50,2,50,4194.0,3165.0,1.3251184834123222,0.0933342384129655,33 45 41 40 1 24 8 21 19 34 7 27 14 25 39 5 36 20 13 49 44 26 31 4 32 50 28 37 35 9 22 42 48 12 47 43 23 30 17 11 38 18 46 3 15 29 2 16 6 10
25,Instances_highcost_H6/abs5n10,0,10,1588.0,1480.0,1.072972972972973,0.08994708994708994,9 7 10 3 2 8 6 5 4 1
25,Instances_highcost_H6/abs5n10,1,10,1499.0,1480.0,1.0128378378378378,0.08641975308641975,8 9 7 10 3 1 4 5 6 2
25,Instances_highcost_H6/abs5n10,2,10,1499.0,1480.0,1.0128378378378378,0.08641975308641975,8 9 7 10 3 1 4 5 6 2
25,Instances_highcost_H6/abs5n10,3,10,1431.0,1480.0,0.9668918918918918,0.032407407407407406,2 7 9 10 3 1 4 5 6 8
25,Instances_highcost_H6/abs5n10,4,10,1431.0,1480.0,0.9668918918918918,0.032407407407407406,2 7 9 10 3 1 4 5 6 8
25,Instances_highcost_H6/abs5n10,5,10,1431.0,1480.0,0.9668918918918918,0.032407407407407406,2 7 9 10 3 1 4 5 6 8
25,Instances_highcost_H6/abs5n15,0,15,1523.0,1469.0,1.0367597004765146,0.021428571428571432,10 7 8 12 11 13 2 5 4 6 14 3 1 15 9
25,Instances_highcost_H6/abs5n15,1,15,1641.0,1469.0,1.1170864533696392,0.05714285714285715,10 7 8 12 11 13 2 5 4 6 14 3 15 9 1
25,Instances_highcost_H6/abs5n15,2,15,1641.0,1469.0,1.1170864533696392,0.05714285714285715,10 7 8 12 11 13 2 5 4 6 14 3 15 9 1
25,Instances_highcost_H6/abs5n15,3,15,1641.0,1469.0,1.1170864533696392,0.05714285714285715,10 7 8 12 11 13 2 5 4 6 14 3 15 9 1
25,Instances_highcost_H6/abs5n15,4,15,1641.0,1469.0,1.1170864533696392,0.05714285714285715,10 7 8 12 11 13 2 5 4 6 14 3 15 9 1
25,Instances_highcost_H6/abs5n15,5,15,1641.0,1469.0,1.1170864533696392,0.05714285714285715,10 7 8 12 11 13 2 5 4 6 14 3 15 9 1
25,Instances_highcost_H6/abs5n20,0,20,2315.0,2221.0,1.0423232778027915,0.08599071207430341,19 17 18 13 8 5 14 16 4 2 6 9 10 20 12 15 7 3 1 11
25,Instances_highcost_H6/abs5n20,1,20,2508.0,2221.0,1.1292210715893742,0.09372880731239865,19 17 18 5 14 8 13 16 4 2 6 9 10 20 11 12 15 7 3 1
25,Instances_highcost_H6/abs5n20,2,20,2556.0,2221.0,1.1508329581269698,0.09686163939259913,19 17 18 5 14 8 13 16 4 2 9 10 6 11 20 12 15 7 3 1
25,Instances_highcost_H6/abs5n20,3,20,2495.0,2221.0,1.1233678523187753,0.09203774811359951,19 14 17 18 5 8 13 16 2 9 10 6 11 20 12 15 7 3 1 4
25,Instances_highcost_H6/abs5n20,4,20,2495.0,2221.0,1.1233678523187753,0.09203774811359951,19 14 17 18 5 8 13 16 2 9 10 6 11 20 12 15 7 3 1 4
25,Instances_highcost_H6/abs5n20,5,20,2729.0,2221.0,1.2287257991895542,0.15938975455229326,19 17 18 5 14 16 2 9 10 6 11 20 12 15 7 3 8 13 4 1
25,Instances_highcost_H6/abs5n25,0,25,2507.0,2284.0,1.0976357267950962,0.09206123737373738,2 11 5 20 1 13 17 6 9 24 7 18 23 19 3 14 16 12 8 4 22 25 10 21 15
25,Instances_highcost_H6/abs5n25,1,25,2418.0,2284.0,1.0586690017513134,0.07849846303793673,2 11 5 20 1 21 10 25 22 4 8 18 7 24 9 19 3 23 14 16 12 15 17 13 6
25,Instances_highcost_H6/abs5n25,2,25,2418.0,2284.0,1.0586690017513134,0.07849846303793673,2 11 5 20 1 21 10 25 22 4 8 18 7 24 9 19 3 23 14 16 12 15 17 13 6
25,Instances_highcost_H6/abs5n25,3,25,2358.0,2284.0,1.0323992994746058,0.14389198155645525,2 11 5 20 1 21 10 25 22 4 8 18 7 24 19 9 23 3 14 12 16 6 15 17 13
25,Instances_highcost_H6/abs5n25,4,25,2358.0,2284.0,1.0323992994746058,0.14389198155645525,2 11 5 20 1 21 10 25 22 4 8 18 7 24 19 9 23 3 14 12 16 6 15 17 13
25,Instances_highcost_H6/abs5n25,5,25,2358.0,2284.0,1.0323992994746058,0.14389198155645525,2 11 5 20 1 21 10 25 22 4 8 18 7 24 19 9 23 3 14 12 16 6 15 17 13
25,Instances_highcost_H6/abs5n30,0,30,3023.0,2221.0,1.3610986042323279,0.11826735675422387,26 1 24 10 7 11 20 3 28 30 15 12 2 13 8 9 4 29 22 21 18 14 16 25 19 6 27 5 17 23
25,Instances_highcost_H6/abs5n30,1,30,2886.0,2221.0,1.29941467807294,0.13577752359857675,10 7 26 1 24 20 11 28 3 30 17 23 6 25 16 14 8 9 13 4 29 2 22 21 18 27 19 12 5 15
25,Instances_highcost_H6/abs5n30,2,30,2814.0,2221.0,1.2669968482665466,0.11803208175978687,10 7 23 17 28 26 1 24 20 11 3 30 15 6 25 16 14 8 9 13 4 29 2 22 21 18 27 19 12 5
25,Instances_highcost_H6/abs5n30,3,30,2814.0,2221.0,1.2669968482665466,0.11803208175978687,10 7 23 17 28 26 1 24 20 11 3 30 15 6 25 16 14 8 9 13 4 29 2 22 21 18 27 19 12 5
25,Instances_highcost_H6/abs5n30,4,30,2814.0,2221.0,1.2669968482665466,0.11803208175978687,10 7 23 17 28 26 1 24 20 11 3 30 15 6 25 16 14 8 9 13 4 29 2 22 21 18 27 19 12 5
25,Instances_highcost_H6/abs5n30,5,30,2814.0,2221.0,1.2669968482665466,0.11803208175978687,10 7 23 17 28 26 1 24 20 11 3 30 15 6 25 16 14 8 9 13 4 29 2 22 21 18 27 19 12 5
25,Instances_highcost_H6/abs5n5,0,5,1010.0,865.0,1.1676300578034682,0.08333333333333333,3 5 4 1 2
25,Instances_highcost_H6/abs5n5,1,5,1010.0,865.0,1.1676300578034682,0.08333333333333333,3 5 4 1 2
25,Instances_highcost_H6/abs5n5,2,5,1010.0,865.0,1.1676300578034682,0.08333333333333333,3 5 4 1 2
25,Instances_highcost_H6/abs5n5,3,5,1010.0,865.0,1.1676300578034682,0.08333333333333333,3 5 4 1 2
25,Instances_highcost_H6/abs5n5,4,5,1010.0,865.0,1.1676300578034682,0.08333333333333333,3 5 4 1 2
25,Instances_highcost_H6/abs5n5,5,5,1010.0,865.0,1.1676300578034682,0.08333333333333333,3 5 4 1 2
25,Instances_lowcost_H3/abs5n10,0,10,1588.0,1480.0,1.072972972972973,0.08994708994708994,9 7 10 3 2 8 6 5 4 1
25,Instances_lowcost_H3/abs5n10,1,10,1499.0,1480.0,1.0128378378378378,0.08641975308641975,8 9 7 10 3 1 4 5 6 2
25,Instances_lowcost_H3/abs5n10,2,10,1499.0,1480.0,1.0128378378378378,0.08641975308641975,8 9 7 10 3 1 4 5 6 2
25,Instances_lowcost_H3/abs5n15,0,15,1523.0,1469.0,1.0367597004765146,0.021428571428571432,10 7 8 12 11 13 2 5 4 6 14 3 1 15 9
25,Instances_lowcost_H3/abs5n15,1,15,1641.0,1469.0,1.1170864533696392,0.05714285714285715,10 7 8 12 11 13 2 5 4 6 14 3 15 9 1
25,Instances_lowcost_H3/abs5n15,2,15,1641.0,1469.0,1.1170864533696392,0.05714285714285715,10 7 8 12 11 13 2 5 4 6 14 3 15 9 1
25,Instances_lowcost_H3/abs5n20,0,20,2315.0,2221.0,1.0423232778027915,0.08599071207430341,19 17 18 13 8 5 14 16 4 2 6 9 10 20 12 15 7 3 1 11
25,Instances_lowcost_H3/abs5n20,1,20,2508.0,2221.0,1.1292210715893742,0.09372880731239865,19 17 18 5 14 8 13 16 4 2 6 9 10 20 11 12 15 7 3 1
25,Instances_lowcost_H3/abs5n20,2,20,2556.0,2221.0,1.1508329581269698,0.09686163939259913,19 17 18 5 14 8 13 16 4 2 9 10 6 11 20 12 15 7 3 1
25,Instances_lowcost_H3/abs5n25,0,25,2507.0,2284.0,1.0976357267950962,0.09206123737373738,2 11 5 20 1 13 17 6 9 24 7 18 23 19 3 14 16 12 8 4 22 25 10 21 15
25,Instances_lowcost_H3/abs5n25,1,25,2418.0,2284.0,1.0586690017513134,0.07849846303793673,2 11 5 20 1 21 10 25 22 4 8 18 7 24 9 19 3 23 14 16 12 15 17 13 6
25,Instances_lowcost_H3/abs5n25,2,25,2418.0,2284.0,1.0586690017513134,0.07849846303793673,2 11 5 20 1 21 10 25 22 4 8 18 7 24 9 19 3 23 14 16 12 15 17 13 6
25,Instances_lowcost_H3/abs5n30,0,30,3023.0,2221.0,1.3610986042323279,0.11826735675422387,26 1 24 10 7 11 20 3 28 30 15 12 2 13 8 9 4 29 22 21 18 14 16 25 19 6 27 5 17 23
25,Instances_lowcost_H3/abs5n30,1,30,2886.0,2221.0,1.29941467807294,0.13577752359857675,10 7 26 1 24 20 11 28 3 30 17 23 6 25 16 14 8 9 13 4 29 2 22 21 18 27 19 12 5 15
25,Instances_lowcost_H3/abs5n30,2,30,2814.0,2221.0,1.2669968482665466,0.11803208175978687,10 7 23 17 28 26 1 24 20 11 3 30 15 6 25 16 14 8 9 13 4 29 2 22 21 18 27 19 12 5
25,Instances_lowcost_H3/abs5n35,0,35,2993.0,2679.0,1.1172079134005226,0.09782165245564602,28 1 18 21 10 16 31 14 20 7 25 6 3 4 34 15 9 23 30 29 26 22 17 11 12 5 24 35 27 32 33 2 13 19 8
25,Instances_lowcost_H3/abs5n35,1,35,2971.0,2679.0,1.1089958939902949,0.12309229077946225,28 1 18 21 10 16 31 14 20 7 25 6 3 4 34 19 8 33 2 13 15 9 23 30 29 11 17 5 12 26 22 35 24 32 27
25,Instances_lowcost_H3/abs5n35,2,35,2922.0,2679.0,1.0907054871220605,0.12282385006984509,28 1 18 21 10 16 31 14 20 7 25 6 3 4 34 19 8 33 2 13 15 9 23 30 29 26 22 11 17 12 5 24 32 27 35
25,Instances_lowcost_H3/abs5n40,0,40,3047.0,2647.0,1.151114469210427,0.09387483873733,6 4 30 31 3 13 19 38 18 34 27 21 28 23 5 40 15 33 24 32 9 20 29 1 7 16 10 35 36 11 37 2 12 14 22 39 26 25 8 17
25,Instances_lowcost_H3/abs5n40,1,40,3316.0,2647.0,1.252738949754439,0.09077917495861491,6 4 30 31 13 3 38 18 34 17 8 25 19 2 15 33 24 40 5 32 9 20 29 1 7 16 37 12 14 10 23 35 28 36 11 39 22 26 27 21
25,Instances_lowcost_H3/abs5n40,2,40,3408.0,2647.0,1.2874952776728372,0.08834923022097788,4 6 30 31 13 3 38 18 34 17 8 25 19 2 15 33 24 40 5 32 9 20 29 1 7 16 37 12 14 10 23 35 28 36 11 22 39 26 27 21
25,Instances_lowcost_H3/abs5n45,0,45,3220.0,2475.0,1.301010101010101,0.06733942637310325,30 5 36 41 23 3 38 10 22 14 42 32 45 43 19 9 6 27 40 21 13 33 28 25 12 1 20 29 8 35 37 18 26 31 39 15 16 4 34 24 44 17 11 7 2
25,Instances_lowcost_H3/abs5n45,1,45,3414.0,2475.0,1.3793939393939394,0.08818308346930274,22 5 41 23 36 30 14 42 32 38 3 15 16 4 39 34 44 24 17 11 7 31 26 18 1 9 10 43 45 19 2 33 6 27 13 40 21 28 25 12 20 29 8 35 37
25,Instances_lowcost_H3/abs5n45,2,45,3277.0,2475.0,1.3240404040404041,0.08521466679119785,22 5 36 41 23 3 38 10 43 32 42 30 14 9 45 19 39 16 15 4 34 44 24 17 11 7 31 26 18 37 35 8 20 13 6 27 40 21 33 28 2 1 25 12 29
25,Instances_lowcost_H3/abs5n5,0,5,1010.0,865.0,1.1676300578034682,0.08333333333333333,3 5 4 1 2
25,Instances_lowcost_H3/abs5n5,1,5,1010.0,865.0,1.1676300578034682,0.08333333333333333,3 5 4 1 2
25,Instances_lowcost_H3/abs5n5,2,5,1010.0,865.0,1.1676300578034682,0.08333333333333333,3 5 4 1 2
25,Instances_lowcost_H3/abs5n50,0,50,3303.0,3165.0,1.0436018957345972,0.06465632661378484,33 45 26 44 31 49 13 20 42 48 12 36 22 4 37 50 32 41 23 28 35 9 47 38 18 46 5 39 10 6 14 25 34 7 27 24 1 40 8 19 21 16 2 15 3 11 29 17 43 30
25,Instances_lowcost_H3/abs5n50,1,50,4139.0,3165.0,1.307740916271722,0.08125700240499859,45 33 1 40 24 8 21 19 34 7 27 14 25 39 5 36 20 13 49 44 26 31 4 32 50 41 23 43 37 28 35 9 47 22 42 48 12 38 18 46 15 29 17 30 11 3 10 6 2 16
25,Instances_lowcost_H3/abs5n50,2,50,4194.0,3165.0,1.3251184834123222,0.0933342384129655,33 45 41 40 1 24 8 21 19 34 7 27 14 25 39 5 36 20 13 49 44 26 31 4 32 50 28 37 35 9 22 42 48 12 47 43 23 30 17 11 38 18 46 3 15 29 2 16 6 10
25,Instances_lowcost_H6/abs5n10,0,10,1588.0,1480.0,1.072972972972973,0.08994708994708994,9 7 10 3 2 8 6 5 4 1
25,Instances_lowcost_H6/abs5n10,1,10,1499.0,1480.0,1.0128378378378378,0.08641975308641975,8 9 7 10 3 1 4 5 6 2
25,Instances_lowcost_H6/abs5n10,2,10,1499.0,1480.0,1.0128378378378378,0.08641975308641975,8 9 7 10 3 1 4 5 6 2
25,Instances_lowcost_H6/abs5n10,3,10,1431.0,1480.0,0.9668918918918918,0.032407407407407406,2 7 9 10 3 1 4 5 6 8
25,Instances_lowcost_H6/abs5n10,4,10,1431.0,1480.0,0.9668918918918918,0.032407407407407406,2 7 9 10 3 1 4 5 6 8
25,Instances_lowcost_H6/abs5n10,5,10,1431.0,1480.0,0.9668918918918918,0.032407407407407406,2 7 9 10 3 1 4 5 6 8
25,Instances_lowcost_H6/abs5n15,0,15,1523.0,1469.0,1.0367597004765146,0.021428571428571432,10 7 8 12 11 13 2 5 4 6 14 3 1 15 9
25,Instances_lowcost_H6/abs5n15,1,15,1641.0,1469.0,1.1170864533696392,0.05714285714285715,10 7 8 12 11 13 2 5 4 6 14 3 15 9 1
25,Instances_lowcost_H6/abs5n15,2,15,1641.0,1469.0,1.1170864533696392,0.05714285714285715,10 7 8 12 11 13 2 5 4 6 14 3 15 9 1
25,Instances_lowcost_H6/abs5n15,3,15,1641.0,1469.0,1.1170864533696392,0.05714285714285715,10 7 8 12 11 13 2 5 4 6 14 3 15 9 1
25,Instances_lowcost_H6/abs5n15,4,15,1641.0,1469.0,1.1170864533696392,0.05714285714285715,10 7 8 12 11 13 2 5 4 6 14 3 15 9 1
25,Instances_lowcost_H6/abs5n15,5,15,1641.0,1469.0,1.1170864533696392,0.05714285714285715,10 7 8 12 11 13 2 5 4 6 14 3 15 9 1
25,Instances_lowcost_H6/abs5n20,0,20,2315.0,2221.0,1.0423232778027915,0.08599071207430341,19 17 18 13 8 5 14 16 4 2 6 9 10 20 12 15 7 3 1 11
25,Instances_lowcost_H6/abs5n20,1,20,2508.0,2221.0,1.1292210715893742,0.09372880731239865,19 17 18 5 14 8 13 16 4 2 6 9 10 20 11 12 15 7 3 1
25,Instances_lowcost_H6/abs5n20,2,20,2556.0,2221.0,1.1508329581269698,0.09686163939259913,19 17 18 5 14 8 13 16 4 2 9 10 6 11 20 12 15 7 3 1
25,Instances_lowcost_H6/abs5n20,3,20,2495.0,2221.0,1.1233678523187753,0.09203774811359951,19 14 17 18 5 8 13 16 2 9 10 6 11 20 12 15 7 3 1 4
25,Instances_lowcost_H6/abs5n20,4,20,2495.0,2221.0,1.1233678523187753,0.09203774811359951,19 14 17 18 5 8 13 16 2 9 10 6 11 20 12 15 7 3 1 4
25,Instances_lowcost_H6/abs5n20,5,20,2729.0,2221.0,1.2287257991895542,0.15938975455229326,19 17 18 5 14 16 2 9 10 6 11 20 12 15 7 3 8 13 4 1
25,Instances_lowcost_H6/abs5n25,0,25,2507.0,2284.0,1.0976357267950962,0.09206123737373738,2 11 5 20 1 13 17 6 9 24 7 18 23 19 3 14 16 12 8 4 22 25 10 21 15
25,Instances_lowcost_H6/abs5n25,1,25,2418.0,2284.0,1.0586690017513134,0.07849846303793673,2 11 5 20 1 21 10 25 22 4 8 18 7 24 9 19 3 23 14 16 12 15 17 13 6
25,Instances_lowcost_H6/abs5n25,2,25,2418.0,2284.0,1.0586690017513134,0.07849846303793673,2 11 5 20 1 21 10 25 22 4 8 18 7 24 9 19 3 23 14 16 12 15 17 13 6
25,Instances_lowcost_H6/abs5n25,3,25,2358.0,2284.0,1.0323992994746058,0.14389198155645525,2 11 5 20 1 21 10 25 22 4 8 18 7 24 19 9 23 3 14 12 16 6 15 17 13
25,Instances_lowcost_H6/abs5n25,4,25,2358.0,2284.0,1.0323992994746058,0.14389198155645525,2 11 5 20 1 21 10 25 22 4 8 18 7 24 19 9 23 3 14 12 16 6 15 17 13
25,Instances_lowcost_H6/abs5n25,5,25,2358.0,2284.0,1.0323992994746058,0.14389198155645525,2 11 5 20 1 21 10 25 22 4 8 18 7 24 19 9 23 3 14 12 16 6 15 17 13
25,Instances_lowcost_H6/abs5n30,0,30,3023.0,2221.0,1.3610986042323279,0.11826735675422387,26 1 24 10 7 11 20 3 28 30 15 12 2 13 8 9 4 29 22 21 18 14 16 25 19 6 27 5 17 23
25,Instances_lowcost_H6/abs5n30,1,30,2886.0,2221.0,1.29941467807294,0.13577752359857675,10 7 26 1 24 20 11 28 3 30 17 23 6 25 16 14 8 9 13 4 29 2 22 21 18 27 19 12 5 15
25,Instances_lowcost_H6/abs5n30,2,30,2814.0,2221.0,1.2669968482665466,0.11803208175978687,10 7 23 17 28 26 1 24 20 11 3 30 15 6 25 16 14 8 9 13 4 29 2 22 21 18 27 19 12 5
25,Instances_lowcost_H6/abs5n30,3,30,2814.0,2221.0,1.2669968482665466,0.11803208175978687,10 7 23 17 28 26 1 24 20 11 3 30 15 6 25 16 14 8 9 13 4 29 2 22 21 18 27 19 12 5
25,Instances_lowcost_H6/abs5n30,4,30,2814.0,2221.0,1.2669968482665466,0.11803208175978687,10 7 23 17 28 26 1 24 20 11 3 30 15 6 25 16 14 8 9 13 4 29 2 22 21 18 27 19 12 5
25,Instances_lowcost_H6/abs5n30,5,30,2814.0,2221.0,1.2669968482665466,0.11803208175978687,10 7 23 17 28 26 1 24 20 11 3 30 15 6 25 16 14 8 9 13 4 29 2 22 21 18 27 19 12 5
25,Instances_lowcost_H6/abs5n5,0,5,1010.0,865.0,1.1676300578034682,0.08333333333333333,3 5 4 1 2
25,Instances_lowcost_H6/abs5n5,1,5,1010.0,865.0,1.1676300578034682,0.08333333333333333,3 5 4 1 2
25,Instances_lowcost_H6/abs5n5,2,5,1010.0,865.0,1.1676300578034682,0.08333333333333333,3 5 4 1 2
25,Instances_lowcost_H6/abs5n5,3,5,1010.0,865.0,1.1676300578034682,0.08333333333333333,3 5 4 1 2
25,Instances_lowcost_H6/abs5n5,4,5,1010.0,865.0,1.1676300578034682,0.08333333333333333,3 5 4 1 2
25,Instances_lowcost_H6/abs5n5,5,5,1010.0,865.0,1.1676300578034682,0.08333333333333333,3 5 4 1 2
50,Instances_highcost_H3/abs5n10,0,10,1368.0,1480.0,0.9243243243243243,0.10493827160493827,8 6 5 4 1 3 10 7 9 2
50,Instances_highcost_H3/abs5n10,1,10,1368.0,1480.0,0.9243243243243243,0.10493827160493827,8 6 5 4 1 3 10 7 9 2
50,Instances_highcost_H3/abs5n10,2,10,1368.0,1480.0,0.9243243243243243,0.10493827160493827,8 6 5 4 1 3 10 7 9 2
50,Instances_highcost_H3/abs5n15,0,15,1641.0,1469.0,1.1170864533696392,0.05714285714285715,10 7 8 12 11 13 2 5 4 6 14 3 15 9 1
50,Instances_highcost_H3/abs5n15,1,15,2037.0,1469.0,1.3866575901974132,0.2122448979591837,9 15 6 4 5 14 3 1 10 8 7 13 11 2 12
50,Instances_highcost_H3/abs5n15,2,15,2037.0,1469.0,1.3866575901974132,0.2122448979591837,9 15 6 4 5 14 3 1 10 8 7 13 11 2 12
50,Instances_highcost_H3/abs5n20,0,20,2532.0,2221.0,1.140027014858172,0.0796937195931004,19 17 18 5 14 8 13 3 1 20 10 9 6 2 4 11 12 15 7 16
50,Instances_highcost_H3/abs5n20,1,20,2470.0,2221.0,1.1121116614137776,0.0766640866873065,19 14 17 18 8 13 5 16 4 10 9 6 2 11 20 12 15 7 3 1
50,Instances_highcost_H3/abs5n20,2,20,2497.0,2221.0,1.1242683475911752,0.07052373581011351,19 14 17 18 5 8 13 3 1 20 10 9 6 2 4 11 12 15 7 16
50,Instances_highcost_H3/abs5n25,0,25,2284.0,2284.0,1.0,0.08683179637127007,2 11 5 20 1 21 10 25 22 4 8 18 7 24 9 19 3 23 14 12 16 6 15 13 17
50,Instances_highcost_H3/abs5n25,1,25,2773.0,2284.0,1.2140980735551663,0.11914156445406447,2 11 5 20 1 13 17 6 3 9 24 7 18 8 4 25 10 21 22 15 16 14 23 19 12
50,Instances_highcost_H3/abs5n25,2,25,2620.0,2284.0,1.1471103327495622,0.10739659645909645,2 11 5 20 1 13 17 6 3 19 9 24 7 18 8 4 25 10 21 22 15 16 14 23 12
50,Instances_highcost_H3/abs5n30,0,30,2818.0,2221.0,1.2687978388113463,0.06238280918596387,1 26 10 7 24 20 11 28 3 30 23 6 25 16 14 8 9 13 4 29 22 21 2 18 27 12 5 15 17 19
50,Instances_highcost_H3/abs5n30,1,30,2732.0,2221.0,1.230076542098154,0.07511919164879116,1 26 24 10 7 28 11 20 3 30 17 23 16 14 8 9 29 4 13 2 22 21 18 27 12 15 25 19 6 5
50,Instances_highcost_H3/abs5n30,2,30,2568.0,2221.0,1.1562359297613687,0.055166347558016034,1 26 24 10 7 28 11 20 3 30 17 23 16 14 8 9 13 4 29 22 21 2 18 27 12 15 6 25 19 5
50,Instances_highcost_H3/abs5n35,0,35,3031.0,2679.0,1.1313923105636432,0.10275346805808469,28 1 18 21 10 16 31 14 20 7 26 30 6 25 3 4 34 19 8 15 9 23 11 29 22 35 27 32 24 5 17 12 13 33 2
50,Instances_highcost_H3/abs5n35,1,35,3108.0,2679.0,1.16013437849944,0.08968025395047041,28 1 18 21 10 16 31 14 20 7 25 6 3 30 11 5 24 32 35 27 22 26 29 23 4 34 19 8 2 33 13 15 9 12 17
50,Instances_highcost_H3/abs5n35,2,35,3064.0,2679.0,1.1437103396789847,0.09359386484937543,28 1 18 21 10 16 31 14 20 7 25 6 3 30 11 5 24 32 27 35 22 26 29 17 23 4 34 19 8 2 33 13 15 9 12
50,Instances_highcost_H3/abs5n40,0,40,2887.0,2647.0,1.090668681526256,0.03696121641807281,6 4 30 31 13 3 19 38 18 34 27 21 28 36 35 23 10 5 40 24 15 33 32 9 20 1 29 16 7 37 2 25 8 17 39 26 22 14 12 11
50,Instances_highcost_H3/abs5n40,1,40,3308.0,2647.0,1.2497166603702305,0.07850438589769322,6 4 30 31 13 19 3 38 18 34 17 39 25 8 14 37 1 33 15 40 24 5 29 20 9 32 2 7 16 23 35 10 28 27 21 36 11 26 22 12
50,Instances_highcost_H3/abs5n40,2,40,3248.0,2647.0,1.2270494899886664,0.05885620089145195,6 4 30 31 13 3 19 38 18 34 17 39 25 8 22 26 27 21 28 35 23 10 5 40 33 15 24 32 9 20 1 29 37 14 12 7 16 2 11 36
50,Instances_highcost_H3/abs5n45,0,45,3058.0,2475.0,1.2355555555555555,0.05896444317044994,28 9 14 5 36 41 23 3 38 10 32 42 30 22 45 43 19 4 15 16 39 34 24 44 17 11 35 37 8 20 29 12 18 7 31 26 1 25 13 27 6 40 21 33 2
50,Instances_highcost_H3/abs5n45,1,45,3158.0,2475.0,1.275959595959596,0.0626542250098254,28 9 14 30 36 41 23 3 15 16 4 39 34 24 44 17 11 35 37 18 7 31 26 1 12 29 20 8 25 13 27 6 40 21 33 22 5 32 38 10 43 45 19 42 2
50,Instances_highcost_H3/abs5n45,2,45,3340.0,2475.0,1.3494949494949495,0.08192609313876681,28 9 14 5 41 23 3 15 16 4 39 34 24 44 17 11 35 37 8 20 29 13 27 25 12 18 7 31 26 1 21 6 40 33 22 36 30 32 38 10 43 45 19 42 2
50,Instances_highcost_H3/abs5n5,0,5,896.0,865.0,1.0358381502890173,0.3333333333333333,3 5 4 2 1
50,Instances_highcost_H3/abs5n5,1,5,866.0,865.0,1.001156069364162,0.25,3 4 5 2 1
50,Instances_highcost_H3/abs5n5,2,5,866.0,865.0,1.001156069364162,0.25,3 4 5 2 1
50,Instances_highcost_H3/abs5n50,0,50,3483.0,3165.0,1.100473933649289,0.057859000602731456,45 33 26 44 31 4 49 13 20 42 48 12 36 22 38 46 5 39 14 25 34 7 27 24 1 40 8 19 16 21 2 15 10 6 18 3 29 30 23 41 32 50 37 28 35 9 47 43 17 11
50,Instances_highcost_H3/abs5n50,1,50,3735.0,3165.0,1.180094786729858,0.08405166854307512,33 45 26 44 4 31 13 49 20 42 48 36 12 22 38 46 5 39 25 14 34 7 27 24 1 40 8 19 16 21 29 15 10 6 18 3 2 17 23 32 50 41 28 37 9 47 30 43 35 11
50,Instances_highcost_H3/abs5n50,2,50,3674.0,3165.0,1.160821484992101,0.06391470787587124,33 45 26 44 4 31 13 49 20 42 48 12 36 5 39 25 14 34 7 27 24 1 40 8 19 16 21 2 15 29 17 23 32 50 41 28 37 9 47 30 43 35 11 38 46 10 6 18 3 22
50,Instances_highcost_H6/abs5n10,0,10,1368.0,1480.0,0.9243243243243243,0.10493827160493827,8 6 5 4 1 3 10 7 9 2
50,Instances_highcost_H6/abs5n10,1,10,1368.0,1480.0,0.9243243243243243,0.10493827160493827,8 6 5 4 1 3 10 7 9 2
50,Instances_highcost_H6/abs5n10,2,10,1368.0,1480.0,0.9243243243243243,0.10493827160493827,8 6 5 4 1 3 10 7 9 2
50,Instances_highcost_H6/abs5n10,3,10,1368.0,1480.0,0.9243243243243243,0.10493827160493827,8 6 5 4 1 3 10 7 9 2
50,Instances_highcost_H6/abs5n10,4,10,1368.0,1480.0,0.9243243243243243,0.10493827160493827,8 6 5 4 1 3 10 7 9 2
50,Instances_highcost_H6/abs5n10,5,10,1368.0,1480.0,0.9243243243243243,0.10493827160493827,8 6 5 4 1 3 10 7 9 2
50,Instances_highcost_H6/abs5n15,0,15,1641.0,1469.0,1.1170864533696392,0.05714285714285715,10 7 8 12 11 13 2 5 4 6 14 3 15 9 1
50,Instances_highcost_H6/abs5n15,1,15,2037.0,1469.0,1.3866575901974132,0.2122448979591837,9 15 6 4 5 14 3 1 10 8 7 13 11 2 12
50,Instances_highcost_H6/abs5n15,2,15,2037.0,1469.0,1.3866575901974132,0.2122448979591837,9 15 6 4 5 14 3 1 10 8 7 13 11 2 12
50,Instances_highcost_H6/abs5n15,3,15,1964.0,1469.0,1.3369639210347175,0.19795918367346937,9 15 6 4 5 14 3 1 10 7 8 13 11 2 12
50,Instances_highcost_H6/abs5n15,4,15,1964.0,1469.0,1.3369639210347175,0.19795918367346937,9 15 6 4 5 14 3 1 10 7 8 13 11 2 12
50,Instances_highcost_H6/abs5n15,5,15,1964.0,1469.0,1.3369639210347175,0.19795918367346937,9 15 6 4 5 14 3 1 10 7 8 13 11 2 12
50,Instances_highcost_H6/abs5n20,0,20,2532.0,2221.0,1.140027014858172,0.0796937195931004,19 17 18 5 14 8 13 3 1 20 10 9 6 2 4 11 12 15 7 16
50,Instances_highcost_H6/abs5n20,1,20,2470.0,2221.0,1.1121116614137776,0.0766640866873065,19 14 17 18 8 13 5 16 4 10 9 6 2 11 20 12 15 7 3 1
50,Instances_highcost_H6/abs5n20,2,20,2497.0,2221.0,1.1242683475911752,0.07052373581011351,19 14 17 18 5 8 13 3 1 20 10 9 6 2 4 11 12 15 7 16
50,Instances_highcost_H6/abs5n20,3,20,2497.0,2221.0,1.1242683475911752,0.07052373581011351,19 14 17 18 5 8 13 3 1 20 10 9 6 2 4 11 12 15 7 16
50,Instances_highcost_H6/abs5n20,4,20,2497.0,2221.0,1.1242683475911752,0.07052373581011351,19 14 17 18 5 8 13 3 1 20 10 9 6 2 4 11 12 15 7 16
50,Instances_highcost_H6/abs5n20,5,20,2497.0,2221.0,1.1242683475911752,0.07052373581011351,19 14 17 18 5 8 13 3 1 20 10 9 6 2 4 11 12 15 7 16
50,Instances_highcost_H6/abs5n25,0,25,2284.0,2284.0,1.0,0.08683179637127007,2 11 5 20 1 21 10 25 22 4 8 18 7 24 9 19 3 23 14 12 16 6 15 13 17
50,Instances_highcost_H6/abs5n25,1,25,2773.0,2284.0,1.2140980735551663,0.11914156445406447,2 11 5 20 1 13 17 6 3 9 24 7 18 8 4 25 10 21 22 15 16 14 23 19 12
50,Instances_highcost_H6/abs5n25,2,25,2620.0,2284.0,1.1471103327495622,0.10739659645909645,2 11 5 20 1 13 17 6 3 19 9 24 7 18 8 4 25 10 21 22 15 16 14 23 12
50,Instances_highcost_H6/abs5n25,3,25,2553.0,2284.0,1.1177758318739055,0.06572992979242978,2 11 5 20 1 13 17 6 3 19 9 24 7 18 8 4 25 10 21 22 15 16 14 12 23
50,Instances_highcost_H6/abs5n25,4,25,2553.0,2284.0,1.1177758318739055,0.06572992979242978,2 11 5 20 1 13 17 6 3 19 9 24 7 18 8 4 25 10 21 22 15 16 14 12 23
50,Instances_highcost_H6/abs5n25,5,25,2553.0,2284.0,1.1177758318739055,0.06572992979242978,2 11 5 20 1 13 17 6 3 19 9 24 7 18 8 4 25 10 21 22 15 16 14 12 23
50,Instances_highcost_H6/abs5n30,0,30,2818.0,2221.0,1.2687978388113463,0.06238280918596387,1 26 10 7 24 20 11 28 3 30 23 6 25 16 14 8 9 13 4 29 22 21 2 18 27 12 5 15 17 19
50,Instances_highcost_H6/abs5n30,1,30,2732.0,2221.0,1.230076542098154,0.07511919164879116,1 26 24 10 7 28 11 20 3 30 17 23 16 14 8 9 29 4 13 2 22 21 18 27 12 15 25 19 6 5
50,Instances_highcost_H6/abs5n30,2,30,2568.0,2221.0,1.1562359297613687,0.055166347558016034,1 26 24 10 7 28 11 20 3 30 17 23 16 14 8 9 13 4 29 22 21 2 18 27 12 15 6 25 19 5
50,Instances_highcost_H6/abs5n30,3,30,2568.0,2221.0,1.1562359297613687,0.055166347558016034,1 26 24 10 7 28 11 20 3 30 17 23 16 14 8 9 13 4 29 22 21 2 18 27 12 15 6 25 19 5
50,Instances_highcost_H6/abs5n30,4,30,2568.0,2221.0,1.1562359297613687,0.055166347558016034,1 26 24 10 7 28 11 20 3 30 17 23 16 14 8 9 13 4 29 22 21 2 18 27 12 15 6 25 19 5
50,Instances_highcost_H6/abs5n30,5,30,2568.0,2221.0,1.1562359297613687,0.055166347558016034,1 26 24 10 7 28 11 20 3 30 17 23 16 14 8 9 13 4 29 22 21 2 18 27 12 15 6 25 19 5
50,Instances_highcost_H6/abs5n5,0,5,896.0,865.0,1.0358381502890173,0.3333333333333333,3 5 4 2 1
50,Instances_highcost_H6/abs5n5,1,5,866.0,865.0,1.001156069364162,0.25,3 4 5 2 1
50,Instances_highcost_H6/abs5n5,2,5,866.0,865.0,1.001156069364162,0.25,3 4 5 2 1
50,Instances_highcost_H6/abs5n5,3,5,896.0,865.0,1.0358381502890173,0.3333333333333333,3 5 4 2 1
50,Instances_highcost_H6/abs5n5,4,5,896.0,865.0,1.0358381502890173,0.3333333333333333,3 5 4 2 1
50,Instances_highcost_H6/abs5n5,5,5,896.0,865.0,1.0358381502890173,0.3333333333333333,3 5 4 2 1
50,Instances_lowcost_H3/abs5n10,0,10,1368.0,1480.0,0.9243243243243243,0.10493827160493827,8 6 5 4 1 3 10 7 9 2
50,Instances_lowcost_H3/abs5n10,1,10,1368.0,1480.0,0.9243243243243243,0.10493827160493827,8 6 5 4 1 3 10 7 9 2
50,Instances_lowcost_H3/abs5n10,2,10,1368.0,1480.0,0.9243243243243243,0.10493827160493827,8 6 5 4 1 3 10 7 9 2
50,Instances_lowcost_H3/abs5n15,0,15,1641.0,1469.0,1.1170864533696392,0.05714285714285715,10 7 8 12 11 13 2 5 4 6 14 3 15 9 1
50,Instances_lowcost_H3/abs5n15,1,15,2037.0,1469.0,1.3866575901974132,0.2122448979591837,9 15 6 4 5 14 3 1 10 8 7 13 11 2 12
50,Instances_lowcost_H3/abs5n15,2,15,2037.0,1469.0,1.3866575901974132,0.2122448979591837,9 15 6 4 5 14 3 1 10 8 7 13 11 2 12
50,Instances_lowcost_H3/abs5n20,0,20,2532.0,2221.0,1.140027014858172,0.0796937195931004,19 17 18 5 14 8 13 3 1 20 10 9 6 2 4 11 12 15 7 16
50,Instances_lowcost_H3/abs5n20,1,20,2470.0,2221.0,1.1121116614137776,0.0766640866873065,19 14 17 18 8 13 5 16 4 10 9 6 2 11 20 12 15 7 3 1
50,Instances_lowcost_H3/abs5n20,2,20,2497.0,2221.0,1.1242683475911752,0.07052373581011351,19 14 17 18 5 8 13 3 1 20 10 9 6 2 4 11 12 15 7 16
50,Instances_lowcost_H3/abs5n25,0,25,2284.0,2284.0,1.0,0.08683179637127007,2 11 5 20 1 21 10 25 22 4 8 18 7 24 9 19 3 23 14 12 16 6 15 13 17
50,Instances_lowcost_H3/abs5n25,1,25,2773.0,2284.0,1.2140980735551663,0.11914156445406447,2 11 5 20 1 13 17 6 3 9 24 7 18 8 4 25 10 21 22 15 16 14 23 19 12
50,Instances_lowcost_H3/abs5n25,2,25,2620.0,2284.0,1.1471103327495622,0.10739659645909645,2 11 5 20 1 13 17 6 3 19 9 24 7 18 8 4 25 10 21 22 15 16 14 23 12
50,Instances_lowcost_H3/abs5n30,0,30,2818.0,2221.0,1.2687978388113463,0.06238280918596387,1 26 10 7 24 20 11 28 3 30 23 6 25 16 14 8 9 13 4 29 22 21 2 18 27 12 5 15 17 19
50,Instances_lowcost_H3/abs5n30,1,30,2732.0,2221.0,1.230076542098154,0.07511919164879116,1 26 24 10 7 28 11 20 3 30 17 23 16 14 8 9 29 4 13 2 22 21 18 27 12 15 25 19 6 5
50,Instances_lowcost_H3/abs5n30,2,30,2568.0,2221.0,1.1562359297613687,0.055166347558016034,1 26 24 10 7 28 11 20 3 30 17 23 16 14 8 9 13 4 29 22 21 2 18 27 12 15 6 25 19 5
50,Instances_lowcost_H3/abs5n35,0,35,3031.0,2679.0,1.1313923105636432,0.10275346805808469,28 1 18 21 10 16 31 14 20 7 26 30 6 25 3 4 34 19 8 15 9 23 11 29 22 35 27 32 24 5 17 12 13 33 2
50,Instances_lowcost_H3/abs5n35,1,35,3108.0,2679.0,1.16013437849944,0.08968025395047041,28 1 18 21 10 16 31 14 20 7 25 6 3 30 11 5 24 32 35 27 22 26 29 23 4 34 19 8 2 33 13 15 9 12 17
50,Instances_lowcost_H3/abs5n35,2,35,3064.0,2679.0,1.1437103396789847,0.09359386484937543,28 1 18 21 10 16 31 14 20 7 25 6 3 30 11 5 24 32 27 35 22 26 29 17 23 4 34 19 8 2 33 13 15 9 12
50,Instances_lowcost_H3/abs5n40,0,40,2887.0,2647.0,1.090668681526256,0.03696121641807281,6 4 30 31 13 3 19 38 18 34 27 21 28 36 35 23 10 5 40 24 15 33 32 9 20 1 29 16 7 37 2 25 8 17 39 26 22 14 12 11
50,Instances_lowcost_H3/abs5n40,1,40,3308.0,2647.0,1.2497166603702305,0.07850438589769322,6 4 30 31 13 19 3 38 18 34 17 39 25 8 14 37 1 33 15 40 24 5 29 20 9 32 2 7 16 23 35 10 28 27 21 36 11 26 22 12
50,Instances_lowcost_H3/abs5n40,2,40,3248.0,2647.0,1.2270494899886664,0.05885620089145195,6 4 30 31 13 3 19 38 18 34 17 39 25 8 22 26 27 21 28 35 23 10 5 40 33 15 24 32 9 20 1 29 37 14 12 7 16 2 11 36
50,Instances_lowcost_H3/abs5n45,0,45,3058.0,2475.0,1.2355555555555555,0.05896444317044994,28 9 14 5 36 41 23 3 38 10 32 42 30 22 45 43 19 4 15 16 39 34 24 44 17 11 35 37 8 20 29 12 18 7 31 26 1 25 13 27 6 40 21 33 2
50,Instances_lowcost_H3/abs5n45,1,45,3158.0,2475.0,1.275959595959596,0.0626542250098254,28 9 14 30 36 41 23 3 15 16 4 39 34 24 44 17 11 35 37 18 7 31 26 1 12 29 20 8 25 13 27 6 40 21 33 22 5 32 38 10 43 45 19 42 2
50,Instances_lowcost_H3/abs5n45,2,45,3340.0,2475.0,1.3494949494949495,0.08192609313876681,28 9 14 5 41 23 3 15 16 4 39 34 24 44 17 11 35 37 8 20 29 13 27 25 12 18 7 31 26 1 21 6 40 33 22 36 30 32 38 10 43 45 19 42 2
50,Instances_lowcost_H3/abs5n5,0,5,896.0,865.0,1.0358381502890173,0.3333333333333333,3 5 4 2 1
50,Instances_lowcost_H3/abs5n5,1,5,866.0,865.0,1.001156069364162,0.25,3 4 5 2 1
50,Instances_lowcost_H3/abs5n5,2,5,866.0,865.0,1.001156069364162,0.25,3 4 5 2 1
50,Instances_lowcost_H3/abs5n50,0,50,3483.0,3165.0,1.100473933649289,0.057859000602731456,45 33 26 44 31 4 49 13 20 42 48 12 36 22 38 46 5 39 14 25 34 7 27 24 1 40 8 19 16 21 2 15 10 6 18 3 29 30 23 41 32 50 37 28 35 9 47 43 17 11
50,Instances_lowcost_H3/abs5n50,1,50,3735.0,3165.0,1.180094786729858,0.08405166854307512,33 45 26 44 4 31 13 49 20 42 48 36 12 22 38 46 5 39 25 14 34 7 27 24 1 40 8 19 16 21 29 15 10 6 18 3 2 17 23 32 50 41 28 37 9 47 30 43 35 11
50,Instances_lowcost_H3/abs5n50,2,50,3674.0,3165.0,1.160821484992101,0.06391470787587124,33 45 26 44 4 31 13 49 20 42 48 12 36 5 39 25 14 34 7 27 24 1 40 8 19 16 21 2 15 29 17 23 32 50 41 28 37 9 47 30 43 35 11 38 46 10 6 18 3 22
50,Instances_lowcost_H6/abs5n10,0,10,1368.0,1480.0,0.9243243243243243,0.10493827160493827,8 6 5 4 1 3 10 7 9 2
50,Instances_lowcost_H6/abs5n10,1,10,1368.0,1480.0,0.9243243243243243,0.10493827160493827,8 6 5 4 1 3 10 7 9 2
50,Instances_lowcost_H6/abs5n10,2,10,1368.0,1480.0,0.9243243243243243,0.10493827160493827,8 6 5 4 1 3 10 7 9 2
50,Instances_lowcost_H6/abs5n10,3,10,1368.0,1480.0,0.9243243243243243,0.10493827160493827,8 6 5 4 1 3 10 7 9 2
50,Instances_lowcost_H6/abs5n10,4,10,1368.0,1480.0,0.9243243243243243,0.10493827160493827,8 6 5 4 1 3 10 7 9 2
50,Instances_lowcost_H6/abs5n10,5,10,1368.0,1480.0,0.9243243243243243,0.10493827160493827,8 6 5 4 1 3 10 7 9 2
50,Instances_lowcost_H6/abs5n15,0,15,1641.0,1469.0,1.1170864533696392,0.05714285714285715,10 7 8 12 11 13 2 5 4 6 14 3 15 9 1
50,Instances_lowcost_H6/abs5n15,1,15,2037.0,1469.0,1.3866575901974132,0.2122448979591837,9 15 6 4 5 14 3 1 10 8 7 13 11 2 12
50,Instances_lowcost_H6/abs5n15,2,15,2037.0,1469.0,1.3866575901974132,0.2122448979591837,9 15 6 4 5 14 3 1 10 8 7 13 11 2 12
50,Instances_lowcost_H6/abs5n15,3,15,1964.0,1469.0,1.3369639210347175,0.19795918367346937,9 15 6 4 5 14 3 1 10 7 8 13 11 2 12
50,Instances_lowcost_H6/abs5n15,4,15,1964.0,1469.0,1.3369639210347175,0.19795918367346937,9 15 6 4 5 14 3 1 10 7 8 13 11 2 12
50,Instances_lowcost_H6/abs5n15,5,15,1964.0,1469.0,1.3369639210347175,0.19795918367346937,9 15 6 4 5 14 3 1 10 7 8 13 11 2 12
50,Instances_lowcost_H6/abs5n20,0,20,2532.0,2221.0,1.140027014858172,0.0796937195931004,19 17 18 5 14 8 13 3 1 20 10 9 6 2 4 11 12 15 7 16
50,Instances_lowcost_H6/abs5n20,1,20,2470.0,2221.0,1.1121116614137776,0.0766640866873065,19 14 17 18 8 13 5 16 4 10 9 6 2 11 20 12 15 7 3 1
50,Instances_lowcost_H6/abs5n20,2,20,2497.0,2221.0,1.1242683475911752,0.07052373581011351,19 14 17 18 5 8 13 3 1 20 10 9 6 2 4 11 12 15 7 16
50,Instances_lowcost_H6/abs5n20,3,20,2497.0,2221.0,1.1242683475911752,0.07052373581011351,19 14 17 18 5 8 13 3 1 20 10 9 6 2 4 11 12 15 7 16
50,Instances_lowcost_H6/abs5n20,4,20,2497.0,2221.0,1.1242683475911752,0.07052373581011351,19 14 17 18 5 8 13 3 1 20 10 9 6 2 4 11 12 15 7 16
50,Instances_lowcost_H6/abs5n20,5,20,2497.0,2221.0,1.1242683475911752,0.07052373581011351,19 14 17 18 5 8 13 3 1 20 10 9 6 2 4 11 12 15 7 16
50,Instances_lowcost_H6/abs5n25,0,25,2284.0,2284.0,1.0,0.08683179637127007,2 11 5 20 1 21 10 25 22 4 8 18 7 24 9 19 3 23 14 12 16 6 15 13 17
50,Instances_lowcost_H6/abs5n25,1,25,2773.0,2284.0,1.2140980735551663,0.11914156445406447,2 11 5 20 1 13 17 6 3 9 24 7 18 8 4 25 10 21 22 15 16 14 23 19 12
50,Instances_lowcost_H6/abs5n25,2,25,2620.0,2284.0,1.1471103327495622,0.10739659645909645,2 11 5 20 1 13 17 6 3 19 9 24 7 18 8 4 25 10 21 22 15 16 14 23 12
50,Instances_lowcost_H6/abs5n25,3,25,2553.0,2284.0,1.1177758318739055,0.06572992979242978,2 11 5 20 1 13 17 6 3 19 9 24 7 18 8 4 25 10 21 22 15 16 14 12 23
50,Instances_lowcost_H6/abs5n25,4,25,2553.0,2284.0,1.1177758318739055,0.06572992979242978,2 11 5 20 1 13 17 6 3 19 9 24 7 18 8 4 25 10 21 22 15 16 14 12 23
50,Instances_lowcost_H6/abs5n25,5,25,2553.0,2284.0,1.1177758318739055,0.06572992979242978,2 11 5 20 1 13 17 6 3 19 9 24 7 18 8 4 25 10 21 22 15 16 14 12 23
50,Instances_lowcost_H6/abs5n30,0,30,2818.0,2221.0,1.2687978388113463,0.06238280918596387,1 26 10 7 24 20 11 28 3 30 23 6 25 16 14 8 9 13 4 29 22 21 2 18 27 12 5 15 17 19
50,Instances_lowcost_H6/abs5n30,1,30,2732.0,2221.0,1.230076542098154,0.07511919164879116,1 26 24 10 7 28 11 20 3 30 17 23 16 14 8 9 29 4 13 2 22 21 18 27 12 15 25 19 6 5
50,Instances_lowcost_H6/abs5n30,2,30,2568.0,2221.0,1.1562359297613687,0.055166347558016034,1 26 24 10 7 28 11 20 3 30 17 23 16 14 8 9 13 4 29 22 21 2 18 27 12 15 6 25 19 5
50,Instances_lowcost_H6/abs5n30,3,30,2568.0,2221.0,1.1562359297613687,0.055166347558016034,1 26 24 10 7 28 11 20 3 30 17 23 16 14 8 9 13 4 29 22 21 2 18 27 12 15 6 25 19 5
50,Instances_lowcost_H6/abs5n30,4,30,2568.0,2221.0,1.1562359297613687,0.055166347558016034,1 26 24 10 7 28 11 20 3 30 17 23 16 14 8 9 13 4 29 22 21 2 18 27 12 15 6 25 19 5
50,Instances_lowcost_H6/abs5n30,5,30,2568.0,2221.0,1.1562359297613687,0.055166347558016034,1 26 24 10 7 28 11 20 3 30 17 23 16 14 8 9 13 4 29 22 21 2 18 27 12 15 6 25 19 5
50,Instances_lowcost_H6/abs5n5,0,5,896.0,865.0,1.0358381502890173,0.3333333333333333,3 5 4 2 1
50,Instances_lowcost_H6/abs5n5,1,5,866.0,865.0,1.001156069364162,0.25,3 4 5 2 1
50,Instances_lowcost_H6/abs5n5,2,5,866.0,865.0,1.001156069364162,0.25,3 4 5 2 1
50,Instances_lowcost_H6/abs5n5,3,5,896.0,865.0,1.0358381502890173,0.3333333333333333,3 5 4 2 1
50,Instances_lowcost_H6/abs5n5,4,5,896.0,865.0,1.0358381502890173,0.3333333333333333,3 5 4 2 1
50,Instances_lowcost_H6/abs5n5,5,5,896.0,865.0,1.0358381502890173,0.3333333333333333,3 5 4 2 1
75,Instances_highcost_H3/abs5n10,0,10,1460.0,1480.0,0.9864864864864865,0.013888888888888888,2 7 9 8 6 5 4 1 3 10
75,Instances_highcost_H3/abs5n10,1,10,1460.0,1480.0,0.9864864864864865,0.013888888888888888,2 7 9 8 6 5 4 1 3 10
75,Instances_highcost_H3/abs5n10,2,10,1460.0,1480.0,0.9864864864864865,0.013888888888888888,2 7 9 8 6 5 4 1 3 10
75,Instances_highcost_H3/abs5n15,0,15,1714.0,1469.0,1.1667801225323349,0.044333642547928265,9 15 3 6 4 14 5 2 11 13 12 8 7 10 1
75,Instances_highcost_H3/abs5n15,1,15,1664.0,1469.0,1.1327433628318584,0.045068027210884355,9 15 6 4 14 3 1 5 2 13 11 12 8 7 10
75,Instances_highcost_H3/abs5n15,2,15,1624.0,1469.0,1.1055139550714772,0.05272108843537415,9 15 6 4 3 1 14 5 2 11 13 12 8 7 10
75,Instances_highcost_H3/abs5n20,0,20,2470.0,2221.0,1.1121116614137776,0.08587262840358816,19 17 18 5 14 16 2 9 10 6 4 11 20 12 15 7 1 3 8 13
75,Instances_highcost_H3/abs5n20,1,20,2652.0,2221.0,1.1940567312021613,0.1030428120211402,19 17 18 8 13 5 14 2 9 10 6 4 16 11 20 1 3 12 15 7
75,Instances_highcost_H3/abs5n20,2,20,2703.0,2221.0,1.2170193606483566,0.07339300276606778,19 17 18 5 14 2 9 10 6 4 16 11 20 1 3 8 13 7 15 12
75,Instances_highcost_H3/abs5n25,0,25,2305.0,2284.0,1.0091943957968477,0.0556975371120108,2 11 5 20 1 21 10 25 22 4 8 18 7 24 19 9 23 3 6 16 12 14 15 13 17
75,Instances_highcost_H3/abs5n25,1,25,2476.0,2284.0,1.084063047285464,0.06398190320887688,2 11 5 20 21 10 25 22 8 4 12 18 7 24 9 19 3 23 14 16 15 1 13 17 6
75,Instances_highcost_H3/abs5n25,2,25,2277.0,2284.0,0.9969352014010507,0.11329191033138401,2 11 5 20 1 21 10 25 22 8 4 12 18 7 24 9 19 3 23 14 16 15 6 13 17
75,Instances_highcost_H3/abs5n30,0,30,2596.0,2221.0,1.1688428635749661,0.07036510307111316,10 7 23 16 14 8 13 4 29 22 21 2 9 18 27 12 30 28 11 24 1 26 20 3 17 15 6 25 19 5
75,Instances_highcost_H3/abs5n30,1,30,2599.0,2221.0,1.1701936064835659,0.0727655475277354,10 7 23 16 14 8 9 13 4 29 22 2 21 18 27 30 17 6 25 19 15 28 11 24 1 26 20 3 12 5
75,Instances_highcost_H3/abs5n30,2,30,2541.0,2221.0,1.1440792435839713,0.07084983871547487,10 7 23 16 14 8 9 13 4 29 22 21 2 18 27 30 17 6 25 19 15 28 11 24 1 26 20 3 12 5
75,Instances_highcost_H3/abs5n35,0,35,3050.0,2679.0,1.1384845091452034,0.0577765718393069,28 1 18 21 8 19 34 4 15 9 23 13 2 33 10 32 24 5 11 3 6 25 20 7 26 30 29 22 35 27 16 31 14 17 12
75,Instances_highcost_H3/abs5n35,1,35,3170.0,2679.0,1.1832773422919,0.08789743972830448,28 1 18 8 19 34 4 15 9 23 2 21 33 13 10 32 24 5 11 3 6 25 20 7 14 31 16 27 35 22 30 29 26 17 12
75,Instances_highcost_H3/abs5n35,2,35,3085.0,2679.0,1.1515490854796566,0.08127302388115536,28 1 8 19 34 4 15 9 23 2 18 21 33 13 10 32 24 5 11 12 3 6 25 20 7 14 31 16 27 35 22 26 30 29 17
75,Instances_highcost_H3/abs5n40,0,40,3229.0,2647.0,1.2198715527011712,0.07669568253347801,6 4 30 31 13 3 19 38 18 34 17 25 8 39 26 22 14 37 20 15 33 24 40 5 29 1 9 32 2 7 16 12 11 23 10 35 36 27 21 28
75,Instances_highcost_H3/abs5n40,1,40,3584.0,2647.0,1.353985644125425,0.1026617945389668,30 4 6 18 31 13 3 38 19 25 8 17 34 39 22 37 20 15 33 40 24 5 29 1 9 32 2 7 16 14 12 26 11 23 35 10 36 27 21 28
75,Instances_highcost_H3/abs5n40,2,40,3551.0,2647.0,1.3415187004155649,0.11223696206001432,4 30 31 13 3 38 6 18 34 17 25 19 8 2 9 32 15 33 24 40 5 29 20 1 7 37 14 12 39 22 26 11 23 35 10 16 36 27 21 28
75,Instances_highcost_H3/abs5n45,0,45,2849.0,2475.0,1.1511111111111112,0.051998728213994184,2 39 15 16 4 3 23 41 36 5 14 30 22 42 38 10 43 45 32 19 31 34 24 44 17 11 7 26 18 1 28 9 6 40 27 13 25 12 37 35 8 20 29 21 33
75,Instances_highcost_H3/abs5n45,1,45,3564.0,2475.0,1.44,0.11155375001901327,32 41 23 3 15 16 4 39 38 36 5 30 14 22 10 43 45 19 42 2 34 24 44 17 11 18 7 31 26 28 9 6 40 13 27 21 25 12 1 33 29 20 35 37 8
75,Instances_highcost_H3/abs5n45,2,45,2933.0,2475.0,1.1850505050505051,0.049040632073444314,2 4 15 16 39 3 23 41 36 5 30 14 22 32 38 10 43 45 19 42 9 6 40 21 13 27 25 12 1 28 33 31 34 24 44 17 11 7 26 18 37 35 8 20 29
75,Instances_highcost_H3/abs5n5,0,5,865.0,865.0,1.0,0.3333333333333333,3 5 2 4 1
75,Instances_highcost_H3/abs5n5,1,5,866.0,865.0,1.001156069364162,0.25,3 4 5 2 1
75,Instances_highcost_H3/abs5n5,2,5,866.0,865.0,1.001156069364162,0.25,3 4 5 2 1
75,Instances_highcost_H3/abs5n50,0,50,3758.0,3165.0,1.1873617693522907,0.08474255500618433,45 33 26 44 31 4 49 13 20 42 48 12 36 22 47 37 32 50 41 40 1 8 24 19 21 27 34 7 25 14 39 5 10 6 46 15 29 17 23 28 43 30 35 9 11 2 16 3 38 18
75,Instances_highcost_H3/abs5n50,1,50,3744.0,3165.0,1.1829383886255924,0.06504344409851545,45 33 1 40 8 24 19 21 16 27 34 7 25 14 39 5 10 6 46 38 29 17 23 41 26 44 31 4 32 50 28 37 43 30 35 9 47 13 49 20 42 48 12 36 22 18 15 2 11 3
75,Instances_highcost_H3/abs5n50,2,50,3780.0,3165.0,1.1943127962085307,0.07247144804512684,45 33 1 40 8 24 19 21 16 27 34 7 25 14 39 5 10 6 46 38 29 17 41 26 44 31 4 32 50 28 37 23 30 43 35 9 47 13 49 20 42 48 12 36 22 18 15 2 11 3
75,Instances_highcost_H6/abs5n10,0,10,1460.0,1480.0,0.9864864864864865,0.013888888888888888,2 7 9 8 6 5 4 1 3 10
75,Instances_highcost_H6/abs5n10,1,10,1460.0,1480.0,0.9864864864864865,0.013888888888888888,2 7 9 8 6 5 4 1 3 10
75,Instances_highcost_H6/abs5n10,2,10,1460.0,1480.0,0.9864864864864865,0.013888888888888888,2 7 9 8 6 5 4 1 3 10
75,Instances_highcost_H6/abs5n10,3,10,1460.0,1480.0,0.9864864864864865,0.013888888888888888,2 7 9 8 6 5 4 1 3 10
75,Instances_highcost_H6/abs5n10,4,10,1460.0,1480.0,0.9864864864864865,0.013888888888888888,2 7 9 8 6 5 4 1 3 10
75,Instances_highcost_H6/abs5n10,5,10,1460.0,1480.0,0.9864864864864865,0.013888888888888888,2 7 9 8 6 5 4 1 3 10
75,Instances_highcost_H6/abs5n15,0,15,1714.0,1469.0,1.1667801225323349,0.044333642547928265,9 15 3 6 4 14 5 2 11 13 12 8 7 10 1
75,Instances_highcost_H6/abs5n15,1,15,1664.0,1469.0,1.1327433628318584,0.045068027210884355,9 15 6 4 14 3 1 5 2 13 11 12 8 7 10
75,Instances_highcost_H6/abs5n15,2,15,1624.0,1469.0,1.1055139550714772,0.05272108843537415,9 15 6 4 3 1 14 5 2 11 13 12 8 7 10
75,Instances_highcost_H6/abs5n15,3,15,1624.0,1469.0,1.1055139550714772,0.05272108843537415,9 15 6 4 3 1 14 5 2 11 13 12 8 7 10
75,Instances_highcost_H6/abs5n15,4,15,1624.0,1469.0,1.1055139550714772,0.05272108843537415,9 15 6 4 3 1 14 5 2 11 13 12 8 7 10
75,Instances_highcost_H6/abs5n15,5,15,1624.0,1469.0,1.1055139550714772,0.05272108843537415,9 15 6 4 3 1 14 5 2 11 13 12 8 7 10
75,Instances_highcost_H6/abs5n20,0,20,2470.0,2221.0,1.1121116614137776,0.08587262840358816,19 17 18 5 14 16 2 9 10 6 4 11 20 12 15 7 1 3 8 13
75,Instances_highcost_H6/abs5n20,1,20,2652.0,2221.0,1.1940567312021613,0.1030428120211402,19 17 18 8 13 5 14 2 9 10 6 4 16 11 20 1 3 12 15 7
75,Instances_highcost_H6/abs5n20,2,20,2703.0,2221.0,1.2170193606483566,0.07339300276606778,19 17 18 5 14 2 9 10 6 4 16 11 20 1 3 8 13 7 15 12
75,Instances_highcost_H6/abs5n20,3,20,2548.0,2221.0,1.1472309770373705,0.05047377802795759,19 2 9 10 6 4 16 14 17 18 5 8 13 3 1 11 20 12 15 7
75,Instances_highcost_H6/abs5n20,4,20,2548.0,2221.0,1.1472309770373705,0.05047377802795759,19 2 9 10 6 4 16 14 17 18 5 8 13 3 1 11 20 12 15 7
75,Instances_highcost_H6/abs5n20,5,20,2548.0,2221.0,1.1472309770373705,0.05047377802795759,19 2 9 10 6 4 16 14 17 18 5 8 13 3 1 11 20 12 15 7
75,Instances_highcost_H6/abs5n25,0,25,2305.0,2284.0,1.0091943957968477,0.0556975371120108,2 11 5 20 1 21 10 25 22 4 8 18 7 24 19 9 23 3 6 16 12 14 15 13 17
75,Instances_highcost_H6/abs5n25,1,25,2476.0,2284.0,1.084063047285464,0.06398190320887688,2 11 5 20 21 10 25 22 8 4 12 18 7 24 9 19 3 23 14 16 15 1 13 17 6
75,Instances_highcost_H6/abs5n25,2,25,2277.0,2284.0,0.9969352014010507,0.11329191033138401,2 11 5 20 1 21 10 25 22 8 4 12 18 7 24 9 19 3 23 14 16 15 6 13 17
75,Instances_highcost_H6/abs5n25,3,25,2277.0,2284.0,0.9969352014010507,0.11329191033138401,2 11 5 20 1 21 10 25 22 8 4 12 18 7 24 9 19 3 23 14 16 15 6 13 17
75,Instances_highcost_H6/abs5n25,4,25,2277.0,2284.0,0.9969352014010507,0.11329191033138401,2 11 5 20 1 21 10 25 22 8 4 12 18 7 24 9 19 3 23 14 16 15 6 13 17
75,Instances_highcost_H6/abs5n25,5,25,2277.0,2284.0,0.9969352014010507,0.11329191033138401,2 11 5 20 1 21 10 25 22 8 4 12 18 7 24 9 19 3 23 14 16 15 6 13 17
75,Instances_highcost_H6/abs5n30,0,30,2596.0,2221.0,1.1688428635749661,0.07036510307111316,10 7 23 16 14 8 13 4 29 22 21 2 9 18 27 12 30 28 11 24 1 26 20 3 17 15 6 25 19 5
75,Instances_highcost_H6/abs5n30,1,30,2599.0,2221.0,1.1701936064835659,0.0727655475277354,10 7 23 16 14 8 9 13 4 29 22 2 21 18 27 30 17 6 25 19 15 28 11 24 1 26 20 3 12 5
75,Instances_highcost_H6/abs5n30,2,30,2541.0,2221.0,1.1440792435839713,0.07084983871547487,10 7 23 16 14 8 9 13 4 29 22 21 2 18 27 30 17 6 25 19 15 28 11 24 1 26 20 3 12 5
75,Instances_highcost_H6/abs5n30,3,30,2541.0,2221.0,1.1440792435839713,0.07084983871547487,10 7 23 16 14 8 9 13 4 29 22 21 2 18 27 30 17 6 25 19 15 28 11 24 1 26 20 3 12 5
75,Instances_highcost_H6/abs5n30,4,30,2541.0,2221.0,1.1440792435839713,0.07084983871547487,10 7 23 16 14 8 9 13 4 29 22 21 2 18 27 30 17 6 25 19 15 28 11 24 1 26 20 3 12 5
75,Instances_highcost_H6/abs5n30,5,30,2541.0,2221.0,1.1440792435839713,0.07084983871547487,10 7 23 16 14 8 9 13 4 29 22 21 2 18 27 30 17 6 25 19 15 28 11 24 1 26 20 3 12 5
75,Instances_highcost_H6/abs5n5,0,5,865.0,865.0,1.0,0.3333333333333333,3 5 2 4 1
75,Instances_highcost_H6/abs5n5,1,5,866.0,865.0,1.001156069364162,0.25,3 4 5 2 1
75,Instances_highcost_H6/abs5n5,2,5,866.0,865.0,1.001156069364162,0.25,3 4 5 2 1
75,Instances_highcost_H6/abs5n5,3,5,865.0,865.0,1.0,0.3333333333333333,3 5 2 4 1
75,Instances_highcost_H6/abs5n5,4,5,865.0,865.0,1.0,0.3333333333333333,3 5 2 4 1
75,Instances_highcost_H6/abs5n5,5,5,865.0,865.0,1.0,0.3333333333333333,3 5 2 4 1
75,Instances_lowcost_H3/abs5n10,0,10,1460.0,1480.0,0.9864864864864865,0.013888888888888888,2 7 9 8 6 5 4 1 3 10
75,Instances_lowcost_H3/abs5n10,1,10,1460.0,1480.0,0.9864864864864865,0.013888888888888888,2 7 9 8 6 5 4 1 3 10
75,Instances_lowcost_H3/abs5n10,2,10,1460.0,1480.0,0.9864864864864865,0.013888888888888888,2 7 9 8 6 5 4 1 3 10
75,Instances_lowcost_H3/abs5n15,0,15,1714.0,1469.0,1.1667801225323349,0.044333642547928265,9 15 3 6 4 14 5 2 11 13 12 8 7 10 1
75,Instances_lowcost_H3/abs5n15,1,15,1664.0,1469.0,1.1327433628318584,0.045068027210884355,9 15 6 4 14 3 1 5 2 13 11 12 8 7 10
75,Instances_lowcost_H3/abs5n15,2,15,1624.0,1469.0,1.1055139550714772,0.05272108843537415,9 15 6 4 3 1 14 5 2 11 13 12 8 7 10
75,Instances_lowcost_H3/abs5n20,0,20,2470.0,2221.0,1.1121116614137776,0.08587262840358816,19 17 18 5 14 16 2 9 10 6 4 11 20 12 15 7 1 3 8 13
75,Instances_lowcost_H3/abs5n20,1,20,2652.0,2221.0,1.1940567312021613,0.1030428120211402,19 17 18 8 13 5 14 2 9 10 6 4 16 11 20 1 3 12 15 7
75,Instances_lowcost_H3/abs5n20,2,20,2703.0,2221.0,1.2170193606483566,0.07339300276606778,19 17 18 5 14 2 9 10 6 4 16 11 20 1 3 8 13 7 15 12
75,Instances_lowcost_H3/abs5n25,0,25,2305.0,2284.0,1.0091943957968477,0.0556975371120108,2 11 5 20 1 21 10 25 22 4 8 18 7 24 19 9 23 3 6 16 12 14 15 13 17
75,Instances_lowcost_H3/abs5n25,1,25,2476.0,2284.0,1.084063047285464,0.06398190320887688,2 11 5 20 21 10 25 22 8 4 12 18 7 24 9 19 3 23 14 16 15 1 13 17 6
75,Instances_lowcost_H3/abs5n25,2,25,2277.0,2284.0,0.9969352014010507,0.11329191033138401,2 11 5 20 1 21 10 25 22 8 4 12 18 7 24 9 19 3 23 14 16 15 6 13 17
75,Instances_lowcost_H3/abs5n30,0,30,2596.0,2221.0,1.1688428635749661,0.07036510307111316,10 7 23 16 14 8 13 4 29 22 21 2 9 18 27 12 30 28 11 24 1 26 20 3 17 15 6 25 19 5
75,Instances_lowcost_H3/abs5n30,1,30,2599.0,2221.0,1.1701936064835659,0.0727655475277354,10 7 23 16 14 8 9 13 4 29 22 2 21 18 27 30 17 6 25 19 15 28 11 24 1 26 20 3 12 5
75,Instances_lowcost_H3/abs5n30,2,30,2541.0,2221.0,1.1440792435839713,0.07084983871547487,10 7 23 16 14 8 9 13 4 29 22 21 2 18 27 30 17 6 25 19 15 28 11 24 1 26 20 3 12 5
75,Instances_lowcost_H3/abs5n35,0,35,3050.0,2679.0,1.1384845091452034,0.0577765718393069,28 1 18 21 8 19 34 4 15 9 23 13 2 33 10 32 24 5 11 3 6 25 20 7 26 30 29 22 35 27 16 31 14 17 12
75,Instances_lowcost_H3/abs5n35,1,35,3170.0,2679.0,1.1832773422919,0.08789743972830448,28 1 18 8 19 34 4 15 9 23 2 21 33 13 10 32 24 5 11 3 6 25 20 7 14 31 16 27 35 22 30 29 26 17 12
75,Instances_lowcost_H3/abs5n35,2,35,3085.0,2679.0,1.1515490854796566,0.08127302388115536,28 1 8 19 34 4 15 9 23 2 18 21 33 13 10 32 24 5 11 12 3 6 25 20 7 14 31 16 27 35 22 26 30 29 17
75,Instances_lowcost_H3/abs5n40,0,40,3229.0,2647.0,1.2198715527011712,0.07669568253347801,6 4 30 31 13 3 19 38 18 34 17 25 8 39 26 22 14 37 20 15 33 24 40 5 29 1 9 32 2 7 16 12 11 23 10 35 36 27 21 28
75,Instances_lowcost_H3/abs5n40,1,40,3584.0,2647.0,1.353985644125425,0.1026617945389668,30 4 6 18 31 13 3 38 19 25 8 17 34 39 22 37 20 15 33 40 24 5 29 1 9 32 2 7 16 14 12 26 11 23 35 10 36 27 21 28
75,Instances_lowcost_H3/abs5n40,2,40,3551.0,2647.0,1.3415187004155649,0.11223696206001432,4 30 31 13 3 38 6 18 34 17 25 19 8 2 9 32 15 33 24 40 5 29 20 1 7 37 14 12 39 22 26 11 23 35 10 16 36 27 21 28
75,Instances_lowcost_H3/abs5n45,0,45,2849.0,2475.0,1.1511111111111112,0.051998728213994184,2 39 15 16 4 3 23 41 36 5 14 30 22 42 38 10 43 45 32 19 31 34 24 44 17 11 7 26 18 1 28 9 6 40 27 13 25 12 37 35 8 20 29 21 33
75,Instances_lowcost_H3/abs5n45,1,45,3564.0,2475.0,1.44,0.11155375001901327,32 41 23 3 15 16 4 39 38 36 5 30 14 22 10 43 45 19 42 2 34 24 44 17 11 18 7 31 26 28 9 6 40 13 27 21 25 12 1 33 29 20 35 37 8
75,Instances_lowcost_H3/abs5n45,2,45,2933.0,2475.0,1.1850505050505051,0.049040632073444314,2 4 15 16 39 3 23 41 36 5 30 14 22 32 38 10 43 45 19 42 9 6 40 21 13 27 25 12 1 28 33 31 34 24 44 17 11 7 26 18 37 35 8 20 29
75,Instances_lowcost_H3/abs5n5,0,5,865.0,865.0,1.0,0.3333333333333333,3 5 2 4 1
75,Instances_lowcost_H3/abs5n5,1,5,866.0,865.0,1.001156069364162,0.25,3 4 5 2 1
75,Instances_lowcost_H3/abs5n5,2,5,866.0,865.0,1.001156069364162,0.25,3 4 5 2 1
75,Instances_lowcost_H3/abs5n50,0,50,3758.0,3165.0,1.1873617693522907,0.08474255500618433,45 33 26 44 31 4 49 13 20 42 48 12 36 22 47 37 32 50 41 40 1 8 24 19 21 27 34 7 25 14 39 5 10 6 46 15 29 17 23 28 43 30 35 9 11 2 16 3 38 18
75,Instances_lowcost_H3/abs5n50,1,50,3744.0,3165.0,1.1829383886255924,0.06504344409851545,45 33 1 40 8 24 19 21 16 27 34 7 25 14 39 5 10 6 46 38 29 17 23 41 26 44 31 4 32 50 28 37 43 30 35 9 47 13 49 20 42 48 12 36 22 18 15 2 11 3
75,Instances_lowcost_H3/abs5n50,2,50,3780.0,3165.0,1.1943127962085307,0.07247144804512684,45 33 1 40 8 24 19 21 16 27 34 7 25 14 39 5 10 6 46 38 29 17 41 26 44 31 4 32 50 28 37 23 30 43 35 9 47 13 49 20 42 48 12 36 22 18 15 2 11 3
75,Instances_lowcost_H6/abs5n10,0,10,1460.0,1480.0,0.9864864864864865,0.013888888888888888,2 7 9 8 6 5 4 1 3 10
75,Instances_lowcost_H6/abs5n10,1,10,1460.0,1480.0,0.9864864864864865,0.013888888888888888,2 7 9 8 6 5 4 1 3 10
75,Instances_lowcost_H6/abs5n10,2,10,1460.0,1480.0,0.9864864864864865,0.013888888888888888,2 7 9 8 6 5 4 1 3 10
75,Instances_lowcost_H6/abs5n10,3,10,1460.0,1480.0,0.9864864864864865,0.013888888888888888,2 7 9 8 6 5 4 1 3 10
75,Instances_lowcost_H6/abs5n10,4,10,1460.0,1480.0,0.9864864864864865,0.013888888888888888,2 7 9 8 6 5 4 1 3 10
75,Instances_lowcost_H6/abs5n10,5,10,1460.0,1480.0,0.9864864864864865,0.013888888888888888,2 7 9 8 6 5 4 1 3 10
75,Instances_lowcost_H6/abs5n15,0,15,1714.0,1469.0,1.1667801225323349,0.044333642547928265,9 15 3 6 4 14 5 2 11 13 12 8 7 10 1
75,Instances_lowcost_H6/abs5n15,1,15,1664.0,1469.0,1.1327433628318584,0.045068027210884355,9 15 6 4 14 3 1 5 2 13 11 12 8 7 10
75,Instances_lowcost_H6/abs5n15,2,15,1624.0,1469.0,1.1055139550714772,0.05272108843537415,9 15 6 4 3 1 14 5 2 11 13 12 8 7 10
75,Instances_lowcost_H6/abs5n15,3,15,1624.0,1469.0,1.1055139550714772,0.05272108843537415,9 15 6 4 3 1 14 5 2 11 13 12 8 7 10
75,Instances_lowcost_H6/abs5n15,4,15,1624.0,1469.0,1.1055139550714772,0.05272108843537415,9 15 6 4 3 1 14 5 2 11 13 12 8 7 10
75,Instances_lowcost_H6/abs5n15,5,15,1624.0,1469.0,1.1055139550714772,0.05272108843537415,9 15 6 4 3 1 14 5 2 11 13 12 8 7 10
75,Instances_lowcost_H6/abs5n20,0,20,2470.0,2221.0,1.1121116614137776,0.08587262840358816,19 17 18 5 14 16 2 9 10 6 4 11 20 12 15 7 1 3 8 13
75,Instances_lowcost_H6/abs5n20,1,20,2652.0,2221.0,1.1940567312021613,0.1030428120211402,19 17 18 8 13 5 14 2 9 10 6 4 16 11 20 1 3 12 15 7
75,Instances_lowcost_H6/abs5n20,2,20,2703.0,2221.0,1.2170193606483566,0.07339300276606778,19 17 18 5 14 2 9 10 6 4 16 11 20 1 3 8 13 7 15 12
75,Instances_lowcost_H6/abs5n20,3,20,2548.0,2221.0,1.1472309770373705,0.05047377802795759,19 2 9 10 6 4 16 14 17 18 5 8 13 3 1 11 20 12 15 7
75,Instances_lowcost_H6/abs5n20,4,20,2548.0,2221.0,1.1472309770373705,0.05047377802795759,19 2 9 10 6 4 16 14 17 18 5 8 13 3 1 11 20 12 15 7
75,Instances_lowcost_H6/abs5n20,5,20,2548.0,2221.0,1.1472309770373705,0.05047377802795759,19 2 9 10 6 4 16 14 17 18 5 8 13 3 1 11 20 12 15 7
75,Instances_lowcost_H6/abs5n25,0,25,2305.0,2284.0,1.0091943957968477,0.0556975371120108,2 11 5 20 1 21 10 25 22 4 8 18 7 24 19 9 23 3 6 16 12 14 15 13 17
75,Instances_lowcost_H6/abs5n25,1,25,2476.0,2284.0,1.084063047285464,0.06398190320887688,2 11 5 20 21 10 25 22 8 4 12 18 7 24 9 19 3 23 14 16 15 1 13 17 6
75,Instances_lowcost_H6/abs5n25,2,25,2277.0,2284.0,0.9969352014010507,0.11329191033138401,2 11 5 20 1 21 10 25 22 8 4 12 18 7 24 9 19 3 23 14 16 15 6 13 17
75,Instances_lowcost_H6/abs5n25,3,25,2277.0,2284.0,0.9969352014010507,0.11329191033138401,2 11 5 20 1 21 10 25 22 8 4 12 18 7 24 9 19 3 23 14 16 15 6 13 17
75,Instances_lowcost_H6/abs5n25,4,25,2277.0,2284.0,0.9969352014010507,0.11329191033138401,2 11 5 20 1 21 10 25 22 8 4 12 18 7 24 9 19 3 23 14 16 15 6 13 17
75,Instances_lowcost_H6/abs5n25,5,25,2277.0,2284.0,0.9969352014010507,0.11329191033138401,2 11 5 20 1 21 10 25 22 8 4 12 18 7 24 9 19 3 23 14 16 15 6 13 17
75,Instances_lowcost_H6/abs5n30,0,30,2596.0,2221.0,1.1688428635749661,0.07036510307111316,10 7 23 16 14 8 13 4 29 22 21 2 9 18 27 12 30 28 11 24 1 26 20 3 17 15 6 25 19 5
75,Instances_lowcost_H6/abs5n30,1,30,2599.0,2221.0,1.1701936064835659,0.0727655475277354,10 7 23 16 14 8 9 13 4 29 22 2 21 18 27 30 17 6 25 19 15 28 11 24 1 26 20 3 12 5
75,Instances_lowcost_H6/abs5n30,2,30,2541.0,2221.0,1.1440792435839713,0.07084983871547487,10 7 23 16 14 8 9 13 4 29 22 21 2 18 27 30 17 6 25 19 15 28 11 24 1 26 20 3 12 5
75,Instances_lowcost_H6/abs5n30,3,30,2541.0,2221.0,1.1440792435839713,0.07084983871547487,10 7 23 16 14 8 9 13 4 29 22 21 2 18 27 30 17 6 25 19 15 28 11 24 1 26 20 3 12 5
75,Instances_lowcost_H6/abs5n30,4,30,2541.0,2221.0,1.1440792435839713,0.07084983871547487,10 7 23 16 14 8 9 13 4 29 22 21 2 18 27 30 17 6 25 19 15 28 11 24 1 26 20 3 12 5
75,Instances_lowcost_H6/abs5n30,5,30,2541.0,2221.0,1.1440792435839713,0.07084983871547487,10 7 23 16 14 8 9 13 4 29 22 21 2 18 27 30 17 6 25 19 15 28 11 24 1 26 20 3 12 5
75,Instances_lowcost_H6/abs5n5,0,5,865.0,865.0,1.0,0.3333333333333333,3 5 2 4 1
75,Instances_lowcost_H6/abs5n5,1,5,866.0,865.0,1.001156069364162,0.25,3 4 5 2 1
75,Instances_lowcost_H6/abs5n5,2,5,866.0,865.0,1.001156069364162,0.25,3 4 5 2 1
75,Instances_lowcost_H6/abs5n5,3,5,865.0,865.0,1.0,0.3333333333333333,3 5 2 4 1
75,Instances_lowcost_H6/abs5n5,4,5,865.0,865.0,1.0,0.3333333333333333,3 5 2 4 1
75,Instances_lowcost_H6/abs5n5,5,5,865.0,865.0,1.0,0.3333333333333333,3 5 2 4 1
100,Instances_highcost_H3/abs5n10,0,10,1368.0,1480.0,0.9243243243243243,0.10493827160493827,8 6 5 4 1 3 10 7 9 2
100,Instances_highcost_H3/abs5n10,1,10,1368.0,1480.0,0.9243243243243243,0.10493827160493827,8 6 5 4 1 3 10 7 9 2
100,Instances_highcost_H3/abs5n10,2,10,1368.0,1480.0,0.9243243243243243,0.10493827160493827,8 6 5 4 1 3 10 7 9 2
100,Instances_highcost_H3/abs5n15,0,15,1748.0,1469.0,1.189925119128659,0.08690476190476192,10 7 8 12 11 13 2 5 4 6 3 15 9 1 14
100,Instances_highcost_H3/abs5n15,1,15,1774.0,1469.0,1.2076242341729067,0.05328798185941043,9 15 6 4 14 5 2 11 13 12 8 7 10 1 3
100,Instances_highcost_H3/abs5n15,2,15,1774.0,1469.0,1.2076242341729067,0.05328798185941043,9 15 6 4 14 5 2 11 13 12 8 7 10 1 3
100,Instances_highcost_H3/abs5n20,0,20,2425.0,2221.0,1.0918505177847817,0.13200347124495732,19 17 18 8 13 5 14 16 2 9 10 6 4 11 20 12 15 7 1 3
100,Instances_highcost_H3/abs5n20,1,20,2470.0,2221.0,1.1121116614137776,0.08587262840358816,19 17 18 5 14 16 2 9 10 6 4 11 20 12 15 7 1 3 8 13
100,Instances_highcost_H3/abs5n20,2,20,2604.0,2221.0,1.1724448446645654,0.03333333333333333,19 17 5 18 8 13 3 1 20 10 9 6 2 4 16 14 11 12 15 7
100,Instances_highcost_H3/abs5n25,0,25,2536.0,2284.0,1.1103327495621715,0.07961881868131866,2 11 5 20 1 13 17 6 3 19 9 24 7 18 8 4 25 10 21 22 15 12 14 16 23
100,Instances_highcost_H3/abs5n25,1,25,2578.0,2284.0,1.1287215411558669,0.08656326312576312,2 11 5 20 1 13 17 6 3 19 9 24 7 18 8 4 25 10 22 21 15 12 14 16 23
100,Instances_highcost_H3/abs5n25,2,25,2578.0,2284.0,1.1287215411558669,0.08656326312576312,2 11 5 20 1 13 17 6 3 19 9 24 7 18 8 4 25 10 22 21 15 12 14 16 23
100,Instances_highcost_H3/abs5n30,0,30,2505.0,2221.0,1.1278703286807745,0.06784798629005837,1 26 24 10 7 23 16 14 8 13 4 29 22 21 2 9 18 5 20 3 11 28 30 17 15 6 25 19 27 12
100,Instances_highcost_H3/abs5n30,1,30,2533.0,2221.0,1.140477262494372,0.07536632497899597,1 26 24 10 7 23 16 14 8 9 13 4 29 22 21 2 18 27 12 30 17 6 25 19 15 28 11 20 3 5
100,Instances_highcost_H3/abs5n30,2,30,2525.0,2221.0,1.1368752814047727,0.06015334323457405,1 26 24 10 7 23 16 14 8 9 13 4 22 29 21 2 18 27 12 30 17 6 25 19 15 28 11 3 20 5
100,Instances_highcost_H3/abs5n35,0,35,2996.0,2679.0,1.11832773422919,0.06882355980445343,28 1 18 21 8 19 34 4 15 9 23 3 6 25 20 7 14 31 16 27 35 32 10 33 2 13 12 11 17 30 26 22 24 5 29
100,Instances_highcost_H3/abs5n35,1,35,2904.0,2679.0,1.083986562150056,0.054817545091352816,28 1 18 21 8 19 34 4 15 9 23 13 2 33 10 32 27 16 31 14 20 7 26 22 35 24 5 11 12 17 3 6 25 30 29
100,Instances_highcost_H3/abs5n35,2,35,2894.0,2679.0,1.080253826054498,0.06322090643589064,28 1 18 21 8 19 34 4 15 9 23 13 2 33 10 32 27 16 31 14 20 7 26 22 35 24 5 12 11 17 3 6 25 30 29
100,Instances_highcost_H3/abs5n40,0,40,2920.0,2647.0,1.1031356252361164,0.07186681539249769,6 4 30 31 13 3 19 38 18 34 27 21 28 36 35 23 10 5 40 24 33 15 32 9 2 20 1 29 7 16 37 14 39 17 26 22 25 8 12 11
100,Instances_highcost_H3/abs5n40,1,40,3165.0,2647.0,1.195693237627503,0.073568914002826,4 30 31 13 3 38 6 18 34 17 25 8 19 2 9 32 15 33 24 40 5 23 35 28 21 27 36 10 16 29 20 1 7 37 12 14 39 26 22 11
100,Instances_highcost_H3/abs5n40,2,40,3106.0,2647.0,1.1734038534189648,0.09187775621241581,4 30 31 13 3 38 6 18 34 17 25 8 19 9 32 15 33 24 40 5 10 23 35 28 21 27 36 11 26 39 22 14 37 20 2 1 29 7 16 12
100,Instances_highcost_H3/abs5n45,0,45,2825.0,2475.0,1.1414141414141414,0.055231551054276,2 39 15 16 4 3 23 41 36 5 14 30 22 42 32 38 43 10 45 19 31 34 24 44 17 11 37 35 8 20 29 12 18 7 26 1 25 13 27 40 6 9 33 28 21
100,Instances_highcost_H3/abs5n45,1,45,3017.0,2475.0,1.218989898989899,0.0701790397150192,28 9 14 5 36 41 23 3 15 16 4 39 34 24 44 17 11 37 35 8 20 29 13 27 21 25 12 18 7 31 26 1 40 6 33 2 43 38 10 45 32 19 42 30 22
100,Instances_highcost_H3/abs5n45,2,45,2824.0,2475.0,1.141010101010101,0.047589724209785224,2 4 15 16 39 3 23 41 36 5 30 14 22 42 38 43 10 45 32 19 31 34 24 44 17 11 37 35 8 20 29 13 27 21 40 6 9 33 28 1 18 7 26 12 25
100,Instances_highcost_H3/abs5n5,0,5,1010.0,865.0,1.1676300578034682,0.08333333333333333,3 5 4 1 2
100,Instances_highcost_H3/abs5n5,1,5,866.0,865.0,1.001156069364162,0.25,3 4 5 2 1
100,Instances_highcost_H3/abs5n5,2,5,866.0,865.0,1.001156069364162,0.25,3 4 5 2 1
100,Instances_highcost_H3/abs5n50,0,50,3750.0,3165.0,1.1848341232227488,0.04664404786219574,45 33 41 32 26 44 31 4 49 13 20 42 48 12 36 22 38 3 15 27 34 25 14 39 10 6 7 24 1 40 8 19 21 16 2 29 17 23 50 28 37 35 43 30 9 47 11 18 46 5
100,Instances_highcost_H3/abs5n50,1,50,3845.0,3165.0,1.2148499210110584,0.08559709023757998,45 33 41 1 40 8 24 34 7 25 14 39 10 5 6 27 19 21 16 2 29 17 23 32 26 44 31 4 49 13 20 42 48 12 36 22 47 35 28 50 37 43 30 9 11 15 3 38 46 18
100,Instances_highcost_H3/abs5n50,2,50,3845.0,3165.0,1.2148499210110584,0.08559709023757998,45 33 41 1 40 8 24 34 7 25 14 39 10 5 6 27 19 21 16 2 29 17 23 32 26 44 31 4 49 13 20 42 48 12 36 22 47 35 28 50 37 43 30 9 11 15 3 38 46 18
100,Instances_highcost_H6/abs5n10,0,10,1368.0,1480.0,0.9243243243243243,0.10493827160493827,8 6 5 4 1 3 10 7 9 2
100,Instances_highcost_H6/abs5n10,1,10,1368.0,1480.0,0.9243243243243243,0.10493827160493827,8 6 5 4 1 3 10 7 9 2
100,Instances_highcost_H6/abs5n10,2,10,1368.0,1480.0,0.9243243243243243,0.10493827160493827,8 6 5 4 1 3 10 7 9 2
100,Instances_highcost_H6/abs5n10,3,10,1368.0,1480.0,0.9243243243243243,0.10493827160493827,8 6 5 4 1 3 10 7 9 2
100,Instances_highcost_H6/abs5n10,4,10,1368.0,1480.0,0.9243243243243243,0.10493827160493827,8 6 5 4 1 3 10 7 9 2
100,Instances_highcost_H6/abs5n10,5,10,1368.0,1480.0,0.9243243243243243,0.10493827160493827,8 6 5 4 1 3 10 7 9 2
100,Instances_highcost_H6/abs5n15,0,15,1748.0,1469.0,1.189925119128659,0.08690476190476192,10 7 8 12 11 13 2 5 4 6 3 15 9 1 14
100,Instances_highcost_H6/abs5n15,1,15,1774.0,1469.0,1.2076242341729067,0.05328798185941043,9 15 6 4 14 5 2 11 13 12 8 7 10 1 3
100,Instances_highcost_H6/abs5n15,2,15,1774.0,1469.0,1.2076242341729067,0.05328798185941043,9 15 6 4 14 5 2 11 13 12 8 7 10 1 3
100,Instances_highcost_H6/abs5n15,3,15,1774.0,1469.0,1.2076242341729067,0.05328798185941043,9 15 6 4 14 5 2 11 13 12 8 7 10 1 3
100,Instances_highcost_H6/abs5n15,4,15,1774.0,1469.0,1.2076242341729067,0.05328798185941043,9 15 6 4 14 5 2 11 13 12 8 7 10 1 3
100,Instances_highcost_H6/abs5n15,5,15,1774.0,1469.0,1.2076242341729067,0.05328798185941043,9 15 6 4 14 5 2 11 13 12 8 7 10 1 3
100,Instances_highcost_H6/abs5n20,0,20,2425.0,2221.0,1.0918505177847817,0.13200347124495732,19 17 18 8 13 5 14 16 2 9 10 6 4 11 20 12 15 7 1 3
100,Instances_highcost_H6/abs5n20,1,20,2470.0,2221.0,1.1121116614137776,0.08587262840358816,19 17 18 5 14 16 2 9 10 6 4 11 20 12 15 7 1 3 8 13
100,Instances_highcost_H6/abs5n20,2,20,2604.0,2221.0,1.1724448446645654,0.03333333333333333,19 17 5 18 8 13 3 1 20 10 9 6 2 4 16 14 11 12 15 7
100,Instances_highcost_H6/abs5n20,3,20,2604.0,2221.0,1.1724448446645654,0.03333333333333333,19 17 5 18 8 13 3 1 20 10 9 6 2 4 16 14 11 12 15 7
100,Instances_highcost_H6/abs5n20,4,20,2604.0,2221.0,1.1724448446645654,0.03333333333333333,19 17 5 18 8 13 3 1 20 10 9 6 2 4 16 14 11 12 15 7
100,Instances_highcost_H6/abs5n20,5,20,2604.0,2221.0,1.1724448446645654,0.03333333333333333,19 17 5 18 8 13 3 1 20 10 9 6 2 4 16 14 11 12 15 7
100,Instances_highcost_H6/abs5n25,0,25,2536.0,2284.0,1.1103327495621715,0.07961881868131866,2 11 5 20 1 13 17 6 3 19 9 24 7 18 8 4 25 10 21 22 15 12 14 16 23
100,Instances_highcost_H6/abs5n25,1,25,2578.0,2284.0,1.1287215411558669,0.08656326312576312,2 11 5 20 1 13 17 6 3 19 9 24 7 18 8 4 25 10 22 21 15 12 14 16 23
100,Instances_highcost_H6/abs5n25,2,25,2578.0,2284.0,1.1287215411558669,0.08656326312576312,2 11 5 20 1 13 17 6 3 19 9 24 7 18 8 4 25 10 22 21 15 12 14 16 23
100,Instances_highcost_H6/abs5n25,3,25,2578.0,2284.0,1.1287215411558669,0.08656326312576312,2 11 5 20 1 13 17 6 3 19 9 24 7 18 8 4 25 10 22 21 15 12 14 16 23
100,Instances_highcost_H6/abs5n25,4,25,2578.0,2284.0,1.1287215411558669,0.08656326312576312,2 11 5 20 1 13 17 6 3 19 9 24 7 18 8 4 25 10 22 21 15 12 14 16 23
100,Instances_highcost_H6/abs5n25,5,25,2578.0,2284.0,1.1287215411558669,0.08656326312576312,2 11 5 20 1 13 17 6 3 19 9 24 7 18 8 4 25 10 22 21 15 12 14 16 23
100,Instances_highcost_H6/abs5n30,0,30,2505.0,2221.0,1.1278703286807745,0.06784798629005837,1 26 24 10 7 23 16 14 8 13 4 29 22 21 2 9 18 5 20 3 11 28 30 17 15 6 25 19 27 12
100,Instances_highcost_H6/abs5n30,1,30,2533.0,2221.0,1.140477262494372,0.07536632497899597,1 26 24 10 7 23 16 14 8 9 13 4 29 22 21 2 18 27 12 30 17 6 25 19 15 28 11 20 3 5
100,Instances_highcost_H6/abs5n30,2,30,2525.0,2221.0,1.1368752814047727,0.06015334323457405,1 26 24 10 7 23 16 14 8 9 13 4 22 29 21 2 18 27 12 30 17 6 25 19 15 28 11 3 20 5
100,Instances_highcost_H6/abs5n30,3,30,2584.0,2221.0,1.1634398919405673,0.06869566298379035,1 26 24 10 7 23 16 14 8 9 13 4 22 29 21 2 18 27 30 17 6 25 19 15 28 11 3 20 5 12
100,Instances_highcost_H6/abs5n30,4,30,2584.0,2221.0,1.1634398919405673,0.06869566298379035,1 26 24 10 7 23 16 14 8 9 13 4 22 29 21 2 18 27 30 17 6 25 19 15 28 11 3 20 5 12
100,Instances_highcost_H6/abs5n30,5,30,2584.0,2221.0,1.1634398919405673,0.06869566298379035,1 26 24 10 7 23 16 14 8 9 13 4 22 29 21 2 18 27 30 17 6 25 19 15 28 11 3 20 5 12
100,Instances_highcost_H6/abs5n5,0,5,1010.0,865.0,1.1676300578034682,0.08333333333333333,3 5 4 1 2
100,Instances_highcost_H6/abs5n5,1,5,866.0,865.0,1.001156069364162,0.25,3 4 5 2 1
100,Instances_highcost_H6/abs5n5,2,5,866.0,865.0,1.001156069364162,0.25,3 4 5 2 1
100,Instances_highcost_H6/abs5n5,3,5,866.0,865.0,1.001156069364162,0.25,3 4 5 2 1
100,Instances_highcost_H6/abs5n5,4,5,866.0,865.0,1.001156069364162,0.25,3 4 5 2 1
100,Instances_highcost_H6/abs5n5,5,5,866.0,865.0,1.001156069364162,0.25,3 4 5 2 1
100,Instances_lowcost_H3/abs5n10,0,10,1368.0,1480.0,0.9243243243243243,0.10493827160493827,8 6 5 4 1 3 10 7 9 2
100,Instances_lowcost_H3/abs5n10,1,10,1368.0,1480.0,0.9243243243243243,0.10493827160493827,8 6 5 4 1 3 10 7 9 2
100,Instances_lowcost_H3/abs5n10,2,10,1368.0,1480.0,0.9243243243243243,0.10493827160493827,8 6 5 4 1 3 10 7 9 2
100,Instances_lowcost_H3/abs5n15,0,15,1748.0,1469.0,1.189925119128659,0.08690476190476192,10 7 8 12 11 13 2 5 4 6 3 15 9 1 14
100,Instances_lowcost_H3/abs5n15,1,15,1774.0,1469.0,1.2076242341729067,0.05328798185941043,9 15 6 4 14 5 2 11 13 12 8 7 10 1 3
100,Instances_lowcost_H3/abs5n15,2,15,1774.0,1469.0,1.2076242341729067,0.05328798185941043,9 15 6 4 14 5 2 11 13 12 8 7 10 1 3
100,Instances_lowcost_H3/abs5n20,0,20,2425.0,2221.0,1.0918505177847817,0.13200347124495732,19 17 18 8 13 5 14 16 2 9 10 6 4 11 20 12 15 7 1 3
100,Instances_lowcost_H3/abs5n20,1,20,2470.0,2221.0,1.1121116614137776,0.08587262840358816,19 17 18 5 14 16 2 9 10 6 4 11 20 12 15 7 1 3 8 13
100,Instances_lowcost_H3/abs5n20,2,20,2604.0,2221.0,1.1724448446645654,0.03333333333333333,19 17 5 18 8 13 3 1 20 10 9 6 2 4 16 14 11 12 15 7
100,Instances_lowcost_H3/abs5n25,0,25,2536.0,2284.0,1.1103327495621715,0.07961881868131866,2 11 5 20 1 13 17 6 3 19 9 24 7 18 8 4 25 10 21 22 15 12 14 16 23
100,Instances_lowcost_H3/abs5n25,1,25,2578.0,2284.0,1.1287215411558669,0.08656326312576312,2 11 5 20 1 13 17 6 3 19 9 24 7 18 8 4 25 10 22 21 15 12 14 16 23
100,Instances_lowcost_H3/abs5n25,2,25,2578.0,2284.0,1.1287215411558669,0.08656326312576312,2 11 5 20 1 13 17 6 3 19 9 24 7 18 8 4 25 10 22 21 15 12 14 16 23
100,Instances_lowcost_H3/abs5n30,0,30,2505.0,2221.0,1.1278703286807745,0.06784798629005837,1 26 24 10 7 23 16 14 8 13 4 29 22 21 2 9 18 5 20 3 11 28 30 17 15 6 25 19 27 12
100,Instances_lowcost_H3/abs5n30,1,30,2533.0,2221.0,1.140477262494372,0.07536632497899597,1 26 24 10 7 23 16 14 8 9 13 4 29 22 21 2 18 27 12 30 17 6 25 19 15 28 11 20 3 5
100,Instances_lowcost_H3/abs5n30,2,30,2525.0,2221.0,1.1368752814047727,0.06015334323457405,1 26 24 10 7 23 16 14 8 9 13 4 22 29 21 2 18 27 12 30 17 6 25 19 15 28 11 3 20 5
100,Instances_lowcost_H3/abs5n35,0,35,2996.0,2679.0,1.11832773422919,0.06882355980445343,28 1 18 21 8 19 34 4 15 9 23 3 6 25 20 7 14 31 16 27 35 32 10 33 2 13 12 11 17 30 26 22 24 5 29
100,Instances_lowcost_H3/abs5n35,1,35,2904.0,2679.0,1.083986562150056,0.054817545091352816,28 1 18 21 8 19 34 4 15 9 23 13 2 33 10 32 27 16 31 14 20 7 26 22 35 24 5 11 12 17 3 6 25 30 29
100,Instances_lowcost_H3/abs5n35,2,35,2894.0,2679.0,1.080253826054498,0.06322090643589064,28 1 18 21 8 19 34 4 15 9 23 13 2 33 10 32 27 16 31 14 20 7 26 22 35 24 5 12 11 17 3 6 25 30 29
100,Instances_lowcost_H3/abs5n40,0,40,2920.0,2647.0,1.1031356252361164,0.07186681539249769,6 4 30 31 13 3 19 38 18 34 27 21 28 36 35 23 10 5 40 24 33 15 32 9 2 20 1 29 7 16 37 14 39 17 26 22 25 8 12 11
100,Instances_lowcost_H3/abs5n40,1,40,3165.0,2647.0,1.195693237627503,0.073568914002826,4 30 31 13 3 38 6 18 34 17 25 8 19 2 9 32 15 33 24 40 5 23 35 28 21 27 36 10 16 29 20 1 7 37 12 14 39 26 22 11
100,Instances_lowcost_H3/abs5n40,2,40,3106.0,2647.0,1.1734038534189648,0.09187775621241581,4 30 31 13 3 38 6 18 34 17 25 8 19 9 32 15 33 24 40 5 10 23 35 28 21 27 36 11 26 39 22 14 37 20 2 1 29 7 16 12
100,Instances_lowcost_H3/abs5n45,0,45,2825.0,2475.0,1.1414141414141414,0.055231551054276,2 39 15 16 4 3 23 41 36 5 14 30 22 42 32 38 43 10 45 19 31 34 24 44 17 11 37 35 8 20 29 12 18 7 26 1 25 13 27 40 6 9 33 28 21
100,Instances_lowcost_H3/abs5n45,1,45,3017.0,2475.0,1.218989898989899,0.0701790397150192,28 9 14 5 36 41 23 3 15 16 4 39 34 24 44 17 11 37 35 8 20 29 13 27 21 25 12 18 7 31 26 1 40 6 33 2 43 38 10 45 32 19 42 30 22
100,Instances_lowcost_H3/abs5n45,2,45,2824.0,2475.0,1.141010101010101,0.047589724209785224,2 4 15 16 39 3 23 41 36 5 30 14 22 42 38 43 10 45 32 19 31 34 24 44 17 11 37 35 8 20 29 13 27 21 40 6 9 33 28 1 18 7 26 12 25
100,Instances_lowcost_H3/abs5n5,0,5,1010.0,865.0,1.1676300578034682,0.08333333333333333,3 5 4 1 2
100,Instances_lowcost_H3/abs5n5,1,5,866.0,865.0,1.001156069364162,0.25,3 4 5 2 1
100,Instances_lowcost_H3/abs5n5,2,5,866.0,865.0,1.001156069364162,0.25,3 4 5 2 1
100,Instances_lowcost_H3/abs5n50,0,50,3750.0,3165.0,1.1848341232227488,0.04664404786219574,45 33 41 32 26 44 31 4 49 13 20 42 48 12 36 22 38 3 15 27 34 25 14 39 10 6 7 24 1 40 8 19 21 16 2 29 17 23 50 28 37 35 43 30 9 47 11 18 46 5
100,Instances_lowcost_H3/abs5n50,1,50,3845.0,3165.0,1.2148499210110584,0.08559709023757998,45 33 41 1 40 8 24 34 7 25 14 39 10 5 6 27 19 21 16 2 29 17 23 32 26 44 31 4 49 13 20 42 48 12 36 22 47 35 28 50 37 43 30 9 11 15 3 38 46 18
100,Instances_lowcost_H3/abs5n50,2,50,3845.0,3165.0,1.2148499210110584,0.08559709023757998,45 33 41 1 40 8 24 34 7 25 14 39 10 5 6 27 19 21 16 2 29 17 23 32 26 44 31 4 49 13 20 42 48 12 36 22 47 35 28 50 37 43 30 9 11 15 3 38 46 18
100,Instances_lowcost_H6/abs5n10,0,10,1368.0,1480.0,0.9243243243243243,0.10493827160493827,8 6 5 4 1 3 10 7 9 2
100,Instances_lowcost_H6/abs5n10,1,10,1368.0,1480.0,0.9243243243243243,0.10493827160493827,8 6 5 4 1 3 10 7 9 2
100,Instances_lowcost_H6/abs5n10,2,10,1368.0,1480.0,0.9243243243243243,0.10493827160493827,8 6 5 4 1 3 10 7 9 2
100,Instances_lowcost_H6/abs5n10,3,10,1368.0,1480.0,0.9243243243243243,0.10493827160493827,8 6 5 4 1 3 10 7 9 2
100,Instances_lowcost_H6/abs5n10,4,10,1368.0,1480.0,0.9243243243243243,0.10493827160493827,8 6 5 4 1 3 10 7 9 2
100,Instances_lowcost_H6/abs5n10,5,10,1368.0,1480.0,0.9243243243243243,0.10493827160493827,8 6 5 4 1 3 10 7 9 2
100,Instances_lowcost_H6/abs5n15,0,15,1748.0,1469.0,1.189925119128659,0.08690476190476192,10 7 8 12 11 13 2 5 4 6 3 15 9 1 14
100,Instances_lowcost_H6/abs5n15,1,15,1774.0,1469.0,1.2076242341729067,0.05328798185941043,9 15 6 4 14 5 2 11 13 12 8 7 10 1 3
100,Instances_lowcost_H6/abs5n15,2,15,1774.0,1469.0,1.2076242341729067,0.05328798185941043,9 15 6 4 14 5 2 11 13 12 8 7 10 1 3
100,Instances_lowcost_H6/abs5n15,3,15,1774.0,1469.0,1.2076242341729067,0.05328798185941043,9 15 6 4 14 5 2 11 13 12 8 7 10 1 3
100,Instances_lowcost_H6/abs5n15,4,15,1774.0,1469.0,1.2076242341729067,0.05328798185941043,9 15 6 4 14 5 2 11 13 12 8 7 10 1 3
100,Instances_lowcost_H6/abs5n15,5,15,1774.0,1469.0,1.2076242341729067,0.05328798185941043,9 15 6 4 14 5 2 11 13 12 8 7 10 1 3
100,Instances_lowcost_H6/abs5n20,0,20,2425.0,2221.0,1.0918505177847817,0.13200347124495732,19 17 18 8 13 5 14 16 2 9 10 6 4 11 20 12 15 7 1 3
100,Instances_lowcost_H6/abs5n20,1,20,2470.0,2221.0,1.1121116614137776,0.08587262840358816,19 17 18 5 14 16 2 9 10 6 4 11 20 12 15 7 1 3 8 13
100,Instances_lowcost_H6/abs5n20,2,20,2604.0,2221.0,1.1724448446645654,0.03333333333333333,19 17 5 18 8 13 3 1 20 10 9 6 2 4 16 14 11 12 15 7
100,Instances_lowcost_H6/abs5n20,3,20,2604.0,2221.0,1.1724448446645654,0.03333333333333333,19 17 5 18 8 13 3 1 20 10 9 6 2 4 16 14 11 12 15 7
100,Instances_lowcost_H6/abs5n20,4,20,2604.0,2221.0,1.1724448446645654,0.03333333333333333,19 17 5 18 8 13 3 1 20 10 9 6 2 4 16 14 11 12 15 7
100,Instances_lowcost_H6/abs5n20,5,20,2604.0,2221.0,1.1724448446645654,0.03333333333333333,19 17 5 18 8 13 3 1 20 10 9 6 2 4 16 14 11 12 15 7
100,Instances_lowcost_H6/abs5n25,0,25,2536.0,2284.0,1.1103327495621715,0.07961881868131866,2 11 5 20 1 13 17 6 3 19 9 24 7 18 8 4 25 10 21 22 15 12 14 16 23
100,Instances_lowcost_H6/abs5n25,1,25,2578.0,2284.0,1.1287215411558669,0.08656326312576312,2 11 5 20 1 13 17 6 3 19 9 24 7 18 8 4 25 10 22 21 15 12 14 16 23
100,Instances_lowcost_H6/abs5n25,2,25,2578.0,2284.0,1.1287215411558669,0.08656326312576312,2 11 5 20 1 13 17 6 3 19 9 24 7 18 8 4 25 10 22 21 15 12 14 16 23
100,Instances_lowcost_H6/abs5n25,3,25,2578.0,2284.0,1.1287215411558669,0.08656326312576312,2 11 5 20 1 13 17 6 3 19 9 24 7 18 8 4 25 10 22 21 15 12 14 16 23
100,Instances_lowcost_H6/abs5n25,4,25,2578.0,2284.0,1.1287215411558669,0.08656326312576312,2 11 5 20 1 13 17 6 3 19 9 24 7 18 8 4 25 10 22 21 15 12 14 16 23
100,Instances_lowcost_H6/abs5n25,5,25,2578.0,2284.0,1.1287215411558669,0.08656326312576312,2 11 5 20 1 13 17 6 3 19 9 24 7 18 8 4 25 10 22 21 15 12 14 16 23
100,Instances_lowcost_H6/abs5n30,0,30,2505.0,2221.0,1.1278703286807745,0.06784798629005837,1 26 24 10 7 23 16 14 8 13 4 29 22 21 2 9 18 5 20 3 11 28 30 17 15 6 25 19 27 12
100,Instances_lowcost_H6/abs5n30,1,30,2533.0,2221.0,1.140477262494372,0.07536632497899597,1 26 24 10 7 23 16 14 8 9 13 4 29 22 21 2 18 27 12 30 17 6 25 19 15 28 11 20 3 5
100,Instances_lowcost_H6/abs5n30,2,30,2525.0,2221.0,1.1368752814047727,0.06015334323457405,1 26 24 10 7 23 16 14 8 9 13 4 22 29 21 2 18 27 12 30 17 6 25 19 15 28 11 3 20 5
100,Instances_lowcost_H6/abs5n30,3,30,2584.0,2221.0,1.1634398919405673,0.06869566298379035,1 26 24 10 7 23 16 14 8 9 13 4 22 29 21 2 18 27 30 17 6 25 19 15 28 11 3 20 5 12
100,Instances_lowcost_H6/abs5n30,4,30,2584.0,2221.0,1.1634398919405673,0.06869566298379035,1 26 24 10 7 23 16 14 8 9 13 4 22 29 21 2 18 27 30 17 6 25 19 15 28 11 3 20 5 12
100,Instances_lowcost_H6/abs5n30,5,30,2584.0,2221.0,1.1634398919405673,0.06869566298379035,1 26 24 10 7 23 16 14 8 9 13 4 22 29 21 2 18 27 30 17 6 25 19 15 28 11 3 20 5 12
100,Instances_lowcost_H6/abs5n5,0,5,1010.0,865.0,1.1676300578034682,0.08333333333333333,3 5 4 1 2
100,Instances_lowcost_H6/abs5n5,1,5,866.0,865.0,1.001156069364162,0.25,3 4 5 2 1
100,Instances_lowcost_H6/abs5n5,2,5,866.0,865.0,1.001156069364162,0.25,3 4 5 2 1
100,Instances_lowcost_H6/abs5n5,3,5,866.0,865.0,1.001156069364162,0.25,3 4 5 2 1
100,Instances_lowcost_H6/abs5n5,4,5,866.0,865.0,1.001156069364162,0.25,3 4 5 2 1
100,Instances_lowcost_H6/abs5n5,5,5,866.0,865.0,1.001156069364162,0.25,3 4 5 2 1
125,Instances_highcost_H3/abs5n10,0,10,1368.0,1480.0,0.9243243243243243,0.10493827160493827,8 6 5 4 1 3 10 7 9 2
125,Instances_highcost_H3/abs5n10,1,10,1368.0,1480.0,0.9243243243243243,0.10493827160493827,8 6 5 4 1 3 10 7 9 2
125,Instances_highcost_H3/abs5n10,2,10,1368.0,1480.0,0.9243243243243243,0.10493827160493827,8 6 5 4 1 3 10 7 9 2
125,Instances_highcost_H3/abs5n15,0,15,1523.0,1469.0,1.0367597004765146,0.021428571428571432,10 7 8 12 11 13 2 5 4 6 14 3 1 15 9
125,Instances_highcost_H3/abs5n15,1,15,1948.0,1469.0,1.326072157930565,0.10192307692307692,10 8 11 13 2 12 7 1 6 4 5 14 3 15 9
125,Instances_highcost_H3/abs5n15,2,15,1822.0,1469.0,1.2402995234853642,0.07092352092352093,10 7 8 11 13 2 12 5 4 6 14 3 15 9 1
125,Instances_highcost_H3/abs5n20,0,20,2462.0,2221.0,1.1085096803241783,0.13997007894066718,19 14 17 18 13 8 5 16 2 9 10 20 12 15 7 3 1 11 6 4
125,Instances_highcost_H3/abs5n20,1,20,2441.0,2221.0,1.09905447996398,0.09208200210522191,19 14 17 18 8 13 3 1 12 15 7 20 10 9 6 2 11 4 16 5
125,Instances_highcost_H3/abs5n20,2,20,2482.0,2221.0,1.1175146330481764,0.14372947743690778,19 14 17 18 13 8 5 16 2 9 10 12 15 7 3 1 20 11 6 4
125,Instances_highcost_H3/abs5n25,0,25,2560.0,2284.0,1.1208406304728546,0.12128548534798533,2 11 5 20 1 13 17 6 3 19 9 24 7 18 8 4 25 10 21 22 15 12 14 23 16
125,Instances_highcost_H3/abs5n25,1,25,2536.0,2284.0,1.1103327495621715,0.07961881868131866,2 11 5 20 1 13 17 6 3 19 9 24 7 18 8 4 25 10 21 22 15 12 14 16 23
125,Instances_highcost_H3/abs5n25,2,25,2536.0,2284.0,1.1103327495621715,0.07961881868131866,2 11 5 20 1 13 17 6 3 19 9 24 7 18 8 4 25 10 21 22 15 12 14 16 23
125,Instances_highcost_H3/abs5n30,0,30,2747.0,2221.0,1.2368302566411526,0.07031185968191524,26 1 24 10 7 28 11 20 3 30 17 23 15 6 25 16 14 8 13 4 22 29 21 2 9 18 5 12 27 19
125,Instances_highcost_H3/abs5n30,1,30,2922.0,2221.0,1.3156235929761368,0.07897683744889453,1 26 24 10 7 23 17 28 11 20 3 30 15 6 25 16 14 8 4 22 29 13 2 21 9 18 27 12 5 19
125,Instances_highcost_H3/abs5n30,2,30,2730.0,2221.0,1.2291760468257542,0.07173197503161831,1 26 24 10 7 23 17 28 11 20 3 30 15 6 25 16 14 8 13 4 22 29 21 2 9 18 5 12 27 19
125,Instances_highcost_H3/abs5n35,0,35,3104.0,2679.0,1.1586412840612168,0.0859265334454751,28 1 18 21 10 16 31 14 20 7 25 6 3 30 26 22 27 32 35 24 5 11 17 29 12 23 4 34 19 8 2 33 13 15 9
125,Instances_highcost_H3/abs5n35,1,35,2998.0,2679.0,1.1190742814483017,0.069487457815223,28 1 18 21 10 16 31 14 20 7 25 6 3 30 26 22 35 27 32 24 5 11 17 29 12 23 9 4 34 19 8 2 33 13 15
125,Instances_highcost_H3/abs5n35,2,35,2986.0,2679.0,1.114594998133632,0.07438941859953672,28 1 18 21 10 16 31 14 20 7 25 6 3 30 26 22 35 27 32 24 5 11 17 29 12 23 9 4 34 19 8 33 2 13 15
125,Instances_highcost_H3/abs5n40,0,40,2810.0,2647.0,1.061579146203249,0.06339276792509704,6 4 30 18 34 27 21 28 36 35 23 10 5 40 24 15 33 32 9 2 20 1 29 16 7 37 12 14 39 17 26 22 11 8 25 38 31 3 13 19
125,Instances_highcost_H3/abs5n40,1,40,3121.0,2647.0,1.1790706460143558,0.05232453308726269,6 4 30 18 34 27 21 28 35 23 10 5 40 24 15 33 32 9 19 13 31 3 38 8 25 17 39 26 22 14 37 1 29 20 7 16 12 11 36 2
125,Instances_highcost_H3/abs5n40,2,40,3121.0,2647.0,1.1790706460143558,0.05232453308726269,6 4 30 18 34 27 21 28 35 23 10 5 40 24 15 33 32 9 19 13 31 3 38 8 25 17 39 26 22 14 37 1 29 20 7 16 12 11 36 2
125,Instances_highcost_H3/abs5n45,0,45,2970.0,2475.0,1.2,0.036080058358754004,28 1 37 35 8 20 29 13 27 40 6 9 14 5 36 41 23 3 38 10 43 45 32 42 30 22 19 39 16 15 4 34 24 44 17 11 7 18 26 31 2 33 21 25 12
125,Instances_highcost_H3/abs5n45,1,45,2947.0,2475.0,1.1907070707070706,0.05253236928021596,28 1 12 20 8 35 37 44 24 17 34 11 18 7 26 31 39 16 15 4 3 23 41 36 5 14 30 22 42 38 10 43 45 32 19 2 33 9 13 27 21 6 40 25 29
125,Instances_highcost_H3/abs5n45,2,45,3073.0,2475.0,1.2416161616161616,0.05451597662570029,28 1 12 29 8 35 37 44 24 17 34 11 18 7 31 26 20 13 27 21 40 6 9 14 5 36 41 23 3 15 16 4 39 2 19 38 10 43 45 32 42 30 22 33 25
125,Instances_highcost_H3/abs5n5,0,5,866.0,865.0,1.001156069364162,0.25,3 4 5 2 1
125,Instances_highcost_H3/abs5n5,1,5,1062.0,865.0,1.2277456647398843,0.1875,1 4 5 3 2
125,Instances_highcost_H3/abs5n5,2,5,1062.0,865.0,1.2277456647398843,0.1875,1 4 5 3 2
125,Instances_highcost_H3/abs5n50,0,50,3339.0,3165.0,1.0549763033175354,0.04088708642496369,33 45 26 44 31 4 49 13 20 42 48 12 36 5 39 14 25 34 7 27 24 1 40 8 19 16 21 2 10 6 46 18 3 15 29 17 30 23 41 32 50 28 37 35 43 9 47 11 38 22
125,Instances_highcost_H3/abs5n50,1,50,3969.0,3165.0,1.2540284360189573,0.06746878972729405,45 33 1 40 24 8 34 25 14 39 5 10 6 7 27 16 19 21 2 15 46 18 38 36 12 20 42 48 13 49 4 26 44 31 32 41 50 28 37 35 9 47 17 23 30 29 3 11 43 22
125,Instances_highcost_H3/abs5n50,2,50,3906.0,3165.0,1.2341232227488153,0.0725708305436206,45 33 1 40 24 8 34 25 14 39 5 10 6 7 27 16 19 21 2 15 46 18 38 36 12 20 42 48 13 49 4 26 44 31 32 41 50 28 37 35 9 47 17 23 30 43 29 3 11 22
125,Instances_highcost_H6/abs5n10,0,10,1368.0,1480.0,0.9243243243243243,0.10493827160493827,8 6 5 4 1 3 10 7 9 2
125,Instances_highcost_H6/abs5n10,1,10,1368.0,1480.0,0.9243243243243243,0.10493827160493827,8 6 5 4 1 3 10 7 9 2
125,Instances_highcost_H6/abs5n10,2,10,1368.0,1480.0,0.9243243243243243,0.10493827160493827,8 6 5 4 1 3 10 7 9 2
125,Instances_highcost_H6/abs5n10,3,10,1368.0,1480.0,0.9243243243243243,0.10493827160493827,8 6 5 4 1 3 10 7 9 2
125,Instances_highcost_H6/abs5n10,4,10,1368.0,1480.0,0.9243243243243243,0.10493827160493827,8 6 5 4 1 3 10 7 9 2
125,Instances_highcost_H6/abs5n10,5,10,1368.0,1480.0,0.9243243243243243,0.10493827160493827,8 6 5 4 1 3 10 7 9 2
125,Instances_highcost_H6/abs5n15,0,15,1523.0,1469.0,1.0367597004765146,0.021428571428571432,10 7 8 12 11 13 2 5 4 6 14 3 1 15 9
125,Instances_highcost_H6/abs5n15,1,15,1948.0,1469.0,1.326072157930565,0.10192307692307692,10 8 11 13 2 12 7 1 6 4 5 14 3 15 9
125,Instances_highcost_H6/abs5n15,2,15,1822.0,1469.0,1.2402995234853642,0.07092352092352093,10 7 8 11 13 2 12 5 4 6 14 3 15 9 1
125,Instances_highcost_H6/abs5n15,3,15,1822.0,1469.0,1.2402995234853642,0.07092352092352093,10 7 8 11 13 2 12 5 4 6 14 3 15 9 1
125,Instances_highcost_H6/abs5n15,4,15,1822.0,1469.0,1.2402995234853642,0.07092352092352093,10 7 8 11 13 2 12 5 4 6 14 3 15 9 1
125,Instances_highcost_H6/abs5n15,5,15,1822.0,1469.0,1.2402995234853642,0.07092352092352093,10 7 8 11 13 2 12 5 4 6 14 3 15 9 1
125,Instances_highcost_H6/abs5n20,0,20,2462.0,2221.0,1.1085096803241783,0.13997007894066718,19 14 17 18 13 8 5 16 2 9 10 20 12 15 7 3 1 11 6 4
125,Instances_highcost_H6/abs5n20,1,20,2441.0,2221.0,1.09905447996398,0.09208200210522191,19 14 17 18 8 13 3 1 12 15 7 20 10 9 6 2 11 4 16 5
125,Instances_highcost_H6/abs5n20,2,20,2482.0,2221.0,1.1175146330481764,0.14372947743690778,19 14 17 18 13 8 5 16 2 9 10 12 15 7 3 1 20 11 6 4
125,Instances_highcost_H6/abs5n20,3,20,2482.0,2221.0,1.1175146330481764,0.14372947743690778,19 14 17 18 13 8 5 16 2 9 10 12 15 7 3 1 20 11 6 4
125,Instances_highcost_H6/abs5n20,4,20,2482.0,2221.0,1.1175146330481764,0.14372947743690778,19 14 17 18 13 8 5 16 2 9 10 12 15 7 3 1 20 11 6 4
125,Instances_highcost_H6/abs5n20,5,20,2482.0,2221.0,1.1175146330481764,0.14372947743690778,19 14 17 18 13 8 5 16 2 9 10 12 15 7 3 1 20 11 6 4
125,Instances_highcost_H6/abs5n25,0,25,2560.0,2284.0,1.1208406304728546,0.12128548534798533,2 11 5 20 1 13 17 6 3 19 9 24 7 18 8 4 25 10 21 22 15 12 14 23 16
125,Instances_highcost_H6/abs5n25,1,25,2536.0,2284.0,1.1103327495621715,0.07961881868131866,2 11 5 20 1 13 17 6 3 19 9 24 7 18 8 4 25 10 21 22 15 12 14 16 23
125,Instances_highcost_H6/abs5n25,2,25,2536.0,2284.0,1.1103327495621715,0.07961881868131866,2 11 5 20 1 13 17 6 3 19 9 24 7 18 8 4 25 10 21 22 15 12 14 16 23
125,Instances_highcost_H6/abs5n25,3,25,2536.0,2284.0,1.1103327495621715,0.07961881868131866,2 11 5 20 1 13 17 6 3 19 9 24 7 18 8 4 25 10 21 22 15 12 14 16 23
125,Instances_highcost_H6/abs5n25,4,25,2536.0,2284.0,1.1103327495621715,0.07961881868131866,2 11 5 20 1 13 17 6 3 19 9 24 7 18 8 4 25 10 21 22 15 12 14 16 23
125,Instances_highcost_H6/abs5n25,5,25,2536.0,2284.0,1.1103327495621715,0.07961881868131866,2 11 5 20 1 13 17 6 3 19 9 24 7 18 8 4 25 10 21 22 15 12 14 16 23
125,Instances_highcost_H6/abs5n30,0,30,2747.0,2221.0,1.2368302566411526,0.07031185968191524,26 1 24 10 7 28 11 20 3 30 17 23 15 6 25 16 14 8 13 4 22 29 21 2 9 18 5 12 27 19
125,Instances_highcost_H6/abs5n30,1,30,2922.0,2221.0,1.3156235929761368,0.07897683744889453,1 26 24 10 7 23 17 28 11 20 3 30 15 6 25 16 14 8 4 22 29 13 2 21 9 18 27 12 5 19
125,Instances_highcost_H6/abs5n30,2,30,2730.0,2221.0,1.2291760468257542,0.07173197503161831,1 26 24 10 7 23 17 28 11 20 3 30 15 6 25 16 14 8 13 4 22 29 21 2 9 18 5 12 27 19
125,Instances_highcost_H6/abs5n30,3,30,2730.0,2221.0,1.2291760468257542,0.07173197503161831,1 26 24 10 7 23 17 28 11 20 3 30 15 6 25 16 14 8 13 4 22 29 21 2 9 18 5 12 27 19
125,Instances_highcost_H6/abs5n30,4,30,2730.0,2221.0,1.2291760468257542,0.07173197503161831,1 26 24 10 7 23 17 28 11 20 3 30 15 6 25 16 14 8 13 4 22 29 21 2 9 18 5 12 27 19
125,Instances_highcost_H6/abs5n30,5,30,2730.0,2221.0,1.2291760468257542,0.07173197503161831,1 26 24 10 7 23 17 28 11 20 3 30 15 6 25 16 14 8 13 4 22 29 21 2 9 18 5 12 27 19
125,Instances_highcost_H6/abs5n5,0,5,866.0,865.0,1.001156069364162,0.25,3 4 5 2 1
125,Instances_highcost_H6/abs5n5,1,5,1062.0,865.0,1.2277456647398843,0.1875,1 4 5 3 2
125,Instances_highcost_H6/abs5n5,2,5,1062.0,865.0,1.2277456647398843,0.1875,1 4 5 3 2
125,Instances_highcost_H6/abs5n5,3,5,1062.0,865.0,1.2277456647398843,0.1875,1 4 5 3 2
125,Instances_highcost_H6/abs5n5,4,5,1062.0,865.0,1.2277456647398843,0.1875,1 4 5 3 2
125,Instances_highcost_H6/abs5n5,5,5,1062.0,865.0,1.2277456647398843,0.1875,1 4 5 3 2
125,Instances_lowcost_H3/abs5n10,0,10,1368.0,1480.0,0.9243243243243243,0.10493827160493827,8 6 5 4 1 3 10 7 9 2
125,Instances_lowcost_H3/abs5n10,1,10,1368.0,1480.0,0.9243243243243243,0.10493827160493827,8 6 5 4 1 3 10 7 9 2
125,Instances_lowcost_H3/abs5n10,2,10,1368.0,1480.0,0.9243243243243243,0.10493827160493827,8 6 5 4 1 3 10 7 9 2
125,Instances_lowcost_H3/abs5n15,0,15,1523.0,1469.0,1.0367597004765146,0.021428571428571432,10 7 8 12 11 13 2 5 4 6 14 3 1 15 9
125,Instances_lowcost_H3/abs5n15,1,15,1948.0,1469.0,1.326072157930565,0.10192307692307692,10 8 11 13 2 12 7 1 6 4 5 14 3 15 9
125,Instances_lowcost_H3/abs5n15,2,15,1822.0,1469.0,1.2402995234853642,0.07092352092352093,10 7 8 11 13 2 12 5 4 6 14 3 15 9 1
125,Instances_lowcost_H3/abs5n20,0,20,2462.0,2221.0,1.1085096803241783,0.13997007894066718,19 14 17 18 13 8 5 16 2 9 10 20 12 15 7 3 1 11 6 4
125,Instances_lowcost_H3/abs5n20,1,20,2441.0,2221.0,1.09905447996398,0.09208200210522191,19 14 17 18 8 13 3 1 12 15 7 20 10 9 6 2 11 4 16 5
125,Instances_lowcost_H3/abs5n20,2,20,2482.0,2221.0,1.1175146330481764,0.14372947743690778,19 14 17 18 13 8 5 16 2 9 10 12 15 7 3 1 20 11 6 4
125,Instances_lowcost_H3/abs5n25,0,25,2560.0,2284.0,1.1208406304728546,0.12128548534798533,2 11 5 20 1 13 17 6 3 19 9 24 7 18 8 4 25 10 21 22 15 12 14 23 16
125,Instances_lowcost_H3/abs5n25,1,25,2536.0,2284.0,1.1103327495621715,0.07961881868131866,2 11 5 20 1 13 17 6 3 19 9 24 7 18 8 4 25 10 21 22 15 12 14 16 23
125,Instances_lowcost_H3/abs5n25,2,25,2536.0,2284.0,1.1103327495621715,0.07961881868131866,2 11 5 20 1 13 17 6 3 19 9 24 7 18 8 4 25 10 21 22 15 12 14 16 23
125,Instances_lowcost_H3/abs5n30,0,30,2747.0,2221.0,1.2368302566411526,0.07031185968191524,26 1 24 10 7 28 11 20 3 30 17 23 15 6 25 16 14 8 13 4 22 29 21 2 9 18 5 12 27 19
125,Instances_lowcost_H3/abs5n30,1,30,2922.0,2221.0,1.3156235929761368,0.07897683744889453,1 26 24 10 7 23 17 28 11 20 3 30 15 6 25 16 14 8 4 22 29 13 2 21 9 18 27 12 5 19
125,Instances_lowcost_H3/abs5n30,2,30,2730.0,2221.0,1.2291760468257542,0.07173197503161831,1 26 24 10 7 23 17 28 11 20 3 30 15 6 25 16 14 8 13 4 22 29 21 2 9 18 5 12 27 19
125,Instances_lowcost_H3/abs5n35,0,35,3104.0,2679.0,1.1586412840612168,0.0859265334454751,28 1 18 21 10 16 31 14 20 7 25 6 3 30 26 22 27 32 35 24 5 11 17 29 12 23 4 34 19 8 2 33 13 15 9
125,Instances_lowcost_H3/abs5n35,1,35,2998.0,2679.0,1.1190742814483017,0.069487457815223,28 1 18 21 10 16 31 14 20 7 25 6 3 30 26 22 35 27 32 24 5 11 17 29 12 23 9 4 34 19 8 2 33 13 15
125,Instances_lowcost_H3/abs5n35,2,35,2986.0,2679.0,1.114594998133632,0.07438941859953672,28 1 18 21 10 16 31 14 20 7 25 6 3 30 26 22 35 27 32 24 5 11 17 29 12 23 9 4 34 19 8 33 2 13 15
125,Instances_lowcost_H3/abs5n40,0,40,2810.0,2647.0,1.061579146203249,0.06339276792509704,6 4 30 18 34 27 21 28 36 35 23 10 5 40 24 15 33 32 9 2 20 1 29 16 7 37 12 14 39 17 26 22 11 8 25 38 31 3 13 19
125,Instances_lowcost_H3/abs5n40,1,40,3121.0,2647.0,1.1790706460143558,0.05232453308726269,6 4 30 18 34 27 21 28 35 23 10 5 40 24 15 33 32 9 19 13 31 3 38 8 25 17 39 26 22 14 37 1 29 20 7 16 12 11 36 2
125,Instances_lowcost_H3/abs5n40,2,40,3121.0,2647.0,1.1790706460143558,0.05232453308726269,6 4 30 18 34 27 21 28 35 23 10 5 40 24 15 33 32 9 19 13 31 3 38 8 25 17 39 26 22 14 37 1 29 20 7 16 12 11 36 2
125,Instances_lowcost_H3/abs5n45,0,45,2970.0,2475.0,1.2,0.036080058358754004,28 1 37 35 8 20 29 13 27 40 6 9 14 5 36 41 23 3 38 10 43 45 32 42 30 22 19 39 16 15 4 34 24 44 17 11 7 18 26 31 2 33 21 25 12
125,Instances_lowcost_H3/abs5n45,1,45,2947.0,2475.0,1.1907070707070706,0.05253236928021596,28 1 12 20 8 35 37 44 24 17 34 11 18 7 26 31 39 16 15 4 3 23 41 36 5 14 30 22 42 38 10 43 45 32 19 2 33 9 13 27 21 6 40 25 29
125,Instances_lowcost_H3/abs5n45,2,45,3073.0,2475.0,1.2416161616161616,0.05451597662570029,28 1 12 29 8 35 37 44 24 17 34 11 18 7 31 26 20 13 27 21 40 6 9 14 5 36 41 23 3 15 16 4 39 2 19 38 10 43 45 32 42 30 22 33 25
125,Instances_lowcost_H3/abs5n5,0,5,866.0,865.0,1.001156069364162,0.25,3 4 5 2 1
125,Instances_lowcost_H3/abs5n5,1,5,1062.0,865.0,1.2277456647398843,0.1875,1 4 5 3 2
125,Instances_lowcost_H3/abs5n5,2,5,1062.0,865.0,1.2277456647398843,0.1875,1 4 5 3 2
125,Instances_lowcost_H3/abs5n50,0,50,3339.0,3165.0,1.0549763033175354,0.04088708642496369,33 45 26 44 31 4 49 13 20 42 48 12 36 5 39 14 25 34 7 27 24 1 40 8 19 16 21 2 10 6 46 18 3 15 29 17 30 23 41 32 50 28 37 35 43 9 47 11 38 22
125,Instances_lowcost_H3/abs5n50,1,50,3969.0,3165.0,1.2540284360189573,0.06746878972729405,45 33 1 40 24 8 34 25 14 39 5 10 6 7 27 16 19 21 2 15 46 18 38 36 12 20 42 48 13 49 4 26 44 31 32 41 50 28 37 35 9 47 17 23 30 29 3 11 43 22
125,Instances_lowcost_H3/abs5n50,2,50,3906.0,3165.0,1.2341232227488153,0.0725708305436206,45 33 1 40 24 8 34 25 14 39 5 10 6 7 27 16 19 21 2 15 46 18 38 36 12 20 42 48 13 49 4 26 44 31 32 41 50 28 37 35 9 47 17 23 30 43 29 3 11 22
125,Instances_lowcost_H6/abs5n10,0,10,1368.0,1480.0,0.9243243243243243,0.10493827160493827,8 6 5 4 1 3 10 7 9 2
125,Instances_lowcost_H6/abs5n10,1,10,1368.0,1480.0,0.9243243243243243,0.10493827160493827,8 6 5 4 1 3 10 7 9 2
125,Instances_lowcost_H6/abs5n10,2,10,1368.0,1480.0,0.9243243243243243,0.10493827160493827,8 6 5 4 1 3 10 7 9 2
125,Instances_lowcost_H6/abs5n10,3,10,1368.0,1480.0,0.9243243243243243,0.10493827160493827,8 6 5 4 1 3 10 7 9 2
125,Instances_lowcost_H6/abs5n10,4,10,1368.0,1480.0,0.9243243243243243,0.10493827160493827,8 6 5 4 1 3 10 7 9 2
125,Instances_lowcost_H6/abs5n10,5,10,1368.0,1480.0,0.9243243243243243,0.10493827160493827,8 6 5 4 1 3 10 7 9 2
125,Instances_lowcost_H6/abs5n15,0,15,1523.0,1469.0,1.0367597004765146,0.021428571428571432,10 7 8 12 11 13 2 5 4 6 14 3 1 15 9
125,Instances_lowcost_H6/abs5n15,1,15,1948.0,1469.0,1.326072157930565,0.10192307692307692,10 8 11 13 2 12 7 1 6 4 5 14 3 15 9
125,Instances_lowcost_H6/abs5n15,2,15,1822.0,1469.0,1.2402995234853642,0.07092352092352093,10 7 8 11 13 2 12 5 4 6 14 3 15 9 1
125,Instances_lowcost_H6/abs5n15,3,15,1822.0,1469.0,1.2402995234853642,0.07092352092352093,10 7 8 11 13 2 12 5 4 6 14 3 15 9 1
125,Instances_lowcost_H6/abs5n15,4,15,1822.0,1469.0,1.2402995234853642,0.07092352092352093,10 7 8 11 13 2 12 5 4 6 14 3 15 9 1
125,Instances_lowcost_H6/abs5n15,5,15,1822.0,1469.0,1.2402995234853642,0.07092352092352093,10 7 8 11 13 2 12 5 4 6 14 3 15 9 1
125,Instances_lowcost_H6/abs5n20,0,20,2462.0,2221.0,1.1085096803241783,0.13997007894066718,19 14 17 18 13 8 5 16 2 9 10 20 12 15 7 3 1 11 6 4
125,Instances_lowcost_H6/abs5n20,1,20,2441.0,2221.0,1.09905447996398,0.09208200210522191,19 14 17 18 8 13 3 1 12 15 7 20 10 9 6 2 11 4 16 5
125,Instances_lowcost_H6/abs5n20,2,20,2482.0,2221.0,1.1175146330481764,0.14372947743690778,19 14 17 18 13 8 5 16 2 9 10 12 15 7 3 1 20 11 6 4
125,Instances_lowcost_H6/abs5n20,3,20,2482.0,2221.0,1.1175146330481764,0.14372947743690778,19 14 17 18 13 8 5 16 2 9 10 12 15 7 3 1 20 11 6 4
125,Instances_lowcost_H6/abs5n20,4,20,2482.0,2221.0,1.1175146330481764,0.14372947743690778,19 14 17 18 13 8 5 16 2 9 10 12 15 7 3 1 20 11 6 4
125,Instances_lowcost_H6/abs5n20,5,20,2482.0,2221.0,1.1175146330481764,0.14372947743690778,19 14 17 18 13 8 5 16 2 9 10 12 15 7 3 1 20 11 6 4
125,Instances_lowcost_H6/abs5n25,0,25,2560.0,2284.0,1.1208406304728546,0.12128548534798533,2 11 5 20 1 13 17 6 3 19 9 24 7 18 8 4 25 10 21 22 15 12 14 23 16
125,Instances_lowcost_H6/abs5n25,1,25,2536.0,2284.0,1.1103327495621715,0.07961881868131866,2 11 5 20 1 13 17 6 3 19 9 24 7 18 8 4 25 10 21 22 15 12 14 16 23
125,Instances_lowcost_H6/abs5n25,2,25,2536.0,2284.0,1.1103327495621715,0.07961881868131866,2 11 5 20 1 13 17 6 3 19 9 24 7 18 8 4 25 10 21 22 15 12 14 16 23
125,Instances_lowcost_H6/abs5n25,3,25,2536.0,2284.0,1.1103327495621715,0.07961881868131866,2 11 5 20 1 13 17 6 3 19 9 24 7 18 8 4 25 10 21 22 15 12 14 16 23
125,Instances_lowcost_H6/abs5n25,4,25,2536.0,2284.0,1.1103327495621715,0.07961881868131866,2 11 5 20 1 13 17 6 3 19 9 24 7 18 8 4 25 10 21 22 15 12 14 16 23
125,Instances_lowcost_H6/abs5n25,5,25,2536.0,2284.0,1.1103327495621715,0.07961881868131866,2 11 5 20 1 13 17 6 3 19 9 24 7 18 8 4 25 10 21 22 15 12 14 16 23
125,Instances_lowcost_H6/abs5n30,0,30,2747.0,2221.0,1.2368302566411526,0.07031185968191524,26 1 24 10 7 28 11 20 3 30 17 23 15 6 25 16 14 8 13 4 22 29 21 2 9 18 5 12 27 19
125,Instances_lowcost_H6/abs5n30,1,30,2922.0,2221.0,1.3156235929761368,0.07897683744889453,1 26 24 10 7 23 17 28 11 20 3 30 15 6 25 16 14 8 4 22 29 13 2 21 9 18 27 12 5 19
125,Instances_lowcost_H6/abs5n30,2,30,2730.0,2221.0,1.2291760468257542,0.07173197503161831,1 26 24 10 7 23 17 28 11 20 3 30 15 6 25 16 14 8 13 4 22 29 21 2 9 18 5 12 27 19
125,Instances_lowcost_H6/abs5n30,3,30,2730.0,2221.0,1.2291760468257542,0.07173197503161831,1 26 24 10 7 23 17 28 11 20 3 30 15 6 25 16 14 8 13 4 22 29 21 2 9 18 5 12 27 19
125,Instances_lowcost_H6/abs5n30,4,30,2730.0,2221.0,1.2291760468257542,0.07173197503161831,1 26 24 10 7 23 17 28 11 20 3 30 15 6 25 16 14 8 13 4 22 29 21 2 9 18 5 12 27 19
125,Instances_lowcost_H6/abs5n30,5,30,2730.0,2221.0,1.2291760468257542,0.07173197503161831,1 26 24 10 7 23 17 28 11 20 3 30 15 6 25 16 14 8 13 4 22 29 21 2 9 18 5 12 27 19
125,Instances_lowcost_H6/abs5n5,0,5,866.0,865.0,1.001156069364162,0.25,3 4 5 2 1
125,Instances_lowcost_H6/abs5n5,1,5,1062.0,865.0,1.2277456647398843,0.1875,1 4 5 3 2
125,Instances_lowcost_H6/abs5n5,2,5,1062.0,865.0,1.2277456647398843,0.1875,1 4 5 3 2
125,Instances_lowcost_H6/abs5n5,3,5,1062.0,865.0,1.2277456647398843,0.1875,1 4 5 3 2
125,Instances_lowcost_H6/abs5n5,4,5,1062.0,865.0,1.2277456647398843,0.1875,1 4 5 3 2
125,Instances_lowcost_H6/abs5n5,5,5,1062.0,865.0,1.2277456647398843,0.1875,1 4 5 3 2
150,Instances_highcost_H3/abs5n10,0,10,1368.0,1480.0,0.9243243243243243,0.10493827160493827,8 6 5 4 1 3 10 7 9 2
150,Instances_highcost_H3/abs5n10,1,10,1368.0,1480.0,0.9243243243243243,0.10493827160493827,8 6 5 4 1 3 10 7 9 2
150,Instances_highcost_H3/abs5n10,2,10,1368.0,1480.0,0.9243243243243243,0.10493827160493827,8 6 5 4 1 3 10 7 9 2
150,Instances_highcost_H3/abs5n15,0,15,1641.0,1469.0,1.1170864533696392,0.05714285714285715,10 7 8 12 11 13 2 5 4 6 14 3 15 9 1
150,Instances_highcost_H3/abs5n15,1,15,1641.0,1469.0,1.1170864533696392,0.05714285714285715,10 7 8 12 11 13 2 5 4 6 14 3 15 9 1
150,Instances_highcost_H3/abs5n15,2,15,1822.0,1469.0,1.2402995234853642,0.07092352092352093,10 7 8 11 13 2 12 5 4 6 14 3 15 9 1
150,Instances_highcost_H3/abs5n20,0,20,2293.0,2221.0,1.0324178298063935,0.07101577473094502,19 17 18 8 13 7 15 12 20 10 9 6 2 4 11 1 3 16 14 5
150,Instances_highcost_H3/abs5n20,1,20,2293.0,2221.0,1.0324178298063935,0.07101577473094502,19 17 18 8 13 7 15 12 20 10 9 6 2 4 11 1 3 16 14 5
150,Instances_highcost_H3/abs5n20,2,20,2362.0,2221.0,1.0634849167041873,0.1560236375251855,19 2 9 10 20 12 15 7 3 1 11 6 4 16 14 17 18 13 8 5
150,Instances_highcost_H3/abs5n25,0,25,2234.0,2284.0,0.978108581436077,0.062294759334233014,2 11 5 20 1 21 10 25 22 4 8 18 7 24 19 9 3 23 14 12 16 15 6 17 13
150,Instances_highcost_H3/abs5n25,1,25,2602.0,2284.0,1.13922942206655,0.12822992979242978,2 11 5 20 1 13 17 6 3 19 9 24 7 18 8 4 25 10 22 21 15 12 14 23 16
150,Instances_highcost_H3/abs5n25,2,25,2602.0,2284.0,1.13922942206655,0.12822992979242978,2 11 5 20 1 13 17 6 3 19 9 24 7 18 8 4 25 10 22 21 15 12 14 23 16
150,Instances_highcost_H3/abs5n30,0,30,2760.0,2221.0,1.2426834759117515,0.06358679796629606,1 26 24 10 7 28 11 20 3 30 17 23 6 25 16 14 8 13 4 22 29 21 2 9 18 5 12 27 15 19
150,Instances_highcost_H3/abs5n30,1,30,2846.0,2221.0,1.2814047726249438,0.08784633304706525,1 26 24 10 7 23 17 15 28 11 20 3 30 6 25 14 16 19 27 12 5 21 4 13 29 22 2 9 8 18
150,Instances_highcost_H3/abs5n30,2,30,2539.0,2221.0,1.1431787483115714,0.06858841448034521,1 26 24 20 10 7 23 16 14 8 13 4 22 29 21 2 9 18 5 3 11 28 30 17 15 6 25 19 27 12
150,Instances_highcost_H3/abs5n35,0,35,2936.0,2679.0,1.0959313176558418,0.07047093944316829,28 1 18 21 10 16 31 14 20 7 25 6 3 30 29 26 22 35 27 32 24 5 11 17 12 23 4 34 19 8 2 33 13 15 9
150,Instances_highcost_H3/abs5n35,1,35,3043.0,2679.0,1.1358715938783128,0.058469717385717865,28 1 18 21 10 16 31 14 20 7 25 6 3 30 26 22 35 27 32 24 5 11 12 23 9 4 34 19 8 2 33 13 15 17 29
150,Instances_highcost_H3/abs5n35,2,35,2951.0,2679.0,1.1015304217991788,0.06215988774976366,28 1 18 21 10 16 31 14 20 7 25 6 3 30 29 26 22 35 27 32 24 5 11 12 23 9 4 34 19 8 2 33 13 15 17
150,Instances_highcost_H3/abs5n40,0,40,2889.0,2647.0,1.0914242538723082,0.04424808908956087,6 4 30 31 13 3 19 38 18 34 27 21 28 36 35 23 10 5 40 24 15 33 32 9 2 20 1 29 7 16 37 12 14 22 17 39 26 8 25 11
150,Instances_highcost_H3/abs5n40,1,40,3140.0,2647.0,1.1862485833018512,0.07715601658740609,6 4 30 31 13 3 38 19 18 34 27 21 28 36 35 10 23 5 40 24 33 15 32 9 20 1 29 7 16 37 14 39 17 26 22 25 8 12 11 2
150,Instances_highcost_H3/abs5n40,2,40,3071.0,2647.0,1.1601813373630525,0.04604083547222498,6 4 30 31 13 3 38 19 18 34 27 21 28 36 35 10 23 5 40 24 33 15 32 9 20 1 29 7 16 12 37 14 22 17 39 26 11 8 25 2
150,Instances_highcost_H3/abs5n45,0,45,2988.0,2475.0,1.2072727272727273,0.03949496940772304,28 33 9 14 5 36 41 23 3 38 10 43 45 32 42 30 22 19 39 15 16 4 34 24 44 17 11 35 8 37 18 7 31 26 1 12 20 29 13 27 21 40 6 25 2
150,Instances_highcost_H3/abs5n45,1,45,2989.0,2475.0,1.2076767676767677,0.06744221678644159,28 9 14 5 36 41 23 3 15 16 4 39 34 24 44 17 11 35 8 20 29 13 27 21 25 12 37 18 7 26 31 1 40 6 33 22 30 42 32 38 43 10 45 19 2
150,Instances_highcost_H3/abs5n45,2,45,2655.0,2475.0,1.0727272727272728,0.05142364211009454,28 33 9 6 27 13 20 8 35 37 44 24 17 11 34 16 15 4 39 3 23 41 36 5 14 30 22 42 32 38 43 10 45 19 2 31 7 26 18 12 29 25 21 40 1
150,Instances_highcost_H3/abs5n5,0,5,866.0,865.0,1.001156069364162,0.25,3 4 5 2 1
150,Instances_highcost_H3/abs5n5,1,5,866.0,865.0,1.001156069364162,0.25,3 4 5 2 1
150,Instances_highcost_H3/abs5n5,2,5,1062.0,865.0,1.2277456647398843,0.1875,1 4 5 3 2
150,Instances_highcost_H3/abs5n50,0,50,3362.0,3165.0,1.0622432859399684,0.0408959530750013,45 33 41 32 26 44 31 4 49 13 20 42 48 12 36 5 39 14 25 34 7 27 24 1 40 8 19 21 16 2 15 10 6 46 18 3 38 22 47 9 35 37 50 28 23 30 17 43 11 29
150,Instances_highcost_H3/abs5n50,1,50,3762.0,3165.0,1.1886255924170617,0.056754511727680874,45 33 1 40 24 8 34 25 14 39 5 6 10 7 27 16 19 21 2 15 46 18 38 36 12 42 20 48 22 13 49 31 26 44 4 32 41 50 28 37 35 9 47 43 23 30 17 29 11 3
150,Instances_highcost_H3/abs5n50,2,50,3843.0,3165.0,1.214218009478673,0.04055513767937778,45 33 1 40 24 8 34 25 14 39 5 6 10 7 27 16 19 21 2 15 46 18 38 3 11 29 17 23 41 32 26 44 31 4 50 28 37 35 9 47 43 30 22 48 42 20 12 36 13 49
150,Instances_highcost_H6/abs5n10,0,10,1368.0,1480.0,0.9243243243243243,0.10493827160493827,8 6 5 4 1 3 10 7 9 2
150,Instances_highcost_H6/abs5n10,1,10,1368.0,1480.0,0.9243243243243243,0.10493827160493827,8 6 5 4 1 3 10 7 9 2
150,Instances_highcost_H6/abs5n10,2,10,1368.0,1480.0,0.9243243243243243,0.10493827160493827,8 6 5 4 1 3 10 7 9 2
150,Instances_highcost_H6/abs5n10,3,10,1368.0,1480.0,0.9243243243243243,0.10493827160493827,8 6 5 4 1 3 10 7 9 2
150,Instances_highcost_H6/abs5n10,4,10,1368.0,1480.0,0.9243243243243243,0.10493827160493827,8 6 5 4 1 3 10 7 9 2
150,Instances_highcost_H6/abs5n10,5,10,1368.0,1480.0,0.9243243243243243,0.10493827160493827,8 6 5 4 1 3 10 7 9 2
150,Instances_highcost_H6/abs5n15,0,15,1641.0,1469.0,1.1170864533696392,0.05714285714285715,10 7 8 12 11 13 2 5 4 6 14 3 15 9 1
150,Instances_highcost_H6/abs5n15,1,15,1641.0,1469.0,1.1170864533696392,0.05714285714285715,10 7 8 12 11 13 2 5 4 6 14 3 15 9 1
150,Instances_highcost_H6/abs5n15,2,15,1822.0,1469.0,1.2402995234853642,0.07092352092352093,10 7 8 11 13 2 12 5 4 6 14 3 15 9 1
150,Instances_highcost_H6/abs5n15,3,15,1822.0,1469.0,1.2402995234853642,0.07092352092352093,10 7 8 11 13 2 12 5 4 6 14 3 15 9 1
150,Instances_highcost_H6/abs5n15,4,15,1822.0,1469.0,1.2402995234853642,0.07092352092352093,10 7 8 11 13 2 12 5 4 6 14 3 15 9 1
150,Instances_highcost_H6/abs5n15,5,15,1822.0,1469.0,1.2402995234853642,0.07092352092352093,10 7 8 11 13 2 12 5 4 6 14 3 15 9 1
150,Instances_highcost_H6/abs5n20,0,20,2293.0,2221.0,1.0324178298063935,0.07101577473094502,19 17 18 8 13 7 15 12 20 10 9 6 2 4 11 1 3 16 14 5
150,Instances_highcost_H6/abs5n20,1,20,2293.0,2221.0,1.0324178298063935,0.07101577473094502,19 17 18 8 13 7 15 12 20 10 9 6 2 4 11 1 3 16 14 5
150,Instances_highcost_H6/abs5n20,2,20,2362.0,2221.0,1.0634849167041873,0.1560236375251855,19 2 9 10 20 12 15 7 3 1 11 6 4 16 14 17 18 13 8 5
150,Instances_highcost_H6/abs5n20,3,20,2362.0,2221.0,1.0634849167041873,0.1560236375251855,19 2 9 10 20 12 15 7 3 1 11 6 4 16 14 17 18 13 8 5
150,Instances_highcost_H6/abs5n20,4,20,2362.0,2221.0,1.0634849167041873,0.1560236375251855,19 2 9 10 20 12 15 7 3 1 11 6 4 16 14 17 18 13 8 5
150,Instances_highcost_H6/abs5n20,5,20,2362.0,2221.0,1.0634849167041873,0.1560236375251855,19 2 9 10 20 12 15 7 3 1 11 6 4 16 14 17 18 13 8 5
150,Instances_highcost_H6/abs5n25,0,25,2234.0,2284.0,0.978108581436077,0.062294759334233014,2 11 5 20 1 21 10 25 22 4 8 18 7 24 19 9 3 23 14 12 16 15 6 17 13
150,Instances_highcost_H6/abs5n25,1,25,2602.0,2284.0,1.13922942206655,0.12822992979242978,2 11 5 20 1 13 17 6 3 19 9 24 7 18 8 4 25 10 22 21 15 12 14 23 16
150,Instances_highcost_H6/abs5n25,2,25,2602.0,2284.0,1.13922942206655,0.12822992979242978,2 11 5 20 1 13 17 6 3 19 9 24 7 18 8 4 25 10 22 21 15 12 14 23 16
150,Instances_highcost_H6/abs5n25,3,25,2560.0,2284.0,1.1208406304728546,0.12128548534798533,2 11 5 20 1 13 17 6 3 19 9 24 7 18 8 4 25 10 21 22 15 12 14 23 16
150,Instances_highcost_H6/abs5n25,4,25,2560.0,2284.0,1.1208406304728546,0.12128548534798533,2 11 5 20 1 13 17 6 3 19 9 24 7 18 8 4 25 10 21 22 15 12 14 23 16
150,Instances_highcost_H6/abs5n25,5,25,2560.0,2284.0,1.1208406304728546,0.12128548534798533,2 11 5 20 1 13 17 6 3 19 9 24 7 18 8 4 25 10 21 22 15 12 14 23 16
150,Instances_highcost_H6/abs5n30,0,30,2760.0,2221.0,1.2426834759117515,0.06358679796629606,1 26 24 10 7 28 11 20 3 30 17 23 6 25 16 14 8 13 4 22 29 21 2 9 18 5 12 27 15 19
150,Instances_highcost_H6/abs5n30,1,30,2846.0,2221.0,1.2814047726249438,0.08784633304706525,1 26 24 10 7 23 17 15 28 11 20 3 30 6 25 14 16 19 27 12 5 21 4 13 29 22 2 9 8 18
150,Instances_highcost_H6/abs5n30,2,30,2539.0,2221.0,1.1431787483115714,0.06858841448034521,1 26 24 20 10 7 23 16 14 8 13 4 22 29 21 2 9 18 5 3 11 28 30 17 15 6 25 19 27 12
150,Instances_highcost_H6/abs5n30,3,30,2539.0,2221.0,1.1431787483115714,0.06858841448034521,1 26 24 20 10 7 23 16 14 8 13 4 22 29 21 2 9 18 5 3 11 28 30 17 15 6 25 19 27 12
150,Instances_highcost_H6/abs5n30,4,30,2539.0,2221.0,1.1431787483115714,0.06858841448034521,1 26 24 20 10 7 23 16 14 8 13 4 22 29 21 2 9 18 5 3 11 28 30 17 15 6 25 19 27 12
150,Instances_highcost_H6/abs5n30,5,30,2539.0,2221.0,1.1431787483115714,0.06858841448034521,1 26 24 20 10 7 23 16 14 8 13 4 22 29 21 2 9 18 5 3 11 28 30 17 15 6 25 19 27 12
150,Instances_highcost_H6/abs5n5,0,5,866.0,865.0,1.001156069364162,0.25,3 4 5 2 1
150,Instances_highcost_H6/abs5n5,1,5,866.0,865.0,1.001156069364162,0.25,3 4 5 2 1
150,Instances_highcost_H6/abs5n5,2,5,1062.0,865.0,1.2277456647398843,0.1875,1 4 5 3 2
150,Instances_highcost_H6/abs5n5,3,5,1062.0,865.0,1.2277456647398843,0.1875,1 4 5 3 2
150,Instances_highcost_H6/abs5n5,4,5,1062.0,865.0,1.2277456647398843,0.1875,1 4 5 3 2
150,Instances_highcost_H6/abs5n5,5,5,1062.0,865.0,1.2277456647398843,0.1875,1 4 5 3 2
150,Instances_lowcost_H3/abs5n10,0,10,1368.0,1480.0,0.9243243243243243,0.10493827160493827,8 6 5 4 1 3 10 7 9 2
150,Instances_lowcost_H3/abs5n10,1,10,1368.0,1480.0,0.9243243243243243,0.10493827160493827,8 6 5 4 1 3 10 7 9 2
150,Instances_lowcost_H3/abs5n10,2,10,1368.0,1480.0,0.9243243243243243,0.10493827160493827,8 6 5 4 1 3 10 7 9 2
150,Instances_lowcost_H3/abs5n15,0,15,1641.0,1469.0,1.1170864533696392,0.05714285714285715,10 7 8 12 11 13 2 5 4 6 14 3 15 9 1
150,Instances_lowcost_H3/abs5n15,1,15,1641.0,1469.0,1.1170864533696392,0.05714285714285715,10 7 8 12 11 13 2 5 4 6 14 3 15 9 1
150,Instances_lowcost_H3/abs5n15,2,15,1822.0,1469.0,1.2402995234853642,0.07092352092352093,10 7 8 11 13 2 12 5 4 6 14 3 15 9 1
150,Instances_lowcost_H3/abs5n20,0,20,2293.0,2221.0,1.0324178298063935,0.07101577473094502,19 17 18 8 13 7 15 12 20 10 9 6 2 4 11 1 3 16 14 5
150,Instances_lowcost_H3/abs5n20,1,20,2293.0,2221.0,1.0324178298063935,0.07101577473094502,19 17 18 8 13 7 15 12 20 10 9 6 2 4 11 1 3 16 14 5
150,Instances_lowcost_H3/abs5n20,2,20,2362.0,2221.0,1.0634849167041873,0.1560236375251855,19 2 9 10 20 12 15 7 3 1 11 6 4 16 14 17 18 13 8 5
150,Instances_lowcost_H3/abs5n25,0,25,2234.0,2284.0,0.978108581436077,0.062294759334233014,2 11 5 20 1 21 10 25 22 4 8 18 7 24 19 9 3 23 14 12 16 15 6 17 13
150,Instances_lowcost_H3/abs5n25,1,25,2602.0,2284.0,1.13922942206655,0.12822992979242978,2 11 5 20 1 13 17 6 3 19 9 24 7 18 8 4 25 10 22 21 15 12 14 23 16
150,Instances_lowcost_H3/abs5n25,2,25,2602.0,2284.0,1.13922942206655,0.12822992979242978,2 11 5 20 1 13 17 6 3 19 9 24 7 18 8 4 25 10 22 21 15 12 14 23 16
150,Instances_lowcost_H3/abs5n30,0,30,2760.0,2221.0,1.2426834759117515,0.06358679796629606,1 26 24 10 7 28 11 20 3 30 17 23 6 25 16 14 8 13 4 22 29 21 2 9 18 5 12 27 15 19
150,Instances_lowcost_H3/abs5n30,1,30,2846.0,2221.0,1.2814047726249438,0.08784633304706525,1 26 24 10 7 23 17 15 28 11 20 3 30 6 25 14 16 19 27 12 5 21 4 13 29 22 2 9 8 18
150,Instances_lowcost_H3/abs5n30,2,30,2539.0,2221.0,1.1431787483115714,0.06858841448034521,1 26 24 20 10 7 23 16 14 8 13 4 22 29 21 2 9 18 5 3 11 28 30 17 15 6 25 19 27 12
150,Instances_lowcost_H3/abs5n35,0,35,2936.0,2679.0,1.0959313176558418,0.07047093944316829,28 1 18 21 10 16 31 14 20 7 25 6 3 30 29 26 22 35 27 32 24 5 11 17 12 23 4 34 19 8 2 33 13 15 9
150,Instances_lowcost_H3/abs5n35,1,35,3043.0,2679.0,1.1358715938783128,0.058469717385717865,28 1 18 21 10 16 31 14 20 7 25 6 3 30 26 22 35 27 32 24 5 11 12 23 9 4 34 19 8 2 33 13 15 17 29
150,Instances_lowcost_H3/abs5n35,2,35,2951.0,2679.0,1.1015304217991788,0.06215988774976366,28 1 18 21 10 16 31 14 20 7 25 6 3 30 29 26 22 35 27 32 24 5 11 12 23 9 4 34 19 8 2 33 13 15 17
150,Instances_lowcost_H3/abs5n40,0,40,2889.0,2647.0,1.0914242538723082,0.04424808908956087,6 4 30 31 13 3 19 38 18 34 27 21 28 36 35 23 10 5 40 24 15 33 32 9 2 20 1 29 7 16 37 12 14 22 17 39 26 8 25 11
150,Instances_lowcost_H3/abs5n40,1,40,3140.0,2647.0,1.1862485833018512,0.07715601658740609,6 4 30 31 13 3 38 19 18 34 27 21 28 36 35 10 23 5 40 24 33 15 32 9 20 1 29 7 16 37 14 39 17 26 22 25 8 12 11 2
150,Instances_lowcost_H3/abs5n40,2,40,3071.0,2647.0,1.1601813373630525,0.04604083547222498,6 4 30 31 13 3 38 19 18 34 27 21 28 36 35 10 23 5 40 24 33 15 32 9 20 1 29 7 16 12 37 14 22 17 39 26 11 8 25 2
150,Instances_lowcost_H3/abs5n45,0,45,2988.0,2475.0,1.2072727272727273,0.03949496940772304,28 33 9 14 5 36 41 23 3 38 10 43 45 32 42 30 22 19 39 15 16 4 34 24 44 17 11 35 8 37 18 7 31 26 1 12 20 29 13 27 21 40 6 25 2
150,Instances_lowcost_H3/abs5n45,1,45,2989.0,2475.0,1.2076767676767677,0.06744221678644159,28 9 14 5 36 41 23 3 15 16 4 39 34 24 44 17 11 35 8 20 29 13 27 21 25 12 37 18 7 26 31 1 40 6 33 22 30 42 32 38 43 10 45 19 2
150,Instances_lowcost_H3/abs5n45,2,45,2655.0,2475.0,1.0727272727272728,0.05142364211009454,28 33 9 6 27 13 20 8 35 37 44 24 17 11 34 16 15 4 39 3 23 41 36 5 14 30 22 42 32 38 43 10 45 19 2 31 7 26 18 12 29 25 21 40 1
150,Instances_lowcost_H3/abs5n5,0,5,866.0,865.0,1.001156069364162,0.25,3 4 5 2 1
150,Instances_lowcost_H3/abs5n5,1,5,866.0,865.0,1.001156069364162,0.25,3 4 5 2 1
150,Instances_lowcost_H3/abs5n5,2,5,1062.0,865.0,1.2277456647398843,0.1875,1 4 5 3 2
150,Instances_lowcost_H3/abs5n50,0,50,3362.0,3165.0,1.0622432859399684,0.0408959530750013,45 33 41 32 26 44 31 4 49 13 20 42 48 12 36 5 39 14 25 34 7 27 24 1 40 8 19 21 16 2 15 10 6 46 18 3 38 22 47 9 35 37 50 28 23 30 17 43 11 29
150,Instances_lowcost_H3/abs5n50,1,50,3762.0,3165.0,1.1886255924170617,0.056754511727680874,45 33 1 40 24 8 34 25 14 39 5 6 10 7 27 16 19 21 2 15 46 18 38 36 12 42 20 48 22 13 49 31 26 44 4 32 41 50 28 37 35 9 47 43 23 30 17 29 11 3
150,Instances_lowcost_H3/abs5n50,2,50,3843.0,3165.0,1.214218009478673,0.04055513767937778,45 33 1 40 24 8 34 25 14 39 5 6 10 7 27 16 19 21 2 15 46 18 38 3 11 29 17 23 41 32 26 44 31 4 50 28 37 35 9 47 43 30 22 48 42 20 12 36 13 49
150,Instances_lowcost_H6/abs5n10,0,10,1368.0,1480.0,0.9243243243243243,0.10493827160493827,8 6 5 4 1 3 10 7 9 2
150,Instances_lowcost_H6/abs5n10,1,10,1368.0,1480.0,0.9243243243243243,0.10493827160493827,8 6 5 4 1 3 10 7 9 2
150,Instances_lowcost_H6/abs5n10,2,10,1368.0,1480.0,0.9243243243243243,0.10493827160493827,8 6 5 4 1 3 10 7 9 2
150,Instances_lowcost_H6/abs5n10,3,10,1368.0,1480.0,0.9243243243243243,0.10493827160493827,8 6 5 4 1 3 10 7 9 2
150,Instances_lowcost_H6/abs5n10,4,10,1368.0,1480.0,0.9243243243243243,0.10493827160493827,8 6 5 4 1 3 10 7 9 2
150,Instances_lowcost_H6/abs5n10,5,10,1368.0,1480.0,0.9243243243243243,0.10493827160493827,8 6 5 4 1 3 10 7 9 2
150,Instances_lowcost_H6/abs5n15,0,15,1641.0,1469.0,1.1170864533696392,0.05714285714285715,10 7 8 12 11 13 2 5 4 6 14 3 15 9 1
150,Instances_lowcost_H6/abs5n15,1,15,1641.0,1469.0,1.1170864533696392,0.05714285714285715,10 7 8 12 11 13 2 5 4 6 14 3 15 9 1
150,Instances_lowcost_H6/abs5n15,2,15,1822.0,1469.0,1.2402995234853642,0.07092352092352093,10 7 8 11 13 2 12 5 4 6 14 3 15 9 1
150,Instances_lowcost_H6/abs5n15,3,15,1822.0,1469.0,1.2402995234853642,0.07092352092352093,10 7 8 11 13 2 12 5 4 6 14 3 15 9 1
150,Instances_lowcost_H6/abs5n15,4,15,1822.0,1469.0,1.2402995234853642,0.07092352092352093,10 7 8 11 13 2 12 5 4 6 14 3 15 9 1
150,Instances_lowcost_H6/abs5n15,5,15,1822.0,1469.0,1.2402995234853642,0.07092352092352093,10 7 8 11 13 2 12 5 4 6 14 3 15 9 1
150,Instances_lowcost_H6/abs5n20,0,20,2293.0,2221.0,1.0324178298063935,0.07101577473094502,19 17 18 8 13 7 15 12 20 10 9 6 2 4 11 1 3 16 14 5
150,Instances_lowcost_H6/abs5n20,1,20,2293.0,2221.0,1.0324178298063935,0.07101577473094502,19 17 18 8 13 7 15 12 20 10 9 6 2 4 11 1 3 16 14 5
150,Instances_lowcost_H6/abs5n20,2,20,2362.0,2221.0,1.0634849167041873,0.1560236375251855,19 2 9 10 20 12 15 7 3 1 11 6 4 16 14 17 18 13 8 5
150,Instances_lowcost_H6/abs5n20,3,20,2362.0,2221.0,1.0634849167041873,0.1560236375251855,19 2 9 10 20 12 15 7 3 1 11 6 4 16 14 17 18 13 8 5
150,Instances_lowcost_H6/abs5n20,4,20,2362.0,2221.0,1.0634849167041873,0.1560236375251855,19 2 9 10 20 12 15 7 3 1 11 6 4 16 14 17 18 13 8 5
150,Instances_lowcost_H6/abs5n20,5,20,2362.0,2221.0,1.0634849167041873,0.1560236375251855,19 2 9 10 20 12 15 7 3 1 11 6 4 16 14 17 18 13 8 5
150,Instances_lowcost_H6/abs5n25,0,25,2234.0,2284.0,0.978108581436077,0.062294759334233014,2 11 5 20 1 21 10 25 22 4 8 18 7 24 19 9 3 23 14 12 16 15 6 17 13
150,Instances_lowcost_H6/abs5n25,1,25,2602.0,2284.0,1.13922942206655,0.12822992979242978,2 11 5 20 1 13 17 6 3 19 9 24 7 18 8 4 25 10 22 21 15 12 14 23 16
150,Instances_lowcost_H6/abs5n25,2,25,2602.0,2284.0,1.13922942206655,0.12822992979242978,2 11 5 20 1 13 17 6 3 19 9 24 7 18 8 4 25 10 22 21 15 12 14 23 16
150,Instances_lowcost_H6/abs5n25,3,25,2560.0,2284.0,1.1208406304728546,0.12128548534798533,2 11 5 20 1 13 17 6 3 19 9 24 7 18 8 4 25 10 21 22 15 12 14 23 16
150,Instances_lowcost_H6/abs5n25,4,25,2560.0,2284.0,1.1208406304728546,0.12128548534798533,2 11 5 20 1 13 17 6 3 19 9 24 7 18 8 4 25 10 21 22 15 12 14 23 16
150,Instances_lowcost_H6/abs5n25,5,25,2560.0,2284.0,1.1208406304728546,0.12128548534798533,2 11 5 20 1 13 17 6 3 19 9 24 7 18 8 4 25 10 21 22 15 12 14 23 16
150,Instances_lowcost_H6/abs5n30,0,30,2760.0,2221.0,1.2426834759117515,0.06358679796629606,1 26 24 10 7 28 11 20 3 30 17 23 6 25 16 14 8 13 4 22 29 21 2 9 18 5 12 27 15 19
150,Instances_lowcost_H6/abs5n30,1,30,2846.0,2221.0,1.2814047726249438,0.08784633304706525,1 26 24 10 7 23 17 15 28 11 20 3 30 6 25 14 16 19 27 12 5 21 4 13 29 22 2 9 8 18
150,Instances_lowcost_H6/abs5n30,2,30,2539.0,2221.0,1.1431787483115714,0.06858841448034521,1 26 24 20 10 7 23 16 14 8 13 4 22 29 21 2 9 18 5 3 11 28 30 17 15 6 25 19 27 12
150,Instances_lowcost_H6/abs5n30,3,30,2539.0,2221.0,1.1431787483115714,0.06858841448034521,1 26 24 20 10 7 23 16 14 8 13 4 22 29 21 2 9 18 5 3 11 28 30 17 15 6 25 19 27 12
150,Instances_lowcost_H6/abs5n30,4,30,2539.0,2221.0,1.1431787483115714,0.06858841448034521,1 26 24 20 10 7 23 16 14 8 13 4 22 29 21 2 9 18 5 3 11 28 30 17 15 6 25 19 27 12
150,Instances_lowcost_H6/abs5n30,5,30,2539.0,2221.0,1.1431787483115714,0.06858841448034521,1 26 24 20 10 7 23 16 14 8 13 4 22 29 21 2 9 18 5 3 11 28 30 17 15 6 25 19 27 12
150,Instances_lowcost_H6/abs5n5,0,5,866.0,865.0,1.001156069364162,0.25,3 4 5 2 1
150,Instances_lowcost_H6/abs5n5,1,5,866.0,865.0,1.001156069364162,0.25,3 4 5 2 1
150,Instances_lowcost_H6/abs5n5,2,5,1062.0,865.0,1.2277456647398843,0.1875,1 4 5 3 2
150,Instances_lowcost_H6/abs5n5,3,5,1062.0,865.0,1.2277456647398843,0.1875,1 4 5 3 2
150,Instances_lowcost_H6/abs5n5,4,5,1062.0,865.0,1.2277456647398843,0.1875,1 4 5 3 2
150,Instances_lowcost_H6/abs5n5,5,5,1062.0,865.0,1.2277456647398843,0.1875,1 4 5 3 2
175,Instances_highcost_H3/abs5n10,0,10,1368.0,1480.0,0.9243243243243243,0.10493827160493827,8 6 5 4 1 3 10 7 9 2
175,Instances_highcost_H3/abs5n10,1,10,1368.0,1480.0,0.9243243243243243,0.10493827160493827,8 6 5 4 1 3 10 7 9 2
175,Instances_highcost_H3/abs5n10,2,10,1368.0,1480.0,0.9243243243243243,0.10493827160493827,8 6 5 4 1 3 10 7 9 2
175,Instances_highcost_H3/abs5n15,0,15,1641.0,1469.0,1.1170864533696392,0.05714285714285715,10 7 8 12 11 13 2 5 4 6 14 3 15 9 1
175,Instances_highcost_H3/abs5n15,1,15,1641.0,1469.0,1.1170864533696392,0.05714285714285715,10 7 8 12 11 13 2 5 4 6 14 3 15 9 1
175,Instances_highcost_H3/abs5n15,2,15,1641.0,1469.0,1.1170864533696392,0.05714285714285715,10 7 8 12 11 13 2 5 4 6 14 3 15 9 1
175,Instances_highcost_H3/abs5n20,0,20,2298.0,2221.0,1.034669067987393,0.07680296999182448,19 17 18 8 13 5 14 16 2 6 9 10 20 12 15 7 3 1 11 4
175,Instances_highcost_H3/abs5n20,1,20,2371.0,2221.0,1.0675371454299865,0.07493248495570476,19 14 17 18 8 13 5 16 2 6 9 10 20 12 15 7 3 1 11 4
175,Instances_highcost_H3/abs5n20,2,20,2361.0,2221.0,1.0630346690679875,0.08195002881535389,19 14 17 18 13 8 5 16 2 6 9 10 20 12 15 7 3 1 11 4
175,Instances_highcost_H3/abs5n25,0,25,2443.0,2284.0,1.069614711033275,0.1047676282051282,2 11 5 20 1 13 17 6 3 19 9 24 7 18 8 4 22 25 10 21 15 12 14 23 16
175,Instances_highcost_H3/abs5n25,1,25,2539.0,2284.0,1.111646234676007,0.1030315170940171,2 11 5 20 1 13 17 6 3 19 9 24 7 18 8 4 25 22 10 21 15 16 14 23 12
175,Instances_highcost_H3/abs5n25,2,25,2443.0,2284.0,1.069614711033275,0.1047676282051282,2 11 5 20 1 13 17 6 3 19 9 24 7 18 8 4 22 25 10 21 15 12 14 23 16
175,Instances_highcost_H3/abs5n30,0,30,2694.0,2221.0,1.2129671319225575,0.052364112605679664,1 26 24 10 7 28 11 3 20 30 17 15 6 25 14 8 13 4 22 29 21 2 9 18 5 27 12 19 16 23
175,Instances_highcost_H3/abs5n30,1,30,2778.0,2221.0,1.2507879333633498,0.061223144628129965,1 26 24 20 3 11 10 7 28 30 17 23 6 25 14 8 13 4 22 29 21 2 9 18 5 27 12 15 19 16
175,Instances_highcost_H3/abs5n30,2,30,2798.0,2221.0,1.259792886087348,0.052602454972957555,1 26 24 20 3 11 10 7 28 30 17 23 6 25 14 8 13 4 22 29 21 2 9 18 5 12 27 15 19 16
175,Instances_highcost_H3/abs5n35,0,35,2783.0,2679.0,1.0388204553938036,0.04910103520442177,28 1 18 21 10 33 2 13 15 4 34 19 8 9 23 3 6 25 20 7 14 31 16 27 32 35 22 26 30 29 17 11 12 5 24
175,Instances_highcost_H3/abs5n35,1,35,2953.0,2679.0,1.1022769690182903,0.05778042205974434,28 1 18 21 10 16 31 14 20 7 25 6 3 30 29 26 22 27 35 32 24 5 11 17 12 23 9 4 34 19 8 2 13 33 15
175,Instances_highcost_H3/abs5n35,2,35,2913.0,2679.0,1.0873460246360582,0.07226348801339852,28 1 18 21 10 16 31 14 20 7 25 6 3 30 29 26 22 27 35 32 24 5 17 11 12 23 9 4 34 19 8 2 33 13 15
175,Instances_highcost_H3/abs5n40,0,40,2771.0,2647.0,1.0468454854552323,0.04202680609904711,6 4 30 31 13 3 19 38 18 34 27 21 28 36 35 23 10 5 40 24 15 33 32 9 20 2 1 29 7 16 37 12 14 22 39 17 26 11 8 25
175,Instances_highcost_H3/abs5n40,1,40,3075.0,2647.0,1.1616924820551568,0.06221877983751177,6 4 30 31 13 3 38 19 25 18 34 27 21 28 35 10 5 40 24 33 15 32 9 20 29 7 1 16 23 36 11 14 37 12 2 8 17 39 26 22
175,Instances_highcost_H3/abs5n40,2,40,2890.0,2647.0,1.0918020400453343,0.04640545600959695,6 4 30 18 34 27 21 28 35 10 5 40 24 33 15 32 9 20 29 7 1 16 23 36 11 14 12 37 2 19 13 31 3 38 25 8 17 39 26 22
175,Instances_highcost_H3/abs5n45,0,45,2832.0,2475.0,1.1442424242424243,0.036525565759981615,28 9 14 5 36 41 23 3 38 10 43 32 30 22 42 45 19 39 15 16 4 34 24 44 17 11 37 35 8 20 29 12 25 13 27 40 21 6 33 1 18 7 26 31 2
175,Instances_highcost_H3/abs5n45,1,45,3006.0,2475.0,1.2145454545454546,0.05511398434878855,28 9 14 5 36 41 23 3 38 10 32 45 43 19 42 30 22 33 6 40 27 13 20 8 35 37 44 24 17 11 34 16 15 4 39 31 7 18 26 1 12 29 25 21 2
175,Instances_highcost_H3/abs5n45,2,45,2670.0,2475.0,1.0787878787878789,0.060785113971566426,28 33 9 6 27 13 20 8 35 37 44 24 17 11 34 16 15 4 39 3 23 41 36 5 14 30 22 42 32 38 10 43 45 19 2 31 7 26 18 29 25 21 40 12 1
175,Instances_highcost_H3/abs5n5,0,5,1010.0,865.0,1.1676300578034682,0.08333333333333333,3 5 4 1 2
175,Instances_highcost_H3/abs5n5,1,5,866.0,865.0,1.001156069364162,0.25,3 4 5 2 1
175,Instances_highcost_H3/abs5n5,2,5,866.0,865.0,1.001156069364162,0.25,3 4 5 2 1
175,Instances_highcost_H3/abs5n50,0,50,3393.0,3165.0,1.0720379146919432,0.058558732472474555,45 33 41 32 26 44 31 4 49 13 20 42 48 12 36 5 39 14 25 34 7 27 24 1 40 8 19 21 16 2 15 10 6 46 18 3 38 22 47 35 37 50 28 43 23 30 17 9 11 29
175,Instances_highcost_H3/abs5n50,1,50,3452.0,3165.0,1.0906793048973145,0.044588858808723354,45 33 41 32 26 44 31 4 49 13 20 42 48 12 36 5 39 14 25 34 7 27 24 1 40 8 19 21 16 2 15 10 6 46 18 38 3 11 29 17 30 23 50 28 37 9 47 35 43 22
175,Instances_highcost_H3/abs5n50,2,50,3346.0,3165.0,1.0571879936808848,0.0644357352882529,45 33 41 32 26 44 31 4 49 13 20 42 48 12 36 5 39 14 25 34 7 27 24 1 40 8 19 21 16 2 15 10 6 46 18 38 22 47 9 35 37 50 28 43 23 30 17 29 3 11
175,Instances_highcost_H6/abs5n10,0,10,1368.0,1480.0,0.9243243243243243,0.10493827160493827,8 6 5 4 1 3 10 7 9 2
175,Instances_highcost_H6/abs5n10,1,10,1368.0,1480.0,0.9243243243243243,0.10493827160493827,8 6 5 4 1 3 10 7 9 2
175,Instances_highcost_H6/abs5n10,2,10,1368.0,1480.0,0.9243243243243243,0.10493827160493827,8 6 5 4 1 3 10 7 9 2
175,Instances_highcost_H6/abs5n10,3,10,1368.0,1480.0,0.9243243243243243,0.10493827160493827,8 6 5 4 1 3 10 7 9 2
175,Instances_highcost_H6/abs5n10,4,10,1368.0,1480.0,0.9243243243243243,0.10493827160493827,8 6 5 4 1 3 10 7 9 2
175,Instances_highcost_H6/abs5n10,5,10,1368.0,1480.0,0.9243243243243243,0.10493827160493827,8 6 5 4 1 3 10 7 9 2
175,Instances_highcost_H6/abs5n15,0,15,1641.0,1469.0,1.1170864533696392,0.05714285714285715,10 7 8 12 11 13 2 5 4 6 14 3 15 9 1
175,Instances_highcost_H6/abs5n15,1,15,1641.0,1469.0,1.1170864533696392,0.05714285714285715,10 7 8 12 11 13 2 5 4 6 14 3 15 9 1
175,Instances_highcost_H6/abs5n15,2,15,1641.0,1469.0,1.1170864533696392,0.05714285714285715,10 7 8 12 11 13 2 5 4 6 14 3 15 9 1
175,Instances_highcost_H6/abs5n15,3,15,1641.0,1469.0,1.1170864533696392,0.05714285714285715,10 7 8 12 11 13 2 5 4 6 14 3 15 9 1
175,Instances_highcost_H6/abs5n15,4,15,1641.0,1469.0,1.1170864533696392,0.05714285714285715,10 7 8 12 11 13 2 5 4 6 14 3 15 9 1
175,Instances_highcost_H6/abs5n15,5,15,1641.0,1469.0,1.1170864533696392,0.05714285714285715,10 7 8 12 11 13 2 5 4 6 14 3 15 9 1
175,Instances_highcost_H6/abs5n20,0,20,2298.0,2221.0,1.034669067987393,0.07680296999182448,19 17 18 8 13 5 14 16 2 6 9 10 20 12 15 7 3 1 11 4
175,Instances_highcost_H6/abs5n20,1,20,2371.0,2221.0,1.0675371454299865,0.07493248495570476,19 14 17 18 8 13 5 16 2 6 9 10 20 12 15 7 3 1 11 4
175,Instances_highcost_H6/abs5n20,2,20,2361.0,2221.0,1.0630346690679875,0.08195002881535389,19 14 17 18 13 8 5 16 2 6 9 10 20 12 15 7 3 1 11 4
175,Instances_highcost_H6/abs5n20,3,20,2361.0,2221.0,1.0630346690679875,0.07716533982013858,19 14 17 18 13 8 5 16 4 6 9 10 20 12 15 7 3 1 11 2
175,Instances_highcost_H6/abs5n20,4,20,2361.0,2221.0,1.0630346690679875,0.08195002881535389,19 14 17 18 13 8 5 16 2 6 9 10 20 12 15 7 3 1 11 4
175,Instances_highcost_H6/abs5n20,5,20,2361.0,2221.0,1.0630346690679875,0.08195002881535389,19 14 17 18 13 8 5 16 2 6 9 10 20 12 15 7 3 1 11 4
175,Instances_highcost_H6/abs5n25,0,25,2443.0,2284.0,1.069614711033275,0.1047676282051282,2 11 5 20 1 13 17 6 3 19 9 24 7 18 8 4 22 25 10 21 15 12 14 23 16
175,Instances_highcost_H6/abs5n25,1,25,2539.0,2284.0,1.111646234676007,0.1030315170940171,2 11 5 20 1 13 17 6 3 19 9 24 7 18 8 4 25 22 10 21 15 16 14 23 12
175,Instances_highcost_H6/abs5n25,2,25,2443.0,2284.0,1.069614711033275,0.1047676282051282,2 11 5 20 1 13 17 6 3 19 9 24 7 18 8 4 22 25 10 21 15 12 14 23 16
175,Instances_highcost_H6/abs5n25,3,25,2503.0,2284.0,1.0958844133099825,0.09087873931623931,2 11 5 20 1 13 17 6 3 19 9 24 7 18 8 4 22 25 10 21 15 16 14 23 12
175,Instances_highcost_H6/abs5n25,4,25,2503.0,2284.0,1.0958844133099825,0.09087873931623931,2 11 5 20 1 13 17 6 3 19 9 24 7 18 8 4 22 25 10 21 15 16 14 23 12
175,Instances_highcost_H6/abs5n25,5,25,2503.0,2284.0,1.0958844133099825,0.09087873931623931,2 11 5 20 1 13 17 6 3 19 9 24 7 18 8 4 22 25 10 21 15 16 14 23 12
175,Instances_highcost_H6/abs5n30,0,30,2694.0,2221.0,1.2129671319225575,0.052364112605679664,1 26 24 10 7 28 11 3 20 30 17 15 6 25 14 8 13 4 22 29 21 2 9 18 5 27 12 19 16 23
175,Instances_highcost_H6/abs5n30,1,30,2778.0,2221.0,1.2507879333633498,0.061223144628129965,1 26 24 20 3 11 10 7 28 30 17 23 6 25 14 8 13 4 22 29 21 2 9 18 5 27 12 15 19 16
175,Instances_highcost_H6/abs5n30,2,30,2798.0,2221.0,1.259792886087348,0.052602454972957555,1 26 24 20 3 11 10 7 28 30 17 23 6 25 14 8 13 4 22 29 21 2 9 18 5 12 27 15 19 16
175,Instances_highcost_H6/abs5n30,3,30,2607.0,2221.0,1.1737955875731652,0.04455647796146331,1 26 24 20 3 11 10 7 28 30 17 15 6 25 14 8 13 4 22 29 21 2 9 18 5 12 27 19 16 23
175,Instances_highcost_H6/abs5n30,4,30,2798.0,2221.0,1.259792886087348,0.052602454972957555,1 26 24 20 3 11 10 7 28 30 17 23 6 25 14 8 13 4 22 29 21 2 9 18 5 12 27 15 19 16
175,Instances_highcost_H6/abs5n30,5,30,2798.0,2221.0,1.259792886087348,0.052602454972957555,1 26 24 20 3 11 10 7 28 30 17 23 6 25 14 8 13 4 22 29 21 2 9 18 5 12 27 15 19 16
175,Instances_highcost_H6/abs5n5,0,5,1010.0,865.0,1.1676300578034682,0.08333333333333333,3 5 4 1 2
175,Instances_highcost_H6/abs5n5,1,5,866.0,865.0,1.001156069364162,0.25,3 4 5 2 1
175,Instances_highcost_H6/abs5n5,2,5,866.0,865.0,1.001156069364162,0.25,3 4 5 2 1
175,Instances_highcost_H6/abs5n5,3,5,1010.0,865.0,1.1676300578034682,0.08333333333333333,3 5 4 1 2
175,Instances_highcost_H6/abs5n5,4,5,1010.0,865.0,1.1676300578034682,0.08333333333333333,3 5 4 1 2
175,Instances_highcost_H6/abs5n5,5,5,866.0,865.0,1.001156069364162,0.25,3 4 5 2 1
175,Instances_lowcost_H3/abs5n10,0,10,1368.0,1480.0,0.9243243243243243,0.10493827160493827,8 6 5 4 1 3 10 7 9 2
175,Instances_lowcost_H3/abs5n10,1,10,1368.0,1480.0,0.9243243243243243,0.10493827160493827,8 6 5 4 1 3 10 7 9 2
175,Instances_lowcost_H3/abs5n10,2,10,1368.0,1480.0,0.9243243243243243,0.10493827160493827,8 6 5 4 1 3 10 7 9 2
175,Instances_lowcost_H3/abs5n15,0,15,1641.0,1469.0,1.1170864533696392,0.05714285714285715,10 7 8 12 11 13 2 5 4 6 14 3 15 9 1
175,Instances_lowcost_H3/abs5n15,1,15,1641.0,1469.0,1.1170864533696392,0.05714285714285715,10 7 8 12 11 13 2 5 4 6 14 3 15 9 1
175,Instances_lowcost_H3/abs5n15,2,15,1641.0,1469.0,1.1170864533696392,0.05714285714285715,10 7 8 12 11 13 2 5 4 6 14 3 15 9 1
175,Instances_lowcost_H3/abs5n20,0,20,2298.0,2221.0,1.034669067987393,0.07680296999182448,19 17 18 8 13 5 14 16 2 6 9 10 20 12 15 7 3 1 11 4
175,Instances_lowcost_H3/abs5n20,1,20,2371.0,2221.0,1.0675371454299865,0.07493248495570476,19 14 17 18 8 13 5 16 2 6 9 10 20 12 15 7 3 1 11 4
175,Instances_lowcost_H3/abs5n20,2,20,2361.0,2221.0,1.0630346690679875,0.08195002881535389,19 14 17 18 13 8 5 16 2 6 9 10 20 12 15 7 3 1 11 4
175,Instances_lowcost_H3/abs5n25,0,25,2443.0,2284.0,1.069614711033275,0.1047676282051282,2 11 5 20 1 13 17 6 3 19 9 24 7 18 8 4 22 25 10 21 15 12 14 23 16
175,Instances_lowcost_H3/abs5n25,1,25,2539.0,2284.0,1.111646234676007,0.1030315170940171,2 11 5 20 1 13 17 6 3 19 9 24 7 18 8 4 25 22 10 21 15 16 14 23 12
175,Instances_lowcost_H3/abs5n25,2,25,2443.0,2284.0,1.069614711033275,0.1047676282051282,2 11 5 20 1 13 17 6 3 19 9 24 7 18 8 4 22 25 10 21 15 12 14 23 16
175,Instances_lowcost_H3/abs5n30,0,30,2694.0,2221.0,1.2129671319225575,0.052364112605679664,1 26 24 10 7 28 11 3 20 30 17 15 6 25 14 8 13 4 22 29 21 2 9 18 5 27 12 19 16 23
175,Instances_lowcost_H3/abs5n30,1,30,2778.0,2221.0,1.2507879333633498,0.061223144628129965,1 26 24 20 3 11 10 7 28 30 17 23 6 25 14 8 13 4 22 29 21 2 9 18 5 27 12 15 19 16
175,Instances_lowcost_H3/abs5n30,2,30,2798.0,2221.0,1.259792886087348,0.052602454972957555,1 26 24 20 3 11 10 7 28 30 17 23 6 25 14 8 13 4 22 29 21 2 9 18 5 12 27 15 19 16
175,Instances_lowcost_H3/abs5n35,0,35,2783.0,2679.0,1.0388204553938036,0.04910103520442177,28 1 18 21 10 33 2 13 15 4 34 19 8 9 23 3 6 25 20 7 14 31 16 27 32 35 22 26 30 29 17 11 12 5 24
175,Instances_lowcost_H3/abs5n35,1,35,2953.0,2679.0,1.1022769690182903,0.05778042205974434,28 1 18 21 10 16 31 14 20 7 25 6 3 30 29 26 22 27 35 32 24 5 11 17 12 23 9 4 34 19 8 2 13 33 15
175,Instances_lowcost_H3/abs5n35,2,35,2913.0,2679.0,1.0873460246360582,0.07226348801339852,28 1 18 21 10 16 31 14 20 7 25 6 3 30 29 26 22 27 35 32 24 5 17 11 12 23 9 4 34 19 8 2 33 13 15
175,Instances_lowcost_H3/abs5n40,0,40,2771.0,2647.0,1.0468454854552323,0.04202680609904711,6 4 30 31 13 3 19 38 18 34 27 21 28 36 35 23 10 5 40 24 15 33 32 9 20 2 1 29 7 16 37 12 14 22 39 17 26 11 8 25
175,Instances_lowcost_H3/abs5n40,1,40,3075.0,2647.0,1.1616924820551568,0.06221877983751177,6 4 30 31 13 3 38 19 25 18 34 27 21 28 35 10 5 40 24 33 15 32 9 20 29 7 1 16 23 36 11 14 37 12 2 8 17 39 26 22
175,Instances_lowcost_H3/abs5n40,2,40,2890.0,2647.0,1.0918020400453343,0.04640545600959695,6 4 30 18 34 27 21 28 35 10 5 40 24 33 15 32 9 20 29 7 1 16 23 36 11 14 12 37 2 19 13 31 3 38 25 8 17 39 26 22
175,Instances_lowcost_H3/abs5n45,0,45,2832.0,2475.0,1.1442424242424243,0.036525565759981615,28 9 14 5 36 41 23 3 38 10 43 32 30 22 42 45 19 39 15 16 4 34 24 44 17 11 37 35 8 20 29 12 25 13 27 40 21 6 33 1 18 7 26 31 2
175,Instances_lowcost_H3/abs5n45,1,45,3006.0,2475.0,1.2145454545454546,0.05511398434878855,28 9 14 5 36 41 23 3 38 10 32 45 43 19 42 30 22 33 6 40 27 13 20 8 35 37 44 24 17 11 34 16 15 4 39 31 7 18 26 1 12 29 25 21 2
175,Instances_lowcost_H3/abs5n45,2,45,2670.0,2475.0,1.0787878787878789,0.060785113971566426,28 33 9 6 27 13 20 8 35 37 44 24 17 11 34 16 15 4 39 3 23 41 36 5 14 30 22 42 32 38 10 43 45 19 2 31 7 26 18 29 25 21 40 12 1
175,Instances_lowcost_H3/abs5n5,0,5,1010.0,865.0,1.1676300578034682,0.08333333333333333,3 5 4 1 2
175,Instances_lowcost_H3/abs5n5,1,5,866.0,865.0,1.001156069364162,0.25,3 4 5 2 1
175,Instances_lowcost_H3/abs5n5,2,5,866.0,865.0,1.001156069364162,0.25,3 4 5 2 1
175,Instances_lowcost_H3/abs5n50,0,50,3393.0,3165.0,1.0720379146919432,0.058558732472474555,45 33 41 32 26 44 31 4 49 13 20 42 48 12 36 5 39 14 25 34 7 27 24 1 40 8 19 21 16 2 15 10 6 46 18 3 38 22 47 35 37 50 28 43 23 30 17 9 11 29
175,Instances_lowcost_H3/abs5n50,1,50,3452.0,3165.0,1.0906793048973145,0.044588858808723354,45 33 41 32 26 44 31 4 49 13 20 42 48 12 36 5 39 14 25 34 7 27 24 1 40 8 19 21 16 2 15 10 6 46 18 38 3 11 29 17 30 23 50 28 37 9 47 35 43 22
175,Instances_lowcost_H3/abs5n50,2,50,3346.0,3165.0,1.0571879936808848,0.0644357352882529,45 33 41 32 26 44 31 4 49 13 20 42 48 12 36 5 39 14 25 34 7 27 24 1 40 8 19 21 16 2 15 10 6 46 18 38 22 47 9 35 37 50 28 43 23 30 17 29 3 11
175,Instances_lowcost_H6/abs5n10,0,10,1368.0,1480.0,0.9243243243243243,0.10493827160493827,8 6 5 4 1 3 10 7 9 2
175,Instances_lowcost_H6/abs5n10,1,10,1368.0,1480.0,0.9243243243243243,0.10493827160493827,8 6 5 4 1 3 10 7 9 2
175,Instances_lowcost_H6/abs5n10,2,10,1368.0,1480.0,0.9243243243243243,0.10493827160493827,8 6 5 4 1 3 10 7 9 2
175,Instances_lowcost_H6/abs5n10,3,10,1368.0,1480.0,0.9243243243243243,0.10493827160493827,8 6 5 4 1 3 10 7 9 2
175,Instances_lowcost_H6/abs5n10,4,10,1368.0,1480.0,0.9243243243243243,0.10493827160493827,8 6 5 4 1 3 10 7 9 2
175,Instances_lowcost_H6/abs5n10,5,10,1368.0,1480.0,0.9243243243243243,0.10493827160493827,8 6 5 4 1 3 10 7 9 2
175,Instances_lowcost_H6/abs5n15,0,15,1641.0,1469.0,1.1170864533696392,0.05714285714285715,10 7 8 12 11 13 2 5 4 6 14 3 15 9 1
175,Instances_lowcost_H6/abs5n15,1,15,1641.0,1469.0,1.1170864533696392,0.05714285714285715,10 7 8 12 11 13 2 5 4 6 14 3 15 9 1
175,Instances_lowcost_H6/abs5n15,2,15,1641.0,1469.0,1.1170864533696392,0.05714285714285715,10 7 8 12 11 13 2 5 4 6 14 3 15 9 1
175,Instances_lowcost_H6/abs5n15,3,15,1641.0,1469.0,1.1170864533696392,0.05714285714285715,10 7 8 12 11 13 2 5 4 6 14 3 15 9 1
175,Instances_lowcost_H6/abs5n15,4,15,1641.0,1469.0,1.1170864533696392,0.05714285714285715,10 7 8 12 11 13 2 5 4 6 14 3 15 9 1
175,Instances_lowcost_H6/abs5n15,5,15,1641.0,1469.0,1.1170864533696392,0.05714285714285715,10 7 8 12 11 13 2 5 4 6 14 3 15 9 1
175,Instances_lowcost_H6/abs5n20,0,20,2298.0,2221.0,1.034669067987393,0.07680296999182448,19 17 18 8 13 5 14 16 2 6 9 10 20 12 15 7 3 1 11 4
175,Instances_lowcost_H6/abs5n20,1,20,2371.0,2221.0,1.0675371454299865,0.07493248495570476,19 14 17 18 8 13 5 16 2 6 9 10 20 12 15 7 3 1 11 4
175,Instances_lowcost_H6/abs5n20,2,20,2361.0,2221.0,1.0630346690679875,0.08195002881535389,19 14 17 18 13 8 5 16 2 6 9 10 20 12 15 7 3 1 11 4
175,Instances_lowcost_H6/abs5n20,3,20,2361.0,2221.0,1.0630346690679875,0.07716533982013858,19 14 17 18 13 8 5 16 4 6 9 10 20 12 15 7 3 1 11 2
175,Instances_lowcost_H6/abs5n20,4,20,2361.0,2221.0,1.0630346690679875,0.08195002881535389,19 14 17 18 13 8 5 16 2 6 9 10 20 12 15 7 3 1 11 4
175,Instances_lowcost_H6/abs5n20,5,20,2361.0,2221.0,1.0630346690679875,0.08195002881535389,19 14 17 18 13 8 5 16 2 6 9 10 20 12 15 7 3 1 11 4
175,Instances_lowcost_H6/abs5n25,0,25,2443.0,2284.0,1.069614711033275,0.1047676282051282,2 11 5 20 1 13 17 6 3 19 9 24 7 18 8 4 22 25 10 21 15 12 14 23 16
175,Instances_lowcost_H6/abs5n25,1,25,2539.0,2284.0,1.111646234676007,0.1030315170940171,2 11 5 20 1 13 17 6 3 19 9 24 7 18 8 4 25 22 10 21 15 16 14 23 12
175,Instances_lowcost_H6/abs5n25,2,25,2443.0,2284.0,1.069614711033275,0.1047676282051282,2 11 5 20 1 13 17 6 3 19 9 24 7 18 8 4 22 25 10 21 15 12 14 23 16
175,Instances_lowcost_H6/abs5n25,3,25,2503.0,2284.0,1.0958844133099825,0.09087873931623931,2 11 5 20 1 13 17 6 3 19 9 24 7 18 8 4 22 25 10 21 15 16 14 23 12
175,Instances_lowcost_H6/abs5n25,4,25,2503.0,2284.0,1.0958844133099825,0.09087873931623931,2 11 5 20 1 13 17 6 3 19 9 24 7 18 8 4 22 25 10 21 15 16 14 23 12
175,Instances_lowcost_H6/abs5n25,5,25,2503.0,2284.0,1.0958844133099825,0.09087873931623931,2 11 5 20 1 13 17 6 3 19 9 24 7 18 8 4 22 25 10 21 15 16 14 23 12
175,Instances_lowcost_H6/abs5n30,0,30,2694.0,2221.0,1.2129671319225575,0.052364112605679664,1 26 24 10 7 28 11 3 20 30 17 15 6 25 14 8 13 4 22 29 21 2 9 18 5 27 12 19 16 23
175,Instances_lowcost_H6/abs5n30,1,30,2778.0,2221.0,1.2507879333633498,0.061223144628129965,1 26 24 20 3 11 10 7 28 30 17 23 6 25 14 8 13 4 22 29 21 2 9 18 5 27 12 15 19 16
175,Instances_lowcost_H6/abs5n30,2,30,2798.0,2221.0,1.259792886087348,0.052602454972957555,1 26 24 20 3 11 10 7 28 30 17 23 6 25 14 8 13 4 22 29 21 2 9 18 5 12 27 15 19 16
175,Instances_lowcost_H6/abs5n30,3,30,2607.0,2221.0,1.1737955875731652,0.04455647796146331,1 26 24 20 3 11 10 7 28 30 17 15 6 25 14 8 13 4 22 29 21 2 9 18 5 12 27 19 16 23
175,Instances_lowcost_H6/abs5n30,4,30,2798.0,2221.0,1.259792886087348,0.052602454972957555,1 26 24 20 3 11 10 7 28 30 17 23 6 25 14 8 13 4 22 29 21 2 9 18 5 12 27 15 19 16
175,Instances_lowcost_H6/abs5n30,5,30,2798.0,2221.0,1.259792886087348,0.052602454972957555,1 26 24 20 3 11 10 7 28 30 17 23 6 25 14 8 13 4 22 29 21 2 9 18 5 12 27 15 19 16
175,Instances_lowcost_H6/abs5n5,0,5,1010.0,865.0,1.1676300578034682,0.08333333333333333,3 5 4 1 2
175,Instances_lowcost_H6/abs5n5,1,5,866.0,865.0,1.001156069364162,0.25,3 4 5 2 1
175,Instances_lowcost_H6/abs5n5,2,5,866.0,865.0,1.001156069364162,0.25,3 4 5 2 1
175,Instances_lowcost_H6/abs5n5,3,5,1010.0,865.0,1.1676300578034682,0.08333333333333333,3 5 4 1 2
175,Instances_lowcost_H6/abs5n5,4,5,1010.0,865.0,1.1676300578034682,0.08333333333333333,3 5 4 1 2
175,Instances_lowcost_H6/abs5n5,5,5,866.0,865.0,1.001156069364162,0.25,3 4 5 2 1
200,Instances_highcost_H3/abs5n10,0,10,1368.0,1480.0,0.9243243243243243,0.10493827160493827,8 6 5 4 1 3 10 7 9 2
200,Instances_highcost_H3/abs5n10,1,10,1368.0,1480.0,0.9243243243243243,0.10493827160493827,8 6 5 4 1 3 10 7 9 2
200,Instances_highcost_H3/abs5n10,2,10,1368.0,1480.0,0.9243243243243243,0.10493827160493827,8 6 5 4 1 3 10 7 9 2
200,Instances_highcost_H3/abs5n15,0,15,1641.0,1469.0,1.1170864533696392,0.05714285714285715,10 7 8 12 11 13 2 5 4 6 14 3 15 9 1
200,Instances_highcost_H3/abs5n15,1,15,1641.0,1469.0,1.1170864533696392,0.05714285714285715,10 7 8 12 11 13 2 5 4 6 14 3 15 9 1
200,Instances_highcost_H3/abs5n15,2,15,1523.0,1469.0,1.0367597004765146,0.021428571428571432,10 7 8 12 11 13 2 5 4 6 14 3 1 15 9
200,Instances_highcost_H3/abs5n20,0,20,2463.0,2221.0,1.1089599279603781,0.05736955253209123,19 17 18 5 14 16 2 6 9 10 11 20 12 15 7 3 1 4 8 13
200,Instances_highcost_H3/abs5n20,1,20,2361.0,2221.0,1.0630346690679875,0.08195002881535389,19 14 17 18 13 8 5 16 2 6 9 10 20 12 15 7 3 1 11 4
200,Instances_highcost_H3/abs5n20,2,20,2265.0,2221.0,1.019810895992796,0.06134453781512604,19 14 17 5 18 13 8 3 1 12 15 7 20 11 10 9 6 2 4 16
200,Instances_highcost_H3/abs5n25,0,25,2560.0,2284.0,1.1208406304728546,0.12128548534798533,2 11 5 20 1 13 17 6 3 19 9 24 7 18 8 4 25 10 21 22 15 12 14 23 16
200,Instances_highcost_H3/abs5n25,1,25,2560.0,2284.0,1.1208406304728546,0.12128548534798533,2 11 5 20 1 13 17 6 3 19 9 24 7 18 8 4 25 10 21 22 15 12 14 23 16
200,Instances_highcost_H3/abs5n25,2,25,2620.0,2284.0,1.1471103327495622,0.10739659645909645,2 11 5 20 1 13 17 6 3 19 9 24 7 18 8 4 25 10 21 22 15 16 14 23 12
200,Instances_highcost_H3/abs5n30,0,30,2545.0,2221.0,1.1458802341287708,0.05548394746993644,1 26 24 10 7 23 17 30 28 11 20 3 5 18 2 13 4 22 29 21 9 8 14 16 25 19 6 15 12 27
200,Instances_highcost_H3/abs5n30,1,30,2540.0,2221.0,1.1436289959477712,0.061492385369240045,1 26 24 20 3 11 10 7 23 17 15 30 28 12 27 18 2 4 13 29 22 21 9 8 14 16 25 19 6 5
200,Instances_highcost_H3/abs5n30,2,30,2701.0,2221.0,1.2161188653759567,0.05511679679284011,1 26 24 20 3 11 10 7 28 30 15 17 23 6 25 14 16 19 27 18 2 13 4 22 29 21 9 8 12 5
200,Instances_highcost_H3/abs5n35,0,35,2753.0,2679.0,1.0276222471071295,0.03136116785269945,28 1 18 21 10 33 2 8 19 34 4 15 9 23 3 6 25 7 20 14 31 16 27 32 35 22 26 30 29 17 11 12 5 24 13
200,Instances_highcost_H3/abs5n35,1,35,2621.0,2679.0,0.9783501306457634,0.046262254207073,28 1 18 21 10 33 2 13 8 19 34 4 15 9 23 3 6 25 20 7 14 31 16 27 35 22 26 30 29 17 11 12 5 24 32
200,Instances_highcost_H3/abs5n35,2,35,2598.0,2679.0,0.9697648376259799,0.03365807994745268,10 28 1 18 21 33 2 13 15 4 34 19 8 9 23 3 6 25 7 20 14 31 16 27 35 22 26 30 29 17 11 12 5 24 32
200,Instances_highcost_H3/abs5n40,0,40,3040.0,2647.0,1.1484699659992443,0.039863788540355154,6 4 30 31 13 3 19 38 18 34 17 39 26 22 8 25 14 12 37 7 20 32 15 33 24 40 5 10 35 28 21 27 36 23 11 16 29 1 2 9
200,Instances_highcost_H3/abs5n40,1,40,3013.0,2647.0,1.1382697393275407,0.05194297085768941,6 4 30 31 13 3 38 19 25 18 34 27 21 28 35 23 10 5 40 24 33 15 32 9 20 2 1 29 7 16 12 37 14 22 39 17 26 11 36 8
200,Instances_highcost_H3/abs5n40,2,40,2840.0,2647.0,1.072912731394031,0.06423601549321666,6 4 30 31 13 3 38 19 25 8 18 34 27 21 28 35 10 23 5 40 24 33 15 32 9 20 2 1 29 16 7 37 12 14 11 36 26 22 39 17
200,Instances_highcost_H3/abs5n45,0,45,2809.0,2475.0,1.134949494949495,0.029730880935559898,2 19 3 23 41 36 5 14 30 22 42 32 38 10 43 45 39 15 16 4 34 24 44 17 11 37 35 8 20 29 13 27 21 40 6 9 33 28 1 18 7 26 31 12 25
200,Instances_highcost_H3/abs5n45,1,45,2675.0,2475.0,1.0808080808080809,0.04321849577225239,28 9 6 27 13 20 8 35 37 44 24 17 11 34 16 15 4 39 3 23 41 36 5 14 30 22 42 32 38 10 43 45 19 2 31 7 18 26 1 12 29 25 21 40 33
200,Instances_highcost_H3/abs5n45,2,45,2969.0,2475.0,1.1995959595959595,0.05147698872686041,28 33 6 27 13 20 8 35 37 44 24 17 11 34 7 18 26 31 2 19 38 23 41 36 5 14 30 22 42 32 3 15 16 4 39 43 10 45 9 40 21 25 29 12 1
200,Instances_highcost_H3/abs5n5,0,5,866.0,865.0,1.001156069364162,0.25,3 4 5 2 1
200,Instances_highcost_H3/abs5n5,1,5,866.0,865.0,1.001156069364162,0.25,3 4 5 2 1
200,Instances_highcost_H3/abs5n5,2,5,866.0,865.0,1.001156069364162,0.25,3 4 5 2 1
200,Instances_highcost_H3/abs5n50,0,50,3264.0,3165.0,1.0312796208530806,0.031209838902578124,33 45 26 44 31 4 49 13 20 42 48 12 36 5 39 14 25 34 7 27 24 1 40 8 19 21 16 2 15 29 11 3 46 10 6 18 38 22 47 35 37 50 32 41 23 30 17 43 28 9
200,Instances_highcost_H3/abs5n50,1,50,3391.0,3165.0,1.0714060031595576,0.05236339719550664,45 33 41 32 26 44 31 4 49 13 20 42 48 12 36 5 39 14 25 34 7 27 24 1 40 8 19 21 16 2 15 10 6 46 18 38 3 11 29 17 30 23 28 50 37 35 43 9 47 22
200,Instances_highcost_H3/abs5n50,2,50,3327.0,3165.0,1.0511848341232228,0.0408230667776252,45 33 41 32 26 44 31 4 49 13 20 42 48 12 36 5 39 14 25 34 7 27 24 1 40 8 19 21 16 2 15 10 6 46 18 38 3 11 29 17 30 43 28 50 37 35 9 47 22 23
200,Instances_highcost_H6/abs5n10,0,10,1368.0,1480.0,0.9243243243243243,0.10493827160493827,8 6 5 4 1 3 10 7 9 2
200,Instances_highcost_H6/abs5n10,1,10,1368.0,1480.0,0.9243243243243243,0.10493827160493827,8 6 5 4 1 3 10 7 9 2
200,Instances_highcost_H6/abs5n10,2,10,1368.0,1480.0,0.9243243243243243,0.10493827160493827,8 6 5 4 1 3 10 7 9 2
200,Instances_highcost_H6/abs5n10,3,10,1368.0,1480.0,0.9243243243243243,0.10493827160493827,8 6 5 4 1 3 10 7 9 2
200,Instances_highcost_H6/abs5n10,4,10,1368.0,1480.0,0.9243243243243243,0.10493827160493827,8 6 5 4 1 3 10 7 9 2
200,Instances_highcost_H6/abs5n10,5,10,1368.0,1480.0,0.9243243243243243,0.10493827160493827,8 6 5 4 1 3 10 7 9 2
200,Instances_highcost_H6/abs5n15,0,15,1641.0,1469.0,1.1170864533696392,0.05714285714285715,10 7 8 12 11 13 2 5 4 6 14 3 15 9 1
200,Instances_highcost_H6/abs5n15,1,15,1641.0,1469.0,1.1170864533696392,0.05714285714285715,10 7 8 12 11 13 2 5 4 6 14 3 15 9 1
200,Instances_highcost_H6/abs5n15,2,15,1523.0,1469.0,1.0367597004765146,0.021428571428571432,10 7 8 12 11 13 2 5 4 6 14 3 1 15 9
200,Instances_highcost_H6/abs5n15,3,15,1786.0,1469.0,1.215793056501021,0.03928571428571429,10 7 8 12 11 13 2 5 4 6 3 1 15 9 14
200,Instances_highcost_H6/abs5n15,4,15,1748.0,1469.0,1.189925119128659,0.08690476190476192,10 7 8 12 11 13 2 5 4 6 3 15 9 1 14
200,Instances_highcost_H6/abs5n15,5,15,1786.0,1469.0,1.215793056501021,0.03928571428571429,10 7 8 12 11 13 2 5 4 6 3 1 15 9 14
200,Instances_highcost_H6/abs5n20,0,20,2463.0,2221.0,1.1089599279603781,0.05736955253209123,19 17 18 5 14 16 2 6 9 10 11 20 12 15 7 3 1 4 8 13
200,Instances_highcost_H6/abs5n20,1,20,2361.0,2221.0,1.0630346690679875,0.08195002881535389,19 14 17 18 13 8 5 16 2 6 9 10 20 12 15 7 3 1 11 4
200,Instances_highcost_H6/abs5n20,2,20,2265.0,2221.0,1.019810895992796,0.06134453781512604,19 14 17 5 18 13 8 3 1 12 15 7 20 11 10 9 6 2 4 16
200,Instances_highcost_H6/abs5n20,3,20,2361.0,2221.0,1.0630346690679875,0.08195002881535389,19 14 17 18 13 8 5 16 2 6 9 10 20 12 15 7 3 1 11 4
200,Instances_highcost_H6/abs5n20,4,20,2288.0,2221.0,1.030166591625394,0.08338191736024553,19 17 18 13 8 5 14 16 2 6 9 10 20 12 15 7 3 1 11 4
200,Instances_highcost_H6/abs5n20,5,20,2288.0,2221.0,1.030166591625394,0.08338191736024553,19 17 18 13 8 5 14 16 2 6 9 10 20 12 15 7 3 1 11 4
200,Instances_highcost_H6/abs5n25,0,25,2560.0,2284.0,1.1208406304728546,0.12128548534798533,2 11 5 20 1 13 17 6 3 19 9 24 7 18 8 4 25 10 21 22 15 12 14 23 16
200,Instances_highcost_H6/abs5n25,1,25,2560.0,2284.0,1.1208406304728546,0.12128548534798533,2 11 5 20 1 13 17 6 3 19 9 24 7 18 8 4 25 10 21 22 15 12 14 23 16
200,Instances_highcost_H6/abs5n25,2,25,2620.0,2284.0,1.1471103327495622,0.10739659645909645,2 11 5 20 1 13 17 6 3 19 9 24 7 18 8 4 25 10 21 22 15 16 14 23 12
200,Instances_highcost_H6/abs5n25,3,25,2620.0,2284.0,1.1471103327495622,0.10739659645909645,2 11 5 20 1 13 17 6 3 19 9 24 7 18 8 4 25 10 21 22 15 16 14 23 12
200,Instances_highcost_H6/abs5n25,4,25,2503.0,2284.0,1.0958844133099825,0.09087873931623931,2 11 5 20 1 13 17 6 3 19 9 24 7 18 8 4 22 25 10 21 15 16 14 23 12
200,Instances_highcost_H6/abs5n25,5,25,2503.0,2284.0,1.0958844133099825,0.09087873931623931,2 11 5 20 1 13 17 6 3 19 9 24 7 18 8 4 22 25 10 21 15 16 14 23 12
200,Instances_highcost_H6/abs5n30,0,30,2545.0,2221.0,1.1458802341287708,0.05548394746993644,1 26 24 10 7 23 17 30 28 11 20 3 5 18 2 13 4 22 29 21 9 8 14 16 25 19 6 15 12 27
200,Instances_highcost_H6/abs5n30,1,30,2540.0,2221.0,1.1436289959477712,0.061492385369240045,1 26 24 20 3 11 10 7 23 17 15 30 28 12 27 18 2 4 13 29 22 21 9 8 14 16 25 19 6 5
200,Instances_highcost_H6/abs5n30,2,30,2701.0,2221.0,1.2161188653759567,0.05511679679284011,1 26 24 20 3 11 10 7 28 30 15 17 23 6 25 14 16 19 27 18 2 13 4 22 29 21 9 8 12 5
200,Instances_highcost_H6/abs5n30,3,30,2701.0,2221.0,1.2161188653759567,0.05511679679284011,1 26 24 20 3 11 10 7 28 30 15 17 23 6 25 14 16 19 27 18 2 13 4 22 29 21 9 8 12 5
200,Instances_highcost_H6/abs5n30,4,30,2701.0,2221.0,1.2161188653759567,0.05511679679284011,1 26 24 20 3 11 10 7 28 30 15 17 23 6 25 14 16 19 27 18 2 13 4 22 29 21 9 8 12 5
200,Instances_highcost_H6/abs5n30,5,30,2701.0,2221.0,1.2161188653759567,0.05511679679284011,1 26 24 20 3 11 10 7 28 30 15 17 23 6 25 14 16 19 27 18 2 13 4 22 29 21 9 8 12 5
200,Instances_highcost_H6/abs5n5,0,5,866.0,865.0,1.001156069364162,0.25,3 4 5 2 1
200,Instances_highcost_H6/abs5n5,1,5,866.0,865.0,1.001156069364162,0.25,3 4 5 2 1
200,Instances_highcost_H6/abs5n5,2,5,866.0,865.0,1.001156069364162,0.25,3 4 5 2 1
200,Instances_highcost_H6/abs5n5,3,5,866.0,865.0,1.001156069364162,0.25,3 4 5 2 1
200,Instances_highcost_H6/abs5n5,4,5,866.0,865.0,1.001156069364162,0.25,3 4 5 2 1
200,Instances_highcost_H6/abs5n5,5,5,866.0,865.0,1.001156069364162,0.25,3 4 5 2 1
200,Instances_lowcost_H3/abs5n10,0,10,1368.0,1480.0,0.9243243243243243,0.10493827160493827,8 6 5 4 1 3 10 7 9 2
200,Instances_lowcost_H3/abs5n10,1,10,1368.0,1480.0,0.9243243243243243,0.10493827160493827,8 6 5 4 1 3 10 7 9 2
200,Instances_lowcost_H3/abs5n10,2,10,1368.0,1480.0,0.9243243243243243,0.10493827160493827,8 6 5 4 1 3 10 7 9 2
200,Instances_lowcost_H3/abs5n15,0,15,1641.0,1469.0,1.1170864533696392,0.05714285714285715,10 7 8 12 11 13 2 5 4 6 14 3 15 9 1
200,Instances_lowcost_H3/abs5n15,1,15,1641.0,1469.0,1.1170864533696392,0.05714285714285715,10 7 8 12 11 13 2 5 4 6 14 3 15 9 1
200,Instances_lowcost_H3/abs5n15,2,15,1523.0,1469.0,1.0367597004765146,0.021428571428571432,10 7 8 12 11 13 2 5 4 6 14 3 1 15 9
200,Instances_lowcost_H3/abs5n20,0,20,2463.0,2221.0,1.1089599279603781,0.05736955253209123,19 17 18 5 14 16 2 6 9 10 11 20 12 15 7 3 1 4 8 13
200,Instances_lowcost_H3/abs5n20,1,20,2361.0,2221.0,1.0630346690679875,0.08195002881535389,19 14 17 18 13 8 5 16 2 6 9 10 20 12 15 7 3 1 11 4
200,Instances_lowcost_H3/abs5n20,2,20,2265.0,2221.0,1.019810895992796,0.06134453781512604,19 14 17 5 18 13 8 3 1 12 15 7 20 11 10 9 6 2 4 16
200,Instances_lowcost_H3/abs5n25,0,25,2560.0,2284.0,1.1208406304728546,0.12128548534798533,2 11 5 20 1 13 17 6 3 19 9 24 7 18 8 4 25 10 21 22 15 12 14 23 16
200,Instances_lowcost_H3/abs5n25,1,25,2560.0,2284.0,1.1208406304728546,0.12128548534798533,2 11 5 20 1 13 17 6 3 19 9 24 7 18 8 4 25 10 21 22 15 12 14 23 16
200,Instances_lowcost_H3/abs5n25,2,25,2620.0,2284.0,1.1471103327495622,0.10739659645909645,2 11 5 20 1 13 17 6 3 19 9 24 7 18 8 4 25 10 21 22 15 16 14 23 12
200,Instances_lowcost_H3/abs5n30,0,30,2545.0,2221.0,1.1458802341287708,0.05548394746993644,1 26 24 10 7 23 17 30 28 11 20 3 5 18 2 13 4 22 29 21 9 8 14 16 25 19 6 15 12 27
200,Instances_lowcost_H3/abs5n30,1,30,2540.0,2221.0,1.1436289959477712,0.061492385369240045,1 26 24 20 3 11 10 7 23 17 15 30 28 12 27 18 2 4 13 29 22 21 9 8 14 16 25 19 6 5
200,Instances_lowcost_H3/abs5n30,2,30,2701.0,2221.0,1.2161188653759567,0.05511679679284011,1 26 24 20 3 11 10 7 28 30 15 17 23 6 25 14 16 19 27 18 2 13 4 22 29 21 9 8 12 5
200,Instances_lowcost_H3/abs5n35,0,35,2753.0,2679.0,1.0276222471071295,0.03136116785269945,28 1 18 21 10 33 2 8 19 34 4 15 9 23 3 6 25 7 20 14 31 16 27 32 35 22 26 30 29 17 11 12 5 24 13
200,Instances_lowcost_H3/abs5n35,1,35,2621.0,2679.0,0.9783501306457634,0.046262254207073,28 1 18 21 10 33 2 13 8 19 34 4 15 9 23 3 6 25 20 7 14 31 16 27 35 22 26 30 29 17 11 12 5 24 32
200,Instances_lowcost_H3/abs5n35,2,35,2598.0,2679.0,0.9697648376259799,0.03365807994745268,10 28 1 18 21 33 2 13 15 4 34 19 8 9 23 3 6 25 7 20 14 31 16 27 35 22 26 30 29 17 11 12 5 24 32
200,Instances_lowcost_H3/abs5n40,0,40,3040.0,2647.0,1.1484699659992443,0.039863788540355154,6 4 30 31 13 3 19 38 18 34 17 39 26 22 8 25 14 12 37 7 20 32 15 33 24 40 5 10 35 28 21 27 36 23 11 16 29 1 2 9
200,Instances_lowcost_H3/abs5n40,1,40,3013.0,2647.0,1.1382697393275407,0.05194297085768941,6 4 30 31 13 3 38 19 25 18 34 27 21 28 35 23 10 5 40 24 33 15 32 9 20 2 1 29 7 16 12 37 14 22 39 17 26 11 36 8
200,Instances_lowcost_H3/abs5n40,2,40,2840.0,2647.0,1.072912731394031,0.06423601549321666,6 4 30 31 13 3 38 19 25 8 18 34 27 21 28 35 10 23 5 40 24 33 15 32 9 20 2 1 29 16 7 37 12 14 11 36 26 22 39 17
200,Instances_lowcost_H3/abs5n45,0,45,2809.0,2475.0,1.134949494949495,0.029730880935559898,2 19 3 23 41 36 5 14 30 22 42 32 38 10 43 45 39 15 16 4 34 24 44 17 11 37 35 8 20 29 13 27 21 40 6 9 33 28 1 18 7 26 31 12 25
200,Instances_lowcost_H3/abs5n45,1,45,2675.0,2475.0,1.0808080808080809,0.04321849577225239,28 9 6 27 13 20 8 35 37 44 24 17 11 34 16 15 4 39 3 23 41 36 5 14 30 22 42 32 38 10 43 45 19 2 31 7 18 26 1 12 29 25 21 40 33
200,Instances_lowcost_H3/abs5n45,2,45,2969.0,2475.0,1.1995959595959595,0.05147698872686041,28 33 6 27 13 20 8 35 37 44 24 17 11 34 7 18 26 31 2 19 38 23 41 36 5 14 30 22 42 32 3 15 16 4 39 43 10 45 9 40 21 25 29 12 1
200,Instances_lowcost_H3/abs5n5,0,5,866.0,865.0,1.001156069364162,0.25,3 4 5 2 1
200,Instances_lowcost_H3/abs5n5,1,5,866.0,865.0,1.001156069364162,0.25,3 4 5 2 1
200,Instances_lowcost_H3/abs5n5,2,5,866.0,865.0,1.001156069364162,0.25,3 4 5 2 1
200,Instances_lowcost_H3/abs5n50,0,50,3264.0,3165.0,1.0312796208530806,0.031209838902578124,33 45 26 44 31 4 49 13 20 42 48 12 36 5 39 14 25 34 7 27 24 1 40 8 19 21 16 2 15 29 11 3 46 10 6 18 38 22 47 35 37 50 32 41 23 30 17 43 28 9
200,Instances_lowcost_H3/abs5n50,1,50,3391.0,3165.0,1.0714060031595576,0.05236339719550664,45 33 41 32 26 44 31 4 49 13 20 42 48 12 36 5 39 14 25 34 7 27 24 1 40 8 19 21 16 2 15 10 6 46 18 38 3 11 29 17 30 23 28 50 37 35 43 9 47 22
200,Instances_lowcost_H3/abs5n50,2,50,3327.0,3165.0,1.0511848341232228,0.0408230667776252,45 33 41 32 26 44 31 4 49 13 20 42 48 12 36 5 39 14 25 34 7 27 24 1 40 8 19 21 16 2 15 10 6 46 18 38 3 11 29 17 30 43 28 50 37 35 9 47 22 23
200,Instances_lowcost_H6/abs5n10,0,10,1368.0,1480.0,0.9243243243243243,0.10493827160493827,8 6 5 4 1 3 10 7 9 2
200,Instances_lowcost_H6/abs5n10,1,10,1368.0,1480.0,0.9243243243243243,0.10493827160493827,8 6 5 4 1 3 10 7 9 2
200,Instances_lowcost_H6/abs5n10,2,10,1368.0,1480.0,0.9243243243243243,0.10493827160493827,8 6 5 4 1 3 10 7 9 2
200,Instances_lowcost_H6/abs5n10,3,10,1368.0,1480.0,0.9243243243243243,0.10493827160493827,8 6 5 4 1 3 10 7 9 2
200,Instances_lowcost_H6/abs5n10,4,10,1368.0,1480.0,0.9243243243243243,0.10493827160493827,8 6 5 4 1 3 10 7 9 2
200,Instances_lowcost_H6/abs5n10,5,10,1368.0,1480.0,0.9243243243243243,0.10493827160493827,8 6 5 4 1 3 10 7 9 2
200,Instances_lowcost_H6/abs5n15,0,15,1641.0,1469.0,1.1170864533696392,0.05714285714285715,10 7 8 12 11 13 2 5 4 6 14 3 15 9 1
200,Instances_lowcost_H6/abs5n15,1,15,1641.0,1469.0,1.1170864533696392,0.05714285714285715,10 7 8 12 11 13 2 5 4 6 14 3 15 9 1
200,Instances_lowcost_H6/abs5n15,2,15,1523.0,1469.0,1.0367597004765146,0.021428571428571432,10 7 8 12 11 13 2 5 4 6 14 3 1 15 9
200,Instances_lowcost_H6/abs5n15,3,15,1786.0,1469.0,1.215793056501021,0.03928571428571429,10 7 8 12 11 13 2 5 4 6 3 1 15 9 14
200,Instances_lowcost_H6/abs5n15,4,15,1748.0,1469.0,1.189925119128659,0.08690476190476192,10 7 8 12 11 13 2 5 4 6 3 15 9 1 14
200,Instances_lowcost_H6/abs5n15,5,15,1786.0,1469.0,1.215793056501021,0.03928571428571429,10 7 8 12 11 13 2 5 4 6 3 1 15 9 14
200,Instances_lowcost_H6/abs5n20,0,20,2463.0,2221.0,1.1089599279603781,0.05736955253209123,19 17 18 5 14 16 2 6 9 10 11 20 12 15 7 3 1 4 8 13
200,Instances_lowcost_H6/abs5n20,1,20,2361.0,2221.0,1.0630346690679875,0.08195002881535389,19 14 17 18 13 8 5 16 2 6 9 10 20 12 15 7 3 1 11 4
200,Instances_lowcost_H6/abs5n20,2,20,2265.0,2221.0,1.019810895992796,0.06134453781512604,19 14 17 5 18 13 8 3 1 12 15 7 20 11 10 9 6 2 4 16
200,Instances_lowcost_H6/abs5n20,3,20,2361.0,2221.0,1.0630346690679875,0.08195002881535389,19 14 17 18 13 8 5 16 2 6 9 10 20 12 15 7 3 1 11 4
200,Instances_lowcost_H6/abs5n20,4,20,2288.0,2221.0,1.030166591625394,0.08338191736024553,19 17 18 13 8 5 14 16 2 6 9 10 20 12 15 7 3 1 11 4
200,Instances_lowcost_H6/abs5n20,5,20,2288.0,2221.0,1.030166591625394,0.08338191736024553,19 17 18 13 8 5 14 16 2 6 9 10 20 12 15 7 3 1 11 4
200,Instances_lowcost_H6/abs5n25,0,25,2560.0,2284.0,1.1208406304728546,0.12128548534798533,2 11 5 20 1 13 17 6 3 19 9 24 7 18 8 4 25 10 21 22 15 12 14 23 16
200,Instances_lowcost_H6/abs5n25,1,25,2560.0,2284.0,1.1208406304728546,0.12128548534798533,2 11 5 20 1 13 17 6 3 19 9 24 7 18 8 4 25 10 21 22 15 12 14 23 16
200,Instances_lowcost_H6/abs5n25,2,25,2620.0,2284.0,1.1471103327495622,0.10739659645909645,2 11 5 20 1 13 17 6 3 19 9 24 7 18 8 4 25 10 21 22 15 16 14 23 12
200,Instances_lowcost_H6/abs5n25,3,25,2620.0,2284.0,1.1471103327495622,0.10739659645909645,2 11 5 20 1 13 17 6 3 19 9 24 7 18 8 4 25 10 21 22 15 16 14 23 12
200,Instances_lowcost_H6/abs5n25,4,25,2503.0,2284.0,1.0958844133099825,0.09087873931623931,2 11 5 20 1 13 17 6 3 19 9 24 7 18 8 4 22 25 10 21 15 16 14 23 12
200,Instances_lowcost_H6/abs5n25,5,25,2503.0,2284.0,1.0958844133099825,0.09087873931623931,2 11 5 20 1 13 17 6 3 19 9 24 7 18 8 4 22 25 10 21 15 16 14 23 12
200,Instances_lowcost_H6/abs5n30,0,30,2545.0,2221.0,1.1458802341287708,0.05548394746993644,1 26 24 10 7 23 17 30 28 11 20 3 5 18 2 13 4 22 29 21 9 8 14 16 25 19 6 15 12 27
200,Instances_lowcost_H6/abs5n30,1,30,2540.0,2221.0,1.1436289959477712,0.061492385369240045,1 26 24 20 3 11 10 7 23 17 15 30 28 12 27 18 2 4 13 29 22 21 9 8 14 16 25 19 6 5
200,Instances_lowcost_H6/abs5n30,2,30,2701.0,2221.0,1.2161188653759567,0.05511679679284011,1 26 24 20 3 11 10 7 28 30 15 17 23 6 25 14 16 19 27 18 2 13 4 22 29 21 9 8 12 5
200,Instances_lowcost_H6/abs5n30,3,30,2701.0,2221.0,1.2161188653759567,0.05511679679284011,1 26 24 20 3 11 10 7 28 30 15 17 23 6 25 14 16 19 27 18 2 13 4 22 29 21 9 8 12 5
200,Instances_lowcost_H6/abs5n30,4,30,2701.0,2221.0,1.2161188653759567,0.05511679679284011,1 26 24 20 3 11 10 7 28 30 15 17 23 6 25 14 16 19 27 18 2 13 4 22 29 21 9 8 12 5
200,Instances_lowcost_H6/abs5n30,5,30,2701.0,2221.0,1.2161188653759567,0.05511679679284011,1 26 24 20 3 11 10 7 28 30 15 17 23 6 25 14 16 19 27 18 2 13 4 22 29 21 9 8 12 5
200,Instances_lowcost_H6/abs5n5,0,5,866.0,865.0,1.001156069364162,0.25,3 4 5 2 1
200,Instances_lowcost_H6/abs5n5,1,5,866.0,865.0,1.001156069364162,0.25,3 4 5 2 1
200,Instances_lowcost_H6/abs5n5,2,5,866.0,865.0,1.001156069364162,0.25,3 4 5 2 1
200,Instances_lowcost_H6/abs5n5,3,5,866.0,865.0,1.001156069364162,0.25,3 4 5 2 1
200,Instances_lowcost_H6/abs5n5,4,5,866.0,865.0,1.001156069364162,0.25,3 4 5 2 1
200,Instances_lowcost_H6/abs5n5,5,5,866.0,865.0,1.001156069364162,0.25,3 4 5 2 1
225,Instances_highcost_H3/abs5n10,0,10,1368.0,1480.0,0.9243243243243243,0.10493827160493827,8 6 5 4 1 3 10 7 9 2
225,Instances_highcost_H3/abs5n10,1,10,1368.0,1480.0,0.9243243243243243,0.10493827160493827,8 6 5 4 1 3 10 7 9 2
225,Instances_highcost_H3/abs5n10,2,10,1368.0,1480.0,0.9243243243243243,0.10493827160493827,8 6 5 4 1 3 10 7 9 2
225,Instances_highcost_H3/abs5n15,0,15,1641.0,1469.0,1.1170864533696392,0.05714285714285715,10 7 8 12 11 13 2 5 4 6 14 3 15 9 1
225,Instances_highcost_H3/abs5n15,1,15,1714.0,1469.0,1.1667801225323349,0.044333642547928265,9 15 3 6 4 14 5 2 11 13 12 8 7 10 1
225,Instances_highcost_H3/abs5n15,2,15,1822.0,1469.0,1.2402995234853642,0.07092352092352093,10 7 8 11 13 2 12 5 4 6 14 3 15 9 1
225,Instances_highcost_H3/abs5n20,0,20,2450.0,2221.0,1.1031067086897794,0.12096034770183377,19 17 18 5 14 16 2 9 10 6 4 11 20 12 15 7 3 1 13 8
225,Instances_highcost_H3/abs5n20,1,20,2334.0,2221.0,1.0508779828905899,0.0595005484711367,19 14 17 18 8 13 3 1 12 15 7 20 11 10 9 6 2 4 16 5
225,Instances_highcost_H3/abs5n20,2,20,2405.0,2221.0,1.0828455650607833,0.1384797778760627,19 2 9 10 20 12 15 7 3 1 11 6 4 16 14 17 5 18 13 8
225,Instances_highcost_H3/abs5n25,0,25,2560.0,2284.0,1.1208406304728546,0.12128548534798533,2 11 5 20 1 13 17 6 3 19 9 24 7 18 8 4 25 10 21 22 15 12 14 23 16
225,Instances_highcost_H3/abs5n25,1,25,2536.0,2284.0,1.1103327495621715,0.07961881868131866,2 11 5 20 1 13 17 6 3 19 9 24 7 18 8 4 25 10 21 22 15 12 14 16 23
225,Instances_highcost_H3/abs5n25,2,25,2536.0,2284.0,1.1103327495621715,0.07961881868131866,2 11 5 20 1 13 17 6 3 19 9 24 7 18 8 4 25 10 21 22 15 12 14 16 23
225,Instances_highcost_H3/abs5n30,0,30,2685.0,2221.0,1.2089149031967583,0.0866309649306082,1 26 24 10 7 23 17 28 11 20 3 30 15 6 25 16 14 8 9 13 4 22 29 21 2 18 5 27 12 19
225,Instances_highcost_H3/abs5n30,1,30,2593.0,2221.0,1.1674921206663664,0.06462718160748455,1 26 24 20 3 11 10 7 23 17 15 30 28 12 27 18 2 4 22 29 13 21 9 8 14 16 25 19 6 5
225,Instances_highcost_H3/abs5n30,2,30,2559.0,2221.0,1.1521837010355696,0.06092714601089724,1 26 24 20 3 11 10 7 23 17 15 30 28 12 5 21 22 4 13 29 2 9 8 14 16 25 19 6 27 18
225,Instances_highcost_H3/abs5n35,0,35,2803.0,2679.0,1.0462859275849197,0.021544513918398452,28 1 18 21 10 33 2 8 19 34 4 15 9 23 3 6 25 7 20 14 31 16 27 35 32 24 5 11 12 17 29 30 26 22 13
225,Instances_highcost_H3/abs5n35,1,35,2942.0,2679.0,1.0981709593131765,0.07205568095205683,28 1 18 21 10 33 2 8 19 34 4 15 9 23 3 6 25 20 14 31 16 27 35 22 7 26 30 29 11 17 12 5 24 32 13
225,Instances_highcost_H3/abs5n35,2,35,3024.0,2679.0,1.1287793952967524,0.0831524692743521,28 1 18 21 10 16 31 14 20 7 26 22 27 35 32 24 5 17 29 30 25 6 3 11 12 23 9 4 34 19 8 2 33 13 15
225,Instances_highcost_H3/abs5n40,0,40,2876.0,2647.0,1.0865130336229694,0.036349450942307154,6 4 30 31 13 3 19 38 18 34 17 39 26 27 21 28 36 35 23 10 5 40 24 15 33 32 9 2 20 1 7 29 16 37 12 14 22 8 25 11
225,Instances_highcost_H3/abs5n40,1,40,3404.0,2647.0,1.2859841329807329,0.09513661931449577,6 4 30 31 13 3 38 19 25 18 34 27 21 28 35 23 10 36 11 14 39 17 26 22 8 37 1 29 40 24 33 15 32 9 20 2 7 16 5 12
225,Instances_highcost_H3/abs5n40,2,40,2743.0,2647.0,1.0362674726105026,0.05523100427777839,6 4 30 31 13 3 38 19 18 34 27 21 28 36 35 23 10 5 40 24 33 15 32 9 20 2 1 29 16 7 37 12 14 11 26 17 39 22 8 25
225,Instances_highcost_H3/abs5n45,0,45,2806.0,2475.0,1.1337373737373737,0.04128644158507556,2 39 16 15 4 34 24 44 17 11 37 35 8 20 29 12 25 13 27 21 40 6 9 14 5 36 41 23 3 38 10 43 45 32 42 30 22 19 31 7 26 18 1 28 33
225,Instances_highcost_H3/abs5n45,1,45,3139.0,2475.0,1.2682828282828282,0.06068392388037675,28 1 12 20 35 8 37 24 44 17 34 11 7 18 29 13 25 27 21 40 6 9 14 5 36 41 23 3 15 16 4 39 38 10 43 45 32 42 30 22 19 2 31 26 33
225,Instances_highcost_H3/abs5n45,2,45,2791.0,2475.0,1.1276767676767676,0.046255183361707745,28 1 37 35 8 20 29 13 27 21 40 6 25 12 18 44 24 17 11 34 16 15 4 39 3 23 41 36 5 14 30 22 42 38 10 43 45 32 19 2 31 7 26 33 9
225,Instances_highcost_H3/abs5n5,0,5,866.0,865.0,1.001156069364162,0.25,3 4 5 2 1
225,Instances_highcost_H3/abs5n5,1,5,866.0,865.0,1.001156069364162,0.25,3 4 5 2 1
225,Instances_highcost_H3/abs5n5,2,5,978.0,865.0,1.130635838150289,0.0625,1 4 3 5 2
225,Instances_highcost_H3/abs5n50,0,50,3388.0,3165.0,1.0704581358609795,0.04537402679392925,45 33 41 32 26 44 31 4 49 13 20 42 48 12 36 5 39 14 25 34 7 27 24 1 40 8 19 21 16 2 29 15 10 6 46 18 3 38 22 47 35 37 50 28 23 30 17 43 9 11
225,Instances_highcost_H3/abs5n50,1,50,3433.0,3165.0,1.0846761453396525,0.04689002991140287,45 33 41 32 26 44 31 4 50 28 37 49 13 20 42 48 12 36 5 39 14 25 34 7 27 24 1 40 8 19 21 16 2 15 10 6 46 38 18 3 29 11 17 30 23 43 35 9 47 22
225,Instances_highcost_H3/abs5n50,2,50,3751.0,3165.0,1.1851500789889415,0.04861275314931287,45 33 1 40 24 8 34 25 14 39 5 6 10 7 27 16 21 19 2 15 46 18 38 3 29 11 17 30 23 41 32 26 44 31 4 50 28 37 35 9 47 43 22 12 36 48 42 20 13 49
225,Instances_highcost_H6/abs5n10,0,10,1368.0,1480.0,0.9243243243243243,0.10493827160493827,8 6 5 4 1 3 10 7 9 2
225,Instances_highcost_H6/abs5n10,1,10,1368.0,1480.0,0.9243243243243243,0.10493827160493827,8 6 5 4 1 3 10 7 9 2
225,Instances_highcost_H6/abs5n10,2,10,1368.0,1480.0,0.9243243243243243,0.10493827160493827,8 6 5 4 1 3 10 7 9 2
225,Instances_highcost_H6/abs5n10,3,10,1368.0,1480.0,0.9243243243243243,0.10493827160493827,8 6 5 4 1 3 10 7 9 2
225,Instances_highcost_H6/abs5n10,4,10,1368.0,1480.0,0.9243243243243243,0.10493827160493827,8 6 5 4 1 3 10 7 9 2
225,Instances_highcost_H6/abs5n10,5,10,1368.0,1480.0,0.9243243243243243,0.10493827160493827,8 6 5 4 1 3 10 7 9 2
225,Instances_highcost_H6/abs5n15,0,15,1641.0,1469.0,1.1170864533696392,0.05714285714285715,10 7 8 12 11 13 2 5 4 6 14 3 15 9 1
225,Instances_highcost_H6/abs5n15,1,15,1714.0,1469.0,1.1667801225323349,0.044333642547928265,9 15 3 6 4 14 5 2 11 13 12 8 7 10 1
225,Instances_highcost_H6/abs5n15,2,15,1822.0,1469.0,1.2402995234853642,0.07092352092352093,10 7 8 11 13 2 12 5 4 6 14 3 15 9 1
225,Instances_highcost_H6/abs5n15,3,15,1929.0,1469.0,1.3131381892443839,0.10068542568542568,10 7 8 11 13 2 12 5 4 6 3 15 9 1 14
225,Instances_highcost_H6/abs5n15,4,15,1929.0,1469.0,1.3131381892443839,0.10068542568542568,10 7 8 11 13 2 12 5 4 6 3 15 9 1 14
225,Instances_highcost_H6/abs5n15,5,15,1929.0,1469.0,1.3131381892443839,0.10068542568542568,10 7 8 11 13 2 12 5 4 6 3 15 9 1 14
225,Instances_highcost_H6/abs5n20,0,20,2450.0,2221.0,1.1031067086897794,0.12096034770183377,19 17 18 5 14 16 2 9 10 6 4 11 20 12 15 7 3 1 13 8
225,Instances_highcost_H6/abs5n20,1,20,2334.0,2221.0,1.0508779828905899,0.0595005484711367,19 14 17 18 8 13 3 1 12 15 7 20 11 10 9 6 2 4 16 5
225,Instances_highcost_H6/abs5n20,2,20,2405.0,2221.0,1.0828455650607833,0.1384797778760627,19 2 9 10 20 12 15 7 3 1 11 6 4 16 14 17 5 18 13 8
225,Instances_highcost_H6/abs5n20,3,20,2265.0,2221.0,1.019810895992796,0.06134453781512604,19 14 17 5 18 13 8 3 1 12 15 7 20 11 10 9 6 2 4 16
225,Instances_highcost_H6/abs5n20,4,20,2330.0,2221.0,1.04907699234579,0.11134453781512606,19 14 17 5 18 8 13 7 15 12 20 11 10 9 6 2 4 16 1 3
225,Instances_highcost_H6/abs5n20,5,20,2330.0,2221.0,1.04907699234579,0.11134453781512606,19 14 17 5 18 8 13 7 15 12 20 11 10 9 6 2 4 16 1 3
225,Instances_highcost_H6/abs5n25,0,25,2560.0,2284.0,1.1208406304728546,0.12128548534798533,2 11 5 20 1 13 17 6 3 19 9 24 7 18 8 4 25 10 21 22 15 12 14 23 16
225,Instances_highcost_H6/abs5n25,1,25,2536.0,2284.0,1.1103327495621715,0.07961881868131866,2 11 5 20 1 13 17 6 3 19 9 24 7 18 8 4 25 10 21 22 15 12 14 16 23
225,Instances_highcost_H6/abs5n25,2,25,2536.0,2284.0,1.1103327495621715,0.07961881868131866,2 11 5 20 1 13 17 6 3 19 9 24 7 18 8 4 25 10 21 22 15 12 14 16 23
225,Instances_highcost_H6/abs5n25,3,25,2560.0,2284.0,1.1208406304728546,0.12128548534798533,2 11 5 20 1 13 17 6 3 19 9 24 7 18 8 4 25 10 21 22 15 12 14 23 16
225,Instances_highcost_H6/abs5n25,4,25,2560.0,2284.0,1.1208406304728546,0.12128548534798533,2 11 5 20 1 13 17 6 3 19 9 24 7 18 8 4 25 10 21 22 15 12 14 23 16
225,Instances_highcost_H6/abs5n25,5,25,2560.0,2284.0,1.1208406304728546,0.12128548534798533,2 11 5 20 1 13 17 6 3 19 9 24 7 18 8 4 25 10 21 22 15 12 14 23 16
225,Instances_highcost_H6/abs5n30,0,30,2685.0,2221.0,1.2089149031967583,0.0866309649306082,1 26 24 10 7 23 17 28 11 20 3 30 15 6 25 16 14 8 9 13 4 22 29 21 2 18 5 27 12 19
225,Instances_highcost_H6/abs5n30,1,30,2593.0,2221.0,1.1674921206663664,0.06462718160748455,1 26 24 20 3 11 10 7 23 17 15 30 28 12 27 18 2 4 22 29 13 21 9 8 14 16 25 19 6 5
225,Instances_highcost_H6/abs5n30,2,30,2559.0,2221.0,1.1521837010355696,0.06092714601089724,1 26 24 20 3 11 10 7 23 17 15 30 28 12 5 21 22 4 13 29 2 9 8 14 16 25 19 6 27 18
225,Instances_highcost_H6/abs5n30,3,30,2533.0,2221.0,1.140477262494372,0.06940008565443578,1 26 24 20 3 11 10 7 23 17 28 30 15 6 25 19 14 16 8 9 13 4 22 29 21 2 18 5 12 27
225,Instances_highcost_H6/abs5n30,4,30,2698.0,2221.0,1.214768122467357,0.08154569866211775,1 26 24 20 3 11 10 7 23 17 28 30 15 6 25 14 16 19 27 12 5 21 22 4 13 29 2 9 8 18
225,Instances_highcost_H6/abs5n30,5,30,2533.0,2221.0,1.140477262494372,0.06940008565443578,1 26 24 20 3 11 10 7 23 17 28 30 15 6 25 19 14 16 8 9 13 4 22 29 21 2 18 5 12 27
225,Instances_highcost_H6/abs5n5,0,5,866.0,865.0,1.001156069364162,0.25,3 4 5 2 1
225,Instances_highcost_H6/abs5n5,1,5,866.0,865.0,1.001156069364162,0.25,3 4 5 2 1
225,Instances_highcost_H6/abs5n5,2,5,978.0,865.0,1.130635838150289,0.0625,1 4 3 5 2
225,Instances_highcost_H6/abs5n5,3,5,978.0,865.0,1.130635838150289,0.0625,1 4 3 5 2
225,Instances_highcost_H6/abs5n5,4,5,978.0,865.0,1.130635838150289,0.0625,1 4 3 5 2
225,Instances_highcost_H6/abs5n5,5,5,978.0,865.0,1.130635838150289,0.0625,1 4 3 5 2
225,Instances_lowcost_H3/abs5n10,0,10,1368.0,1480.0,0.9243243243243243,0.10493827160493827,8 6 5 4 1 3 10 7 9 2
225,Instances_lowcost_H3/abs5n10,1,10,1368.0,1480.0,0.9243243243243243,0.10493827160493827,8 6 5 4 1 3 10 7 9 2
225,Instances_lowcost_H3/abs5n10,2,10,1368.0,1480.0,0.9243243243243243,0.10493827160493827,8 6 5 4 1 3 10 7 9 2
225,Instances_lowcost_H3/abs5n15,0,15,1641.0,1469.0,1.1170864533696392,0.05714285714285715,10 7 8 12 11 13 2 5 4 6 14 3 15 9 1
225,Instances_lowcost_H3/abs5n15,1,15,1714.0,1469.0,1.1667801225323349,0.044333642547928265,9 15 3 6 4 14 5 2 11 13 12 8 7 10 1
225,Instances_lowcost_H3/abs5n15,2,15,1822.0,1469.0,1.2402995234853642,0.07092352092352093,10 7 8 11 13 2 12 5 4 6 14 3 15 9 1
225,Instances_lowcost_H3/abs5n20,0,20,2450.0,2221.0,1.1031067086897794,0.12096034770183377,19 17 18 5 14 16 2 9 10 6 4 11 20 12 15 7 3 1 13 8
225,Instances_lowcost_H3/abs5n20,1,20,2334.0,2221.0,1.0508779828905899,0.0595005484711367,19 14 17 18 8 13 3 1 12 15 7 20 11 10 9 6 2 4 16 5
225,Instances_lowcost_H3/abs5n20,2,20,2405.0,2221.0,1.0828455650607833,0.1384797778760627,19 2 9 10 20 12 15 7 3 1 11 6 4 16 14 17 5 18 13 8
225,Instances_lowcost_H3/abs5n25,0,25,2560.0,2284.0,1.1208406304728546,0.12128548534798533,2 11 5 20 1 13 17 6 3 19 9 24 7 18 8 4 25 10 21 22 15 12 14 23 16
225,Instances_lowcost_H3/abs5n25,1,25,2536.0,2284.0,1.1103327495621715,0.07961881868131866,2 11 5 20 1 13 17 6 3 19 9 24 7 18 8 4 25 10 21 22 15 12 14 16 23
225,Instances_lowcost_H3/abs5n25,2,25,2536.0,2284.0,1.1103327495621715,0.07961881868131866,2 11 5 20 1 13 17 6 3 19 9 24 7 18 8 4 25 10 21 22 15 12 14 16 23
225,Instances_lowcost_H3/abs5n30,0,30,2685.0,2221.0,1.2089149031967583,0.0866309649306082,1 26 24 10 7 23 17 28 11 20 3 30 15 6 25 16 14 8 9 13 4 22 29 21 2 18 5 27 12 19
225,Instances_lowcost_H3/abs5n30,1,30,2593.0,2221.0,1.1674921206663664,0.06462718160748455,1 26 24 20 3 11 10 7 23 17 15 30 28 12 27 18 2 4 22 29 13 21 9 8 14 16 25 19 6 5
225,Instances_lowcost_H3/abs5n30,2,30,2559.0,2221.0,1.1521837010355696,0.06092714601089724,1 26 24 20 3 11 10 7 23 17 15 30 28 12 5 21 22 4 13 29 2 9 8 14 16 25 19 6 27 18
225,Instances_lowcost_H3/abs5n35,0,35,2803.0,2679.0,1.0462859275849197,0.021544513918398452,28 1 18 21 10 33 2 8 19 34 4 15 9 23 3 6 25 7 20 14 31 16 27 35 32 24 5 11 12 17 29 30 26 22 13
225,Instances_lowcost_H3/abs5n35,1,35,2942.0,2679.0,1.0981709593131765,0.07205568095205683,28 1 18 21 10 33 2 8 19 34 4 15 9 23 3 6 25 20 14 31 16 27 35 22 7 26 30 29 11 17 12 5 24 32 13
225,Instances_lowcost_H3/abs5n35,2,35,3024.0,2679.0,1.1287793952967524,0.0831524692743521,28 1 18 21 10 16 31 14 20 7 26 22 27 35 32 24 5 17 29 30 25 6 3 11 12 23 9 4 34 19 8 2 33 13 15
225,Instances_lowcost_H3/abs5n40,0,40,2876.0,2647.0,1.0865130336229694,0.036349450942307154,6 4 30 31 13 3 19 38 18 34 17 39 26 27 21 28 36 35 23 10 5 40 24 15 33 32 9 2 20 1 7 29 16 37 12 14 22 8 25 11
225,Instances_lowcost_H3/abs5n40,1,40,3404.0,2647.0,1.2859841329807329,0.09513661931449577,6 4 30 31 13 3 38 19 25 18 34 27 21 28 35 23 10 36 11 14 39 17 26 22 8 37 1 29 40 24 33 15 32 9 20 2 7 16 5 12
225,Instances_lowcost_H3/abs5n40,2,40,2743.0,2647.0,1.0362674726105026,0.05523100427777839,6 4 30 31 13 3 38 19 18 34 27 21 28 36 35 23 10 5 40 24 33 15 32 9 20 2 1 29 16 7 37 12 14 11 26 17 39 22 8 25
225,Instances_lowcost_H3/abs5n45,0,45,2806.0,2475.0,1.1337373737373737,0.04128644158507556,2 39 16 15 4 34 24 44 17 11 37 35 8 20 29 12 25 13 27 21 40 6 9 14 5 36 41 23 3 38 10 43 45 32 42 30 22 19 31 7 26 18 1 28 33
225,Instances_lowcost_H3/abs5n45,1,45,3139.0,2475.0,1.2682828282828282,0.06068392388037675,28 1 12 20 35 8 37 24 44 17 34 11 7 18 29 13 25 27 21 40 6 9 14 5 36 41 23 3 15 16 4 39 38 10 43 45 32 42 30 22 19 2 31 26 33
225,Instances_lowcost_H3/abs5n45,2,45,2791.0,2475.0,1.1276767676767676,0.046255183361707745,28 1 37 35 8 20 29 13 27 21 40 6 25 12 18 44 24 17 11 34 16 15 4 39 3 23 41 36 5 14 30 22 42 38 10 43 45 32 19 2 31 7 26 33 9
225,Instances_lowcost_H3/abs5n5,0,5,866.0,865.0,1.001156069364162,0.25,3 4 5 2 1
225,Instances_lowcost_H3/abs5n5,1,5,866.0,865.0,1.001156069364162,0.25,3 4 5 2 1
225,Instances_lowcost_H3/abs5n5,2,5,978.0,865.0,1.130635838150289,0.0625,1 4 3 5 2
225,Instances_lowcost_H3/abs5n50,0,50,3388.0,3165.0,1.0704581358609795,0.04537402679392925,45 33 41 32 26 44 31 4 49 13 20 42 48 12 36 5 39 14 25 34 7 27 24 1 40 8 19 21 16 2 29 15 10 6 46 18 3 38 22 47 35 37 50 28 23 30 17 43 9 11
225,Instances_lowcost_H3/abs5n50,1,50,3433.0,3165.0,1.0846761453396525,0.04689002991140287,45 33 41 32 26 44 31 4 50 28 37 49 13 20 42 48 12 36 5 39 14 25 34 7 27 24 1 40 8 19 21 16 2 15 10 6 46 38 18 3 29 11 17 30 23 43 35 9 47 22
225,Instances_lowcost_H3/abs5n50,2,50,3751.0,3165.0,1.1851500789889415,0.04861275314931287,45 33 1 40 24 8 34 25 14 39 5 6 10 7 27 16 21 19 2 15 46 18 38 3 29 11 17 30 23 41 32 26 44 31 4 50 28 37 35 9 47 43 22 12 36 48 42 20 13 49
225,Instances_lowcost_H6/abs5n10,0,10,1368.0,1480.0,0.9243243243243243,0.10493827160493827,8 6 5 4 1 3 10 7 9 2
225,Instances_lowcost_H6/abs5n10,1,10,1368.0,1480.0,0.9243243243243243,0.10493827160493827,8 6 5 4 1 3 10 7 9 2
225,Instances_lowcost_H6/abs5n10,2,10,1368.0,1480.0,0.9243243243243243,0.10493827160493827,8 6 5 4 1 3 10 7 9 2
225,Instances_lowcost_H6/abs5n10,3,10,1368.0,1480.0,0.9243243243243243,0.10493827160493827,8 6 5 4 1 3 10 7 9 2
225,Instances_lowcost_H6/abs5n10,4,10,1368.0,1480.0,0.9243243243243243,0.10493827160493827,8 6 5 4 1 3 10 7 9 2
225,Instances_lowcost_H6/abs5n10,5,10,1368.0,1480.0,0.9243243243243243,0.10493827160493827,8 6 5 4 1 3 10 7 9 2
225,Instances_lowcost_H6/abs5n15,0,15,1641.0,1469.0,1.1170864533696392,0.05714285714285715,10 7 8 12 11 13 2 5 4 6 14 3 15 9 1
225,Instances_lowcost_H6/abs5n15,1,15,1714.0,1469.0,1.1667801225323349,0.044333642547928265,9 15 3 6 4 14 5 2 11 13 12 8 7 10 1
225,Instances_lowcost_H6/abs5n15,2,15,1822.0,1469.0,1.2402995234853642,0.07092352092352093,10 7 8 11 13 2 12 5 4 6 14 3 15 9 1
225,Instances_lowcost_H6/abs5n15,3,15,1929.0,1469.0,1.3131381892443839,0.10068542568542568,10 7 8 11 13 2 12 5 4 6 3 15 9 1 14
225,Instances_lowcost_H6/abs5n15,4,15,1929.0,1469.0,1.3131381892443839,0.10068542568542568,10 7 8 11 13 2 12 5 4 6 3 15 9 1 14
225,Instances_lowcost_H6/abs5n15,5,15,1929.0,1469.0,1.3131381892443839,0.10068542568542568,10 7 8 11 13 2 12 5 4 6 3 15 9 1 14
225,Instances_lowcost_H6/abs5n20,0,20,2450.0,2221.0,1.1031067086897794,0.12096034770183377,19 17 18 5 14 16 2 9 10 6 4 11 20 12 15 7 3 1 13 8
225,Instances_lowcost_H6/abs5n20,1,20,2334.0,2221.0,1.0508779828905899,0.0595005484711367,19 14 17 18 8 13 3 1 12 15 7 20 11 10 9 6 2 4 16 5
225,Instances_lowcost_H6/abs5n20,2,20,2405.0,2221.0,1.0828455650607833,0.1384797778760627,19 2 9 10 20 12 15 7 3 1 11 6 4 16 14 17 5 18 13 8
225,Instances_lowcost_H6/abs5n20,3,20,2265.0,2221.0,1.019810895992796,0.06134453781512604,19 14 17 5 18 13 8 3 1 12 15 7 20 11 10 9 6 2 4 16
225,Instances_lowcost_H6/abs5n20,4,20,2330.0,2221.0,1.04907699234579,0.11134453781512606,19 14 17 5 18 8 13 7 15 12 20 11 10 9 6 2 4 16 1 3
225,Instances_lowcost_H6/abs5n20,5,20,2330.0,2221.0,1.04907699234579,0.11134453781512606,19 14 17 5 18 8 13 7 15 12 20 11 10 9 6 2 4 16 1 3
225,Instances_lowcost_H6/abs5n25,0,25,2560.0,2284.0,1.1208406304728546,0.12128548534798533,2 11 5 20 1 13 17 6 3 19 9 24 7 18 8 4 25 10 21 22 15 12 14 23 16
225,Instances_lowcost_H6/abs5n25,1,25,2536.0,2284.0,1.1103327495621715,0.07961881868131866,2 11 5 20 1 13 17 6 3 19 9 24 7 18 8 4 25 10 21 22 15 12 14 16 23
225,Instances_lowcost_H6/abs5n25,2,25,2536.0,2284.0,1.1103327495621715,0.07961881868131866,2 11 5 20 1 13 17 6 3 19 9 24 7 18 8 4 25 10 21 22 15 12 14 16 23
225,Instances_lowcost_H6/abs5n25,3,25,2560.0,2284.0,1.1208406304728546,0.12128548534798533,2 11 5 20 1 13 17 6 3 19 9 24 7 18 8 4 25 10 21 22 15 12 14 23 16
225,Instances_lowcost_H6/abs5n25,4,25,2560.0,2284.0,1.1208406304728546,0.12128548534798533,2 11 5 20 1 13 17 6 3 19 9 24 7 18 8 4 25 10 21 22 15 12 14 23 16
225,Instances_lowcost_H6/abs5n25,5,25,2560.0,2284.0,1.1208406304728546,0.12128548534798533,2 11 5 20 1 13 17 6 3 19 9 24 7 18 8 4 25 10 21 22 15 12 14 23 16
225,Instances_lowcost_H6/abs5n30,0,30,2685.0,2221.0,1.2089149031967583,0.0866309649306082,1 26 24 10 7 23 17 28 11 20 3 30 15 6 25 16 14 8 9 13 4 22 29 21 2 18 5 27 12 19
225,Instances_lowcost_H6/abs5n30,1,30,2593.0,2221.0,1.1674921206663664,0.06462718160748455,1 26 24 20 3 11 10 7 23 17 15 30 28 12 27 18 2 4 22 29 13 21 9 8 14 16 25 19 6 5
225,Instances_lowcost_H6/abs5n30,2,30,2559.0,2221.0,1.1521837010355696,0.06092714601089724,1 26 24 20 3 11 10 7 23 17 15 30 28 12 5 21 22 4 13 29 2 9 8 14 16 25 19 6 27 18
225,Instances_lowcost_H6/abs5n30,3,30,2533.0,2221.0,1.140477262494372,0.06940008565443578,1 26 24 20 3 11 10 7 23 17 28 30 15 6 25 19 14 16 8 9 13 4 22 29 21 2 18 5 12 27
225,Instances_lowcost_H6/abs5n30,4,30,2698.0,2221.0,1.214768122467357,0.08154569866211775,1 26 24 20 3 11 10 7 23 17 28 30 15 6 25 14 16 19 27 12 5 21 22 4 13 29 2 9 8 18
225,Instances_lowcost_H6/abs5n30,5,30,2533.0,2221.0,1.140477262494372,0.06940008565443578,1 26 24 20 3 11 10 7 23 17 28 30 15 6 25 19 14 16 8 9 13 4 22 29 21 2 18 5 12 27
225,Instances_lowcost_H6/abs5n5,0,5,866.0,865.0,1.001156069364162,0.25,3 4 5 2 1
225,Instances_lowcost_H6/abs5n5,1,5,866.0,865.0,1.001156069364162,0.25,3 4 5 2 1
225,Instances_lowcost_H6/abs5n5,2,5,978.0,865.0,1.130635838150289,0.0625,1 4 3 5 2
225,Instances_lowcost_H6/abs5n5,3,5,978.0,865.0,1.130635838150289,0.0625,1 4 3 5 2
225,Instances_lowcost_H6/abs5n5,4,5,978.0,865.0,1.130635838150289,0.0625,1 4 3 5 2
225,Instances_lowcost_H6/abs5n5,5,5,978.0,865.0,1.130635838150289,0.0625,1 4 3 5 2
250,Instances_highcost_H3/abs5n10,0,0,0.0,0.0,nan,nan,
250,Instances_highcost_H3/abs5n10,1,10,1368.0,1480.0,0.9243243243243243,0.10493827160493827,8 6 5 4 1 3 10 7 9 2
250,Instances_highcost_H3/abs5n10,2,10,1368.0,1480.0,0.9243243243243243,0.10493827160493827,8 6 5 4 1 3 10 7 9 2
250,Instances_highcost_H3/abs5n15,0,0,0.0,0.0,nan,nan,
250,Instances_highcost_H3/abs5n15,1,15,1957.0,1469.0,1.3321987746766508,0.1290558647701505,9 15 3 6 4 5 14 1 10 8 13 2 11 12 7
250,Instances_highcost_H3/abs5n15,2,15,1918.0,1469.0,1.305650102110279,0.05524634096062667,9 15 3 6 4 5 14 1 10 7 8 12 11 13 2
250,Instances_highcost_H3/abs5n20,0,0,0.0,0.0,nan,nan,
250,Instances_highcost_H3/abs5n20,1,20,2540.0,2221.0,1.1436289959477712,0.07720389775343335,19 14 17 18 8 13 3 1 20 10 9 6 2 11 12 15 7 4 16 5
250,Instances_highcost_H3/abs5n20,2,20,2595.0,2221.0,1.1683926159387663,0.09389667350193666,19 17 5 14 2 9 10 20 12 15 7 1 3 11 6 4 16 18 8 13
250,Instances_highcost_H3/abs5n25,0,0,0.0,0.0,nan,nan,
250,Instances_highcost_H3/abs5n25,1,25,2491.0,2284.0,1.090630472854641,0.08640405885114122,5 2 11 20 1 21 10 25 22 4 8 18 7 24 9 3 19 23 14 12 16 15 13 17 6
250,Instances_highcost_H3/abs5n25,2,25,2325.0,2284.0,1.0179509632224168,0.05014628152205552,2 11 5 20 1 10 21 25 22 4 8 18 7 24 23 9 19 3 6 16 12 14 15 13 17
250,Instances_highcost_H3/abs5n30,0,0,0.0,0.0,nan,nan,
250,Instances_highcost_H3/abs5n30,1,30,2855.0,2221.0,1.285457001350743,0.050328282938271046,1 26 24 10 7 23 17 28 11 3 20 30 15 6 25 16 14 19 27 12 5 18 2 29 4 13 22 21 9 8
250,Instances_highcost_H3/abs5n30,2,30,2800.0,2221.0,1.2606933813597478,0.0738813218665171,1 26 24 10 7 23 28 11 3 20 30 17 15 6 25 16 14 19 27 12 5 18 21 22 4 13 29 2 9 8
250,Instances_highcost_H3/abs5n35,0,0,0.0,0.0,nan,nan,
250,Instances_highcost_H3/abs5n35,1,35,3123.0,2679.0,1.1657334826427772,0.1051438395979463,28 1 18 21 10 33 8 19 34 4 15 9 23 2 13 24 32 35 14 16 31 27 22 20 7 30 3 6 25 26 29 11 12 17 5
250,Instances_highcost_H3/abs5n35,2,35,3109.0,2679.0,1.1605076521089959,0.05266031163067222,28 1 18 21 10 33 2 8 19 34 4 15 9 23 13 5 24 32 27 16 31 14 35 22 7 20 26 30 29 17 11 12 3 6 25
250,Instances_highcost_H3/abs5n40,0,0,0.0,0.0,nan,nan,
250,Instances_highcost_H3/abs5n40,1,40,3513.0,2647.0,1.3271628258405743,0.05445661859954341,6 4 30 31 13 3 38 18 34 17 39 25 8 19 9 32 15 33 40 24 20 2 1 29 37 14 22 26 27 21 28 35 23 10 36 11 12 7 16 5
250,Instances_highcost_H3/abs5n40,2,40,3039.0,2647.0,1.1480921798262183,0.044117699102516915,6 4 30 31 13 3 38 18 34 17 39 26 22 8 25 19 9 32 15 33 24 40 5 10 28 35 23 36 21 27 11 14 12 37 7 29 16 1 20 2
250,Instances_highcost_H3/abs5n45,0,0,0.0,0.0,nan,nan,
250,Instances_highcost_H3/abs5n45,1,45,3241.0,2475.0,1.3094949494949495,0.07432255519103169,28 1 12 29 35 24 34 16 15 4 39 3 23 41 36 5 30 14 22 32 38 10 43 45 19 42 9 13 20 8 37 44 17 11 18 7 31 26 2 25 21 27 40 6 33
250,Instances_highcost_H3/abs5n45,2,45,2754.0,2475.0,1.1127272727272728,0.04689859414997986,28 33 9 6 27 13 20 8 35 37 44 24 34 16 15 4 39 3 23 41 36 5 30 14 22 42 38 10 43 45 32 19 2 31 17 11 7 26 18 1 12 29 25 21 40
250,Instances_highcost_H3/abs5n5,0,0,0.0,0.0,nan,nan,
250,Instances_highcost_H3/abs5n5,1,2,364.0,364.0,1.0,0.0,1 4
250,Instances_highcost_H3/abs5n5,2,5,866.0,865.0,1.001156069364162,0.25,3 4 5 2 1
250,Instances_highcost_H3/abs5n50,0,0,0.0,0.0,nan,nan,
250,Instances_highcost_H3/abs5n50,1,50,3991.0,3165.0,1.2609794628751976,0.0683170984514725,33 45 41 40 1 24 8 34 7 25 14 27 19 21 16 2 15 29 17 30 23 32 26 44 31 4 50 28 37 35 43 9 47 38 46 10 5 39 6 3 18 36 20 42 48 12 13 49 22 11
250,Instances_highcost_H3/abs5n50,2,50,3574.0,3165.0,1.1292259083728278,0.05452549513199068,33 45 26 44 31 4 32 41 40 1 24 8 34 7 27 25 14 39 10 6 5 46 18 38 3 15 2 16 19 21 29 11 17 23 30 43 28 50 37 35 9 47 22 12 36 48 20 42 13 49
250,Instances_highcost_H6/abs5n10,0,0,0.0,0.0,nan,nan,
250,Instances_highcost_H6/abs5n10,1,10,1368.0,1480.0,0.9243243243243243,0.10493827160493827,8 6 5 4 1 3 10 7 9 2
250,Instances_highcost_H6/abs5n10,2,10,1368.0,1480.0,0.9243243243243243,0.10493827160493827,8 6 5 4 1 3 10 7 9 2
250,Instances_highcost_H6/abs5n10,3,10,1368.0,1480.0,0.9243243243243243,0.10493827160493827,8 6 5 4 1 3 10 7 9 2
250,Instances_highcost_H6/abs5n10,4,10,1368.0,1480.0,0.9243243243243243,0.10493827160493827,8 6 5 4 1 3 10 7 9 2
250,Instances_highcost_H6/abs5n10,5,10,1368.0,1480.0,0.9243243243243243,0.10493827160493827,8 6 5 4 1 3 10 7 9 2
250,Instances_highcost_H6/abs5n15,0,0,0.0,0.0,nan,nan,
250,Instances_highcost_H6/abs5n15,1,15,1957.0,1469.0,1.3321987746766508,0.1290558647701505,9 15 3 6 4 5 14 1 10 8 13 2 11 12 7
250,Instances_highcost_H6/abs5n15,2,15,1918.0,1469.0,1.305650102110279,0.05524634096062667,9 15 3 6 4 5 14 1 10 7 8 12 11 13 2
250,Instances_highcost_H6/abs5n15,3,15,1918.0,1469.0,1.305650102110279,0.05524634096062667,9 15 3 6 4 5 14 1 10 7 8 12 11 13 2
250,Instances_highcost_H6/abs5n15,4,15,1918.0,1469.0,1.305650102110279,0.05524634096062667,9 15 3 6 4 5 14 1 10 7 8 12 11 13 2
250,Instances_highcost_H6/abs5n15,5,15,1918.0,1469.0,1.305650102110279,0.05524634096062667,9 15 3 6 4 5 14 1 10 7 8 12 11 13 2
250,Instances_highcost_H6/abs5n20,0,0,0.0,0.0,nan,nan,
250,Instances_highcost_H6/abs5n20,1,20,2540.0,2221.0,1.1436289959477712,0.07720389775343335,19 14 17 18 8 13 3 1 20 10 9 6 2 11 12 15 7 4 16 5
250,Instances_highcost_H6/abs5n20,2,20,2595.0,2221.0,1.1683926159387663,0.09389667350193666,19 17 5 14 2 9 10 20 12 15 7 1 3 11 6 4 16 18 8 13
250,Instances_highcost_H6/abs5n20,3,20,2542.0,2221.0,1.1445294912201711,0.1394541861647125,19 17 5 14 16 2 9 10 20 12 15 7 1 3 11 6 4 8 13 18
250,Instances_highcost_H6/abs5n20,4,20,2396.0,2221.0,1.0787933363349842,0.07192982456140351,19 17 5 18 8 13 3 1 20 10 9 6 2 11 12 15 7 4 16 14
250,Instances_highcost_H6/abs5n20,5,20,2542.0,2221.0,1.1445294912201711,0.1394541861647125,19 17 5 14 16 2 9 10 20 12 15 7 1 3 11 6 4 8 13 18
250,Instances_highcost_H6/abs5n25,0,0,0.0,0.0,nan,nan,
250,Instances_highcost_H6/abs5n25,1,25,2491.0,2284.0,1.090630472854641,0.08640405885114122,5 2 11 20 1 21 10 25 22 4 8 18 7 24 9 3 19 23 14 12 16 15 13 17 6
250,Instances_highcost_H6/abs5n25,2,25,2325.0,2284.0,1.0179509632224168,0.05014628152205552,2 11 5 20 1 10 21 25 22 4 8 18 7 24 23 9 19 3 6 16 12 14 15 13 17
250,Instances_highcost_H6/abs5n25,3,25,2219.0,2284.0,0.9715411558669002,0.02861420377867746,2 11 5 20 1 21 10 25 22 4 8 18 7 24 23 9 19 3 6 16 14 12 15 13 17
250,Instances_highcost_H6/abs5n25,4,25,2414.0,2284.0,1.0569176882661997,0.0798873519268256,2 11 5 20 1 21 10 25 22 4 8 18 7 24 9 19 3 23 14 12 16 15 13 17 6
250,Instances_highcost_H6/abs5n25,5,25,2219.0,2284.0,0.9715411558669002,0.02861420377867746,2 11 5 20 1 21 10 25 22 4 8 18 7 24 23 9 19 3 6 16 14 12 15 13 17
250,Instances_highcost_H6/abs5n30,0,0,0.0,0.0,nan,nan,
250,Instances_highcost_H6/abs5n30,1,30,2855.0,2221.0,1.285457001350743,0.050328282938271046,1 26 24 10 7 23 17 28 11 3 20 30 15 6 25 16 14 19 27 12 5 18 2 29 4 13 22 21 9 8
250,Instances_highcost_H6/abs5n30,2,30,2800.0,2221.0,1.2606933813597478,0.0738813218665171,1 26 24 10 7 23 28 11 3 20 30 17 15 6 25 16 14 19 27 12 5 18 21 22 4 13 29 2 9 8
250,Instances_highcost_H6/abs5n30,3,30,2859.0,2221.0,1.2872579918955425,0.05343797211282252,1 26 24 10 7 23 28 11 3 20 30 17 15 6 25 16 14 19 27 12 5 18 2 29 4 13 22 21 9 8
250,Instances_highcost_H6/abs5n30,4,30,2855.0,2221.0,1.285457001350743,0.050328282938271046,1 26 24 10 7 23 17 28 11 3 20 30 15 6 25 16 14 19 27 12 5 18 2 29 4 13 22 21 9 8
250,Instances_highcost_H6/abs5n30,5,30,2859.0,2221.0,1.2872579918955425,0.05343797211282252,1 26 24 10 7 23 28 11 3 20 30 17 15 6 25 16 14 19 27 12 5 18 2 29 4 13 22 21 9 8
250,Instances_highcost_H6/abs5n5,0,0,0.0,0.0,nan,nan,
250,Instances_highcost_H6/abs5n5,1,2,364.0,364.0,1.0,0.0,1 4
250,Instances_highcost_H6/abs5n5,2,5,866.0,865.0,1.001156069364162,0.25,3 4 5 2 1
250,Instances_highcost_H6/abs5n5,3,5,919.0,865.0,1.06242774566474,0.4375,1 4 5 2 3
250,Instances_highcost_H6/abs5n5,4,5,919.0,865.0,1.06242774566474,0.4375,1 4 5 2 3
250,Instances_highcost_H6/abs5n5,5,5,919.0,865.0,1.06242774566474,0.4375,1 4 5 2 3
250,Instances_lowcost_H3/abs5n10,0,0,0.0,0.0,nan,nan,
250,Instances_lowcost_H3/abs5n10,1,10,1368.0,1480.0,0.9243243243243243,0.10493827160493827,8 6 5 4 1 3 10 7 9 2
250,Instances_lowcost_H3/abs5n10,2,10,1368.0,1480.0,0.9243243243243243,0.10493827160493827,8 6 5 4 1 3 10 7 9 2
250,Instances_lowcost_H3/abs5n15,0,0,0.0,0.0,nan,nan,
250,Instances_lowcost_H3/abs5n15,1,15,1957.0,1469.0,1.3321987746766508,0.1290558647701505,9 15 3 6 4 5 14 1 10 8 13 2 11 12 7
250,Instances_lowcost_H3/abs5n15,2,15,1918.0,1469.0,1.305650102110279,0.05524634096062667,9 15 3 6 4 5 14 1 10 7 8 12 11 13 2
250,Instances_lowcost_H3/abs5n20,0,0,0.0,0.0,nan,nan,
250,Instances_lowcost_H3/abs5n20,1,20,2540.0,2221.0,1.1436289959477712,0.07720389775343335,19 14 17 18 8 13 3 1 20 10 9 6 2 11 12 15 7 4 16 5
250,Instances_lowcost_H3/abs5n20,2,20,2595.0,2221.0,1.1683926159387663,0.09389667350193666,19 17 5 14 2 9 10 20 12 15 7 1 3 11 6 4 16 18 8 13
250,Instances_lowcost_H3/abs5n25,0,0,0.0,0.0,nan,nan,
250,Instances_lowcost_H3/abs5n25,1,25,2491.0,2284.0,1.090630472854641,0.08640405885114122,5 2 11 20 1 21 10 25 22 4 8 18 7 24 9 3 19 23 14 12 16 15 13 17 6
250,Instances_lowcost_H3/abs5n25,2,25,2325.0,2284.0,1.0179509632224168,0.05014628152205552,2 11 5 20 1 10 21 25 22 4 8 18 7 24 23 9 19 3 6 16 12 14 15 13 17
250,Instances_lowcost_H3/abs5n30,0,0,0.0,0.0,nan,nan,
250,Instances_lowcost_H3/abs5n30,1,30,2855.0,2221.0,1.285457001350743,0.050328282938271046,1 26 24 10 7 23 17 28 11 3 20 30 15 6 25 16 14 19 27 12 5 18 2 29 4 13 22 21 9 8
250,Instances_lowcost_H3/abs5n30,2,30,2800.0,2221.0,1.2606933813597478,0.0738813218665171,1 26 24 10 7 23 28 11 3 20 30 17 15 6 25 16 14 19 27 12 5 18 21 22 4 13 29 2 9 8
250,Instances_lowcost_H3/abs5n35,0,0,0.0,0.0,nan,nan,
250,Instances_lowcost_H3/abs5n35,1,35,3123.0,2679.0,1.1657334826427772,0.1051438395979463,28 1 18 21 10 33 8 19 34 4 15 9 23 2 13 24 32 35 14 16 31 27 22 20 7 30 3 6 25 26 29 11 12 17 5
250,Instances_lowcost_H3/abs5n35,2,35,3109.0,2679.0,1.1605076521089959,0.05266031163067222,28 1 18 21 10 33 2 8 19 34 4 15 9 23 13 5 24 32 27 16 31 14 35 22 7 20 26 30 29 17 11 12 3 6 25
250,Instances_lowcost_H3/abs5n40,0,0,0.0,0.0,nan,nan,
250,Instances_lowcost_H3/abs5n40,1,40,3513.0,2647.0,1.3271628258405743,0.05445661859954341,6 4 30 31 13 3 38 18 34 17 39 25 8 19 9 32 15 33 40 24 20 2 1 29 37 14 22 26 27 21 28 35 23 10 36 11 12 7 16 5
250,Instances_lowcost_H3/abs5n40,2,40,3039.0,2647.0,1.1480921798262183,0.044117699102516915,6 4 30 31 13 3 38 18 34 17 39 26 22 8 25 19 9 32 15 33 24 40 5 10 28 35 23 36 21 27 11 14 12 37 7 29 16 1 20 2
250,Instances_lowcost_H3/abs5n45,0,0,0.0,0.0,nan,nan,
250,Instances_lowcost_H3/abs5n45,1,45,3241.0,2475.0,1.3094949494949495,0.07432255519103169,28 1 12 29 35 24 34 16 15 4 39 3 23 41 36 5 30 14 22 32 38 10 43 45 19 42 9 13 20 8 37 44 17 11 18 7 31 26 2 25 21 27 40 6 33
250,Instances_lowcost_H3/abs5n45,2,45,2754.0,2475.0,1.1127272727272728,0.04689859414997986,28 33 9 6 27 13 20 8 35 37 44 24 34 16 15 4 39 3 23 41 36 5 30 14 22 42 38 10 43 45 32 19 2 31 17 11 7 26 18 1 12 29 25 21 40
250,Instances_lowcost_H3/abs5n5,0,0,0.0,0.0,nan,nan,
250,Instances_lowcost_H3/abs5n5,1,2,364.0,364.0,1.0,0.0,1 4
250,Instances_lowcost_H3/abs5n5,2,5,866.0,865.0,1.001156069364162,0.25,3 4 5 2 1
250,Instances_lowcost_H3/abs5n50,0,0,0.0,0.0,nan,nan,
250,Instances_lowcost_H3/abs5n50,1,50,3991.0,3165.0,1.2609794628751976,0.0683170984514725,33 45 41 40 1 24 8 34 7 25 14 27 19 21 16 2 15 29 17 30 23 32 26 44 31 4 50 28 37 35 43 9 47 38 46 10 5 39 6 3 18 36 20 42 48 12 13 49 22 11
250,Instances_lowcost_H3/abs5n50,2,50,3574.0,3165.0,1.1292259083728278,0.05452549513199068,33 45 26 44 31 4 32 41 40 1 24 8 34 7 27 25 14 39 10 6 5 46 18 38 3 15 2 16 19 21 29 11 17 23 30 43 28 50 37 35 9 47 22 12 36 48 20 42 13 49
250,Instances_lowcost_H6/abs5n10,0,0,0.0,0.0,nan,nan,
250,Instances_lowcost_H6/abs5n10,1,10,1368.0,1480.0,0.9243243243243243,0.10493827160493827,8 6 5 4 1 3 10 7 9 2
250,Instances_lowcost_H6/abs5n10,2,10,1368.0,1480.0,0.9243243243243243,0.10493827160493827,8 6 5 4 1 3 10 7 9 2
250,Instances_lowcost_H6/abs5n10,3,10,1368.0,1480.0,0.9243243243243243,0.10493827160493827,8 6 5 4 1 3 10 7 9 2
250,Instances_lowcost_H6/abs5n10,4,10,1368.0,1480.0,0.9243243243243243,0.10493827160493827,8 6 5 4 1 3 10 7 9 2
250,Instances_lowcost_H6/abs5n10,5,10,1368.0,1480.0,0.9243243243243243,0.10493827160493827,8 6 5 4 1 3 10 7 9 2
250,Instances_lowcost_H6/abs5n15,0,0,0.0,0.0,nan,nan,
250,Instances_lowcost_H6/abs5n15,1,15,1957.0,1469.0,1.3321987746766508,0.1290558647701505,9 15 3 6 4 5 14 1 10 8 13 2 11 12 7
250,Instances_lowcost_H6/abs5n15,2,15,1918.0,1469.0,1.305650102110279,0.05524634096062667,9 15 3 6 4 5 14 1 10 7 8 12 11 13 2
250,Instances_lowcost_H6/abs5n15,3,15,1918.0,1469.0,1.305650102110279,0.05524634096062667,9 15 3 6 4 5 14 1 10 7 8 12 11 13 2
250,Instances_lowcost_H6/abs5n15,4,15,1918.0,1469.0,1.305650102110279,0.05524634096062667,9 15 3 6 4 5 14 1 10 7 8 12 11 13 2
250,Instances_lowcost_H6/abs5n15,5,15,1918.0,1469.0,1.305650102110279,0.05524634096062667,9 15 3 6 4 5 14 1 10 7 8 12 11 13 2
250,Instances_lowcost_H6/abs5n20,0,0,0.0,0.0,nan,nan,
250,Instances_lowcost_H6/abs5n20,1,20,2540.0,2221.0,1.1436289959477712,0.07720389775343335,19 14 17 18 8 13 3 1 20 10 9 6 2 11 12 15 7 4 16 5
250,Instances_lowcost_H6/abs5n20,2,20,2595.0,2221.0,1.1683926159387663,0.09389667350193666,19 17 5 14 2 9 10 20 12 15 7 1 3 11 6 4 16 18 8 13
250,Instances_lowcost_H6/abs5n20,3,20,2542.0,2221.0,1.1445294912201711,0.1394541861647125,19 17 5 14 16 2 9 10 20 12 15 7 1 3 11 6 4 8 13 18
250,Instances_lowcost_H6/abs5n20,4,20,2396.0,2221.0,1.0787933363349842,0.07192982456140351,19 17 5 18 8 13 3 1 20 10 9 6 2 11 12 15 7 4 16 14
250,Instances_lowcost_H6/abs5n20,5,20,2542.0,2221.0,1.1445294912201711,0.1394541861647125,19 17 5 14 16 2 9 10 20 12 15 7 1 3 11 6 4 8 13 18
250,Instances_lowcost_H6/abs5n25,0,0,0.0,0.0,nan,nan,
250,Instances_lowcost_H6/abs5n25,1,25,2491.0,2284.0,1.090630472854641,0.08640405885114122,5 2 11 20 1 21 10 25 22 4 8 18 7 24 9 3 19 23 14 12 16 15 13 17 6
250,Instances_lowcost_H6/abs5n25,2,25,2325.0,2284.0,1.0179509632224168,0.05014628152205552,2 11 5 20 1 10 21 25 22 4 8 18 7 24 23 9 19 3 6 16 12 14 15 13 17
250,Instances_lowcost_H6/abs5n25,3,25,2219.0,2284.0,0.9715411558669002,0.02861420377867746,2 11 5 20 1 21 10 25 22 4 8 18 7 24 23 9 19 3 6 16 14 12 15 13 17
250,Instances_lowcost_H6/abs5n25,4,25,2414.0,2284.0,1.0569176882661997,0.0798873519268256,2 11 5 20 1 21 10 25 22 4 8 18 7 24 9 19 3 23 14 12 16 15 13 17 6
250,Instances_lowcost_H6/abs5n25,5,25,2219.0,2284.0,0.9715411558669002,0.02861420377867746,2 11 5 20 1 21 10 25 22 4 8 18 7 24 23 9 19 3 6 16 14 12 15 13 17
250,Instances_lowcost_H6/abs5n30,0,0,0.0,0.0,nan,nan,
250,Instances_lowcost_H6/abs5n30,1,30,2855.0,2221.0,1.285457001350743,0.050328282938271046,1 26 24 10 7 23 17 28 11 3 20 30 15 6 25 16 14 19 27 12 5 18 2 29 4 13 22 21 9 8
250,Instances_lowcost_H6/abs5n30,2,30,2800.0,2221.0,1.2606933813597478,0.0738813218665171,1 26 24 10 7 23 28 11 3 20 30 17 15 6 25 16 14 19 27 12 5 18 21 22 4 13 29 2 9 8
250,Instances_lowcost_H6/abs5n30,3,30,2859.0,2221.0,1.2872579918955425,0.05343797211282252,1 26 24 10 7 23 28 11 3 20 30 17 15 6 25 16 14 19 27 12 5 18 2 29 4 13 22 21 9 8
250,Instances_lowcost_H6/abs5n30,4,30,2855.0,2221.0,1.285457001350743,0.050328282938271046,1 26 24 10 7 23 17 28 11 3 20 30 15 6 25 16 14 19 27 12 5 18 2 29 4 13 22 21 9 8
250,Instances_lowcost_H6/abs5n30,5,30,2859.0,2221.0,1.2872579918955425,0.05343797211282252,1 26 24 10 7 23 28 11 3 20 30 17 15 6 25 16 14 19 27 12 5 18 2 29 4 13 22 21 9 8
250,Instances_lowcost_H6/abs5n5,0,0,0.0,0.0,nan,nan,
250,Instances_lowcost_H6/abs5n5,1,2,364.0,364.0,1.0,0.0,1 4
250,Instances_lowcost_H6/abs5n5,2,5,866.0,865.0,1.001156069364162,0.25,3 4 5 2 1
250,Instances_lowcost_H6/abs5n5,3,5,919.0,865.0,1.06242774566474,0.4375,1 4 5 2 3
250,Instances_lowcost_H6/abs5n5,4,5,919.0,865.0,1.06242774566474,0.4375,1 4 5 2 3
250,Instances_lowcost_H6/abs5n5,5,5,919.0,865.0,1.06242774566474,0.4375,1 4 5 2 3
275,Instances_highcost_H3/abs5n10,0,0,0.0,0.0,nan,nan,
275,Instances_highcost_H3/abs5n10,1,10,1368.0,1480.0,0.9243243243243243,0.10493827160493827,8 6 5 4 1 3 10 7 9 2
275,Instances_highcost_H3/abs5n10,2,10,1475.0,1480.0,0.9966216216216216,0.22530864197530864,6 5 4 1 3 10 7 9 8 2
275,Instances_highcost_H3/abs5n15,0,0,0.0,0.0,nan,nan,
275,Instances_highcost_H3/abs5n15,1,15,1859.0,1469.0,1.2654867256637168,0.0488687899402185,9 15 3 6 4 5 2 11 13 12 8 7 10 1 14
275,Instances_highcost_H3/abs5n15,2,15,1859.0,1469.0,1.2654867256637168,0.0488687899402185,9 15 3 6 4 5 2 11 13 12 8 7 10 1 14
275,Instances_highcost_H3/abs5n20,0,0,0.0,0.0,nan,nan,
275,Instances_highcost_H3/abs5n20,1,20,2254.0,2221.0,1.014858171994597,0.03657550739594083,19 14 5 17 18 8 13 3 1 20 12 15 7 11 10 9 6 2 4 16
275,Instances_highcost_H3/abs5n20,2,20,2245.0,2221.0,1.010805943268798,0.06669246646026832,19 14 5 17 18 8 13 7 15 12 20 10 9 6 2 4 11 1 3 16
275,Instances_highcost_H3/abs5n25,0,0,0.0,0.0,nan,nan,
275,Instances_highcost_H3/abs5n25,1,23,2304.0,2116.0,1.0888468809073724,0.11757182211727667,2 11 5 20 1 13 17 6 3 9 19 24 7 23 14 16 12 4 25 10 21 22 15
275,Instances_highcost_H3/abs5n25,2,25,2513.0,2284.0,1.1002626970227671,0.100452152014652,2 11 5 20 1 13 17 6 3 19 9 24 7 18 8 4 25 10 21 22 15 12 16 14 23
275,Instances_highcost_H3/abs5n30,0,0,0.0,0.0,nan,nan,
275,Instances_highcost_H3/abs5n30,1,30,2630.0,2221.0,1.1841512832057632,0.04822960613851599,1 26 24 10 7 28 11 3 20 30 17 23 16 14 8 9 29 4 13 22 21 2 18 5 12 27 15 6 25 19
275,Instances_highcost_H3/abs5n30,2,30,2411.0,2221.0,1.085547050877983,0.07280119150563238,1 26 24 20 3 11 10 7 23 28 30 15 17 6 25 19 16 14 8 9 13 4 22 29 21 2 18 5 12 27
275,Instances_highcost_H3/abs5n35,0,0,0.0,0.0,nan,nan,
275,Instances_highcost_H3/abs5n35,1,35,2972.0,2679.0,1.1093691675998507,0.037340640035645654,28 1 18 21 10 32 35 27 16 31 14 20 7 26 22 24 5 11 12 17 30 29 3 6 25 4 34 19 8 2 33 13 15 9 23
275,Instances_highcost_H3/abs5n35,2,35,2781.0,2679.0,1.0380739081746921,0.027389154962684376,10 28 1 18 21 33 2 13 8 19 34 4 15 9 23 12 11 17 29 26 7 20 14 31 16 27 35 32 24 22 30 3 6 25 5
275,Instances_highcost_H3/abs5n40,0,0,0.0,0.0,nan,nan,
275,Instances_highcost_H3/abs5n40,1,40,3384.0,2647.0,1.2784284095202116,0.06606922257438391,6 18 4 30 31 13 3 38 19 25 34 27 21 28 35 23 10 36 11 14 39 17 8 22 26 37 1 29 16 7 20 32 15 33 40 24 5 12 2 9
275,Instances_highcost_H3/abs5n40,2,40,2932.0,2647.0,1.1076690593124292,0.05319213451474498,6 4 30 31 13 3 38 18 34 27 21 28 36 35 23 10 5 40 24 33 15 32 9 19 25 8 17 39 26 22 14 11 12 37 7 29 16 1 20 2
275,Instances_highcost_H3/abs5n45,0,0,0.0,0.0,nan,nan,
275,Instances_highcost_H3/abs5n45,1,45,3035.0,2475.0,1.2262626262626262,0.05681653484039959,28 1 37 35 8 20 29 12 25 13 27 21 40 6 9 33 18 24 44 34 17 11 7 31 39 15 16 4 3 23 41 36 30 5 14 22 32 38 43 10 45 19 42 2 26
275,Instances_highcost_H3/abs5n45,2,45,2720.0,2475.0,1.098989898989899,0.05528365849660872,28 1 37 35 8 20 29 12 25 13 27 21 40 6 9 33 18 44 24 17 11 34 16 15 4 39 3 23 41 36 5 14 30 22 42 38 43 10 45 32 19 2 31 7 26
275,Instances_highcost_H3/abs5n5,0,0,0.0,0.0,nan,nan,
275,Instances_highcost_H3/abs5n5,1,1,278.0,278.0,1.0,nan,4
275,Instances_highcost_H3/abs5n5,2,5,978.0,865.0,1.130635838150289,0.0625,1 4 3 5 2
275,Instances_highcost_H3/abs5n50,0,0,0.0,0.0,nan,nan,
275,Instances_highcost_H3/abs5n50,1,50,3877.0,3165.0,1.2249605055292259,0.05665945695809077,33 45 26 44 4 31 32 50 41 40 1 24 8 19 27 34 25 14 7 10 39 5 6 46 15 2 16 21 29 17 30 23 28 37 9 47 35 43 11 38 18 3 36 12 20 42 48 13 49 22
275,Instances_highcost_H3/abs5n50,2,50,3599.0,3165.0,1.1371248025276461,0.04387598307501074,33 45 26 44 31 4 32 41 40 1 24 8 19 21 16 27 34 25 14 7 39 6 10 5 46 18 3 15 2 29 11 38 22 12 36 48 42 20 13 49 37 50 28 23 30 17 43 35 9 47
275,Instances_highcost_H6/abs5n10,0,0,0.0,0.0,nan,nan,
275,Instances_highcost_H6/abs5n10,1,10,1368.0,1480.0,0.9243243243243243,0.10493827160493827,8 6 5 4 1 3 10 7 9 2
275,Instances_highcost_H6/abs5n10,2,10,1475.0,1480.0,0.9966216216216216,0.22530864197530864,6 5 4 1 3 10 7 9 8 2
275,Instances_highcost_H6/abs5n10,3,10,1475.0,1480.0,0.9966216216216216,0.22530864197530864,6 5 4 1 3 10 7 9 8 2
275,Instances_highcost_H6/abs5n10,4,10,1368.0,1480.0,0.9243243243243243,0.10493827160493827,8 6 5 4 1 3 10 7 9 2
275,Instances_highcost_H6/abs5n10,5,10,1497.0,1480.0,1.0114864864864865,0.11419753086419752,6 5 4 1 3 10 7 9 2 8
275,Instances_highcost_H6/abs5n15,0,0,0.0,0.0,nan,nan,
275,Instances_highcost_H6/abs5n15,1,15,1859.0,1469.0,1.2654867256637168,0.0488687899402185,9 15 3 6 4 5 2 11 13 12 8 7 10 1 14
275,Instances_highcost_H6/abs5n15,2,15,1859.0,1469.0,1.2654867256637168,0.0488687899402185,9 15 3 6 4 5 2 11 13 12 8 7 10 1 14
275,Instances_highcost_H6/abs5n15,3,15,1859.0,1469.0,1.2654867256637168,0.0488687899402185,9 15 3 6 4 5 2 11 13 12 8 7 10 1 14
275,Instances_highcost_H6/abs5n15,4,15,1714.0,1469.0,1.1667801225323349,0.044333642547928265,9 15 3 6 4 14 5 2 11 13 12 8 7 10 1
275,Instances_highcost_H6/abs5n15,5,15,1859.0,1469.0,1.2654867256637168,0.0488687899402185,9 15 3 6 4 5 2 11 13 12 8 7 10 1 14
275,Instances_highcost_H6/abs5n20,0,0,0.0,0.0,nan,nan,
275,Instances_highcost_H6/abs5n20,1,20,2254.0,2221.0,1.014858171994597,0.03657550739594083,19 14 5 17 18 8 13 3 1 20 12 15 7 11 10 9 6 2 4 16
275,Instances_highcost_H6/abs5n20,2,20,2245.0,2221.0,1.010805943268798,0.06669246646026832,19 14 5 17 18 8 13 7 15 12 20 10 9 6 2 4 11 1 3 16
275,Instances_highcost_H6/abs5n20,3,20,2245.0,2221.0,1.010805943268798,0.06669246646026832,19 14 5 17 18 8 13 7 15 12 20 10 9 6 2 4 11 1 3 16
275,Instances_highcost_H6/abs5n20,4,20,2245.0,2221.0,1.010805943268798,0.06669246646026832,19 14 5 17 18 8 13 7 15 12 20 10 9 6 2 4 11 1 3 16
275,Instances_highcost_H6/abs5n20,5,20,2245.0,2221.0,1.010805943268798,0.06669246646026832,19 14 5 17 18 8 13 7 15 12 20 10 9 6 2 4 11 1 3 16
275,Instances_highcost_H6/abs5n25,0,0,0.0,0.0,nan,nan,
275,Instances_highcost_H6/abs5n25,1,23,2304.0,2116.0,1.0888468809073724,0.11757182211727667,2 11 5 20 1 13 17 6 3 9 19 24 7 23 14 16 12 4 25 10 21 22 15
275,Instances_highcost_H6/abs5n25,2,25,2513.0,2284.0,1.1002626970227671,0.100452152014652,2 11 5 20 1 13 17 6 3 19 9 24 7 18 8 4 25 10 21 22 15 12 16 14 23
275,Instances_highcost_H6/abs5n25,3,25,2513.0,2284.0,1.1002626970227671,0.100452152014652,2 11 5 20 1 13 17 6 3 19 9 24 7 18 8 4 25 10 21 22 15 12 16 14 23
275,Instances_highcost_H6/abs5n25,4,25,2513.0,2284.0,1.1002626970227671,0.100452152014652,2 11 5 20 1 13 17 6 3 19 9 24 7 18 8 4 25 10 21 22 15 12 16 14 23
275,Instances_highcost_H6/abs5n25,5,25,2513.0,2284.0,1.1002626970227671,0.100452152014652,2 11 5 20 1 13 17 6 3 19 9 24 7 18 8 4 25 10 21 22 15 12 16 14 23
275,Instances_highcost_H6/abs5n30,0,0,0.0,0.0,nan,nan,
275,Instances_highcost_H6/abs5n30,1,30,2630.0,2221.0,1.1841512832057632,0.04822960613851599,1 26 24 10 7 28 11 3 20 30 17 23 16 14 8 9 29 4 13 22 21 2 18 5 12 27 15 6 25 19
275,Instances_highcost_H6/abs5n30,2,30,2411.0,2221.0,1.085547050877983,0.07280119150563238,1 26 24 20 3 11 10 7 23 28 30 15 17 6 25 19 16 14 8 9 13 4 22 29 21 2 18 5 12 27
275,Instances_highcost_H6/abs5n30,3,30,2529.0,2221.0,1.1386762719495722,0.08447280533241865,1 26 24 20 3 11 10 7 23 16 14 8 9 13 4 22 29 21 2 18 5 12 28 30 17 15 6 25 19 27
275,Instances_highcost_H6/abs5n30,4,30,2529.0,2221.0,1.1386762719495722,0.08447280533241865,1 26 24 20 3 11 10 7 23 16 14 8 9 13 4 22 29 21 2 18 5 12 28 30 17 15 6 25 19 27
275,Instances_highcost_H6/abs5n30,5,30,2529.0,2221.0,1.1386762719495722,0.08447280533241865,1 26 24 20 3 11 10 7 23 16 14 8 9 13 4 22 29 21 2 18 5 12 28 30 17 15 6 25 19 27
275,Instances_highcost_H6/abs5n5,0,0,0.0,0.0,nan,nan,
275,Instances_highcost_H6/abs5n5,1,1,278.0,278.0,1.0,nan,4
275,Instances_highcost_H6/abs5n5,2,5,978.0,865.0,1.130635838150289,0.0625,1 4 3 5 2
275,Instances_highcost_H6/abs5n5,3,5,978.0,865.0,1.130635838150289,0.0625,1 4 3 5 2
275,Instances_highcost_H6/abs5n5,4,5,978.0,865.0,1.130635838150289,0.0625,1 4 3 5 2
275,Instances_highcost_H6/abs5n5,5,5,978.0,865.0,1.130635838150289,0.0625,1 4 3 5 2
275,Instances_lowcost_H3/abs5n10,0,0,0.0,0.0,nan,nan,
275,Instances_lowcost_H3/abs5n10,1,10,1368.0,1480.0,0.9243243243243243,0.10493827160493827,8 6 5 4 1 3 10 7 9 2
275,Instances_lowcost_H3/abs5n10,2,10,1475.0,1480.0,0.9966216216216216,0.22530864197530864,6 5 4 1 3 10 7 9 8 2
275,Instances_lowcost_H3/abs5n15,0,0,0.0,0.0,nan,nan,
275,Instances_lowcost_H3/abs5n15,1,15,1859.0,1469.0,1.2654867256637168,0.0488687899402185,9 15 3 6 4 5 2 11 13 12 8 7 10 1 14
275,Instances_lowcost_H3/abs5n15,2,15,1859.0,1469.0,1.2654867256637168,0.0488687899402185,9 15 3 6 4 5 2 11 13 12 8 7 10 1 14
275,Instances_lowcost_H3/abs5n20,0,0,0.0,0.0,nan,nan,
275,Instances_lowcost_H3/abs5n20,1,20,2254.0,2221.0,1.014858171994597,0.03657550739594083,19 14 5 17 18 8 13 3 1 20 12 15 7 11 10 9 6 2 4 16
275,Instances_lowcost_H3/abs5n20,2,20,2245.0,2221.0,1.010805943268798,0.06669246646026832,19 14 5 17 18 8 13 7 15 12 20 10 9 6 2 4 11 1 3 16
275,Instances_lowcost_H3/abs5n25,0,0,0.0,0.0,nan,nan,
275,Instances_lowcost_H3/abs5n25,1,23,2304.0,2116.0,1.0888468809073724,0.11757182211727667,2 11 5 20 1 13 17 6 3 9 19 24 7 23 14 16 12 4 25 10 21 22 15
275,Instances_lowcost_H3/abs5n25,2,25,2513.0,2284.0,1.1002626970227671,0.100452152014652,2 11 5 20 1 13 17 6 3 19 9 24 7 18 8 4 25 10 21 22 15 12 16 14 23
275,Instances_lowcost_H3/abs5n30,0,0,0.0,0.0,nan,nan,
275,Instances_lowcost_H3/abs5n30,1,30,2630.0,2221.0,1.1841512832057632,0.04822960613851599,1 26 24 10 7 28 11 3 20 30 17 23 16 14 8 9 29 4 13 22 21 2 18 5 12 27 15 6 25 19
275,Instances_lowcost_H3/abs5n30,2,30,2411.0,2221.0,1.085547050877983,0.07280119150563238,1 26 24 20 3 11 10 7 23 28 30 15 17 6 25 19 16 14 8 9 13 4 22 29 21 2 18 5 12 27
275,Instances_lowcost_H3/abs5n35,0,0,0.0,0.0,nan,nan,
275,Instances_lowcost_H3/abs5n35,1,35,2972.0,2679.0,1.1093691675998507,0.037340640035645654,28 1 18 21 10 32 35 27 16 31 14 20 7 26 22 24 5 11 12 17 30 29 3 6 25 4 34 19 8 2 33 13 15 9 23
275,Instances_lowcost_H3/abs5n35,2,35,2781.0,2679.0,1.0380739081746921,0.027389154962684376,10 28 1 18 21 33 2 13 8 19 34 4 15 9 23 12 11 17 29 26 7 20 14 31 16 27 35 32 24 22 30 3 6 25 5
275,Instances_lowcost_H3/abs5n40,0,0,0.0,0.0,nan,nan,
275,Instances_lowcost_H3/abs5n40,1,40,3384.0,2647.0,1.2784284095202116,0.06606922257438391,6 18 4 30 31 13 3 38 19 25 34 27 21 28 35 23 10 36 11 14 39 17 8 22 26 37 1 29 16 7 20 32 15 33 40 24 5 12 2 9
275,Instances_lowcost_H3/abs5n40,2,40,2932.0,2647.0,1.1076690593124292,0.05319213451474498,6 4 30 31 13 3 38 18 34 27 21 28 36 35 23 10 5 40 24 33 15 32 9 19 25 8 17 39 26 22 14 11 12 37 7 29 16 1 20 2
275,Instances_lowcost_H3/abs5n45,0,0,0.0,0.0,nan,nan,
275,Instances_lowcost_H3/abs5n45,1,45,3035.0,2475.0,1.2262626262626262,0.05681653484039959,28 1 37 35 8 20 29 12 25 13 27 21 40 6 9 33 18 24 44 34 17 11 7 31 39 15 16 4 3 23 41 36 30 5 14 22 32 38 43 10 45 19 42 2 26
275,Instances_lowcost_H3/abs5n45,2,45,2720.0,2475.0,1.098989898989899,0.05528365849660872,28 1 37 35 8 20 29 12 25 13 27 21 40 6 9 33 18 44 24 17 11 34 16 15 4 39 3 23 41 36 5 14 30 22 42 38 43 10 45 32 19 2 31 7 26
275,Instances_lowcost_H3/abs5n5,0,0,0.0,0.0,nan,nan,
275,Instances_lowcost_H3/abs5n5,1,1,278.0,278.0,1.0,nan,4
275,Instances_lowcost_H3/abs5n5,2,5,978.0,865.0,1.130635838150289,0.0625,1 4 3 5 2
275,Instances_lowcost_H3/abs5n50,0,0,0.0,0.0,nan,nan,
275,Instances_lowcost_H3/abs5n50,1,50,3877.0,3165.0,1.2249605055292259,0.05665945695809077,33 45 26 44 4 31 32 50 41 40 1 24 8 19 27 34 25 14 7 10 39 5 6 46 15 2 16 21 29 17 30 23 28 37 9 47 35 43 11 38 18 3 36 12 20 42 48 13 49 22
275,Instances_lowcost_H3/abs5n50,2,50,3599.0,3165.0,1.1371248025276461,0.04387598307501074,33 45 26 44 31 4 32 41 40 1 24 8 19 21 16 27 34 25 14 7 39 6 10 5 46 18 3 15 2 29 11 38 22 12 36 48 42 20 13 49 37 50 28 23 30 17 43 35 9 47
275,Instances_lowcost_H6/abs5n10,0,0,0.0,0.0,nan,nan,
275,Instances_lowcost_H6/abs5n10,1,10,1368.0,1480.0,0.9243243243243243,0.10493827160493827,8 6 5 4 1 3 10 7 9 2
275,Instances_lowcost_H6/abs5n10,2,10,1475.0,1480.0,0.9966216216216216,0.22530864197530864,6 5 4 1 3 10 7 9 8 2
275,Instances_lowcost_H6/abs5n10,3,10,1475.0,1480.0,0.9966216216216216,0.22530864197530864,6 5 4 1 3 10 7 9 8 2
275,Instances_lowcost_H6/abs5n10,4,10,1368.0,1480.0,0.9243243243243243,0.10493827160493827,8 6 5 4 1 3 10 7 9 2
275,Instances_lowcost_H6/abs5n10,5,10,1497.0,1480.0,1.0114864864864865,0.11419753086419752,6 5 4 1 3 10 7 9 2 8
275,Instances_lowcost_H6/abs5n15,0,0,0.0,0.0,nan,nan,
275,Instances_lowcost_H6/abs5n15,1,15,1859.0,1469.0,1.2654867256637168,0.0488687899402185,9 15 3 6 4 5 2 11 13 12 8 7 10 1 14
275,Instances_lowcost_H6/abs5n15,2,15,1859.0,1469.0,1.2654867256637168,0.0488687899402185,9 15 3 6 4 5 2 11 13 12 8 7 10 1 14
275,Instances_lowcost_H6/abs5n15,3,15,1859.0,1469.0,1.2654867256637168,0.0488687899402185,9 15 3 6 4 5 2 11 13 12 8 7 10 1 14
275,Instances_lowcost_H6/abs5n15,4,15,1714.0,1469.0,1.1667801225323349,0.044333642547928265,9 15 3 6 4 14 5 2 11 13 12 8 7 10 1
275,Instances_lowcost_H6/abs5n15,5,15,1859.0,1469.0,1.2654867256637168,0.0488687899402185,9 15 3 6 4 5 2 11 13 12 8 7 10 1 14
275,Instances_lowcost_H6/abs5n20,0,0,0.0,0.0,nan,nan,
275,Instances_lowcost_H6/abs5n20,1,20,2254.0,2221.0,1.014858171994597,0.03657550739594083,19 14 5 17 18 8 13 3 1 20 12 15 7 11 10 9 6 2 4 16
275,Instances_lowcost_H6/abs5n20,2,20,2245.0,2221.0,1.010805943268798,0.06669246646026832,19 14 5 17 18 8 13 7 15 12 20 10 9 6 2 4 11 1 3 16
275,Instances_lowcost_H6/abs5n20,3,20,2245.0,2221.0,1.010805943268798,0.06669246646026832,19 14 5 17 18 8 13 7 15 12 20 10 9 6 2 4 11 1 3 16
275,Instances_lowcost_H6/abs5n20,4,20,2245.0,2221.0,1.010805943268798,0.06669246646026832,19 14 5 17 18 8 13 7 15 12 20 10 9 6 2 4 11 1 3 16
275,Instances_lowcost_H6/abs5n20,5,20,2245.0,2221.0,1.010805943268798,0.06669246646026832,19 14 5 17 18 8 13 7 15 12 20 10 9 6 2 4 11 1 3 16
275,Instances_lowcost_H6/abs5n25,0,0,0.0,0.0,nan,nan,
275,Instances_lowcost_H6/abs5n25,1,23,2304.0,2116.0,1.0888468809073724,0.11757182211727667,2 11 5 20 1 13 17 6 3 9 19 24 7 23 14 16 12 4 25 10 21 22 15
275,Instances_lowcost_H6/abs5n25,2,25,2513.0,2284.0,1.1002626970227671,0.100452152014652,2 11 5 20 1 13 17 6 3 19 9 24 7 18 8 4 25 10 21 22 15 12 16 14 23
275,Instances_lowcost_H6/abs5n25,3,25,2513.0,2284.0,1.1002626970227671,0.100452152014652,2 11 5 20 1 13 17 6 3 19 9 24 7 18 8 4 25 10 21 22 15 12 16 14 23
275,Instances_lowcost_H6/abs5n25,4,25,2513.0,2284.0,1.1002626970227671,0.100452152014652,2 11 5 20 1 13 17 6 3 19 9 24 7 18 8 4 25 10 21 22 15 12 16 14 23
275,Instances_lowcost_H6/abs5n25,5,25,2513.0,2284.0,1.1002626970227671,0.100452152014652,2 11 5 20 1 13 17 6 3 19 9 24 7 18 8 4 25 10 21 22 15 12 16 14 23
275,Instances_lowcost_H6/abs5n30,0,0,0.0,0.0,nan,nan,
275,Instances_lowcost_H6/abs5n30,1,30,2630.0,2221.0,1.1841512832057632,0.04822960613851599,1 26 24 10 7 28 11 3 20 30 17 23 16 14 8 9 29 4 13 22 21 2 18 5 12 27 15 6 25 19
275,Instances_lowcost_H6/abs5n30,2,30,2411.0,2221.0,1.085547050877983,0.07280119150563238,1 26 24 20 3 11 10 7 23 28 30 15 17 6 25 19 16 14 8 9 13 4 22 29 21 2 18 5 12 27
275,Instances_lowcost_H6/abs5n30,3,30,2529.0,2221.0,1.1386762719495722,0.08447280533241865,1 26 24 20 3 11 10 7 23 16 14 8 9 13 4 22 29 21 2 18 5 12 28 30 17 15 6 25 19 27
275,Instances_lowcost_H6/abs5n30,4,30,2529.0,2221.0,1.1386762719495722,0.08447280533241865,1 26 24 20 3 11 10 7 23 16 14 8 9 13 4 22 29 21 2 18 5 12 28 30 17 15 6 25 19 27
275,Instances_lowcost_H6/abs5n30,5,30,2529.0,2221.0,1.1386762719495722,0.08447280533241865,1 26 24 20 3 11 10 7 23 16 14 8 9 13 4 22 29 21 2 18 5 12 28 30 17 15 6 25 19 27
275,Instances_lowcost_H6/abs5n5,0,0,0.0,0.0,nan,nan,
275,Instances_lowcost_H6/abs5n5,1,1,278.0,278.0,1.0,nan,4
275,Instances_lowcost_H6/abs5n5,2,5,978.0,865.0,1.130635838150289,0.0625,1 4 3 5 2
275,Instances_lowcost_H6/abs5n5,3,5,978.0,865.0,1.130635838150289,0.0625,1 4 3 5 2
275,Instances_lowcost_H6/abs5n5,4,5,978.0,865.0,1.130635838150289,0.0625,1 4 3 5 2
275,Instances_lowcost_H6/abs5n5,5,5,978.0,865.0,1.130635838150289,0.0625,1 4 3 5 2
300,Instances_highcost_H3/abs5n10,0,0,0.0,0.0,nan,nan,
300,Instances_highcost_H3/abs5n10,1,5,1184.0,1184.0,1.0,0.0,8 6 4 10 7
300,Instances_highcost_H3/abs5n10,2,10,1460.0,1480.0,0.9864864864864865,0.013888888888888888,2 7 9 8 6 5 4 1 3 10
300,Instances_highcost_H3/abs5n15,0,0,0.0,0.0,nan,nan,
300,Instances_highcost_H3/abs5n15,1,10,1514.0,1386.0,1.0923520923520924,0.07407407407407407,9 15 3 6 1 5 2 11 13 8
300,Instances_highcost_H3/abs5n15,2,15,1748.0,1469.0,1.189925119128659,0.08690476190476192,10 7 8 12 11 13 2 5 4 6 3 15 9 1 14
300,Instances_highcost_H3/abs5n20,0,0,0.0,0.0,nan,nan,
300,Instances_highcost_H3/abs5n20,1,20,2754.0,2221.0,1.239981990094552,0.03860740652536319,19 14 17 18 8 13 3 1 20 10 9 6 2 4 16 5 11 12 15 7
300,Instances_highcost_H3/abs5n20,2,20,2615.0,2221.0,1.1773975686627645,0.039821981424148604,19 14 17 18 5 8 13 3 1 20 10 9 6 2 4 16 11 12 15 7
300,Instances_highcost_H3/abs5n25,0,0,0.0,0.0,nan,nan,
300,Instances_highcost_H3/abs5n25,1,11,1401.0,1325.0,1.0573584905660378,0.05,13 5 21 15 16 14 7 24 9 3 6
300,Instances_highcost_H3/abs5n25,2,25,2516.0,2284.0,1.1015761821366024,0.06120857699805068,2 11 5 20 1 21 10 25 22 8 4 12 18 7 24 19 9 3 23 14 16 6 17 13 15
300,Instances_highcost_H3/abs5n30,0,0,0.0,0.0,nan,nan,
300,Instances_highcost_H3/abs5n30,1,15,1964.0,1742.0,1.12743972445465,0.1742870225013082,10 24 1 11 28 30 25 16 19 27 9 8 4 29 2
300,Instances_highcost_H3/abs5n30,2,30,2347.0,2221.0,1.0567312021611885,0.07562753228627188,10 7 23 16 14 8 9 13 4 22 29 21 2 18 5 27 12 15 17 6 25 19 30 28 11 24 1 26 20 3
300,Instances_highcost_H3/abs5n35,0,0,0.0,0.0,nan,nan,
300,Instances_highcost_H3/abs5n35,1,17,2222.0,2125.0,1.0456470588235294,0.03383387445887446,28 19 34 4 3 6 25 30 11 23 5 24 32 35 22 20 14
300,Instances_highcost_H3/abs5n35,2,35,3027.0,2679.0,1.12989921612542,0.053600179402381425,28 1 18 21 8 19 34 4 6 25 3 23 9 15 2 33 10 32 27 31 16 14 20 7 26 22 35 24 5 17 29 30 11 12 13
300,Instances_highcost_H3/abs5n40,0,0,0.0,0.0,nan,nan,
300,Instances_highcost_H3/abs5n40,1,26,2467.0,2258.0,1.0925597874224977,0.06325071577888915,6 30 18 34 17 25 19 9 15 33 40 5 23 10 35 28 21 27 36 11 14 37 1 20 29 39
300,Instances_highcost_H3/abs5n40,2,40,3192.0,2647.0,1.2058934642992067,0.05412960161901922,4 30 31 13 3 38 19 25 18 6 34 17 8 39 26 22 14 12 37 7 1 20 32 15 33 24 40 5 10 35 28 36 21 27 11 23 16 29 2 9
300,Instances_highcost_H3/abs5n45,0,0,0.0,0.0,nan,nan,
300,Instances_highcost_H3/abs5n45,1,42,2907.0,2439.0,1.1918819188191883,0.051422727414555745,28 9 14 30 5 41 22 32 38 10 43 45 19 42 39 16 15 4 34 24 44 17 11 7 31 26 18 37 35 8 20 29 12 25 13 27 6 40 21 33 1 2
300,Instances_highcost_H3/abs5n45,2,45,2715.0,2475.0,1.096969696969697,0.0515805880468637,28 33 9 6 40 27 13 20 8 35 37 44 24 34 16 15 4 39 3 23 41 36 5 14 30 22 42 32 38 10 43 45 19 2 31 17 11 7 26 18 1 12 29 25 21
300,Instances_highcost_H3/abs5n5,0,0,0.0,0.0,nan,nan,
300,Instances_highcost_H3/abs5n5,1,1,278.0,278.0,1.0,nan,4
300,Instances_highcost_H3/abs5n5,2,5,1010.0,865.0,1.1676300578034682,0.08333333333333333,3 5 4 1 2
300,Instances_highcost_H3/abs5n50,0,0,0.0,0.0,nan,nan,
300,Instances_highcost_H3/abs5n50,1,35,2780.0,2365.0,1.175475687103594,0.04451773716479599,33 40 8 24 34 7 27 19 23 32 50 44 4 13 20 42 48 12 36 5 39 14 25 10 6 46 18 38 15 29 17 30 9 47 3
300,Instances_highcost_H3/abs5n50,2,50,3407.0,3165.0,1.0764612954186414,0.027560914212864555,33 45 26 44 31 4 49 13 20 42 48 12 36 5 39 14 25 7 34 24 1 40 8 19 21 16 27 2 29 15 3 18 46 6 10 38 22 47 35 37 50 32 41 23 30 17 43 28 9 11
300,Instances_highcost_H6/abs5n10,0,0,0.0,0.0,nan,nan,
300,Instances_highcost_H6/abs5n10,1,5,1184.0,1184.0,1.0,0.0,8 6 4 10 7
300,Instances_highcost_H6/abs5n10,2,10,1460.0,1480.0,0.9864864864864865,0.013888888888888888,2 7 9 8 6 5 4 1 3 10
300,Instances_highcost_H6/abs5n10,3,10,1460.0,1480.0,0.9864864864864865,0.013888888888888888,2 7 9 8 6 5 4 1 3 10
300,Instances_highcost_H6/abs5n10,4,10,1460.0,1480.0,0.9864864864864865,0.013888888888888888,2 7 9 8 6 5 4 1 3 10
300,Instances_highcost_H6/abs5n10,5,10,1460.0,1480.0,0.9864864864864865,0.013888888888888888,2 7 9 8 6 5 4 1 3 10
300,Instances_highcost_H6/abs5n15,0,0,0.0,0.0,nan,nan,
300,Instances_highcost_H6/abs5n15,1,10,1514.0,1386.0,1.0923520923520924,0.07407407407407407,9 15 3 6 1 5 2 11 13 8
300,Instances_highcost_H6/abs5n15,2,15,1748.0,1469.0,1.189925119128659,0.08690476190476192,10 7 8 12 11 13 2 5 4 6 3 15 9 1 14
300,Instances_highcost_H6/abs5n15,3,15,1748.0,1469.0,1.189925119128659,0.08690476190476192,10 7 8 12 11 13 2 5 4 6 3 15 9 1 14
300,Instances_highcost_H6/abs5n15,4,15,1748.0,1469.0,1.189925119128659,0.08690476190476192,10 7 8 12 11 13 2 5 4 6 3 15 9 1 14
300,Instances_highcost_H6/abs5n15,5,15,1748.0,1469.0,1.189925119128659,0.08690476190476192,10 7 8 12 11 13 2 5 4 6 3 15 9 1 14
300,Instances_highcost_H6/abs5n20,0,0,0.0,0.0,nan,nan,
300,Instances_highcost_H6/abs5n20,1,20,2754.0,2221.0,1.239981990094552,0.03860740652536319,19 14 17 18 8 13 3 1 20 10 9 6 2 4 16 5 11 12 15 7
300,Instances_highcost_H6/abs5n20,2,20,2615.0,2221.0,1.1773975686627645,0.039821981424148604,19 14 17 18 5 8 13 3 1 20 10 9 6 2 4 16 11 12 15 7
300,Instances_highcost_H6/abs5n20,3,20,2615.0,2221.0,1.1773975686627645,0.039821981424148604,19 14 17 18 5 8 13 3 1 20 10 9 6 2 4 16 11 12 15 7
300,Instances_highcost_H6/abs5n20,4,20,2615.0,2221.0,1.1773975686627645,0.039821981424148604,19 14 17 18 5 8 13 3 1 20 10 9 6 2 4 16 11 12 15 7
300,Instances_highcost_H6/abs5n20,5,20,2615.0,2221.0,1.1773975686627645,0.039821981424148604,19 14 17 18 5 8 13 3 1 20 10 9 6 2 4 16 11 12 15 7
300,Instances_highcost_H6/abs5n25,0,0,0.0,0.0,nan,nan,
300,Instances_highcost_H6/abs5n25,1,11,1401.0,1325.0,1.0573584905660378,0.05,13 5 21 15 16 14 7 24 9 3 6
300,Instances_highcost_H6/abs5n25,2,25,2516.0,2284.0,1.1015761821366024,0.06120857699805068,2 11 5 20 1 21 10 25 22 8 4 12 18 7 24 19 9 3 23 14 16 6 17 13 15
300,Instances_highcost_H6/abs5n25,3,25,2479.0,2284.0,1.0853765323992994,0.06923920377867747,2 11 5 20 1 21 10 25 22 4 8 18 7 24 19 9 3 23 14 12 16 6 13 17 15
300,Instances_highcost_H6/abs5n25,4,25,2233.0,2284.0,0.9776707530647986,0.10072068526015894,2 11 5 20 1 21 10 25 22 4 8 18 7 24 9 19 3 23 14 12 16 15 6 13 17
300,Instances_highcost_H6/abs5n25,5,25,2233.0,2284.0,0.9776707530647986,0.10072068526015894,2 11 5 20 1 21 10 25 22 4 8 18 7 24 9 19 3 23 14 12 16 15 6 13 17
300,Instances_highcost_H6/abs5n30,0,0,0.0,0.0,nan,nan,
300,Instances_highcost_H6/abs5n30,1,15,1964.0,1742.0,1.12743972445465,0.1742870225013082,10 24 1 11 28 30 25 16 19 27 9 8 4 29 2
300,Instances_highcost_H6/abs5n30,2,30,2347.0,2221.0,1.0567312021611885,0.07562753228627188,10 7 23 16 14 8 9 13 4 22 29 21 2 18 5 27 12 15 17 6 25 19 30 28 11 24 1 26 20 3
300,Instances_highcost_H6/abs5n30,3,30,2497.0,2221.0,1.1242683475911752,0.0712594865389158,10 7 23 16 14 8 9 13 4 22 29 21 2 18 27 12 30 17 6 25 19 15 28 11 24 1 26 20 3 5
300,Instances_highcost_H6/abs5n30,4,30,2497.0,2221.0,1.1242683475911752,0.0712594865389158,10 7 23 16 14 8 9 13 4 22 29 21 2 18 27 12 30 17 6 25 19 15 28 11 24 1 26 20 3 5
300,Instances_highcost_H6/abs5n30,5,30,2497.0,2221.0,1.1242683475911752,0.0712594865389158,10 7 23 16 14 8 9 13 4 22 29 21 2 18 27 12 30 17 6 25 19 15 28 11 24 1 26 20 3 5
300,Instances_highcost_H6/abs5n5,0,0,0.0,0.0,nan,nan,
300,Instances_highcost_H6/abs5n5,1,1,278.0,278.0,1.0,nan,4
300,Instances_highcost_H6/abs5n5,2,5,1010.0,865.0,1.1676300578034682,0.08333333333333333,3 5 4 1 2
300,Instances_highcost_H6/abs5n5,3,5,866.0,865.0,1.001156069364162,0.25,3 4 5 2 1
300,Instances_highcost_H6/abs5n5,4,5,866.0,865.0,1.001156069364162,0.25,3 4 5 2 1
300,Instances_highcost_H6/abs5n5,5,5,866.0,865.0,1.001156069364162,0.25,3 4 5 2 1
300,Instances_lowcost_H3/abs5n10,0,0,0.0,0.0,nan,nan,
300,Instances_lowcost_H3/abs5n10,1,5,1184.0,1184.0,1.0,0.0,8 6 4 10 7
300,Instances_lowcost_H3/abs5n10,2,10,1460.0,1480.0,0.9864864864864865,0.013888888888888888,2 7 9 8 6 5 4 1 3 10
300,Instances_lowcost_H3/abs5n15,0,0,0.0,0.0,nan,nan,
300,Instances_lowcost_H3/abs5n15,1,10,1514.0,1386.0,1.0923520923520924,0.07407407407407407,9 15 3 6 1 5 2 11 13 8
300,Instances_lowcost_H3/abs5n15,2,15,1748.0,1469.0,1.189925119128659,0.08690476190476192,10 7 8 12 11 13 2 5 4 6 3 15 9 1 14
300,Instances_lowcost_H3/abs5n20,0,0,0.0,0.0,nan,nan,
300,Instances_lowcost_H3/abs5n20,1,20,2754.0,2221.0,1.239981990094552,0.03860740652536319,19 14 17 18 8 13 3 1 20 10 9 6 2 4 16 5 11 12 15 7
300,Instances_lowcost_H3/abs5n20,2,20,2615.0,2221.0,1.1773975686627645,0.039821981424148604,19 14 17 18 5 8 13 3 1 20 10 9 6 2 4 16 11 12 15 7
300,Instances_lowcost_H3/abs5n25,0,0,0.0,0.0,nan,nan,
300,Instances_lowcost_H3/abs5n25,1,11,1401.0,1325.0,1.0573584905660378,0.05,13 5 21 15 16 14 7 24 9 3 6
300,Instances_lowcost_H3/abs5n25,2,25,2516.0,2284.0,1.1015761821366024,0.06120857699805068,2 11 5 20 1 21 10 25 22 8 4 12 18 7 24 19 9 3 23 14 16 6 17 13 15
300,Instances_lowcost_H3/abs5n30,0,0,0.0,0.0,nan,nan,
300,Instances_lowcost_H3/abs5n30,1,15,1964.0,1742.0,1.12743972445465,0.1742870225013082,10 24 1 11 28 30 25 16 19 27 9 8 4 29 2
300,Instances_lowcost_H3/abs5n30,2,30,2347.0,2221.0,1.0567312021611885,0.07562753228627188,10 7 23 16 14 8 9 13 4 22 29 21 2 18 5 27 12 15 17 6 25 19 30 28 11 24 1 26 20 3
300,Instances_lowcost_H3/abs5n35,0,0,0.0,0.0,nan,nan,
300,Instances_lowcost_H3/abs5n35,1,17,2222.0,2125.0,1.0456470588235294,0.03383387445887446,28 19 34 4 3 6 25 30 11 23 5 24 32 35 22 20 14
300,Instances_lowcost_H3/abs5n35,2,35,3027.0,2679.0,1.12989921612542,0.053600179402381425,28 1 18 21 8 19 34 4 6 25 3 23 9 15 2 33 10 32 27 31 16 14 20 7 26 22 35 24 5 17 29 30 11 12 13
300,Instances_lowcost_H3/abs5n40,0,0,0.0,0.0,nan,nan,
300,Instances_lowcost_H3/abs5n40,1,26,2467.0,2258.0,1.0925597874224977,0.06325071577888915,6 30 18 34 17 25 19 9 15 33 40 5 23 10 35 28 21 27 36 11 14 37 1 20 29 39
300,Instances_lowcost_H3/abs5n40,2,40,3192.0,2647.0,1.2058934642992067,0.05412960161901922,4 30 31 13 3 38 19 25 18 6 34 17 8 39 26 22 14 12 37 7 1 20 32 15 33 24 40 5 10 35 28 36 21 27 11 23 16 29 2 9
300,Instances_lowcost_H3/abs5n45,0,0,0.0,0.0,nan,nan,
300,Instances_lowcost_H3/abs5n45,1,42,2907.0,2439.0,1.1918819188191883,0.051422727414555745,28 9 14 30 5 41 22 32 38 10 43 45 19 42 39 16 15 4 34 24 44 17 11 7 31 26 18 37 35 8 20 29 12 25 13 27 6 40 21 33 1 2
300,Instances_lowcost_H3/abs5n45,2,45,2715.0,2475.0,1.096969696969697,0.0515805880468637,28 33 9 6 40 27 13 20 8 35 37 44 24 34 16 15 4 39 3 23 41 36 5 14 30 22 42 32 38 10 43 45 19 2 31 17 11 7 26 18 1 12 29 25 21
300,Instances_lowcost_H3/abs5n5,0,0,0.0,0.0,nan,nan,
300,Instances_lowcost_H3/abs5n5,1,1,278.0,278.0,1.0,nan,4
300,Instances_lowcost_H3/abs5n5,2,5,1010.0,865.0,1.1676300578034682,0.08333333333333333,3 5 4 1 2
300,Instances_lowcost_H3/abs5n50,0,0,0.0,0.0,nan,nan,
300,Instances_lowcost_H3/abs5n50,1,35,2780.0,2365.0,1.175475687103594,0.04451773716479599,33 40 8 24 34 7 27 19 23 32 50 44 4 13 20 42 48 12 36 5 39 14 25 10 6 46 18 38 15 29 17 30 9 47 3
300,Instances_lowcost_H3/abs5n50,2,50,3407.0,3165.0,1.0764612954186414,0.027560914212864555,33 45 26 44 31 4 49 13 20 42 48 12 36 5 39 14 25 7 34 24 1 40 8 19 21 16 27 2 29 15 3 18 46 6 10 38 22 47 35 37 50 32 41 23 30 17 43 28 9 11
300,Instances_lowcost_H6/abs5n10,0,0,0.0,0.0,nan,nan,
300,Instances_lowcost_H6/abs5n10,1,5,1184.0,1184.0,1.0,0.0,8 6 4 10 7
300,Instances_lowcost_H6/abs5n10,2,10,1460.0,1480.0,0.9864864864864865,0.013888888888888888,2 7 9 8 6 5 4 1 3 10
300,Instances_lowcost_H6/abs5n10,3,10,1460.0,1480.0,0.9864864864864865,0.013888888888888888,2 7 9 8 6 5 4 1 3 10
300,Instances_lowcost_H6/abs5n10,4,10,1460.0,1480.0,0.9864864864864865,0.013888888888888888,2 7 9 8 6 5 4 1 3 10
300,Instances_lowcost_H6/abs5n10,5,10,1460.0,1480.0,0.9864864864864865,0.013888888888888888,2 7 9 8 6 5 4 1 3 10
300,Instances_lowcost_H6/abs5n15,0,0,0.0,0.0,nan,nan,
300,Instances_lowcost_H6/abs5n15,1,10,1514.0,1386.0,1.0923520923520924,0.07407407407407407,9 15 3 6 1 5 2 11 13 8
300,Instances_lowcost_H6/abs5n15,2,15,1748.0,1469.0,1.189925119128659,0.08690476190476192,10 7 8 12 11 13 2 5 4 6 3 15 9 1 14
300,Instances_lowcost_H6/abs5n15,3,15,1748.0,1469.0,1.189925119128659,0.08690476190476192,10 7 8 12 11 13 2 5 4 6 3 15 9 1 14
300,Instances_lowcost_H6/abs5n15,4,15,1748.0,1469.0,1.189925119128659,0.08690476190476192,10 7 8 12 11 13 2 5 4 6 3 15 9 1 14
300,Instances_lowcost_H6/abs5n15,5,15,1748.0,1469.0,1.189925119128659,0.08690476190476192,10 7 8 12 11 13 2 5 4 6 3 15 9 1 14
300,Instances_lowcost_H6/abs5n20,0,0,0.0,0.0,nan,nan,
300,Instances_lowcost_H6/abs5n20,1,20,2754.0,2221.0,1.239981990094552,0.03860740652536319,19 14 17 18 8 13 3 1 20 10 9 6 2 4 16 5 11 12 15 7
300,Instances_lowcost_H6/abs5n20,2,20,2615.0,2221.0,1.1773975686627645,0.039821981424148604,19 14 17 18 5 8 13 3 1 20 10 9 6 2 4 16 11 12 15 7
300,Instances_lowcost_H6/abs5n20,3,20,2615.0,2221.0,1.1773975686627645,0.039821981424148604,19 14 17 18 5 8 13 3 1 20 10 9 6 2 4 16 11 12 15 7
300,Instances_lowcost_H6/abs5n20,4,20,2615.0,2221.0,1.1773975686627645,0.039821981424148604,19 14 17 18 5 8 13 3 1 20 10 9 6 2 4 16 11 12 15 7
300,Instances_lowcost_H6/abs5n20,5,20,2615.0,2221.0,1.1773975686627645,0.039821981424148604,19 14 17 18 5 8 13 3 1 20 10 9 6 2 4 16 11 12 15 7
300,Instances_lowcost_H6/abs5n25,0,0,0.0,0.0,nan,nan,
300,Instances_lowcost_H6/abs5n25,1,11,1401.0,1325.0,1.0573584905660378,0.05,13 5 21 15 16 14 7 24 9 3 6
300,Instances_lowcost_H6/abs5n25,2,25,2516.0,2284.0,1.1015761821366024,0.06120857699805068,2 11 5 20 1 21 10 25 22 8 4 12 18 7 24 19 9 3 23 14 16 6 17 13 15
300,Instances_lowcost_H6/abs5n25,3,25,2479.0,2284.0,1.0853765323992994,0.06923920377867747,2 11 5 20 1 21 10 25 22 4 8 18 7 24 19 9 3 23 14 12 16 6 13 17 15
300,Instances_lowcost_H6/abs5n25,4,25,2233.0,2284.0,0.9776707530647986,0.10072068526015894,2 11 5 20 1 21 10 25 22 4 8 18 7 24 9 19 3 23 14 12 16 15 6 13 17
300,Instances_lowcost_H6/abs5n25,5,25,2233.0,2284.0,0.9776707530647986,0.10072068526015894,2 11 5 20 1 21 10 25 22 4 8 18 7 24 9 19 3 23 14 12 16 15 6 13 17
300,Instances_lowcost_H6/abs5n30,0,0,0.0,0.0,nan,nan,
300,Instances_lowcost_H6/abs5n30,1,15,1964.0,1742.0,1.12743972445465,0.1742870225013082,10 24 1 11 28 30 25 16 19 27 9 8 4 29 2
300,Instances_lowcost_H6/abs5n30,2,30,2347.0,2221.0,1.0567312021611885,0.07562753228627188,10 7 23 16 14 8 9 13 4 22 29 21 2 18 5 27 12 15 17 6 25 19 30 28 11 24 1 26 20 3
300,Instances_lowcost_H6/abs5n30,3,30,2497.0,2221.0,1.1242683475911752,0.0712594865389158,10 7 23 16 14 8 9 13 4 22 29 21 2 18 27 12 30 17 6 25 19 15 28 11 24 1 26 20 3 5
300,Instances_lowcost_H6/abs5n30,4,30,2497.0,2221.0,1.1242683475911752,0.0712594865389158,10 7 23 16 14 8 9 13 4 22 29 21 2 18 27 12 30 17 6 25 19 15 28 11 24 1 26 20 3 5
300,Instances_lowcost_H6/abs5n30,5,30,2497.0,2221.0,1.1242683475911752,0.0712594865389158,10 7 23 16 14 8 9 13 4 22 29 21 2 18 27 12 30 17 6 25 19 15 28 11 24 1 26 20 3 5
300,Instances_lowcost_H6/abs5n5,0,0,0.0,0.0,nan,nan,
300,Instances_lowcost_H6/abs5n5,1,1,278.0,278.0,1.0,nan,4
300,Instances_lowcost_H6/abs5n5,2,5,1010.0,865.0,1.1676300578034682,0.08333333333333333,3 5 4 1 2
300,Instances_lowcost_H6/abs5n5,3,5,866.0,865.0,1.001156069364162,0.25,3 4 5 2 1
300,Instances_lowcost_H6/abs5n5,4,5,866.0,865.0,1.001156069364162,0.25,3 4 5 2 1
300,Instances_lowcost_H6/abs5n5,5,5,866.0,865.0,1.001156069364162,0.25,3 4 5 2 1
325,Instances_highcost_H3/abs5n10,0,0,0.0,0.0,nan,nan,
325,Instances_highcost_H3/abs5n10,1,5,1184.0,1184.0,1.0,0.0,8 6 4 10 7
325,Instances_highcost_H3/abs5n10,2,10,1431.0,1480.0,0.9668918918918918,0.032407407407407406,2 7 9 10 3 1 4 5 6 8
325,Instances_highcost_H3/abs5n15,0,0,0.0,0.0,nan,nan,
325,Instances_highcost_H3/abs5n15,1,9,1254.0,1221.0,1.027027027027027,0.0,9 15 3 1 6 5 2 13 8
325,Instances_highcost_H3/abs5n15,2,15,1760.0,1469.0,1.1980939414567733,0.075,10 7 8 12 11 13 2 5 4 6 15 9 1 3 14
325,Instances_highcost_H3/abs5n20,0,0,0.0,0.0,nan,nan,
325,Instances_highcost_H3/abs5n20,1,11,1834.0,1535.0,1.1947882736156352,0.05,19 14 18 8 3 1 20 11 10 4 12
325,Instances_highcost_H3/abs5n20,2,20,2509.0,2221.0,1.129671319225574,0.059437221705023566,19 17 18 5 14 16 2 6 9 10 11 4 1 3 8 13 7 15 12 20
325,Instances_highcost_H3/abs5n25,0,0,0.0,0.0,nan,nan,
325,Instances_highcost_H3/abs5n25,1,11,1401.0,1325.0,1.0573584905660378,0.05,13 5 21 15 16 14 7 24 9 3 6
325,Instances_highcost_H3/abs5n25,2,25,2479.0,2284.0,1.0853765323992994,0.11692040598290598,2 11 5 20 1 13 17 6 3 19 9 24 7 18 8 4 25 22 10 21 15 12 14 23 16
325,Instances_highcost_H3/abs5n30,0,0,0.0,0.0,nan,nan,
325,Instances_highcost_H3/abs5n30,1,15,1783.0,1742.0,1.0235361653272101,0.09993894993894993,24 1 10 28 30 25 16 19 8 9 29 4 2 27 11
325,Instances_highcost_H3/abs5n30,2,30,2571.0,2221.0,1.1575866726699684,0.06389394326300488,24 20 26 1 3 11 28 30 17 6 16 14 8 9 13 4 22 29 21 2 18 27 19 25 23 7 10 15 12 5
325,Instances_highcost_H3/abs5n35,0,0,0.0,0.0,nan,nan,
325,Instances_highcost_H3/abs5n35,1,17,2142.0,2125.0,1.008,0.020265151515151514,28 19 34 4 23 3 6 25 30 11 5 24 32 35 22 20 14
325,Instances_highcost_H3/abs5n35,2,35,2718.0,2679.0,1.0145576707726764,0.024164163068932137,10 28 1 18 8 19 34 4 15 9 23 3 6 25 30 29 26 7 20 14 31 16 27 35 22 17 11 12 5 24 32 33 2 13 21
325,Instances_highcost_H3/abs5n40,0,0,0.0,0.0,nan,nan,
325,Instances_highcost_H3/abs5n40,1,20,2436.0,2058.0,1.183673469387755,0.036593077590307506,6 30 18 34 17 39 14 37 20 33 15 40 29 1 9 19 25 27 35 23
325,Instances_highcost_H3/abs5n40,2,40,2989.0,2647.0,1.129202871174915,0.07476566130051604,4 30 31 13 3 19 38 18 6 34 17 39 22 12 7 32 15 33 24 40 5 29 1 20 9 2 37 16 10 23 35 28 21 27 36 11 14 26 25 8
325,Instances_highcost_H3/abs5n45,0,0,0.0,0.0,nan,nan,
325,Instances_highcost_H3/abs5n45,1,25,2446.0,2092.0,1.1692160611854685,0.09832853722719452,28 9 14 30 41 38 10 32 45 43 22 13 20 29 35 37 24 34 4 15 39 18 1 12 25
325,Instances_highcost_H3/abs5n45,2,45,2864.0,2475.0,1.157171717171717,0.058725131976408544,33 9 14 5 36 41 23 3 38 10 43 45 32 42 30 22 19 2 39 15 16 4 34 24 44 17 11 37 35 8 20 29 13 27 6 40 21 25 12 1 28 31 7 26 18
325,Instances_highcost_H3/abs5n5,0,0,0.0,0.0,nan,nan,
325,Instances_highcost_H3/abs5n5,1,1,278.0,278.0,1.0,nan,4
325,Instances_highcost_H3/abs5n5,2,5,1010.0,865.0,1.1676300578034682,0.08333333333333333,3 5 4 1 2
325,Instances_highcost_H3/abs5n50,0,0,0.0,0.0,nan,nan,
325,Instances_highcost_H3/abs5n50,1,27,2358.0,2275.0,1.0364835164835164,0.03654500692544171,33 32 50 44 4 13 20 36 5 10 25 7 34 27 19 24 40 8 23 30 17 9 47 38 46 15 29
325,Instances_highcost_H3/abs5n50,2,50,3676.0,3165.0,1.1614533965244866,0.030719379019462006,45 33 26 44 31 4 49 13 20 42 48 12 36 22 47 35 37 50 32 41 23 28 43 9 30 17 29 11 3 18 38 46 5 39 14 25 7 34 27 16 21 19 8 1 40 24 2 15 10 6
325,Instances_highcost_H6/abs5n10,0,0,0.0,0.0,nan,nan,
325,Instances_highcost_H6/abs5n10,1,5,1184.0,1184.0,1.0,0.0,8 6 4 10 7
325,Instances_highcost_H6/abs5n10,2,10,1431.0,1480.0,0.9668918918918918,0.032407407407407406,2 7 9 10 3 1 4 5 6 8
325,Instances_highcost_H6/abs5n10,3,10,1431.0,1480.0,0.9668918918918918,0.032407407407407406,2 7 9 10 3 1 4 5 6 8
325,Instances_highcost_H6/abs5n10,4,10,1460.0,1480.0,0.9864864864864865,0.013888888888888888,2 7 9 8 6 5 4 1 3 10
325,Instances_highcost_H6/abs5n10,5,10,1466.0,1480.0,0.9905405405405405,0.125,2 7 9 8 6 5 4 1 10 3
325,Instances_highcost_H6/abs5n15,0,0,0.0,0.0,nan,nan,
325,Instances_highcost_H6/abs5n15,1,9,1254.0,1221.0,1.027027027027027,0.0,9 15 3 1 6 5 2 13 8
325,Instances_highcost_H6/abs5n15,2,15,1760.0,1469.0,1.1980939414567733,0.075,10 7 8 12 11 13 2 5 4 6 15 9 1 3 14
325,Instances_highcost_H6/abs5n15,3,15,1748.0,1469.0,1.189925119128659,0.08690476190476192,10 7 8 12 11 13 2 5 4 6 3 15 9 1 14
325,Instances_highcost_H6/abs5n15,4,15,1748.0,1469.0,1.189925119128659,0.08690476190476192,10 7 8 12 11 13 2 5 4 6 3 15 9 1 14
325,Instances_highcost_H6/abs5n15,5,15,1748.0,1469.0,1.189925119128659,0.08690476190476192,10 7 8 12 11 13 2 5 4 6 3 15 9 1 14
325,Instances_highcost_H6/abs5n20,0,0,0.0,0.0,nan,nan,
325,Instances_highcost_H6/abs5n20,1,11,1834.0,1535.0,1.1947882736156352,0.05,19 14 18 8 3 1 20 11 10 4 12
325,Instances_highcost_H6/abs5n20,2,20,2509.0,2221.0,1.129671319225574,0.059437221705023566,19 17 18 5 14 16 2 6 9 10 11 4 1 3 8 13 7 15 12 20
325,Instances_highcost_H6/abs5n20,3,20,2509.0,2221.0,1.129671319225574,0.059437221705023566,19 17 18 5 14 16 2 6 9 10 11 4 1 3 8 13 7 15 12 20
325,Instances_highcost_H6/abs5n20,4,20,2509.0,2221.0,1.129671319225574,0.059437221705023566,19 17 18 5 14 16 2 6 9 10 11 4 1 3 8 13 7 15 12 20
325,Instances_highcost_H6/abs5n20,5,20,2463.0,2221.0,1.1089599279603781,0.05736955253209123,19 17 18 5 14 16 2 6 9 10 11 20 12 15 7 3 1 4 8 13
325,Instances_highcost_H6/abs5n25,0,0,0.0,0.0,nan,nan,
325,Instances_highcost_H6/abs5n25,1,11,1401.0,1325.0,1.0573584905660378,0.05,13 5 21 15 16 14 7 24 9 3 6
325,Instances_highcost_H6/abs5n25,2,25,2479.0,2284.0,1.0853765323992994,0.11692040598290598,2 11 5 20 1 13 17 6 3 19 9 24 7 18 8 4 25 22 10 21 15 12 14 23 16
325,Instances_highcost_H6/abs5n25,3,25,2479.0,2284.0,1.0853765323992994,0.11692040598290598,2 11 5 20 1 13 17 6 3 19 9 24 7 18 8 4 25 22 10 21 15 12 14 23 16
325,Instances_highcost_H6/abs5n25,4,25,2436.0,2284.0,1.0665499124343258,0.08567040598290598,2 11 5 20 1 13 17 6 3 19 9 24 7 18 8 4 12 14 23 16 15 22 25 10 21
325,Instances_highcost_H6/abs5n25,5,25,2436.0,2284.0,1.0665499124343258,0.08567040598290598,2 11 5 20 1 13 17 6 3 19 9 24 7 18 8 4 12 14 23 16 15 22 25 10 21
325,Instances_highcost_H6/abs5n30,0,0,0.0,0.0,nan,nan,
325,Instances_highcost_H6/abs5n30,1,15,1783.0,1742.0,1.0235361653272101,0.09993894993894993,24 1 10 28 30 25 16 19 8 9 29 4 2 27 11
325,Instances_highcost_H6/abs5n30,2,30,2571.0,2221.0,1.1575866726699684,0.06389394326300488,24 20 26 1 3 11 28 30 17 6 16 14 8 9 13 4 22 29 21 2 18 27 19 25 23 7 10 15 12 5
325,Instances_highcost_H6/abs5n30,3,30,2571.0,2221.0,1.1575866726699684,0.06389394326300488,24 20 26 1 3 11 28 30 17 6 16 14 8 9 13 4 22 29 21 2 18 27 19 25 23 7 10 15 12 5
325,Instances_highcost_H6/abs5n30,4,30,2516.0,2221.0,1.1328230526789735,0.06110458702537276,24 1 26 20 3 11 28 30 17 6 16 14 8 9 13 4 29 22 21 2 18 27 19 25 23 7 10 15 12 5
325,Instances_highcost_H6/abs5n30,5,30,2560.0,2221.0,1.1526339486717694,0.06689190315751649,24 1 26 20 3 11 28 30 17 6 16 14 8 9 13 4 22 29 2 21 18 27 19 25 23 7 10 15 12 5
325,Instances_highcost_H6/abs5n5,0,0,0.0,0.0,nan,nan,
325,Instances_highcost_H6/abs5n5,1,1,278.0,278.0,1.0,nan,4
325,Instances_highcost_H6/abs5n5,2,5,1010.0,865.0,1.1676300578034682,0.08333333333333333,3 5 4 1 2
325,Instances_highcost_H6/abs5n5,3,5,1010.0,865.0,1.1676300578034682,0.08333333333333333,3 5 4 1 2
325,Instances_highcost_H6/abs5n5,4,5,1010.0,865.0,1.1676300578034682,0.08333333333333333,3 5 4 1 2
325,Instances_highcost_H6/abs5n5,5,5,1010.0,865.0,1.1676300578034682,0.08333333333333333,3 5 4 1 2
325,Instances_lowcost_H3/abs5n10,0,0,0.0,0.0,nan,nan,
325,Instances_lowcost_H3/abs5n10,1,5,1184.0,1184.0,1.0,0.0,8 6 4 10 7
325,Instances_lowcost_H3/abs5n10,2,10,1431.0,1480.0,0.9668918918918918,0.032407407407407406,2 7 9 10 3 1 4 5 6 8
325,Instances_lowcost_H3/abs5n15,0,0,0.0,0.0,nan,nan,
325,Instances_lowcost_H3/abs5n15,1,9,1254.0,1221.0,1.027027027027027,0.0,9 15 3 1 6 5 2 13 8
325,Instances_lowcost_H3/abs5n15,2,15,1760.0,1469.0,1.1980939414567733,0.075,10 7 8 12 11 13 2 5 4 6 15 9 1 3 14
325,Instances_lowcost_H3/abs5n20,0,0,0.0,0.0,nan,nan,
325,Instances_lowcost_H3/abs5n20,1,11,1834.0,1535.0,1.1947882736156352,0.05,19 14 18 8 3 1 20 11 10 4 12
325,Instances_lowcost_H3/abs5n20,2,20,2509.0,2221.0,1.129671319225574,0.059437221705023566,19 17 18 5 14 16 2 6 9 10 11 4 1 3 8 13 7 15 12 20
325,Instances_lowcost_H3/abs5n25,0,0,0.0,0.0,nan,nan,
325,Instances_lowcost_H3/abs5n25,1,11,1401.0,1325.0,1.0573584905660378,0.05,13 5 21 15 16 14 7 24 9 3 6
325,Instances_lowcost_H3/abs5n25,2,25,2479.0,2284.0,1.0853765323992994,0.11692040598290598,2 11 5 20 1 13 17 6 3 19 9 24 7 18 8 4 25 22 10 21 15 12 14 23 16
325,Instances_lowcost_H3/abs5n30,0,0,0.0,0.0,nan,nan,
325,Instances_lowcost_H3/abs5n30,1,15,1783.0,1742.0,1.0235361653272101,0.09993894993894993,24 1 10 28 30 25 16 19 8 9 29 4 2 27 11
325,Instances_lowcost_H3/abs5n30,2,30,2571.0,2221.0,1.1575866726699684,0.06389394326300488,24 20 26 1 3 11 28 30 17 6 16 14 8 9 13 4 22 29 21 2 18 27 19 25 23 7 10 15 12 5
325,Instances_lowcost_H3/abs5n35,0,0,0.0,0.0,nan,nan,
325,Instances_lowcost_H3/abs5n35,1,17,2142.0,2125.0,1.008,0.020265151515151514,28 19 34 4 23 3 6 25 30 11 5 24 32 35 22 20 14
325,Instances_lowcost_H3/abs5n35,2,35,2718.0,2679.0,1.0145576707726764,0.024164163068932137,10 28 1 18 8 19 34 4 15 9 23 3 6 25 30 29 26 7 20 14 31 16 27 35 22 17 11 12 5 24 32 33 2 13 21
325,Instances_lowcost_H3/abs5n40,0,0,0.0,0.0,nan,nan,
325,Instances_lowcost_H3/abs5n40,1,20,2436.0,2058.0,1.183673469387755,0.036593077590307506,6 30 18 34 17 39 14 37 20 33 15 40 29 1 9 19 25 27 35 23
325,Instances_lowcost_H3/abs5n40,2,40,2989.0,2647.0,1.129202871174915,0.07476566130051604,4 30 31 13 3 19 38 18 6 34 17 39 22 12 7 32 15 33 24 40 5 29 1 20 9 2 37 16 10 23 35 28 21 27 36 11 14 26 25 8
325,Instances_lowcost_H3/abs5n45,0,0,0.0,0.0,nan,nan,
325,Instances_lowcost_H3/abs5n45,1,25,2446.0,2092.0,1.1692160611854685,0.09832853722719452,28 9 14 30 41 38 10 32 45 43 22 13 20 29 35 37 24 34 4 15 39 18 1 12 25
325,Instances_lowcost_H3/abs5n45,2,45,2864.0,2475.0,1.157171717171717,0.058725131976408544,33 9 14 5 36 41 23 3 38 10 43 45 32 42 30 22 19 2 39 15 16 4 34 24 44 17 11 37 35 8 20 29 13 27 6 40 21 25 12 1 28 31 7 26 18
325,Instances_lowcost_H3/abs5n5,0,0,0.0,0.0,nan,nan,
325,Instances_lowcost_H3/abs5n5,1,1,278.0,278.0,1.0,nan,4
325,Instances_lowcost_H3/abs5n5,2,5,1010.0,865.0,1.1676300578034682,0.08333333333333333,3 5 4 1 2
325,Instances_lowcost_H3/abs5n50,0,0,0.0,0.0,nan,nan,
325,Instances_lowcost_H3/abs5n50,1,27,2358.0,2275.0,1.0364835164835164,0.03654500692544171,33 32 50 44 4 13 20 36 5 10 25 7 34 27 19 24 40 8 23 30 17 9 47 38 46 15 29
325,Instances_lowcost_H3/abs5n50,2,50,3676.0,3165.0,1.1614533965244866,0.030719379019462006,45 33 26 44 31 4 49 13 20 42 48 12 36 22 47 35 37 50 32 41 23 28 43 9 30 17 29 11 3 18 38 46 5 39 14 25 7 34 27 16 21 19 8 1 40 24 2 15 10 6
325,Instances_lowcost_H6/abs5n10,0,0,0.0,0.0,nan,nan,
325,Instances_lowcost_H6/abs5n10,1,5,1184.0,1184.0,1.0,0.0,8 6 4 10 7
325,Instances_lowcost_H6/abs5n10,2,10,1431.0,1480.0,0.9668918918918918,0.032407407407407406,2 7 9 10 3 1 4 5 6 8
325,Instances_lowcost_H6/abs5n10,3,10,1431.0,1480.0,0.9668918918918918,0.032407407407407406,2 7 9 10 3 1 4 5 6 8
325,Instances_lowcost_H6/abs5n10,4,10,1460.0,1480.0,0.9864864864864865,0.013888888888888888,2 7 9 8 6 5 4 1 3 10
325,Instances_lowcost_H6/abs5n10,5,10,1466.0,1480.0,0.9905405405405405,0.125,2 7 9 8 6 5 4 1 10 3
325,Instances_lowcost_H6/abs5n15,0,0,0.0,0.0,nan,nan,
325,Instances_lowcost_H6/abs5n15,1,9,1254.0,1221.0,1.027027027027027,0.0,9 15 3 1 6 5 2 13 8
325,Instances_lowcost_H6/abs5n15,2,15,1760.0,1469.0,1.1980939414567733,0.075,10 7 8 12 11 13 2 5 4 6 15 9 1 3 14
325,Instances_lowcost_H6/abs5n15,3,15,1748.0,1469.0,1.189925119128659,0.08690476190476192,10 7 8 12 11 13 2 5 4 6 3 15 9 1 14
325,Instances_lowcost_H6/abs5n15,4,15,1748.0,1469.0,1.189925119128659,0.08690476190476192,10 7 8 12 11 13 2 5 4 6 3 15 9 1 14
325,Instances_lowcost_H6/abs5n15,5,15,1748.0,1469.0,1.189925119128659,0.08690476190476192,10 7 8 12 11 13 2 5 4 6 3 15 9 1 14
325,Instances_lowcost_H6/abs5n20,0,0,0.0,0.0,nan,nan,
325,Instances_lowcost_H6/abs5n20,1,11,1834.0,1535.0,1.1947882736156352,0.05,19 14 18 8 3 1 20 11 10 4 12
325,Instances_lowcost_H6/abs5n20,2,20,2509.0,2221.0,1.129671319225574,0.059437221705023566,19 17 18 5 14 16 2 6 9 10 11 4 1 3 8 13 7 15 12 20
325,Instances_lowcost_H6/abs5n20,3,20,2509.0,2221.0,1.129671319225574,0.059437221705023566,19 17 18 5 14 16 2 6 9 10 11 4 1 3 8 13 7 15 12 20
325,Instances_lowcost_H6/abs5n20,4,20,2509.0,2221.0,1.129671319225574,0.059437221705023566,19 17 18 5 14 16 2 6 9 10 11 4 1 3 8 13 7 15 12 20
325,Instances_lowcost_H6/abs5n20,5,20,2463.0,2221.0,1.1089599279603781,0.05736955253209123,19 17 18 5 14 16 2 6 9 10 11 20 12 15 7 3 1 4 8 13
325,Instances_lowcost_H6/abs5n25,0,0,0.0,0.0,nan,nan,
325,Instances_lowcost_H6/abs5n25,1,11,1401.0,1325.0,1.0573584905660378,0.05,13 5 21 15 16 14 7 24 9 3 6
325,Instances_lowcost_H6/abs5n25,2,25,2479.0,2284.0,1.0853765323992994,0.11692040598290598,2 11 5 20 1 13 17 6 3 19 9 24 7 18 8 4 25 22 10 21 15 12 14 23 16
325,Instances_lowcost_H6/abs5n25,3,25,2479.0,2284.0,1.0853765323992994,0.11692040598290598,2 11 5 20 1 13 17 6 3 19 9 24 7 18 8 4 25 22 10 21 15 12 14 23 16
325,Instances_lowcost_H6/abs5n25,4,25,2436.0,2284.0,1.0665499124343258,0.08567040598290598,2 11 5 20 1 13 17 6 3 19 9 24 7 18 8 4 12 14 23 16 15 22 25 10 21
325,Instances_lowcost_H6/abs5n25,5,25,2436.0,2284.0,1.0665499124343258,0.08567040598290598,2 11 5 20 1 13 17 6 3 19 9 24 7 18 8 4 12 14 23 16 15 22 25 10 21
325,Instances_lowcost_H6/abs5n30,0,0,0.0,0.0,nan,nan,
325,Instances_lowcost_H6/abs5n30,1,15,1783.0,1742.0,1.0235361653272101,0.09993894993894993,24 1 10 28 30 25 16 19 8 9 29 4 2 27 11
325,Instances_lowcost_H6/abs5n30,2,30,2571.0,2221.0,1.1575866726699684,0.06389394326300488,24 20 26 1 3 11 28 30 17 6 16 14 8 9 13 4 22 29 21 2 18 27 19 25 23 7 10 15 12 5
325,Instances_lowcost_H6/abs5n30,3,30,2571.0,2221.0,1.1575866726699684,0.06389394326300488,24 20 26 1 3 11 28 30 17 6 16 14 8 9 13 4 22 29 21 2 18 27 19 25 23 7 10 15 12 5
325,Instances_lowcost_H6/abs5n30,4,30,2516.0,2221.0,1.1328230526789735,0.06110458702537276,24 1 26 20 3 11 28 30 17 6 16 14 8 9 13 4 29 22 21 2 18 27 19 25 23 7 10 15 12 5
325,Instances_lowcost_H6/abs5n30,5,30,2560.0,2221.0,1.1526339486717694,0.06689190315751649,24 1 26 20 3 11 28 30 17 6 16 14 8 9 13 4 22 29 2 21 18 27 19 25 23 7 10 15 12 5
325,Instances_lowcost_H6/abs5n5,0,0,0.0,0.0,nan,nan,
325,Instances_lowcost_H6/abs5n5,1,1,278.0,278.0,1.0,nan,4
325,Instances_lowcost_H6/abs5n5,2,5,1010.0,865.0,1.1676300578034682,0.08333333333333333,3 5 4 1 2
325,Instances_lowcost_H6/abs5n5,3,5,1010.0,865.0,1.1676300578034682,0.08333333333333333,3 5 4 1 2
325,Instances_lowcost_H6/abs5n5,4,5,1010.0,865.0,1.1676300578034682,0.08333333333333333,3 5 4 1 2
325,Instances_lowcost_H6/abs5n5,5,5,1010.0,865.0,1.1676300578034682,0.08333333333333333,3 5 4 1 2
350,Instances_highcost_H3/abs5n10,0,0,0.0,0.0,nan,nan,
350,Instances_highcost_H3/abs5n10,1,5,1184.0,1184.0,1.0,0.0,8 6 4 10 7
350,Instances_highcost_H3/abs5n10,2,10,1519.0,1480.0,1.0263513513513514,0.11419753086419752,8 6 5 4 1 10 7 9 2 3
350,Instances_highcost_H3/abs5n15,0,0,0.0,0.0,nan,nan,
350,Instances_highcost_H3/abs5n15,1,9,1254.0,1221.0,1.027027027027027,0.0,9 15 3 1 6 5 2 13 8
350,Instances_highcost_H3/abs5n15,2,15,1748.0,1469.0,1.189925119128659,0.08690476190476192,10 7 8 12 11 13 2 5 4 6 3 15 9 1 14
350,Instances_highcost_H3/abs5n20,0,0,0.0,0.0,nan,nan,
350,Instances_highcost_H3/abs5n20,1,11,1588.0,1535.0,1.0345276872964169,0.13333333333333333,19 14 18 8 3 1 20 12 11 10 4
350,Instances_highcost_H3/abs5n20,2,20,2358.0,2221.0,1.0616839261593876,0.07052373581011351,19 14 17 18 13 8 5 16 4 2 6 9 10 11 20 12 15 7 3 1
350,Instances_highcost_H3/abs5n25,0,0,0.0,0.0,nan,nan,
350,Instances_highcost_H3/abs5n25,1,11,1441.0,1325.0,1.0875471698113208,0.024285714285714285,5 13 6 3 9 24 7 14 16 15 21
350,Instances_highcost_H3/abs5n25,2,25,2482.0,2284.0,1.0866900175131349,0.07702172215039861,2 11 5 20 13 17 1 21 10 25 22 8 4 12 18 7 24 19 3 9 23 14 16 6 15
350,Instances_highcost_H3/abs5n30,0,0,0.0,0.0,nan,nan,
350,Instances_highcost_H3/abs5n30,1,15,2100.0,1742.0,1.2055109070034442,0.20039246467817895,24 1 11 28 30 10 27 9 8 4 29 2 19 16 25
350,Instances_highcost_H3/abs5n30,2,30,2431.0,2221.0,1.0945520036019811,0.051589141063653574,1 26 20 24 3 11 28 7 10 23 16 14 8 9 13 4 22 29 21 2 18 5 27 12 30 15 17 6 25 19
350,Instances_highcost_H3/abs5n35,0,0,0.0,0.0,nan,nan,
350,Instances_highcost_H3/abs5n35,1,17,2244.0,2125.0,1.056,0.08745265151515151,28 19 34 4 23 3 6 25 20 14 35 22 32 24 5 11 30
350,Instances_highcost_H3/abs5n35,2,35,2820.0,2679.0,1.0526315789473684,0.054835628737892,10 28 1 18 21 8 19 34 4 9 15 23 3 6 25 20 14 31 16 27 35 22 7 26 30 29 17 11 12 5 24 32 33 2 13
350,Instances_highcost_H3/abs5n40,0,0,0.0,0.0,nan,nan,
350,Instances_highcost_H3/abs5n40,1,20,2345.0,2058.0,1.1394557823129252,0.07017543859649122,18 6 30 19 25 17 39 34 27 35 23 29 1 20 33 15 40 37 14 9
350,Instances_highcost_H3/abs5n40,2,40,2846.0,2647.0,1.0751794484321875,0.048125749844305156,18 6 4 30 31 13 3 19 38 25 8 17 34 27 21 28 35 23 10 5 40 24 33 15 32 9 20 29 16 1 7 37 12 14 11 36 26 39 22 2
350,Instances_highcost_H3/abs5n45,0,0,0.0,0.0,nan,nan,
350,Instances_highcost_H3/abs5n45,1,25,2344.0,2092.0,1.1204588910133844,0.0837193477818478,28 1 12 29 35 37 24 34 39 15 4 38 41 10 32 45 43 22 30 14 9 13 20 25 18
350,Instances_highcost_H3/abs5n45,2,45,3053.0,2475.0,1.2335353535353535,0.04916458272616133,28 33 9 6 27 13 20 35 8 29 37 24 44 17 11 34 31 7 26 18 1 12 25 21 40 14 5 36 41 23 3 38 10 43 45 32 42 30 22 19 2 39 15 16 4
350,Instances_highcost_H3/abs5n5,0,0,0.0,0.0,nan,nan,
350,Instances_highcost_H3/abs5n5,1,1,278.0,278.0,1.0,nan,4
350,Instances_highcost_H3/abs5n5,2,5,1064.0,865.0,1.2300578034682081,0.0,3 4 5 1 2
350,Instances_highcost_H3/abs5n50,0,0,0.0,0.0,nan,nan,
350,Instances_highcost_H3/abs5n50,1,27,2440.0,2275.0,1.0725274725274725,0.08904219864774655,33 32 50 44 4 13 20 36 5 25 7 34 27 24 40 8 19 29 15 46 10 38 47 9 30 23 17
350,Instances_highcost_H3/abs5n50,2,50,3880.0,3165.0,1.2259083728278042,0.04580285535777513,45 33 26 44 31 4 49 13 20 42 12 36 5 39 14 25 34 7 27 16 2 15 46 10 6 18 38 3 29 11 47 9 35 37 50 32 41 23 28 43 30 17 19 24 1 40 8 21 22 48
350,Instances_highcost_H6/abs5n10,0,0,0.0,0.0,nan,nan,
350,Instances_highcost_H6/abs5n10,1,5,1184.0,1184.0,1.0,0.0,8 6 4 10 7
350,Instances_highcost_H6/abs5n10,2,10,1519.0,1480.0,1.0263513513513514,0.11419753086419752,8 6 5 4 1 10 7 9 2 3
350,Instances_highcost_H6/abs5n10,3,10,1519.0,1480.0,1.0263513513513514,0.11419753086419752,8 6 5 4 1 10 7 9 2 3
350,Instances_highcost_H6/abs5n10,4,10,1519.0,1480.0,1.0263513513513514,0.11419753086419752,8 6 5 4 1 10 7 9 2 3
350,Instances_highcost_H6/abs5n10,5,10,1519.0,1480.0,1.0263513513513514,0.11419753086419752,8 6 5 4 1 10 7 9 2 3
350,Instances_highcost_H6/abs5n15,0,0,0.0,0.0,nan,nan,
350,Instances_highcost_H6/abs5n15,1,9,1254.0,1221.0,1.027027027027027,0.0,9 15 3 1 6 5 2 13 8
350,Instances_highcost_H6/abs5n15,2,15,1748.0,1469.0,1.189925119128659,0.08690476190476192,10 7 8 12 11 13 2 5 4 6 3 15 9 1 14
350,Instances_highcost_H6/abs5n15,3,15,1748.0,1469.0,1.189925119128659,0.08690476190476192,10 7 8 12 11 13 2 5 4 6 3 15 9 1 14
350,Instances_highcost_H6/abs5n15,4,15,1748.0,1469.0,1.189925119128659,0.08690476190476192,10 7 8 12 11 13 2 5 4 6 3 15 9 1 14
350,Instances_highcost_H6/abs5n15,5,15,1928.0,1469.0,1.3124574540503744,0.10847763347763349,10 7 8 13 11 2 12 5 4 6 3 15 9 1 14
350,Instances_highcost_H6/abs5n20,0,0,0.0,0.0,nan,nan,
350,Instances_highcost_H6/abs5n20,1,11,1588.0,1535.0,1.0345276872964169,0.13333333333333333,19 14 18 8 3 1 20 12 11 10 4
350,Instances_highcost_H6/abs5n20,2,20,2358.0,2221.0,1.0616839261593876,0.07052373581011351,19 14 17 18 13 8 5 16 4 2 6 9 10 11 20 12 15 7 3 1
350,Instances_highcost_H6/abs5n20,3,20,2334.0,2221.0,1.0508779828905899,0.0595005484711367,19 14 17 18 8 13 3 1 12 15 7 20 11 10 9 6 2 4 16 5
350,Instances_highcost_H6/abs5n20,4,20,2358.0,2221.0,1.0616839261593876,0.07052373581011351,19 14 17 18 13 8 5 16 4 2 6 9 10 11 20 12 15 7 3 1
350,Instances_highcost_H6/abs5n20,5,20,2375.0,2221.0,1.0693381359747862,0.045624950385012304,19 14 17 18 8 13 3 1 20 12 15 7 11 10 9 6 2 4 16 5
350,Instances_highcost_H6/abs5n25,0,0,0.0,0.0,nan,nan,
350,Instances_highcost_H6/abs5n25,1,11,1441.0,1325.0,1.0875471698113208,0.024285714285714285,5 13 6 3 9 24 7 14 16 15 21
350,Instances_highcost_H6/abs5n25,2,25,2482.0,2284.0,1.0866900175131349,0.07702172215039861,2 11 5 20 13 17 1 21 10 25 22 8 4 12 18 7 24 19 3 9 23 14 16 6 15
350,Instances_highcost_H6/abs5n25,3,25,2482.0,2284.0,1.0866900175131349,0.07702172215039861,2 11 5 20 13 17 1 21 10 25 22 8 4 12 18 7 24 19 3 9 23 14 16 6 15
350,Instances_highcost_H6/abs5n25,4,25,2482.0,2284.0,1.0866900175131349,0.07702172215039861,2 11 5 20 13 17 1 21 10 25 22 8 4 12 18 7 24 19 3 9 23 14 16 6 15
350,Instances_highcost_H6/abs5n25,5,25,2627.0,2284.0,1.1501751313485113,0.08188498992127509,5 2 11 20 13 17 1 21 10 25 22 8 4 12 18 7 24 9 19 3 6 16 14 23 15
350,Instances_highcost_H6/abs5n30,0,0,0.0,0.0,nan,nan,
350,Instances_highcost_H6/abs5n30,1,15,2100.0,1742.0,1.2055109070034442,0.20039246467817895,24 1 11 28 30 10 27 9 8 4 29 2 19 16 25
350,Instances_highcost_H6/abs5n30,2,30,2431.0,2221.0,1.0945520036019811,0.051589141063653574,1 26 20 24 3 11 28 7 10 23 16 14 8 9 13 4 22 29 21 2 18 5 27 12 30 15 17 6 25 19
350,Instances_highcost_H6/abs5n30,3,30,2475.0,2221.0,1.1143628995947772,0.04472700575324239,1 26 24 20 3 11 28 10 7 23 16 14 8 9 13 4 22 29 21 2 18 27 12 5 30 15 17 6 25 19
350,Instances_highcost_H6/abs5n30,4,30,2495.0,2221.0,1.1233678523187753,0.04831305490884424,1 26 20 24 3 11 28 30 15 6 25 14 8 13 4 22 29 21 2 9 18 5 27 12 17 19 16 23 7 10
350,Instances_highcost_H6/abs5n30,5,30,2559.0,2221.0,1.1521837010355696,0.04592339146091682,24 1 26 20 3 11 28 30 15 6 25 14 8 9 4 29 22 13 2 21 18 27 12 5 17 19 16 23 7 10
350,Instances_highcost_H6/abs5n5,0,0,0.0,0.0,nan,nan,
350,Instances_highcost_H6/abs5n5,1,1,278.0,278.0,1.0,nan,4
350,Instances_highcost_H6/abs5n5,2,5,1064.0,865.0,1.2300578034682081,0.0,3 4 5 1 2
350,Instances_highcost_H6/abs5n5,3,5,978.0,865.0,1.130635838150289,0.0625,1 4 3 5 2
350,Instances_highcost_H6/abs5n5,4,5,978.0,865.0,1.130635838150289,0.0625,1 4 3 5 2
350,Instances_highcost_H6/abs5n5,5,5,978.0,865.0,1.130635838150289,0.0625,1 4 3 5 2
350,Instances_lowcost_H3/abs5n10,0,0,0.0,0.0,nan,nan,
350,Instances_lowcost_H3/abs5n10,1,5,1184.0,1184.0,1.0,0.0,8 6 4 10 7
350,Instances_lowcost_H3/abs5n10,2,10,1519.0,1480.0,1.0263513513513514,0.11419753086419752,8 6 5 4 1 10 7 9 2 3
350,Instances_lowcost_H3/abs5n15,0,0,0.0,0.0,nan,nan,
350,Instances_lowcost_H3/abs5n15,1,9,1254.0,1221.0,1.027027027027027,0.0,9 15 3 1 6 5 2 13 8
350,Instances_lowcost_H3/abs5n15,2,15,1748.0,1469.0,1.189925119128659,0.08690476190476192,10 7 8 12 11 13 2 5 4 6 3 15 9 1 14
350,Instances_lowcost_H3/abs5n20,0,0,0.0,0.0,nan,nan,
350,Instances_lowcost_H3/abs5n20,1,11,1588.0,1535.0,1.0345276872964169,0.13333333333333333,19 14 18 8 3 1 20 12 11 10 4
350,Instances_lowcost_H3/abs5n20,2,20,2358.0,2221.0,1.0616839261593876,0.07052373581011351,19 14 17 18 13 8 5 16 4 2 6 9 10 11 20 12 15 7 3 1
350,Instances_lowcost_H3/abs5n25,0,0,0.0,0.0,nan,nan,
350,Instances_lowcost_H3/abs5n25,1,11,1441.0,1325.0,1.0875471698113208,0.024285714285714285,5 13 6 3 9 24 7 14 16 15 21
350,Instances_lowcost_H3/abs5n25,2,25,2482.0,2284.0,1.0866900175131349,0.07702172215039861,2 11 5 20 13 17 1 21 10 25 22 8 4 12 18 7 24 19 3 9 23 14 16 6 15
350,Instances_lowcost_H3/abs5n30,0,0,0.0,0.0,nan,nan,
350,Instances_lowcost_H3/abs5n30,1,15,2100.0,1742.0,1.2055109070034442,0.20039246467817895,24 1 11 28 30 10 27 9 8 4 29 2 19 16 25
350,Instances_lowcost_H3/abs5n30,2,30,2431.0,2221.0,1.0945520036019811,0.051589141063653574,1 26 20 24 3 11 28 7 10 23 16 14 8 9 13 4 22 29 21 2 18 5 27 12 30 15 17 6 25 19
350,Instances_lowcost_H3/abs5n35,0,0,0.0,0.0,nan,nan,
350,Instances_lowcost_H3/abs5n35,1,17,2244.0,2125.0,1.056,0.08745265151515151,28 19 34 4 23 3 6 25 20 14 35 22 32 24 5 11 30
350,Instances_lowcost_H3/abs5n35,2,35,2820.0,2679.0,1.0526315789473684,0.054835628737892,10 28 1 18 21 8 19 34 4 9 15 23 3 6 25 20 14 31 16 27 35 22 7 26 30 29 17 11 12 5 24 32 33 2 13
350,Instances_lowcost_H3/abs5n40,0,0,0.0,0.0,nan,nan,
350,Instances_lowcost_H3/abs5n40,1,20,2345.0,2058.0,1.1394557823129252,0.07017543859649122,18 6 30 19 25 17 39 34 27 35 23 29 1 20 33 15 40 37 14 9
350,Instances_lowcost_H3/abs5n40,2,40,2846.0,2647.0,1.0751794484321875,0.048125749844305156,18 6 4 30 31 13 3 19 38 25 8 17 34 27 21 28 35 23 10 5 40 24 33 15 32 9 20 29 16 1 7 37 12 14 11 36 26 39 22 2
350,Instances_lowcost_H3/abs5n45,0,0,0.0,0.0,nan,nan,
350,Instances_lowcost_H3/abs5n45,1,25,2344.0,2092.0,1.1204588910133844,0.0837193477818478,28 1 12 29 35 37 24 34 39 15 4 38 41 10 32 45 43 22 30 14 9 13 20 25 18
350,Instances_lowcost_H3/abs5n45,2,45,3053.0,2475.0,1.2335353535353535,0.04916458272616133,28 33 9 6 27 13 20 35 8 29 37 24 44 17 11 34 31 7 26 18 1 12 25 21 40 14 5 36 41 23 3 38 10 43 45 32 42 30 22 19 2 39 15 16 4
350,Instances_lowcost_H3/abs5n5,0,0,0.0,0.0,nan,nan,
350,Instances_lowcost_H3/abs5n5,1,1,278.0,278.0,1.0,nan,4
350,Instances_lowcost_H3/abs5n5,2,5,1064.0,865.0,1.2300578034682081,0.0,3 4 5 1 2
350,Instances_lowcost_H3/abs5n50,0,0,0.0,0.0,nan,nan,
350,Instances_lowcost_H3/abs5n50,1,27,2440.0,2275.0,1.0725274725274725,0.08904219864774655,33 32 50 44 4 13 20 36 5 25 7 34 27 24 40 8 19 29 15 46 10 38 47 9 30 23 17
350,Instances_lowcost_H3/abs5n50,2,50,3880.0,3165.0,1.2259083728278042,0.04580285535777513,45 33 26 44 31 4 49 13 20 42 12 36 5 39 14 25 34 7 27 16 2 15 46 10 6 18 38 3 29 11 47 9 35 37 50 32 41 23 28 43 30 17 19 24 1 40 8 21 22 48
350,Instances_lowcost_H6/abs5n10,0,0,0.0,0.0,nan,nan,
350,Instances_lowcost_H6/abs5n10,1,5,1184.0,1184.0,1.0,0.0,8 6 4 10 7
350,Instances_lowcost_H6/abs5n10,2,10,1519.0,1480.0,1.0263513513513514,0.11419753086419752,8 6 5 4 1 10 7 9 2 3
350,Instances_lowcost_H6/abs5n10,3,10,1519.0,1480.0,1.0263513513513514,0.11419753086419752,8 6 5 4 1 10 7 9 2 3
350,Instances_lowcost_H6/abs5n10,4,10,1519.0,1480.0,1.0263513513513514,0.11419753086419752,8 6 5 4 1 10 7 9 2 3
350,Instances_lowcost_H6/abs5n10,5,10,1519.0,1480.0,1.0263513513513514,0.11419753086419752,8 6 5 4 1 10 7 9 2 3
350,Instances_lowcost_H6/abs5n15,0,0,0.0,0.0,nan,nan,
350,Instances_lowcost_H6/abs5n15,1,9,1254.0,1221.0,1.027027027027027,0.0,9 15 3 1 6 5 2 13 8
350,Instances_lowcost_H6/abs5n15,2,15,1748.0,1469.0,1.189925119128659,0.08690476190476192,10 7 8 12 11 13 2 5 4 6 3 15 9 1 14
350,Instances_lowcost_H6/abs5n15,3,15,1748.0,1469.0,1.189925119128659,0.08690476190476192,10 7 8 12 11 13 2 5 4 6 3 15 9 1 14
350,Instances_lowcost_H6/abs5n15,4,15,1748.0,1469.0,1.189925119128659,0.08690476190476192,10 7 8 12 11 13 2 5 4 6 3 15 9 1 14
350,Instances_lowcost_H6/abs5n15,5,15,1928.0,1469.0,1.3124574540503744,0.10847763347763349,10 7 8 13 11 2 12 5 4 6 3 15 9 1 14
350,Instances_lowcost_H6/abs5n20,0,0,0.0,0.0,nan,nan,
350,Instances_lowcost_H6/abs5n20,1,11,1588.0,1535.0,1.0345276872964169,0.13333333333333333,19 14 18 8 3 1 20 12 11 10 4
350,Instances_lowcost_H6/abs5n20,2,20,2358.0,2221.0,1.0616839261593876,0.07052373581011351,19 14 17 18 13 8 5 16 4 2 6 9 10 11 20 12 15 7 3 1
350,Instances_lowcost_H6/abs5n20,3,20,2334.0,2221.0,1.0508779828905899,0.0595005484711367,19 14 17 18 8 13 3 1 12 15 7 20 11 10 9 6 2 4 16 5
350,Instances_lowcost_H6/abs5n20,4,20,2358.0,2221.0,1.0616839261593876,0.07052373581011351,19 14 17 18 13 8 5 16 4 2 6 9 10 11 20 12 15 7 3 1
350,Instances_lowcost_H6/abs5n20,5,20,2375.0,2221.0,1.0693381359747862,0.045624950385012304,19 14 17 18 8 13 3 1 20 12 15 7 11 10 9 6 2 4 16 5
350,Instances_lowcost_H6/abs5n25,0,0,0.0,0.0,nan,nan,
350,Instances_lowcost_H6/abs5n25,1,11,1441.0,1325.0,1.0875471698113208,0.024285714285714285,5 13 6 3 9 24 7 14 16 15 21
350,Instances_lowcost_H6/abs5n25,2,25,2482.0,2284.0,1.0866900175131349,0.07702172215039861,2 11 5 20 13 17 1 21 10 25 22 8 4 12 18 7 24 19 3 9 23 14 16 6 15
350,Instances_lowcost_H6/abs5n25,3,25,2482.0,2284.0,1.0866900175131349,0.07702172215039861,2 11 5 20 13 17 1 21 10 25 22 8 4 12 18 7 24 19 3 9 23 14 16 6 15
350,Instances_lowcost_H6/abs5n25,4,25,2482.0,2284.0,1.0866900175131349,0.07702172215039861,2 11 5 20 13 17 1 21 10 25 22 8 4 12 18 7 24 19 3 9 23 14 16 6 15
350,Instances_lowcost_H6/abs5n25,5,25,2627.0,2284.0,1.1501751313485113,0.08188498992127509,5 2 11 20 13 17 1 21 10 25 22 8 4 12 18 7 24 9 19 3 6 16 14 23 15
350,Instances_lowcost_H6/abs5n30,0,0,0.0,0.0,nan,nan,
350,Instances_lowcost_H6/abs5n30,1,15,2100.0,1742.0,1.2055109070034442,0.20039246467817895,24 1 11 28 30 10 27 9 8 4 29 2 19 16 25
350,Instances_lowcost_H6/abs5n30,2,30,2431.0,2221.0,1.0945520036019811,0.051589141063653574,1 26 20 24 3 11 28 7 10 23 16 14 8 9 13 4 22 29 21 2 18 5 27 12 30 15 17 6 25 19
350,Instances_lowcost_H6/abs5n30,3,30,2475.0,2221.0,1.1143628995947772,0.04472700575324239,1 26 24 20 3 11 28 10 7 23 16 14 8 9 13 4 22 29 21 2 18 27 12 5 30 15 17 6 25 19
350,Instances_lowcost_H6/abs5n30,4,30,2495.0,2221.0,1.1233678523187753,0.04831305490884424,1 26 20 24 3 11 28 30 15 6 25 14 8 13 4 22 29 21 2 9 18 5 27 12 17 19 16 23 7 10
350,Instances_lowcost_H6/abs5n30,5,30,2559.0,2221.0,1.1521837010355696,0.04592339146091682,24 1 26 20 3 11 28 30 15 6 25 14 8 9 4 29 22 13 2 21 18 27 12 5 17 19 16 23 7 10
350,Instances_lowcost_H6/abs5n5,0,0,0.0,0.0,nan,nan,
350,Instances_lowcost_H6/abs5n5,1,1,278.0,278.0,1.0,nan,4
350,Instances_lowcost_H6/abs5n5,2,5,1064.0,865.0,1.2300578034682081,0.0,3 4 5 1 2
350,Instances_lowcost_H6/abs5n5,3,5,978.0,865.0,1.130635838150289,0.0625,1 4 3 5 2
350,Instances_lowcost_H6/abs5n5,4,5,978.0,865.0,1.130635838150289,0.0625,1 4 3 5 2
350,Instances_lowcost_H6/abs5n5,5,5,978.0,865.0,1.130635838150289,0.0625,1 4 3 5 2
375,Instances_highcost_H3/abs5n10,0,0,0.0,0.0,nan,nan,
375,Instances_highcost_H3/abs5n10,1,5,1184.0,1184.0,1.0,0.0,8 6 4 10 7
375,Instances_highcost_H3/abs5n10,2,10,1431.0,1480.0,0.9668918918918918,0.032407407407407406,2 7 9 10 3 1 4 5 6 8
375,Instances_highcost_H3/abs5n15,0,0,0.0,0.0,nan,nan,
375,Instances_highcost_H3/abs5n15,1,9,1221.0,1221.0,1.0,0.020833333333333332,9 15 1 3 6 5 2 13 8
375,Instances_highcost_H3/abs5n15,2,15,1518.0,1469.0,1.033356024506467,0.03010204081632653,9 15 3 1 6 4 14 5 2 13 11 12 8 7 10
375,Instances_highcost_H3/abs5n20,0,0,0.0,0.0,nan,nan,
375,Instances_highcost_H3/abs5n20,1,11,1588.0,1535.0,1.0345276872964169,0.13333333333333333,19 14 18 8 3 1 20 12 11 10 4
375,Instances_highcost_H3/abs5n20,2,20,2514.0,2221.0,1.1319225574065737,0.07844306965823994,19 17 18 5 14 16 2 6 9 10 20 12 15 7 1 3 11 4 8 13
375,Instances_highcost_H3/abs5n25,0,0,0.0,0.0,nan,nan,
375,Instances_highcost_H3/abs5n25,1,11,1441.0,1325.0,1.0875471698113208,0.024285714285714285,5 13 6 3 9 24 7 14 16 15 21
375,Instances_highcost_H3/abs5n25,2,25,2410.0,2284.0,1.0551663747810858,0.07908549783549783,2 11 5 20 1 13 17 6 16 14 18 7 24 9 19 3 23 12 8 4 22 25 10 21 15
375,Instances_highcost_H3/abs5n30,0,0,0.0,0.0,nan,nan,
375,Instances_highcost_H3/abs5n30,1,15,1900.0,1742.0,1.0907003444316876,0.09863945578231292,1 24 10 28 11 30 27 19 16 25 8 9 29 4 2
375,Instances_highcost_H3/abs5n30,2,30,2390.0,2221.0,1.0760918505177848,0.07163113610564863,1 26 24 20 3 11 28 10 7 23 16 14 8 9 13 4 29 22 21 2 18 27 19 25 6 17 15 30 12 5
375,Instances_highcost_H3/abs5n35,0,0,0.0,0.0,nan,nan,
375,Instances_highcost_H3/abs5n35,1,17,2466.0,2125.0,1.1604705882352941,0.09100274725274725,28 32 35 14 20 22 24 5 11 23 4 34 19 3 6 25 30
375,Instances_highcost_H3/abs5n35,2,35,2730.0,2679.0,1.019036954087346,0.044271775186194705,10 28 1 18 21 8 19 34 4 15 9 23 3 6 25 30 29 11 17 12 5 24 32 27 16 31 14 20 7 26 22 35 33 2 13
375,Instances_highcost_H3/abs5n40,0,0,0.0,0.0,nan,nan,
375,Instances_highcost_H3/abs5n40,1,20,2181.0,2058.0,1.0597667638483965,0.06568966040206059,6 18 30 19 9 15 33 40 20 1 29 37 14 39 17 34 27 35 23 25
375,Instances_highcost_H3/abs5n40,2,40,3012.0,2647.0,1.1378919531545146,0.08042086817731972,6 4 30 31 13 3 19 38 18 34 27 21 28 36 35 23 10 5 40 15 33 24 32 9 20 2 1 29 7 16 37 12 14 39 17 26 22 25 8 11
375,Instances_highcost_H3/abs5n45,0,0,0.0,0.0,nan,nan,
375,Instances_highcost_H3/abs5n45,1,25,2285.0,2092.0,1.0922562141491396,0.10334287423103213,28 1 18 24 34 37 35 29 20 12 25 13 9 22 30 14 41 38 10 43 45 32 4 15 39
375,Instances_highcost_H3/abs5n45,2,45,2938.0,2475.0,1.1870707070707072,0.06592174532606464,2 39 15 16 4 3 23 41 36 5 14 30 22 42 38 10 43 45 32 19 28 33 9 6 40 27 13 20 35 8 37 24 44 17 34 11 7 31 26 18 1 12 29 25 21
375,Instances_highcost_H3/abs5n5,0,0,0.0,0.0,nan,nan,
375,Instances_highcost_H3/abs5n5,1,1,278.0,278.0,1.0,nan,4
375,Instances_highcost_H3/abs5n5,2,5,1010.0,865.0,1.1676300578034682,0.08333333333333333,3 5 4 1 2
375,Instances_highcost_H3/abs5n50,0,0,0.0,0.0,nan,nan,
375,Instances_highcost_H3/abs5n50,1,27,2453.0,2275.0,1.0782417582417583,0.09384989095543886,33 32 50 44 4 13 20 36 5 25 34 7 27 24 40 8 19 29 15 46 10 38 47 9 30 23 17
375,Instances_highcost_H3/abs5n50,2,50,3377.0,3165.0,1.0669826224328594,0.04252067963777218,45 33 26 44 31 4 49 13 20 42 48 12 36 5 39 14 25 34 7 27 24 1 40 8 19 21 16 2 29 15 3 46 10 6 18 38 11 17 30 23 41 32 50 28 37 35 43 9 47 22
375,Instances_highcost_H6/abs5n10,0,0,0.0,0.0,nan,nan,
375,Instances_highcost_H6/abs5n10,1,5,1184.0,1184.0,1.0,0.0,8 6 4 10 7
375,Instances_highcost_H6/abs5n10,2,10,1431.0,1480.0,0.9668918918918918,0.032407407407407406,2 7 9 10 3 1 4 5 6 8
375,Instances_highcost_H6/abs5n10,3,10,1431.0,1480.0,0.9668918918918918,0.032407407407407406,2 7 9 10 3 1 4 5 6 8
375,Instances_highcost_H6/abs5n10,4,10,1519.0,1480.0,1.0263513513513514,0.11419753086419752,8 6 5 4 1 10 7 9 2 3
375,Instances_highcost_H6/abs5n10,5,10,1368.0,1480.0,0.9243243243243243,0.10493827160493827,8 6 5 4 1 3 10 7 9 2
375,Instances_highcost_H6/abs5n15,0,0,0.0,0.0,nan,nan,
375,Instances_highcost_H6/abs5n15,1,9,1221.0,1221.0,1.0,0.020833333333333332,9 15 1 3 6 5 2 13 8
375,Instances_highcost_H6/abs5n15,2,15,1518.0,1469.0,1.033356024506467,0.03010204081632653,9 15 3 1 6 4 14 5 2 13 11 12 8 7 10
375,Instances_highcost_H6/abs5n15,3,15,1518.0,1469.0,1.033356024506467,0.03010204081632653,9 15 3 1 6 4 14 5 2 13 11 12 8 7 10
375,Instances_highcost_H6/abs5n15,4,15,1879.0,1469.0,1.2791014295439074,0.04447278911564626,9 15 1 3 6 4 5 2 13 11 12 8 7 10 14
375,Instances_highcost_H6/abs5n15,5,15,1879.0,1469.0,1.2791014295439074,0.04447278911564626,9 15 1 3 6 4 5 2 13 11 12 8 7 10 14
375,Instances_highcost_H6/abs5n20,0,0,0.0,0.0,nan,nan,
375,Instances_highcost_H6/abs5n20,1,11,1588.0,1535.0,1.0345276872964169,0.13333333333333333,19 14 18 8 3 1 20 12 11 10 4
375,Instances_highcost_H6/abs5n20,2,20,2514.0,2221.0,1.1319225574065737,0.07844306965823994,19 17 18 5 14 16 2 6 9 10 20 12 15 7 1 3 11 4 8 13
375,Instances_highcost_H6/abs5n20,3,20,2506.0,2221.0,1.1283205763169744,0.08113482234999263,19 17 18 5 14 16 4 2 6 9 10 20 12 15 7 1 3 11 8 13
375,Instances_highcost_H6/abs5n20,4,20,2393.0,2221.0,1.0774425934263845,0.08769165560961226,19 14 17 18 8 13 5 16 4 6 9 10 20 12 15 7 1 3 11 2
375,Instances_highcost_H6/abs5n20,5,20,2632.0,2221.0,1.185051778478163,0.07439448666228851,19 17 18 5 14 16 4 6 9 10 20 12 15 7 1 3 11 2 8 13
375,Instances_highcost_H6/abs5n25,0,0,0.0,0.0,nan,nan,
375,Instances_highcost_H6/abs5n25,1,11,1441.0,1325.0,1.0875471698113208,0.024285714285714285,5 13 6 3 9 24 7 14 16 15 21
375,Instances_highcost_H6/abs5n25,2,25,2410.0,2284.0,1.0551663747810858,0.07908549783549783,2 11 5 20 1 13 17 6 16 14 18 7 24 9 19 3 23 12 8 4 22 25 10 21 15
375,Instances_highcost_H6/abs5n25,3,25,2410.0,2284.0,1.0551663747810858,0.07908549783549783,2 11 5 20 1 13 17 6 16 14 18 7 24 9 19 3 23 12 8 4 22 25 10 21 15
375,Instances_highcost_H6/abs5n25,4,25,2489.0,2284.0,1.089754816112084,0.05975607716736234,5 2 11 20 13 17 1 21 10 25 22 4 8 18 7 24 9 19 3 23 14 12 16 6 15
375,Instances_highcost_H6/abs5n25,5,25,2647.0,2284.0,1.1589316987740805,0.07416801948051949,2 11 5 20 1 13 17 6 3 9 24 7 18 8 4 12 14 23 19 16 15 21 10 25 22
375,Instances_highcost_H6/abs5n30,0,0,0.0,0.0,nan,nan,
375,Instances_highcost_H6/abs5n30,1,15,1900.0,1742.0,1.0907003444316876,0.09863945578231292,1 24 10 28 11 30 27 19 16 25 8 9 29 4 2
375,Instances_highcost_H6/abs5n30,2,30,2390.0,2221.0,1.0760918505177848,0.07163113610564863,1 26 24 20 3 11 28 10 7 23 16 14 8 9 13 4 29 22 21 2 18 27 19 25 6 17 15 30 12 5
375,Instances_highcost_H6/abs5n30,3,30,2397.0,2221.0,1.0792435839711843,0.08312538897921184,1 26 24 20 3 11 28 10 7 23 16 14 8 9 13 4 29 22 21 2 18 27 19 25 6 17 30 15 12 5
375,Instances_highcost_H6/abs5n30,4,30,2707.0,2221.0,1.2188203511931561,0.10542543674232141,1 26 24 10 7 28 11 30 17 6 25 16 14 8 9 29 4 13 2 21 22 18 27 19 23 15 12 5 20 3
375,Instances_highcost_H6/abs5n30,5,30,2656.0,2221.0,1.1958577217469608,0.0841254993816644,1 26 24 20 3 11 10 7 28 30 15 17 6 25 16 14 8 9 13 4 29 22 2 21 18 27 19 23 12 5
375,Instances_highcost_H6/abs5n5,0,0,0.0,0.0,nan,nan,
375,Instances_highcost_H6/abs5n5,1,1,278.0,278.0,1.0,nan,4
375,Instances_highcost_H6/abs5n5,2,5,1010.0,865.0,1.1676300578034682,0.08333333333333333,3 5 4 1 2
375,Instances_highcost_H6/abs5n5,3,5,1010.0,865.0,1.1676300578034682,0.08333333333333333,3 5 4 1 2
375,Instances_highcost_H6/abs5n5,4,5,1081.0,865.0,1.2497109826589596,0.20833333333333331,4 5 3 1 2
375,Instances_highcost_H6/abs5n5,5,5,866.0,865.0,1.001156069364162,0.25,3 4 5 2 1
375,Instances_lowcost_H3/abs5n10,0,0,0.0,0.0,nan,nan,
375,Instances_lowcost_H3/abs5n10,1,5,1184.0,1184.0,1.0,0.0,8 6 4 10 7
375,Instances_lowcost_H3/abs5n10,2,10,1431.0,1480.0,0.9668918918918918,0.032407407407407406,2 7 9 10 3 1 4 5 6 8
375,Instances_lowcost_H3/abs5n15,0,0,0.0,0.0,nan,nan,
375,Instances_lowcost_H3/abs5n15,1,9,1221.0,1221.0,1.0,0.020833333333333332,9 15 1 3 6 5 2 13 8
375,Instances_lowcost_H3/abs5n15,2,15,1518.0,1469.0,1.033356024506467,0.03010204081632653,9 15 3 1 6 4 14 5 2 13 11 12 8 7 10
375,Instances_lowcost_H3/abs5n20,0,0,0.0,0.0,nan,nan,
375,Instances_lowcost_H3/abs5n20,1,11,1588.0,1535.0,1.0345276872964169,0.13333333333333333,19 14 18 8 3 1 20 12 11 10 4
375,Instances_lowcost_H3/abs5n20,2,20,2514.0,2221.0,1.1319225574065737,0.07844306965823994,19 17 18 5 14 16 2 6 9 10 20 12 15 7 1 3 11 4 8 13
375,Instances_lowcost_H3/abs5n25,0,0,0.0,0.0,nan,nan,
375,Instances_lowcost_H3/abs5n25,1,11,1441.0,1325.0,1.0875471698113208,0.024285714285714285,5 13 6 3 9 24 7 14 16 15 21
375,Instances_lowcost_H3/abs5n25,2,25,2410.0,2284.0,1.0551663747810858,0.07908549783549783,2 11 5 20 1 13 17 6 16 14 18 7 24 9 19 3 23 12 8 4 22 25 10 21 15
375,Instances_lowcost_H3/abs5n30,0,0,0.0,0.0,nan,nan,
375,Instances_lowcost_H3/abs5n30,1,15,1900.0,1742.0,1.0907003444316876,0.09863945578231292,1 24 10 28 11 30 27 19 16 25 8 9 29 4 2
375,Instances_lowcost_H3/abs5n30,2,30,2390.0,2221.0,1.0760918505177848,0.07163113610564863,1 26 24 20 3 11 28 10 7 23 16 14 8 9 13 4 29 22 21 2 18 27 19 25 6 17 15 30 12 5
375,Instances_lowcost_H3/abs5n35,0,0,0.0,0.0,nan,nan,
375,Instances_lowcost_H3/abs5n35,1,17,2466.0,2125.0,1.1604705882352941,0.09100274725274725,28 32 35 14 20 22 24 5 11 23 4 34 19 3 6 25 30
375,Instances_lowcost_H3/abs5n35,2,35,2730.0,2679.0,1.019036954087346,0.044271775186194705,10 28 1 18 21 8 19 34 4 15 9 23 3 6 25 30 29 11 17 12 5 24 32 27 16 31 14 20 7 26 22 35 33 2 13
375,Instances_lowcost_H3/abs5n40,0,0,0.0,0.0,nan,nan,
375,Instances_lowcost_H3/abs5n40,1,20,2181.0,2058.0,1.0597667638483965,0.06568966040206059,6 18 30 19 9 15 33 40 20 1 29 37 14 39 17 34 27 35 23 25
375,Instances_lowcost_H3/abs5n40,2,40,3012.0,2647.0,1.1378919531545146,0.08042086817731972,6 4 30 31 13 3 19 38 18 34 27 21 28 36 35 23 10 5 40 15 33 24 32 9 20 2 1 29 7 16 37 12 14 39 17 26 22 25 8 11
375,Instances_lowcost_H3/abs5n45,0,0,0.0,0.0,nan,nan,
375,Instances_lowcost_H3/abs5n45,1,25,2285.0,2092.0,1.0922562141491396,0.10334287423103213,28 1 18 24 34 37 35 29 20 12 25 13 9 22 30 14 41 38 10 43 45 32 4 15 39
375,Instances_lowcost_H3/abs5n45,2,45,2938.0,2475.0,1.1870707070707072,0.06592174532606464,2 39 15 16 4 3 23 41 36 5 14 30 22 42 38 10 43 45 32 19 28 33 9 6 40 27 13 20 35 8 37 24 44 17 34 11 7 31 26 18 1 12 29 25 21
375,Instances_lowcost_H3/abs5n5,0,0,0.0,0.0,nan,nan,
375,Instances_lowcost_H3/abs5n5,1,1,278.0,278.0,1.0,nan,4
375,Instances_lowcost_H3/abs5n5,2,5,1010.0,865.0,1.1676300578034682,0.08333333333333333,3 5 4 1 2
375,Instances_lowcost_H3/abs5n50,0,0,0.0,0.0,nan,nan,
375,Instances_lowcost_H3/abs5n50,1,27,2453.0,2275.0,1.0782417582417583,0.09384989095543886,33 32 50 44 4 13 20 36 5 25 34 7 27 24 40 8 19 29 15 46 10 38 47 9 30 23 17
375,Instances_lowcost_H3/abs5n50,2,50,3377.0,3165.0,1.0669826224328594,0.04252067963777218,45 33 26 44 31 4 49 13 20 42 48 12 36 5 39 14 25 34 7 27 24 1 40 8 19 21 16 2 29 15 3 46 10 6 18 38 11 17 30 23 41 32 50 28 37 35 43 9 47 22
375,Instances_lowcost_H6/abs5n10,0,0,0.0,0.0,nan,nan,
375,Instances_lowcost_H6/abs5n10,1,5,1184.0,1184.0,1.0,0.0,8 6 4 10 7
375,Instances_lowcost_H6/abs5n10,2,10,1431.0,1480.0,0.9668918918918918,0.032407407407407406,2 7 9 10 3 1 4 5 6 8
375,Instances_lowcost_H6/abs5n10,3,10,1431.0,1480.0,0.9668918918918918,0.032407407407407406,2 7 9 10 3 1 4 5 6 8
375,Instances_lowcost_H6/abs5n10,4,10,1519.0,1480.0,1.0263513513513514,0.11419753086419752,8 6 5 4 1 10 7 9 2 3
375,Instances_lowcost_H6/abs5n10,5,10,1368.0,1480.0,0.9243243243243243,0.10493827160493827,8 6 5 4 1 3 10 7 9 2
375,Instances_lowcost_H6/abs5n15,0,0,0.0,0.0,nan,nan,
375,Instances_lowcost_H6/abs5n15,1,9,1221.0,1221.0,1.0,0.020833333333333332,9 15 1 3 6 5 2 13 8
375,Instances_lowcost_H6/abs5n15,2,15,1518.0,1469.0,1.033356024506467,0.03010204081632653,9 15 3 1 6 4 14 5 2 13 11 12 8 7 10
375,Instances_lowcost_H6/abs5n15,3,15,1518.0,1469.0,1.033356024506467,0.03010204081632653,9 15 3 1 6 4 14 5 2 13 11 12 8 7 10
375,Instances_lowcost_H6/abs5n15,4,15,1879.0,1469.0,1.2791014295439074,0.04447278911564626,9 15 1 3 6 4 5 2 13 11 12 8 7 10 14
375,Instances_lowcost_H6/abs5n15,5,15,1879.0,1469.0,1.2791014295439074,0.04447278911564626,9 15 1 3 6 4 5 2 13 11 12 8 7 10 14
375,Instances_lowcost_H6/abs5n20,0,0,0.0,0.0,nan,nan,
375,Instances_lowcost_H6/abs5n20,1,11,1588.0,1535.0,1.0345276872964169,0.13333333333333333,19 14 18 8 3 1 20 12 11 10 4
375,Instances_lowcost_H6/abs5n20,2,20,2514.0,2221.0,1.1319225574065737,0.07844306965823994,19 17 18 5 14 16 2 6 9 10 20 12 15 7 1 3 11 4 8 13
375,Instances_lowcost_H6/abs5n20,3,20,2506.0,2221.0,1.1283205763169744,0.08113482234999263,19 17 18 5 14 16 4 2 6 9 10 20 12 15 7 1 3 11 8 13
375,Instances_lowcost_H6/abs5n20,4,20,2393.0,2221.0,1.0774425934263845,0.08769165560961226,19 14 17 18 8 13 5 16 4 6 9 10 20 12 15 7 1 3 11 2
375,Instances_lowcost_H6/abs5n20,5,20,2632.0,2221.0,1.185051778478163,0.07439448666228851,19 17 18 5 14 16 4 6 9 10 20 12 15 7 1 3 11 2 8 13
375,Instances_lowcost_H6/abs5n25,0,0,0.0,0.0,nan,nan,
375,Instances_lowcost_H6/abs5n25,1,11,1441.0,1325.0,1.0875471698113208,0.024285714285714285,5 13 6 3 9 24 7 14 16 15 21
375,Instances_lowcost_H6/abs5n25,2,25,2410.0,2284.0,1.0551663747810858,0.07908549783549783,2 11 5 20 1 13 17 6 16 14 18 7 24 9 19 3 23 12 8 4 22 25 10 21 15
375,Instances_lowcost_H6/abs5n25,3,25,2410.0,2284.0,1.0551663747810858,0.07908549783549783,2 11 5 20 1 13 17 6 16 14 18 7 24 9 19 3 23 12 8 4 22 25 10 21 15
375,Instances_lowcost_H6/abs5n25,4,25,2489.0,2284.0,1.089754816112084,0.05975607716736234,5 2 11 20 13 17 1 21 10 25 22 4 8 18 7 24 9 19 3 23 14 12 16 6 15
375,Instances_lowcost_H6/abs5n25,5,25,2647.0,2284.0,1.1589316987740805,0.07416801948051949,2 11 5 20 1 13 17 6 3 9 24 7 18 8 4 12 14 23 19 16 15 21 10 25 22
375,Instances_lowcost_H6/abs5n30,0,0,0.0,0.0,nan,nan,
375,Instances_lowcost_H6/abs5n30,1,15,1900.0,1742.0,1.0907003444316876,0.09863945578231292,1 24 10 28 11 30 27 19 16 25 8 9 29 4 2
375,Instances_lowcost_H6/abs5n30,2,30,2390.0,2221.0,1.0760918505177848,0.07163113610564863,1 26 24 20 3 11 28 10 7 23 16 14 8 9 13 4 29 22 21 2 18 27 19 25 6 17 15 30 12 5
375,Instances_lowcost_H6/abs5n30,3,30,2397.0,2221.0,1.0792435839711843,0.08312538897921184,1 26 24 20 3 11 28 10 7 23 16 14 8 9 13 4 29 22 21 2 18 27 19 25 6 17 30 15 12 5
375,Instances_lowcost_H6/abs5n30,4,30,2707.0,2221.0,1.2188203511931561,0.10542543674232141,1 26 24 10 7 28 11 30 17 6 25 16 14 8 9 29 4 13 2 21 22 18 27 19 23 15 12 5 20 3
375,Instances_lowcost_H6/abs5n30,5,30,2656.0,2221.0,1.1958577217469608,0.0841254993816644,1 26 24 20 3 11 10 7 28 30 15 17 6 25 16 14 8 9 13 4 29 22 2 21 18 27 19 23 12 5
375,Instances_lowcost_H6/abs5n5,0,0,0.0,0.0,nan,nan,
375,Instances_lowcost_H6/abs5n5,1,1,278.0,278.0,1.0,nan,4
375,Instances_lowcost_H6/abs5n5,2,5,1010.0,865.0,1.1676300578034682,0.08333333333333333,3 5 4 1 2
375,Instances_lowcost_H6/abs5n5,3,5,1010.0,865.0,1.1676300578034682,0.08333333333333333,3 5 4 1 2
375,Instances_lowcost_H6/abs5n5,4,5,1081.0,865.0,1.2497109826589596,0.20833333333333331,4 5 3 1 2
375,Instances_lowcost_H6/abs5n5,5,5,866.0,865.0,1.001156069364162,0.25,3 4 5 2 1
400,Instances_highcost_H3/abs5n10,0,0,0.0,0.0,nan,nan,
400,Instances_highcost_H3/abs5n10,1,5,1184.0,1184.0,1.0,0.0,8 6 4 10 7
400,Instances_highcost_H3/abs5n10,2,10,1466.0,1480.0,0.9905405405405405,0.125,2 7 9 8 6 5 4 1 10 3
400,Instances_highcost_H3/abs5n15,0,0,0.0,0.0,nan,nan,
400,Instances_highcost_H3/abs5n15,1,9,1349.0,1221.0,1.1048321048321048,0.025,9 15 3 6 1 5 2 13 8
400,Instances_highcost_H3/abs5n15,2,15,1748.0,1469.0,1.189925119128659,0.08690476190476192,10 7 8 12 11 13 2 5 4 6 3 15 9 1 14
400,Instances_highcost_H3/abs5n20,0,0,0.0,0.0,nan,nan,
400,Instances_highcost_H3/abs5n20,1,11,1576.0,1535.0,1.0267100977198698,0.11964285714285713,19 14 4 10 11 20 12 1 3 8 18
400,Instances_highcost_H3/abs5n20,2,20,2623.0,2221.0,1.1809995497523638,0.03543601651186791,19 14 17 18 5 8 13 3 1 20 11 10 9 6 2 4 16 12 15 7
400,Instances_highcost_H3/abs5n25,0,0,0.0,0.0,nan,nan,
400,Instances_highcost_H3/abs5n25,1,11,1401.0,1325.0,1.0573584905660378,0.05,13 5 21 15 16 14 7 24 9 3 6
400,Instances_highcost_H3/abs5n25,2,25,2410.0,2284.0,1.0551663747810858,0.07908549783549783,2 11 5 20 1 13 17 6 16 14 18 7 24 9 19 3 23 12 8 4 22 25 10 21 15
400,Instances_highcost_H3/abs5n30,0,0,0.0,0.0,nan,nan,
400,Instances_highcost_H3/abs5n30,1,15,1748.0,1742.0,1.0034443168771527,0.07632783882783882,24 1 10 28 11 30 25 19 16 8 9 29 4 2 27
400,Instances_highcost_H3/abs5n30,2,30,2512.0,2221.0,1.1310220621341738,0.06029467608414977,24 1 26 20 3 11 28 7 10 23 16 14 19 25 6 17 15 30 12 27 18 2 29 4 22 13 9 8 21 5
400,Instances_highcost_H3/abs5n35,0,0,0.0,0.0,nan,nan,
400,Instances_highcost_H3/abs5n35,1,17,2166.0,2125.0,1.019294117647059,0.05416666666666667,28 19 34 4 23 11 5 24 32 35 22 14 20 25 6 3 30
400,Instances_highcost_H3/abs5n35,2,35,2718.0,2679.0,1.0145576707726764,0.032551975858263894,10 28 1 18 21 8 19 34 4 15 9 23 11 17 12 5 24 32 35 27 16 31 14 20 7 22 26 30 3 6 25 29 13 2 33
400,Instances_highcost_H3/abs5n40,0,0,0.0,0.0,nan,nan,
400,Instances_highcost_H3/abs5n40,1,20,2276.0,2058.0,1.1059280855199223,0.07248600732998647,6 30 19 25 18 34 17 39 14 37 20 9 15 33 40 29 1 23 35 27
400,Instances_highcost_H3/abs5n40,2,40,3156.0,2647.0,1.1922931620702681,0.08413368511010806,30 4 31 13 3 38 19 25 8 18 6 34 17 39 26 22 14 12 37 1 29 20 32 15 33 24 40 5 23 28 27 21 36 35 10 11 16 7 9 2
400,Instances_highcost_H3/abs5n45,0,0,0.0,0.0,nan,nan,
400,Instances_highcost_H3/abs5n45,1,25,2603.0,2092.0,1.244263862332696,0.09413393480730942,28 1 18 24 34 4 15 41 38 43 10 45 32 22 30 14 9 13 20 35 37 29 12 25 39
400,Instances_highcost_H3/abs5n45,2,45,3181.0,2475.0,1.2852525252525253,0.06921811230184176,28 33 9 22 5 36 41 23 3 38 43 10 45 32 19 4 15 16 39 34 24 44 17 11 37 35 8 20 29 12 18 7 31 2 42 30 14 6 40 25 1 26 21 13 27
400,Instances_highcost_H3/abs5n5,0,0,0.0,0.0,nan,nan,
400,Instances_highcost_H3/abs5n5,1,1,278.0,278.0,1.0,nan,4
400,Instances_highcost_H3/abs5n5,2,5,1062.0,865.0,1.2277456647398843,0.1875,1 4 5 3 2
400,Instances_highcost_H3/abs5n50,0,0,0.0,0.0,nan,nan,
400,Instances_highcost_H3/abs5n50,1,27,2521.0,2275.0,1.1081318681318681,0.05808981769536559,33 32 50 44 4 13 20 36 5 25 7 34 27 24 40 8 23 30 17 19 29 15 46 10 38 47 9
400,Instances_highcost_H3/abs5n50,2,50,3373.0,3165.0,1.0657187993680886,0.036481606318067544,33 45 26 44 31 4 32 50 41 23 28 37 35 9 47 43 30 17 19 24 1 40 8 21 16 27 34 7 25 14 39 5 10 6 46 15 2 29 11 3 18 38 22 48 20 42 12 36 13 49
400,Instances_highcost_H6/abs5n10,0,0,0.0,0.0,nan,nan,
400,Instances_highcost_H6/abs5n10,1,5,1184.0,1184.0,1.0,0.0,8 6 4 10 7
400,Instances_highcost_H6/abs5n10,2,10,1466.0,1480.0,0.9905405405405405,0.125,2 7 9 8 6 5 4 1 10 3
400,Instances_highcost_H6/abs5n10,3,10,1466.0,1480.0,0.9905405405405405,0.125,2 7 9 8 6 5 4 1 10 3
400,Instances_highcost_H6/abs5n10,4,10,1466.0,1480.0,0.9905405405405405,0.125,2 7 9 8 6 5 4 1 10 3
400,Instances_highcost_H6/abs5n10,5,10,1466.0,1480.0,0.9905405405405405,0.125,2 7 9 8 6 5 4 1 10 3
400,Instances_highcost_H6/abs5n15,0,0,0.0,0.0,nan,nan,
400,Instances_highcost_H6/abs5n15,1,9,1349.0,1221.0,1.1048321048321048,0.025,9 15 3 6 1 5 2 13 8
400,Instances_highcost_H6/abs5n15,2,15,1748.0,1469.0,1.189925119128659,0.08690476190476192,10 7 8 12 11 13 2 5 4 6 3 15 9 1 14
400,Instances_highcost_H6/abs5n15,3,15,1748.0,1469.0,1.189925119128659,0.08690476190476192,10 7 8 12 11 13 2 5 4 6 3 15 9 1 14
400,Instances_highcost_H6/abs5n15,4,15,1928.0,1469.0,1.3124574540503744,0.10847763347763349,10 7 8 13 11 2 12 5 4 6 3 15 9 1 14
400,Instances_highcost_H6/abs5n15,5,13,1547.0,1419.0,1.0902043692741368,0.06144179894179894,9 15 3 6 1 5 2 11 13 12 8 7 10
400,Instances_highcost_H6/abs5n20,0,0,0.0,0.0,nan,nan,
400,Instances_highcost_H6/abs5n20,1,11,1576.0,1535.0,1.0267100977198698,0.11964285714285713,19 14 4 10 11 20 12 1 3 8 18
400,Instances_highcost_H6/abs5n20,2,20,2623.0,2221.0,1.1809995497523638,0.03543601651186791,19 14 17 18 5 8 13 3 1 20 11 10 9 6 2 4 16 12 15 7
400,Instances_highcost_H6/abs5n20,3,20,2623.0,2221.0,1.1809995497523638,0.03543601651186791,19 14 17 18 5 8 13 3 1 20 11 10 9 6 2 4 16 12 15 7
400,Instances_highcost_H6/abs5n20,4,20,2729.0,2221.0,1.2287257991895542,0.0871454182212696,19 14 17 18 8 13 3 1 20 11 10 9 6 2 4 16 5 12 15 7
400,Instances_highcost_H6/abs5n20,5,20,2412.0,2221.0,1.0859972985141828,0.12923976608187135,19 2 6 9 10 11 20 1 3 15 7 12 4 16 14 17 5 18 13 8
400,Instances_highcost_H6/abs5n25,0,0,0.0,0.0,nan,nan,
400,Instances_highcost_H6/abs5n25,1,11,1401.0,1325.0,1.0573584905660378,0.05,13 5 21 15 16 14 7 24 9 3 6
400,Instances_highcost_H6/abs5n25,2,25,2410.0,2284.0,1.0551663747810858,0.07908549783549783,2 11 5 20 1 13 17 6 16 14 18 7 24 9 19 3 23 12 8 4 22 25 10 21 15
400,Instances_highcost_H6/abs5n25,3,25,2410.0,2284.0,1.0551663747810858,0.07908549783549783,2 11 5 20 1 13 17 6 16 14 18 7 24 9 19 3 23 12 8 4 22 25 10 21 15
400,Instances_highcost_H6/abs5n25,4,25,2436.0,2284.0,1.0665499124343258,0.05786726608737478,5 2 11 20 1 13 17 6 3 9 24 7 18 8 4 22 25 10 21 15 12 14 16 23 19
400,Instances_highcost_H6/abs5n25,5,25,2431.0,2284.0,1.0643607705779334,0.06529394399460188,2 11 5 20 1 17 13 6 3 19 9 24 7 18 8 4 22 25 10 21 15 12 14 16 23
400,Instances_highcost_H6/abs5n30,0,0,0.0,0.0,nan,nan,
400,Instances_highcost_H6/abs5n30,1,15,1748.0,1742.0,1.0034443168771527,0.07632783882783882,24 1 10 28 11 30 25 19 16 8 9 29 4 2 27
400,Instances_highcost_H6/abs5n30,2,30,2512.0,2221.0,1.1310220621341738,0.06029467608414977,24 1 26 20 3 11 28 7 10 23 16 14 19 25 6 17 15 30 12 27 18 2 29 4 22 13 9 8 21 5
400,Instances_highcost_H6/abs5n30,3,30,2512.0,2221.0,1.1310220621341738,0.06029467608414977,24 1 26 20 3 11 28 7 10 23 16 14 19 25 6 17 15 30 12 27 18 2 29 4 22 13 9 8 21 5
400,Instances_highcost_H6/abs5n30,4,30,2591.0,2221.0,1.1665916253939668,0.0699890525888711,24 1 26 20 3 11 28 10 7 23 16 25 19 14 8 9 29 4 22 2 13 21 18 27 12 30 15 17 6 5
400,Instances_highcost_H6/abs5n30,5,29,2270.0,2045.0,1.1100244498777505,0.10023770871985158,24 1 26 20 3 11 28 10 7 17 6 25 16 19 14 8 9 13 4 22 29 21 2 18 5 27 12 30 15
400,Instances_highcost_H6/abs5n5,0,0,0.0,0.0,nan,nan,
400,Instances_highcost_H6/abs5n5,1,1,278.0,278.0,1.0,nan,4
400,Instances_highcost_H6/abs5n5,2,5,1062.0,865.0,1.2277456647398843,0.1875,1 4 5 3 2
400,Instances_highcost_H6/abs5n5,3,5,866.0,865.0,1.001156069364162,0.25,3 4 5 2 1
400,Instances_highcost_H6/abs5n5,4,5,1081.0,865.0,1.2497109826589596,0.20833333333333331,4 5 3 1 2
400,Instances_highcost_H6/abs5n5,5,5,1062.0,865.0,1.2277456647398843,0.1875,1 4 5 3 2
400,Instances_lowcost_H3/abs5n10,0,0,0.0,0.0,nan,nan,
400,Instances_lowcost_H3/abs5n10,1,5,1184.0,1184.0,1.0,0.0,8 6 4 10 7
400,Instances_lowcost_H3/abs5n10,2,10,1466.0,1480.0,0.9905405405405405,0.125,2 7 9 8 6 5 4 1 10 3
400,Instances_lowcost_H3/abs5n15,0,0,0.0,0.0,nan,nan,
400,Instances_lowcost_H3/abs5n15,1,9,1349.0,1221.0,1.1048321048321048,0.025,9 15 3 6 1 5 2 13 8
400,Instances_lowcost_H3/abs5n15,2,15,1748.0,1469.0,1.189925119128659,0.08690476190476192,10 7 8 12 11 13 2 5 4 6 3 15 9 1 14
400,Instances_lowcost_H3/abs5n20,0,0,0.0,0.0,nan,nan,
400,Instances_lowcost_H3/abs5n20,1,11,1576.0,1535.0,1.0267100977198698,0.11964285714285713,19 14 4 10 11 20 12 1 3 8 18
400,Instances_lowcost_H3/abs5n20,2,20,2623.0,2221.0,1.1809995497523638,0.03543601651186791,19 14 17 18 5 8 13 3 1 20 11 10 9 6 2 4 16 12 15 7
400,Instances_lowcost_H3/abs5n25,0,0,0.0,0.0,nan,nan,
400,Instances_lowcost_H3/abs5n25,1,11,1401.0,1325.0,1.0573584905660378,0.05,13 5 21 15 16 14 7 24 9 3 6
400,Instances_lowcost_H3/abs5n25,2,25,2410.0,2284.0,1.0551663747810858,0.07908549783549783,2 11 5 20 1 13 17 6 16 14 18 7 24 9 19 3 23 12 8 4 22 25 10 21 15
400,Instances_lowcost_H3/abs5n30,0,0,0.0,0.0,nan,nan,
400,Instances_lowcost_H3/abs5n30,1,15,1748.0,1742.0,1.0034443168771527,0.07632783882783882,24 1 10 28 11 30 25 19 16 8 9 29 4 2 27
400,Instances_lowcost_H3/abs5n30,2,30,2512.0,2221.0,1.1310220621341738,0.06029467608414977,24 1 26 20 3 11 28 7 10 23 16 14 19 25 6 17 15 30 12 27 18 2 29 4 22 13 9 8 21 5
400,Instances_lowcost_H3/abs5n35,0,0,0.0,0.0,nan,nan,
400,Instances_lowcost_H3/abs5n35,1,17,2166.0,2125.0,1.019294117647059,0.05416666666666667,28 19 34 4 23 11 5 24 32 35 22 14 20 25 6 3 30
400,Instances_lowcost_H3/abs5n35,2,35,2718.0,2679.0,1.0145576707726764,0.032551975858263894,10 28 1 18 21 8 19 34 4 15 9 23 11 17 12 5 24 32 35 27 16 31 14 20 7 22 26 30 3 6 25 29 13 2 33
400,Instances_lowcost_H3/abs5n40,0,0,0.0,0.0,nan,nan,
400,Instances_lowcost_H3/abs5n40,1,20,2276.0,2058.0,1.1059280855199223,0.07248600732998647,6 30 19 25 18 34 17 39 14 37 20 9 15 33 40 29 1 23 35 27
400,Instances_lowcost_H3/abs5n40,2,40,3156.0,2647.0,1.1922931620702681,0.08413368511010806,30 4 31 13 3 38 19 25 8 18 6 34 17 39 26 22 14 12 37 1 29 20 32 15 33 24 40 5 23 28 27 21 36 35 10 11 16 7 9 2
400,Instances_lowcost_H3/abs5n45,0,0,0.0,0.0,nan,nan,
400,Instances_lowcost_H3/abs5n45,1,25,2603.0,2092.0,1.244263862332696,0.09413393480730942,28 1 18 24 34 4 15 41 38 43 10 45 32 22 30 14 9 13 20 35 37 29 12 25 39
400,Instances_lowcost_H3/abs5n45,2,45,3181.0,2475.0,1.2852525252525253,0.06921811230184176,28 33 9 22 5 36 41 23 3 38 43 10 45 32 19 4 15 16 39 34 24 44 17 11 37 35 8 20 29 12 18 7 31 2 42 30 14 6 40 25 1 26 21 13 27
400,Instances_lowcost_H3/abs5n5,0,0,0.0,0.0,nan,nan,
400,Instances_lowcost_H3/abs5n5,1,1,278.0,278.0,1.0,nan,4
400,Instances_lowcost_H3/abs5n5,2,5,1062.0,865.0,1.2277456647398843,0.1875,1 4 5 3 2
400,Instances_lowcost_H3/abs5n50,0,0,0.0,0.0,nan,nan,
400,Instances_lowcost_H3/abs5n50,1,27,2521.0,2275.0,1.1081318681318681,0.05808981769536559,33 32 50 44 4 13 20 36 5 25 7 34 27 24 40 8 23 30 17 19 29 15 46 10 38 47 9
400,Instances_lowcost_H3/abs5n50,2,50,3373.0,3165.0,1.0657187993680886,0.036481606318067544,33 45 26 44 31 4 32 50 41 23 28 37 35 9 47 43 30 17 19 24 1 40 8 21 16 27 34 7 25 14 39 5 10 6 46 15 2 29 11 3 18 38 22 48 20 42 12 36 13 49
400,Instances_lowcost_H6/abs5n10,0,0,0.0,0.0,nan,nan,
400,Instances_lowcost_H6/abs5n10,1,5,1184.0,1184.0,1.0,0.0,8 6 4 10 7
400,Instances_lowcost_H6/abs5n10,2,10,1466.0,1480.0,0.9905405405405405,0.125,2 7 9 8 6 5 4 1 10 3
400,Instances_lowcost_H6/abs5n10,3,10,1466.0,1480.0,0.9905405405405405,0.125,2 7 9 8 6 5 4 1 10 3
400,Instances_lowcost_H6/abs5n10,4,10,1466.0,1480.0,0.9905405405405405,0.125,2 7 9 8 6 5 4 1 10 3
400,Instances_lowcost_H6/abs5n10,5,10,1466.0,1480.0,0.9905405405405405,0.125,2 7 9 8 6 5 4 1 10 3
400,Instances_lowcost_H6/abs5n15,0,0,0.0,0.0,nan,nan,
400,Instances_lowcost_H6/abs5n15,1,9,1349.0,1221.0,1.1048321048321048,0.025,9 15 3 6 1 5 2 13 8
400,Instances_lowcost_H6/abs5n15,2,15,1748.0,1469.0,1.189925119128659,0.08690476190476192,10 7 8 12 11 13 2 5 4 6 3 15 9 1 14
400,Instances_lowcost_H6/abs5n15,3,15,1748.0,1469.0,1.189925119128659,0.08690476190476192,10 7 8 12 11 13 2 5 4 6 3 15 9 1 14
400,Instances_lowcost_H6/abs5n15,4,15,1928.0,1469.0,1.3124574540503744,0.10847763347763349,10 7 8 13 11 2 12 5 4 6 3 15 9 1 14
400,Instances_lowcost_H6/abs5n15,5,13,1547.0,1419.0,1.0902043692741368,0.06144179894179894,9 15 3 6 1 5 2 11 13 12 8 7 10
400,Instances_lowcost_H6/abs5n20,0,0,0.0,0.0,nan,nan,
400,Instances_lowcost_H6/abs5n20,1,11,1576.0,1535.0,1.0267100977198698,0.11964285714285713,19 14 4 10 11 20 12 1 3 8 18
400,Instances_lowcost_H6/abs5n20,2,20,2623.0,2221.0,1.1809995497523638,0.03543601651186791,19 14 17 18 5 8 13 3 1 20 11 10 9 6 2 4 16 12 15 7
400,Instances_lowcost_H6/abs5n20,3,20,2623.0,2221.0,1.1809995497523638,0.03543601651186791,19 14 17 18 5 8 13 3 1 20 11 10 9 6 2 4 16 12 15 7
400,Instances_lowcost_H6/abs5n20,4,20,2729.0,2221.0,1.2287257991895542,0.0871454182212696,19 14 17 18 8 13 3 1 20 11 10 9 6 2 4 16 5 12 15 7
400,Instances_lowcost_H6/abs5n20,5,20,2412.0,2221.0,1.0859972985141828,0.12923976608187135,19 2 6 9 10 11 20 1 3 15 7 12 4 16 14 17 5 18 13 8
400,Instances_lowcost_H6/abs5n25,0,0,0.0,0.0,nan,nan,
400,Instances_lowcost_H6/abs5n25,1,11,1401.0,1325.0,1.0573584905660378,0.05,13 5 21 15 16 14 7 24 9 3 6
400,Instances_lowcost_H6/abs5n25,2,25,2410.0,2284.0,1.0551663747810858,0.07908549783549783,2 11 5 20 1 13 17 6 16 14 18 7 24 9 19 3 23 12 8 4 22 25 10 21 15
400,Instances_lowcost_H6/abs5n25,3,25,2410.0,2284.0,1.0551663747810858,0.07908549783549783,2 11 5 20 1 13 17 6 16 14 18 7 24 9 19 3 23 12 8 4 22 25 10 21 15
400,Instances_lowcost_H6/abs5n25,4,25,2436.0,2284.0,1.0665499124343258,0.05786726608737478,5 2 11 20 1 13 17 6 3 9 24 7 18 8 4 22 25 10 21 15 12 14 16 23 19
400,Instances_lowcost_H6/abs5n25,5,25,2431.0,2284.0,1.0643607705779334,0.06529394399460188,2 11 5 20 1 17 13 6 3 19 9 24 7 18 8 4 22 25 10 21 15 12 14 16 23
400,Instances_lowcost_H6/abs5n30,0,0,0.0,0.0,nan,nan,
400,Instances_lowcost_H6/abs5n30,1,15,1748.0,1742.0,1.0034443168771527,0.07632783882783882,24 1 10 28 11 30 25 19 16 8 9 29 4 2 27
400,Instances_lowcost_H6/abs5n30,2,30,2512.0,2221.0,1.1310220621341738,0.06029467608414977,24 1 26 20 3 11 28 7 10 23 16 14 19 25 6 17 15 30 12 27 18 2 29 4 22 13 9 8 21 5
400,Instances_lowcost_H6/abs5n30,3,30,2512.0,2221.0,1.1310220621341738,0.06029467608414977,24 1 26 20 3 11 28 7 10 23 16 14 19 25 6 17 15 30 12 27 18 2 29 4 22 13 9 8 21 5
400,Instances_lowcost_H6/abs5n30,4,30,2591.0,2221.0,1.1665916253939668,0.0699890525888711,24 1 26 20 3 11 28 10 7 23 16 25 19 14 8 9 29 4 22 2 13 21 18 27 12 30 15 17 6 5
400,Instances_lowcost_H6/abs5n30,5,29,2270.0,2045.0,1.1100244498777505,0.10023770871985158,24 1 26 20 3 11 28 10 7 17 6 25 16 19 14 8 9 13 4 22 29 21 2 18 5 27 12 30 15
400,Instances_lowcost_H6/abs5n5,0,0,0.0,0.0,nan,nan,
400,Instances_lowcost_H6/abs5n5,1,1,278.0,278.0,1.0,nan,4
400,Instances_lowcost_H6/abs5n5,2,5,1062.0,865.0,1.2277456647398843,0.1875,1 4 5 3 2
400,Instances_lowcost_H6/abs5n5,3,5,866.0,865.0,1.001156069364162,0.25,3 4 5 2 1
400,Instances_lowcost_H6/abs5n5,4,5,1081.0,865.0,1.2497109826589596,0.20833333333333331,4 5 3 1 2
400,Instances_lowcost_H6/abs5n5,5,5,1062.0,865.0,1.2277456647398843,0.1875,1 4 5 3 2
425,Instances_highcost_H3/abs5n10,0,0,0.0,0.0,nan,nan,
425,Instances_highcost_H3/abs5n10,1,5,1184.0,1184.0,1.0,0.0,8 6 4 10 7
425,Instances_highcost_H3/abs5n10,2,10,1368.0,1480.0,0.9243243243243243,0.10493827160493827,8 6 5 4 1 3 10 7 9 2
425,Instances_highcost_H3/abs5n15,0,0,0.0,0.0,nan,nan,
425,Instances_highcost_H3/abs5n15,1,9,1393.0,1221.0,1.140868140868141,0.05625,9 15 3 6 5 2 13 8 1
425,Instances_highcost_H3/abs5n15,2,15,1748.0,1469.0,1.189925119128659,0.08690476190476192,10 7 8 12 11 13 2 5 4 6 3 15 9 1 14
425,Instances_highcost_H3/abs5n20,0,0,0.0,0.0,nan,nan,
425,Instances_highcost_H3/abs5n20,1,11,1834.0,1535.0,1.1947882736156352,0.05,19 14 18 8 3 1 20 11 10 4 12
425,Instances_highcost_H3/abs5n20,2,20,2595.0,2221.0,1.1683926159387663,0.05047377802795759,19 2 9 10 6 4 16 14 17 18 5 8 13 3 1 20 11 12 15 7
425,Instances_highcost_H3/abs5n25,0,0,0.0,0.0,nan,nan,
425,Instances_highcost_H3/abs5n25,1,11,1441.0,1325.0,1.0875471698113208,0.024285714285714285,5 13 6 3 9 24 7 14 16 15 21
425,Instances_highcost_H3/abs5n25,2,25,2262.0,2284.0,0.9903677758318739,0.039030870445344125,2 11 5 20 1 21 10 25 22 4 8 18 7 24 23 9 19 3 6 16 12 14 15 13 17
425,Instances_highcost_H3/abs5n30,0,0,0.0,0.0,nan,nan,
425,Instances_highcost_H3/abs5n30,1,15,1825.0,1742.0,1.047646383467279,0.03316326530612245,1 24 10 28 11 30 27 19 25 16 8 9 2 29 4
425,Instances_highcost_H3/abs5n30,2,30,2491.0,2221.0,1.1215668617739756,0.04212206336635275,1 26 24 20 3 11 28 7 10 23 16 25 19 14 8 9 13 4 22 29 21 2 18 5 12 27 15 17 30 6
425,Instances_highcost_H3/abs5n35,0,0,0.0,0.0,nan,nan,
425,Instances_highcost_H3/abs5n35,1,17,2274.0,2125.0,1.0701176470588236,0.07425595238095238,28 32 35 22 14 20 25 6 3 30 11 5 24 23 4 34 19
425,Instances_highcost_H3/abs5n35,2,35,2883.0,2679.0,1.076147816349384,0.01903616232745717,10 28 1 18 21 33 2 8 19 34 4 15 9 23 12 17 29 26 7 20 14 31 16 27 35 32 24 5 11 30 3 6 25 22 13
425,Instances_highcost_H3/abs5n40,0,0,0.0,0.0,nan,nan,
425,Instances_highcost_H3/abs5n40,1,20,2311.0,2058.0,1.1229348882410106,0.10007813054904469,6 30 18 34 17 39 25 19 9 20 33 15 40 29 1 37 14 27 35 23
425,Instances_highcost_H3/abs5n40,2,40,3086.0,2647.0,1.1658481299584436,0.050784506396057534,6 4 30 31 13 3 38 19 25 18 34 17 8 39 26 22 14 12 37 2 9 32 15 33 24 40 5 10 28 21 27 36 35 23 11 16 29 7 1 20
425,Instances_highcost_H3/abs5n45,0,0,0.0,0.0,nan,nan,
425,Instances_highcost_H3/abs5n45,1,25,2381.0,2092.0,1.1381453154875718,0.10991710226907596,28 1 18 24 34 15 4 39 38 41 32 10 43 45 22 30 14 9 25 29 35 37 20 12 13
425,Instances_highcost_H3/abs5n45,2,45,2748.0,2475.0,1.1103030303030303,0.05142958949830374,2 39 16 15 4 3 23 41 36 5 14 30 22 42 32 38 43 10 45 19 31 34 24 44 17 11 7 26 18 37 35 8 20 29 12 1 25 21 13 27 40 6 33 28 9
425,Instances_highcost_H3/abs5n5,0,0,0.0,0.0,nan,nan,
425,Instances_highcost_H3/abs5n5,1,1,278.0,278.0,1.0,nan,4
425,Instances_highcost_H3/abs5n5,2,5,866.0,865.0,1.001156069364162,0.25,3 4 5 2 1
425,Instances_highcost_H3/abs5n50,0,0,0.0,0.0,nan,nan,
425,Instances_highcost_H3/abs5n50,1,27,2470.0,2275.0,1.0857142857142856,0.04684134394689185,33 32 50 44 4 13 20 36 5 25 7 34 27 24 40 8 19 30 23 17 29 15 46 10 38 47 9
425,Instances_highcost_H3/abs5n50,2,50,3422.0,3165.0,1.0812006319115324,0.02656215142070444,33 45 26 44 31 4 32 41 50 28 37 35 43 23 8 1 40 24 19 21 16 27 34 7 25 14 39 5 6 10 46 18 3 15 2 29 11 17 30 9 47 38 22 48 42 20 12 36 13 49
425,Instances_highcost_H6/abs5n10,0,0,0.0,0.0,nan,nan,
425,Instances_highcost_H6/abs5n10,1,5,1184.0,1184.0,1.0,0.0,8 6 4 10 7
425,Instances_highcost_H6/abs5n10,2,10,1368.0,1480.0,0.9243243243243243,0.10493827160493827,8 6 5 4 1 3 10 7 9 2
425,Instances_highcost_H6/abs5n10,3,10,1368.0,1480.0,0.9243243243243243,0.10493827160493827,8 6 5 4 1 3 10 7 9 2
425,Instances_highcost_H6/abs5n10,4,10,1460.0,1480.0,0.9864864864864865,0.013888888888888888,2 7 9 8 6 5 4 1 3 10
425,Instances_highcost_H6/abs5n10,5,5,1184.0,1184.0,1.0,0.0,8 6 4 10 7
425,Instances_highcost_H6/abs5n15,0,0,0.0,0.0,nan,nan,
425,Instances_highcost_H6/abs5n15,1,9,1393.0,1221.0,1.140868140868141,0.05625,9 15 3 6 5 2 13 8 1
425,Instances_highcost_H6/abs5n15,2,15,1748.0,1469.0,1.189925119128659,0.08690476190476192,10 7 8 12 11 13 2 5 4 6 3 15 9 1 14
425,Instances_highcost_H6/abs5n15,3,15,1748.0,1469.0,1.189925119128659,0.08690476190476192,10 7 8 12 11 13 2 5 4 6 3 15 9 1 14
425,Instances_highcost_H6/abs5n15,4,15,1748.0,1469.0,1.189925119128659,0.08690476190476192,10 7 8 12 11 13 2 5 4 6 3 15 9 1 14
425,Instances_highcost_H6/abs5n15,5,9,1393.0,1221.0,1.140868140868141,0.05625,9 15 3 6 5 2 13 8 1
425,Instances_highcost_H6/abs5n20,0,0,0.0,0.0,nan,nan,
425,Instances_highcost_H6/abs5n20,1,11,1834.0,1535.0,1.1947882736156352,0.05,19 14 18 8 3 1 20 11 10 4 12
425,Instances_highcost_H6/abs5n20,2,20,2595.0,2221.0,1.1683926159387663,0.05047377802795759,19 2 9 10 6 4 16 14 17 18 5 8 13 3 1 20 11 12 15 7
425,Instances_highcost_H6/abs5n20,3,20,2595.0,2221.0,1.1683926159387663,0.05047377802795759,19 2 9 10 6 4 16 14 17 18 5 8 13 3 1 20 11 12 15 7
425,Instances_highcost_H6/abs5n20,4,20,2299.0,2221.0,1.035119315623593,0.07017543859649122,19 2 6 9 10 11 20 12 15 7 1 3 4 16 14 17 5 18 8 13
425,Instances_highcost_H6/abs5n20,5,11,1834.0,1535.0,1.1947882736156352,0.05,19 14 18 8 3 1 20 11 10 4 12
425,Instances_highcost_H6/abs5n25,0,0,0.0,0.0,nan,nan,
425,Instances_highcost_H6/abs5n25,1,11,1441.0,1325.0,1.0875471698113208,0.024285714285714285,5 13 6 3 9 24 7 14 16 15 21
425,Instances_highcost_H6/abs5n25,2,25,2262.0,2284.0,0.9903677758318739,0.039030870445344125,2 11 5 20 1 21 10 25 22 4 8 18 7 24 23 9 19 3 6 16 12 14 15 13 17
425,Instances_highcost_H6/abs5n25,3,25,2262.0,2284.0,0.9903677758318739,0.039030870445344125,2 11 5 20 1 21 10 25 22 4 8 18 7 24 23 9 19 3 6 16 12 14 15 13 17
425,Instances_highcost_H6/abs5n25,4,25,2262.0,2284.0,0.9903677758318739,0.039030870445344125,2 11 5 20 1 21 10 25 22 4 8 18 7 24 23 9 19 3 6 16 12 14 15 13 17
425,Instances_highcost_H6/abs5n25,5,11,1441.0,1325.0,1.0875471698113208,0.024285714285714285,5 13 6 3 9 24 7 14 16 15 21
425,Instances_highcost_H6/abs5n30,0,0,0.0,0.0,nan,nan,
425,Instances_highcost_H6/abs5n30,1,15,1825.0,1742.0,1.047646383467279,0.03316326530612245,1 24 10 28 11 30 27 19 25 16 8 9 2 29 4
425,Instances_highcost_H6/abs5n30,2,30,2491.0,2221.0,1.1215668617739756,0.04212206336635275,1 26 24 20 3 11 28 7 10 23 16 25 19 14 8 9 13 4 22 29 21 2 18 5 12 27 15 17 30 6
425,Instances_highcost_H6/abs5n30,3,30,2491.0,2221.0,1.1215668617739756,0.04212206336635275,1 26 24 20 3 11 28 7 10 23 16 25 19 14 8 9 13 4 22 29 21 2 18 5 12 27 15 17 30 6
425,Instances_highcost_H6/abs5n30,4,30,2491.0,2221.0,1.1215668617739756,0.04212206336635275,1 26 24 20 3 11 28 7 10 23 16 25 19 14 8 9 13 4 22 29 21 2 18 5 12 27 15 17 30 6
425,Instances_highcost_H6/abs5n30,5,15,1825.0,1742.0,1.047646383467279,0.03316326530612245,1 24 10 28 11 30 27 19 25 16 8 9 2 29 4
425,Instances_highcost_H6/abs5n5,0,0,0.0,0.0,nan,nan,
425,Instances_highcost_H6/abs5n5,1,1,278.0,278.0,1.0,nan,4
425,Instances_highcost_H6/abs5n5,2,5,866.0,865.0,1.001156069364162,0.25,3 4 5 2 1
425,Instances_highcost_H6/abs5n5,3,5,866.0,865.0,1.001156069364162,0.25,3 4 5 2 1
425,Instances_highcost_H6/abs5n5,4,5,1062.0,865.0,1.2277456647398843,0.1875,1 4 5 3 2
425,Instances_highcost_H6/abs5n5,5,5,1062.0,865.0,1.2277456647398843,0.1875,1 4 5 3 2
425,Instances_lowcost_H3/abs5n10,0,0,0.0,0.0,nan,nan,
425,Instances_lowcost_H3/abs5n10,1,5,1184.0,1184.0,1.0,0.0,8 6 4 10 7
425,Instances_lowcost_H3/abs5n10,2,10,1368.0,1480.0,0.9243243243243243,0.10493827160493827,8 6 5 4 1 3 10 7 9 2
425,Instances_lowcost_H3/abs5n15,0,0,0.0,0.0,nan,nan,
425,Instances_lowcost_H3/abs5n15,1,9,1393.0,1221.0,1.140868140868141,0.05625,9 15 3 6 5 2 13 8 1
425,Instances_lowcost_H3/abs5n15,2,15,1748.0,1469.0,1.189925119128659,0.08690476190476192,10 7 8 12 11 13 2 5 4 6 3 15 9 1 14
425,Instances_lowcost_H3/abs5n20,0,0,0.0,0.0,nan,nan,
425,Instances_lowcost_H3/abs5n20,1,11,1834.0,1535.0,1.1947882736156352,0.05,19 14 18 8 3 1 20 11 10 4 12
425,Instances_lowcost_H3/abs5n20,2,20,2595.0,2221.0,1.1683926159387663,0.05047377802795759,19 2 9 10 6 4 16 14 17 18 5 8 13 3 1 20 11 12 15 7
425,Instances_lowcost_H3/abs5n25,0,0,0.0,0.0,nan,nan,
425,Instances_lowcost_H3/abs5n25,1,11,1441.0,1325.0,1.0875471698113208,0.024285714285714285,5 13 6 3 9 24 7 14 16 15 21
425,Instances_lowcost_H3/abs5n25,2,25,2262.0,2284.0,0.9903677758318739,0.039030870445344125,2 11 5 20 1 21 10 25 22 4 8 18 7 24 23 9 19 3 6 16 12 14 15 13 17
425,Instances_lowcost_H3/abs5n30,0,0,0.0,0.0,nan,nan,
425,Instances_lowcost_H3/abs5n30,1,15,1825.0,1742.0,1.047646383467279,0.03316326530612245,1 24 10 28 11 30 27 19 25 16 8 9 2 29 4
425,Instances_lowcost_H3/abs5n30,2,30,2491.0,2221.0,1.1215668617739756,0.04212206336635275,1 26 24 20 3 11 28 7 10 23 16 25 19 14 8 9 13 4 22 29 21 2 18 5 12 27 15 17 30 6
425,Instances_lowcost_H3/abs5n35,0,0,0.0,0.0,nan,nan,
425,Instances_lowcost_H3/abs5n35,1,17,2274.0,2125.0,1.0701176470588236,0.07425595238095238,28 32 35 22 14 20 25 6 3 30 11 5 24 23 4 34 19
425,Instances_lowcost_H3/abs5n35,2,35,2883.0,2679.0,1.076147816349384,0.01903616232745717,10 28 1 18 21 33 2 8 19 34 4 15 9 23 12 17 29 26 7 20 14 31 16 27 35 32 24 5 11 30 3 6 25 22 13
425,Instances_lowcost_H3/abs5n40,0,0,0.0,0.0,nan,nan,
425,Instances_lowcost_H3/abs5n40,1,20,2311.0,2058.0,1.1229348882410106,0.10007813054904469,6 30 18 34 17 39 25 19 9 20 33 15 40 29 1 37 14 27 35 23
425,Instances_lowcost_H3/abs5n40,2,40,3086.0,2647.0,1.1658481299584436,0.050784506396057534,6 4 30 31 13 3 38 19 25 18 34 17 8 39 26 22 14 12 37 2 9 32 15 33 24 40 5 10 28 21 27 36 35 23 11 16 29 7 1 20
425,Instances_lowcost_H3/abs5n45,0,0,0.0,0.0,nan,nan,
425,Instances_lowcost_H3/abs5n45,1,25,2381.0,2092.0,1.1381453154875718,0.10991710226907596,28 1 18 24 34 15 4 39 38 41 32 10 43 45 22 30 14 9 25 29 35 37 20 12 13
425,Instances_lowcost_H3/abs5n45,2,45,2748.0,2475.0,1.1103030303030303,0.05142958949830374,2 39 16 15 4 3 23 41 36 5 14 30 22 42 32 38 43 10 45 19 31 34 24 44 17 11 7 26 18 37 35 8 20 29 12 1 25 21 13 27 40 6 33 28 9
425,Instances_lowcost_H3/abs5n5,0,0,0.0,0.0,nan,nan,
425,Instances_lowcost_H3/abs5n5,1,1,278.0,278.0,1.0,nan,4
425,Instances_lowcost_H3/abs5n5,2,5,866.0,865.0,1.001156069364162,0.25,3 4 5 2 1
425,Instances_lowcost_H3/abs5n50,0,0,0.0,0.0,nan,nan,
425,Instances_lowcost_H3/abs5n50,1,27,2470.0,2275.0,1.0857142857142856,0.04684134394689185,33 32 50 44 4 13 20 36 5 25 7 34 27 24 40 8 19 30 23 17 29 15 46 10 38 47 9
425,Instances_lowcost_H3/abs5n50,2,50,3422.0,3165.0,1.0812006319115324,0.02656215142070444,33 45 26 44 31 4 32 41 50 28 37 35 43 23 8 1 40 24 19 21 16 27 34 7 25 14 39 5 6 10 46 18 3 15 2 29 11 17 30 9 47 38 22 48 42 20 12 36 13 49
425,Instances_lowcost_H6/abs5n10,0,0,0.0,0.0,nan,nan,
425,Instances_lowcost_H6/abs5n10,1,5,1184.0,1184.0,1.0,0.0,8 6 4 10 7
425,Instances_lowcost_H6/abs5n10,2,10,1368.0,1480.0,0.9243243243243243,0.10493827160493827,8 6 5 4 1 3 10 7 9 2
425,Instances_lowcost_H6/abs5n10,3,10,1368.0,1480.0,0.9243243243243243,0.10493827160493827,8 6 5 4 1 3 10 7 9 2
425,Instances_lowcost_H6/abs5n10,4,10,1460.0,1480.0,0.9864864864864865,0.013888888888888888,2 7 9 8 6 5 4 1 3 10
425,Instances_lowcost_H6/abs5n10,5,5,1184.0,1184.0,1.0,0.0,8 6 4 10 7
425,Instances_lowcost_H6/abs5n15,0,0,0.0,0.0,nan,nan,
425,Instances_lowcost_H6/abs5n15,1,9,1393.0,1221.0,1.140868140868141,0.05625,9 15 3 6 5 2 13 8 1
425,Instances_lowcost_H6/abs5n15,2,15,1748.0,1469.0,1.189925119128659,0.08690476190476192,10 7 8 12 11 13 2 5 4 6 3 15 9 1 14
425,Instances_lowcost_H6/abs5n15,3,15,1748.0,1469.0,1.189925119128659,0.08690476190476192,10 7 8 12 11 13 2 5 4 6 3 15 9 1 14
425,Instances_lowcost_H6/abs5n15,4,15,1748.0,1469.0,1.189925119128659,0.08690476190476192,10 7 8 12 11 13 2 5 4 6 3 15 9 1 14
425,Instances_lowcost_H6/abs5n15,5,9,1393.0,1221.0,1.140868140868141,0.05625,9 15 3 6 5 2 13 8 1
425,Instances_lowcost_H6/abs5n20,0,0,0.0,0.0,nan,nan,
425,Instances_lowcost_H6/abs5n20,1,11,1834.0,1535.0,1.1947882736156352,0.05,19 14 18 8 3 1 20 11 10 4 12
425,Instances_lowcost_H6/abs5n20,2,20,2595.0,2221.0,1.1683926159387663,0.05047377802795759,19 2 9 10 6 4 16 14 17 18 5 8 13 3 1 20 11 12 15 7
425,Instances_lowcost_H6/abs5n20,3,20,2595.0,2221.0,1.1683926159387663,0.05047377802795759,19 2 9 10 6 4 16 14 17 18 5 8 13 3 1 20 11 12 15 7
425,Instances_lowcost_H6/abs5n20,4,20,2299.0,2221.0,1.035119315623593,0.07017543859649122,19 2 6 9 10 11 20 12 15 7 1 3 4 16 14 17 5 18 8 13
425,Instances_lowcost_H6/abs5n20,5,11,1834.0,1535.0,1.1947882736156352,0.05,19 14 18 8 3 1 20 11 10 4 12
425,Instances_lowcost_H6/abs5n25,0,0,0.0,0.0,nan,nan,
425,Instances_lowcost_H6/abs5n25,1,11,1441.0,1325.0,1.0875471698113208,0.024285714285714285,5 13 6 3 9 24 7 14 16 15 21
425,Instances_lowcost_H6/abs5n25,2,25,2262.0,2284.0,0.9903677758318739,0.039030870445344125,2 11 5 20 1 21 10 25 22 4 8 18 7 24 23 9 19 3 6 16 12 14 15 13 17
425,Instances_lowcost_H6/abs5n25,3,25,2262.0,2284.0,0.9903677758318739,0.039030870445344125,2 11 5 20 1 21 10 25 22 4 8 18 7 24 23 9 19 3 6 16 12 14 15 13 17
425,Instances_lowcost_H6/abs5n25,4,25,2262.0,2284.0,0.9903677758318739,0.039030870445344125,2 11 5 20 1 21 10 25 22 4 8 18 7 24 23 9 19 3 6 16 12 14 15 13 17
425,Instances_lowcost_H6/abs5n25,5,11,1441.0,1325.0,1.0875471698113208,0.024285714285714285,5 13 6 3 9 24 7 14 16 15 21
425,Instances_lowcost_H6/abs5n30,0,0,0.0,0.0,nan,nan,
425,Instances_lowcost_H6/abs5n30,1,15,1825.0,1742.0,1.047646383467279,0.03316326530612245,1 24 10 28 11 30 27 19 25 16 8 9 2 29 4
425,Instances_lowcost_H6/abs5n30,2,30,2491.0,2221.0,1.1215668617739756,0.04212206336635275,1 26 24 20 3 11 28 7 10 23 16 25 19 14 8 9 13 4 22 29 21 2 18 5 12 27 15 17 30 6
425,Instances_lowcost_H6/abs5n30,3,30,2491.0,2221.0,1.1215668617739756,0.04212206336635275,1 26 24 20 3 11 28 7 10 23 16 25 19 14 8 9 13 4 22 29 21 2 18 5 12 27 15 17 30 6
425,Instances_lowcost_H6/abs5n30,4,30,2491.0,2221.0,1.1215668617739756,0.04212206336635275,1 26 24 20 3 11 28 7 10 23 16 25 19 14 8 9 13 4 22 29 21 2 18 5 12 27 15 17 30 6
425,Instances_lowcost_H6/abs5n30,5,15,1825.0,1742.0,1.047646383467279,0.03316326530612245,1 24 10 28 11 30 27 19 25 16 8 9 2 29 4
425,Instances_lowcost_H6/abs5n5,0,0,0.0,0.0,nan,nan,
425,Instances_lowcost_H6/abs5n5,1,1,278.0,278.0,1.0,nan,4
425,Instances_lowcost_H6/abs5n5,2,5,866.0,865.0,1.001156069364162,0.25,3 4 5 2 1
425,Instances_lowcost_H6/abs5n5,3,5,866.0,865.0,1.001156069364162,0.25,3 4 5 2 1
425,Instances_lowcost_H6/abs5n5,4,5,1062.0,865.0,1.2277456647398843,0.1875,1 4 5 3 2
425,Instances_lowcost_H6/abs5n5,5,5,1062.0,865.0,1.2277456647398843,0.1875,1 4 5 3 2
450,Instances_highcost_H3/abs5n10,0,0,0.0,0.0,nan,nan,
450,Instances_highcost_H3/abs5n10,1,5,1184.0,1184.0,1.0,0.0,8 6 4 10 7
450,Instances_highcost_H3/abs5n10,2,10,1368.0,1480.0,0.9243243243243243,0.10493827160493827,8 6 5 4 1 3 10 7 9 2
450,Instances_highcost_H3/abs5n15,0,0,0.0,0.0,nan,nan,
450,Instances_highcost_H3/abs5n15,1,9,1393.0,1221.0,1.140868140868141,0.05625,9 15 3 6 5 2 13 8 1
450,Instances_highcost_H3/abs5n15,2,15,1748.0,1469.0,1.189925119128659,0.08690476190476192,10 7 8 12 11 13 2 5 4 6 3 15 9 1 14
450,Instances_highcost_H3/abs5n20,0,0,0.0,0.0,nan,nan,
450,Instances_highcost_H3/abs5n20,1,11,1588.0,1535.0,1.0345276872964169,0.13333333333333333,19 14 18 8 3 1 20 12 11 10 4
450,Instances_highcost_H3/abs5n20,2,20,2231.0,2221.0,1.0045024763619992,0.04035087719298245,19 17 5 18 8 13 3 1 20 12 15 7 11 10 9 6 2 4 16 14
450,Instances_highcost_H3/abs5n25,0,0,0.0,0.0,nan,nan,
450,Instances_highcost_H3/abs5n25,1,11,1401.0,1325.0,1.0573584905660378,0.05,13 5 21 15 16 14 7 24 9 3 6
450,Instances_highcost_H3/abs5n25,2,25,2436.0,2284.0,1.0665499124343258,0.04921207264957265,2 11 5 20 1 13 17 6 3 19 9 24 7 18 8 4 22 25 10 21 15 16 14 12 23
450,Instances_highcost_H3/abs5n30,0,0,0.0,0.0,nan,nan,
450,Instances_highcost_H3/abs5n30,1,15,1960.0,1742.0,1.1251435132032146,0.08996598639455781,1 24 10 28 11 30 27 9 8 29 4 2 19 25 16
450,Instances_highcost_H3/abs5n30,2,30,2462.0,2221.0,1.1085096803241783,0.0490373505808286,1 26 24 20 3 11 28 10 7 23 16 14 8 9 13 4 22 29 21 2 18 5 12 27 15 30 17 6 25 19
450,Instances_highcost_H3/abs5n35,0,0,0.0,0.0,nan,nan,
450,Instances_highcost_H3/abs5n35,1,17,2221.0,2125.0,1.0451764705882354,0.08572677322677323,28 32 35 14 20 25 6 3 30 22 24 5 11 23 4 34 19
450,Instances_highcost_H3/abs5n35,2,35,2800.0,2679.0,1.0451661067562523,0.028627034729975902,10 28 1 18 21 33 2 13 15 34 4 9 23 3 6 25 7 20 14 31 16 27 35 32 24 22 26 30 29 17 11 12 5 8 19
450,Instances_highcost_H3/abs5n40,0,0,0.0,0.0,nan,nan,
450,Instances_highcost_H3/abs5n40,1,20,2179.0,2058.0,1.0587949465500486,0.06090497140684529,6 18 30 19 9 15 33 40 29 1 20 37 14 39 17 34 27 35 23 25
450,Instances_highcost_H3/abs5n40,2,40,2958.0,2647.0,1.117491499811107,0.04171385998938821,6 4 30 31 13 3 38 19 9 32 15 33 24 40 5 10 28 21 27 36 35 23 11 26 39 17 34 18 8 25 22 14 12 37 7 29 16 1 20 2
450,Instances_highcost_H3/abs5n45,0,0,0.0,0.0,nan,nan,
450,Instances_highcost_H3/abs5n45,1,25,2415.0,2092.0,1.154397705544933,0.11408376893574262,28 1 18 24 34 15 4 39 38 41 32 10 43 45 30 14 22 9 25 29 35 37 20 12 13
450,Instances_highcost_H3/abs5n45,2,45,2936.0,2475.0,1.1862626262626264,0.051981939216307345,28 1 37 35 8 20 29 12 18 11 24 44 17 34 31 7 26 2 19 38 3 23 41 36 5 14 30 22 42 32 10 43 45 39 16 15 4 33 9 6 27 13 25 21 40
450,Instances_highcost_H3/abs5n5,0,0,0.0,0.0,nan,nan,
450,Instances_highcost_H3/abs5n5,1,1,278.0,278.0,1.0,nan,4
450,Instances_highcost_H3/abs5n5,2,5,866.0,865.0,1.001156069364162,0.25,3 4 5 2 1
450,Instances_highcost_H3/abs5n50,0,0,0.0,0.0,nan,nan,
450,Instances_highcost_H3/abs5n50,1,27,2347.0,2275.0,1.0316483516483517,0.03134989095543886,33 32 50 44 4 13 20 36 5 25 7 34 27 24 40 8 19 29 15 46 10 38 47 9 17 30 23
450,Instances_highcost_H3/abs5n50,2,50,3395.0,3165.0,1.0726698262243286,0.046347895756835934,45 33 41 32 26 44 31 4 49 13 20 42 48 12 36 5 39 14 25 34 7 27 24 1 40 8 19 21 16 2 15 3 46 6 10 18 38 11 29 17 30 23 50 28 37 35 43 9 47 22
450,Instances_highcost_H6/abs5n10,0,0,0.0,0.0,nan,nan,
450,Instances_highcost_H6/abs5n10,1,5,1184.0,1184.0,1.0,0.0,8 6 4 10 7
450,Instances_highcost_H6/abs5n10,2,10,1368.0,1480.0,0.9243243243243243,0.10493827160493827,8 6 5 4 1 3 10 7 9 2
450,Instances_highcost_H6/abs5n10,3,10,1368.0,1480.0,0.9243243243243243,0.10493827160493827,8 6 5 4 1 3 10 7 9 2
450,Instances_highcost_H6/abs5n10,4,10,1368.0,1480.0,0.9243243243243243,0.10493827160493827,8 6 5 4 1 3 10 7 9 2
450,Instances_highcost_H6/abs5n10,5,5,1184.0,1184.0,1.0,0.0,8 6 4 10 7
450,Instances_highcost_H6/abs5n15,0,0,0.0,0.0,nan,nan,
450,Instances_highcost_H6/abs5n15,1,9,1393.0,1221.0,1.140868140868141,0.05625,9 15 3 6 5 2 13 8 1
450,Instances_highcost_H6/abs5n15,2,15,1748.0,1469.0,1.189925119128659,0.08690476190476192,10 7 8 12 11 13 2 5 4 6 3 15 9 1 14
450,Instances_highcost_H6/abs5n15,3,15,1748.0,1469.0,1.189925119128659,0.08690476190476192,10 7 8 12 11 13 2 5 4 6 3 15 9 1 14
450,Instances_highcost_H6/abs5n15,4,15,1748.0,1469.0,1.189925119128659,0.08690476190476192,10 7 8 12 11 13 2 5 4 6 3 15 9 1 14
450,Instances_highcost_H6/abs5n15,5,9,1393.0,1221.0,1.140868140868141,0.05625,9 15 3 6 5 2 13 8 1
450,Instances_highcost_H6/abs5n20,0,0,0.0,0.0,nan,nan,
450,Instances_highcost_H6/abs5n20,1,11,1588.0,1535.0,1.0345276872964169,0.13333333333333333,19 14 18 8 3 1 20 12 11 10 4
450,Instances_highcost_H6/abs5n20,2,20,2231.0,2221.0,1.0045024763619992,0.04035087719298245,19 17 5 18 8 13 3 1 20 12 15 7 11 10 9 6 2 4 16 14
450,Instances_highcost_H6/abs5n20,3,20,2609.0,2221.0,1.174696082845565,0.07963675900982403,19 17 18 5 14 16 4 6 9 10 11 20 12 15 7 3 1 2 8 13
450,Instances_highcost_H6/abs5n20,4,20,2231.0,2221.0,1.0045024763619992,0.04035087719298245,19 17 5 18 8 13 3 1 20 12 15 7 11 10 9 6 2 4 16 14
450,Instances_highcost_H6/abs5n20,5,11,1588.0,1535.0,1.0345276872964169,0.13333333333333333,19 14 18 8 3 1 20 12 11 10 4
450,Instances_highcost_H6/abs5n25,0,0,0.0,0.0,nan,nan,
450,Instances_highcost_H6/abs5n25,1,11,1401.0,1325.0,1.0573584905660378,0.05,13 5 21 15 16 14 7 24 9 3 6
450,Instances_highcost_H6/abs5n25,2,25,2436.0,2284.0,1.0665499124343258,0.04921207264957265,2 11 5 20 1 13 17 6 3 19 9 24 7 18 8 4 22 25 10 21 15 16 14 12 23
450,Instances_highcost_H6/abs5n25,3,25,2436.0,2284.0,1.0665499124343258,0.04921207264957265,2 11 5 20 1 13 17 6 3 19 9 24 7 18 8 4 22 25 10 21 15 16 14 12 23
450,Instances_highcost_H6/abs5n25,4,25,2419.0,2284.0,1.0591068301225919,0.06310096153846154,2 11 5 20 1 13 17 6 3 19 9 24 7 18 8 4 22 25 10 21 15 12 14 16 23
450,Instances_highcost_H6/abs5n25,5,11,1441.0,1325.0,1.0875471698113208,0.024285714285714285,5 13 6 3 9 24 7 14 16 15 21
450,Instances_highcost_H6/abs5n30,0,0,0.0,0.0,nan,nan,
450,Instances_highcost_H6/abs5n30,1,15,1960.0,1742.0,1.1251435132032146,0.08996598639455781,1 24 10 28 11 30 27 9 8 29 4 2 19 25 16
450,Instances_highcost_H6/abs5n30,2,30,2462.0,2221.0,1.1085096803241783,0.0490373505808286,1 26 24 20 3 11 28 10 7 23 16 14 8 9 13 4 22 29 21 2 18 5 12 27 15 30 17 6 25 19
450,Instances_highcost_H6/abs5n30,3,30,2868.0,2221.0,1.2913102206213418,0.04457164964080291,1 26 20 24 10 7 28 11 3 30 17 15 6 25 14 16 19 27 18 2 13 4 22 29 21 9 8 12 5 23
450,Instances_highcost_H6/abs5n30,4,30,2907.0,2221.0,1.3088698784331383,0.04467247642039556,1 26 20 24 10 7 28 11 3 30 15 17 6 25 14 16 19 27 18 2 29 4 22 13 21 9 8 12 5 23
450,Instances_highcost_H6/abs5n30,5,15,1861.0,1742.0,1.0683122847301951,0.06547619047619048,1 24 10 28 11 30 27 2 29 4 9 8 19 25 16
450,Instances_highcost_H6/abs5n5,0,0,0.0,0.0,nan,nan,
450,Instances_highcost_H6/abs5n5,1,1,278.0,278.0,1.0,nan,4
450,Instances_highcost_H6/abs5n5,2,5,866.0,865.0,1.001156069364162,0.25,3 4 5 2 1
450,Instances_highcost_H6/abs5n5,3,5,978.0,865.0,1.130635838150289,0.0625,1 4 3 5 2
450,Instances_highcost_H6/abs5n5,4,5,866.0,865.0,1.001156069364162,0.25,3 4 5 2 1
450,Instances_highcost_H6/abs5n5,5,1,278.0,278.0,1.0,nan,4
450,Instances_lowcost_H3/abs5n10,0,0,0.0,0.0,nan,nan,
450,Instances_lowcost_H3/abs5n10,1,5,1184.0,1184.0,1.0,0.0,8 6 4 10 7
450,Instances_lowcost_H3/abs5n10,2,10,1368.0,1480.0,0.9243243243243243,0.10493827160493827,8 6 5 4 1 3 10 7 9 2
450,Instances_lowcost_H3/abs5n15,0,0,0.0,0.0,nan,nan,
450,Instances_lowcost_H3/abs5n15,1,9,1393.0,1221.0,1.140868140868141,0.05625,9 15 3 6 5 2 13 8 1
450,Instances_lowcost_H3/abs5n15,2,15,1748.0,1469.0,1.189925119128659,0.08690476190476192,10 7 8 12 11 13 2 5 4 6 3 15 9 1 14
450,Instances_lowcost_H3/abs5n20,0,0,0.0,0.0,nan,nan,
450,Instances_lowcost_H3/abs5n20,1,11,1588.0,1535.0,1.0345276872964169,0.13333333333333333,19 14 18 8 3 1 20 12 11 10 4
450,Instances_lowcost_H3/abs5n20,2,20,2231.0,2221.0,1.0045024763619992,0.04035087719298245,19 17 5 18 8 13 3 1 20 12 15 7 11 10 9 6 2 4 16 14
450,Instances_lowcost_H3/abs5n25,0,0,0.0,0.0,nan,nan,
450,Instances_lowcost_H3/abs5n25,1,11,1401.0,1325.0,1.0573584905660378,0.05,13 5 21 15 16 14 7 24 9 3 6
450,Instances_lowcost_H3/abs5n25,2,25,2436.0,2284.0,1.0665499124343258,0.04921207264957265,2 11 5 20 1 13 17 6 3 19 9 24 7 18 8 4 22 25 10 21 15 16 14 12 23
450,Instances_lowcost_H3/abs5n30,0,0,0.0,0.0,nan,nan,
450,Instances_lowcost_H3/abs5n30,1,15,1960.0,1742.0,1.1251435132032146,0.08996598639455781,1 24 10 28 11 30 27 9 8 29 4 2 19 25 16
450,Instances_lowcost_H3/abs5n30,2,30,2462.0,2221.0,1.1085096803241783,0.0490373505808286,1 26 24 20 3 11 28 10 7 23 16 14 8 9 13 4 22 29 21 2 18 5 12 27 15 30 17 6 25 19
450,Instances_lowcost_H3/abs5n35,0,0,0.0,0.0,nan,nan,
450,Instances_lowcost_H3/abs5n35,1,17,2221.0,2125.0,1.0451764705882354,0.08572677322677323,28 32 35 14 20 25 6 3 30 22 24 5 11 23 4 34 19
450,Instances_lowcost_H3/abs5n35,2,35,2800.0,2679.0,1.0451661067562523,0.028627034729975902,10 28 1 18 21 33 2 13 15 34 4 9 23 3 6 25 7 20 14 31 16 27 35 32 24 22 26 30 29 17 11 12 5 8 19
450,Instances_lowcost_H3/abs5n40,0,0,0.0,0.0,nan,nan,
450,Instances_lowcost_H3/abs5n40,1,20,2179.0,2058.0,1.0587949465500486,0.06090497140684529,6 18 30 19 9 15 33 40 29 1 20 37 14 39 17 34 27 35 23 25
450,Instances_lowcost_H3/abs5n40,2,40,2958.0,2647.0,1.117491499811107,0.04171385998938821,6 4 30 31 13 3 38 19 9 32 15 33 24 40 5 10 28 21 27 36 35 23 11 26 39 17 34 18 8 25 22 14 12 37 7 29 16 1 20 2
450,Instances_lowcost_H3/abs5n45,0,0,0.0,0.0,nan,nan,
450,Instances_lowcost_H3/abs5n45,1,25,2415.0,2092.0,1.154397705544933,0.11408376893574262,28 1 18 24 34 15 4 39 38 41 32 10 43 45 30 14 22 9 25 29 35 37 20 12 13
450,Instances_lowcost_H3/abs5n45,2,45,2936.0,2475.0,1.1862626262626264,0.051981939216307345,28 1 37 35 8 20 29 12 18 11 24 44 17 34 31 7 26 2 19 38 3 23 41 36 5 14 30 22 42 32 10 43 45 39 16 15 4 33 9 6 27 13 25 21 40
450,Instances_lowcost_H3/abs5n5,0,0,0.0,0.0,nan,nan,
450,Instances_lowcost_H3/abs5n5,1,1,278.0,278.0,1.0,nan,4
450,Instances_lowcost_H3/abs5n5,2,5,866.0,865.0,1.001156069364162,0.25,3 4 5 2 1
450,Instances_lowcost_H3/abs5n50,0,0,0.0,0.0,nan,nan,
450,Instances_lowcost_H3/abs5n50,1,27,2347.0,2275.0,1.0316483516483517,0.03134989095543886,33 32 50 44 4 13 20 36 5 25 7 34 27 24 40 8 19 29 15 46 10 38 47 9 17 30 23
450,Instances_lowcost_H3/abs5n50,2,50,3395.0,3165.0,1.0726698262243286,0.046347895756835934,45 33 41 32 26 44 31 4 49 13 20 42 48 12 36 5 39 14 25 34 7 27 24 1 40 8 19 21 16 2 15 3 46 6 10 18 38 11 29 17 30 23 50 28 37 35 43 9 47 22
450,Instances_lowcost_H6/abs5n10,0,0,0.0,0.0,nan,nan,
450,Instances_lowcost_H6/abs5n10,1,5,1184.0,1184.0,1.0,0.0,8 6 4 10 7
450,Instances_lowcost_H6/abs5n10,2,10,1368.0,1480.0,0.9243243243243243,0.10493827160493827,8 6 5 4 1 3 10 7 9 2
450,Instances_lowcost_H6/abs5n10,3,10,1368.0,1480.0,0.9243243243243243,0.10493827160493827,8 6 5 4 1 3 10 7 9 2
450,Instances_lowcost_H6/abs5n10,4,10,1368.0,1480.0,0.9243243243243243,0.10493827160493827,8 6 5 4 1 3 10 7 9 2
450,Instances_lowcost_H6/abs5n10,5,5,1184.0,1184.0,1.0,0.0,8 6 4 10 7
450,Instances_lowcost_H6/abs5n15,0,0,0.0,0.0,nan,nan,
450,Instances_lowcost_H6/abs5n15,1,9,1393.0,1221.0,1.140868140868141,0.05625,9 15 3 6 5 2 13 8 1
450,Instances_lowcost_H6/abs5n15,2,15,1748.0,1469.0,1.189925119128659,0.08690476190476192,10 7 8 12 11 13 2 5 4 6 3 15 9 1 14
450,Instances_lowcost_H6/abs5n15,3,15,1748.0,1469.0,1.189925119128659,0.08690476190476192,10 7 8 12 11 13 2 5 4 6 3 15 9 1 14
450,Instances_lowcost_H6/abs5n15,4,15,1748.0,1469.0,1.189925119128659,0.08690476190476192,10 7 8 12 11 13 2 5 4 6 3 15 9 1 14
450,Instances_lowcost_H6/abs5n15,5,9,1393.0,1221.0,1.140868140868141,0.05625,9 15 3 6 5 2 13 8 1
450,Instances_lowcost_H6/abs5n20,0,0,0.0,0.0,nan,nan,
450,Instances_lowcost_H6/abs5n20,1,11,1588.0,1535.0,1.0345276872964169,0.13333333333333333,19 14 18 8 3 1 20 12 11 10 4
450,Instances_lowcost_H6/abs5n20,2,20,2231.0,2221.0,1.0045024763619992,0.04035087719298245,19 17 5 18 8 13 3 1 20 12 15 7 11 10 9 6 2 4 16 14
450,Instances_lowcost_H6/abs5n20,3,20,2609.0,2221.0,1.174696082845565,0.07963675900982403,19 17 18 5 14 16 4 6 9 10 11 20 12 15 7 3 1 2 8 13
450,Instances_lowcost_H6/abs5n20,4,20,2231.0,2221.0,1.0045024763619992,0.04035087719298245,19 17 5 18 8 13 3 1 20 12 15 7 11 10 9 6 2 4 16 14
450,Instances_lowcost_H6/abs5n20,5,11,1588.0,1535.0,1.0345276872964169,0.13333333333333333,19 14 18 8 3 1 20 12 11 10 4
450,Instances_lowcost_H6/abs5n25,0,0,0.0,0.0,nan,nan,
450,Instances_lowcost_H6/abs5n25,1,11,1401.0,1325.0,1.0573584905660378,0.05,13 5 21 15 16 14 7 24 9 3 6
450,Instances_lowcost_H6/abs5n25,2,25,2436.0,2284.0,1.0665499124343258,0.04921207264957265,2 11 5 20 1 13 17 6 3 19 9 24 7 18 8 4 22 25 10 21 15 16 14 12 23
450,Instances_lowcost_H6/abs5n25,3,25,2436.0,2284.0,1.0665499124343258,0.04921207264957265,2 11 5 20 1 13 17 6 3 19 9 24 7 18 8 4 22 25 10 21 15 16 14 12 23
450,Instances_lowcost_H6/abs5n25,4,25,2419.0,2284.0,1.0591068301225919,0.06310096153846154,2 11 5 20 1 13 17 6 3 19 9 24 7 18 8 4 22 25 10 21 15 12 14 16 23
450,Instances_lowcost_H6/abs5n25,5,11,1441.0,1325.0,1.0875471698113208,0.024285714285714285,5 13 6 3 9 24 7 14 16 15 21
450,Instances_lowcost_H6/abs5n30,0,0,0.0,0.0,nan,nan,
450,Instances_lowcost_H6/abs5n30,1,15,1960.0,1742.0,1.1251435132032146,0.08996598639455781,1 24 10 28 11 30 27 9 8 29 4 2 19 25 16
450,Instances_lowcost_H6/abs5n30,2,30,2462.0,2221.0,1.1085096803241783,0.0490373505808286,1 26 24 20 3 11 28 10 7 23 16 14 8 9 13 4 22 29 21 2 18 5 12 27 15 30 17 6 25 19
450,Instances_lowcost_H6/abs5n30,3,30,2868.0,2221.0,1.2913102206213418,0.04457164964080291,1 26 20 24 10 7 28 11 3 30 17 15 6 25 14 16 19 27 18 2 13 4 22 29 21 9 8 12 5 23
450,Instances_lowcost_H6/abs5n30,4,30,2907.0,2221.0,1.3088698784331383,0.04467247642039556,1 26 20 24 10 7 28 11 3 30 15 17 6 25 14 16 19 27 18 2 29 4 22 13 21 9 8 12 5 23
450,Instances_lowcost_H6/abs5n30,5,15,1861.0,1742.0,1.0683122847301951,0.06547619047619048,1 24 10 28 11 30 27 2 29 4 9 8 19 25 16
450,Instances_lowcost_H6/abs5n5,0,0,0.0,0.0,nan,nan,
450,Instances_lowcost_H6/abs5n5,1,1,278.0,278.0,1.0,nan,4
450,Instances_lowcost_H6/abs5n5,2,5,866.0,865.0,1.001156069364162,0.25,3 4 5 2 1
450,Instances_lowcost_H6/abs5n5,3,5,978.0,865.0,1.130635838150289,0.0625,1 4 3 5 2
450,Instances_lowcost_H6/abs5n5,4,5,866.0,865.0,1.001156069364162,0.25,3 4 5 2 1
450,Instances_lowcost_H6/abs5n5,5,1,278.0,278.0,1.0,nan,4
475,Instances_highcost_H3/abs5n10,0,0,0.0,0.0,nan,nan,
475,Instances_highcost_H3/abs5n10,1,5,1184.0,1184.0,1.0,0.0,8 6 4 10 7
475,Instances_highcost_H3/abs5n10,2,10,1368.0,1480.0,0.9243243243243243,0.10493827160493827,8 6 5 4 1 3 10 7 9 2
475,Instances_highcost_H3/abs5n15,0,0,0.0,0.0,nan,nan,
475,Instances_highcost_H3/abs5n15,1,9,1393.0,1221.0,1.140868140868141,0.05625,9 15 3 6 5 2 13 8 1
475,Instances_highcost_H3/abs5n15,2,15,1748.0,1469.0,1.189925119128659,0.08690476190476192,10 7 8 12 11 13 2 5 4 6 3 15 9 1 14
475,Instances_highcost_H3/abs5n20,0,0,0.0,0.0,nan,nan,
475,Instances_highcost_H3/abs5n20,1,11,1588.0,1535.0,1.0345276872964169,0.13333333333333333,19 14 18 8 3 1 20 12 11 10 4
475,Instances_highcost_H3/abs5n20,2,20,2609.0,2221.0,1.174696082845565,0.07963675900982403,19 17 18 5 14 16 4 6 9 10 11 20 12 15 7 3 1 2 8 13
475,Instances_highcost_H3/abs5n25,0,0,0.0,0.0,nan,nan,
475,Instances_highcost_H3/abs5n25,1,11,1441.0,1325.0,1.0875471698113208,0.024285714285714285,5 13 6 3 9 24 7 14 16 15 21
475,Instances_highcost_H3/abs5n25,2,25,2436.0,2284.0,1.0665499124343258,0.04921207264957265,2 11 5 20 1 13 17 6 3 19 9 24 7 18 8 4 22 25 10 21 15 16 14 12 23
475,Instances_highcost_H3/abs5n30,0,0,0.0,0.0,nan,nan,
475,Instances_highcost_H3/abs5n30,1,15,1960.0,1742.0,1.1251435132032146,0.08996598639455781,1 24 10 28 11 30 27 9 8 29 4 2 19 25 16
475,Instances_highcost_H3/abs5n30,2,30,2672.0,2221.0,1.2030616839261594,0.047690891440704375,1 26 24 20 3 11 10 7 28 30 17 15 6 25 19 14 16 23 12 27 18 2 13 4 22 29 21 9 8 5
475,Instances_highcost_H3/abs5n35,0,0,0.0,0.0,nan,nan,
475,Instances_highcost_H3/abs5n35,1,17,2221.0,2125.0,1.0451764705882354,0.08572677322677323,28 32 35 14 20 25 6 3 30 22 24 5 11 23 4 34 19
475,Instances_highcost_H3/abs5n35,2,35,2791.0,2679.0,1.04180664427025,0.029262060987839535,10 28 1 18 21 33 2 13 8 19 34 4 15 9 23 12 17 29 26 7 20 14 31 16 27 35 32 24 22 30 3 6 25 11 5
475,Instances_highcost_H3/abs5n40,0,0,0.0,0.0,nan,nan,
475,Instances_highcost_H3/abs5n40,1,20,2246.0,2058.0,1.0913508260447036,0.05371391684736968,6 18 30 19 25 17 34 27 35 23 29 1 20 33 15 40 9 37 14 39
475,Instances_highcost_H3/abs5n40,2,40,2991.0,2647.0,1.129958443520967,0.04920892902291878,6 4 30 31 13 3 38 19 9 32 15 33 24 40 5 10 28 21 27 36 35 23 11 26 34 18 8 25 17 39 22 14 12 37 7 29 16 1 20 2
475,Instances_highcost_H3/abs5n45,0,0,0.0,0.0,nan,nan,
475,Instances_highcost_H3/abs5n45,1,25,2284.0,2092.0,1.0917782026768643,0.07973176311992101,28 1 18 24 34 37 35 20 29 12 25 13 9 22 30 14 41 38 10 43 45 32 39 15 4
475,Instances_highcost_H3/abs5n45,2,45,2949.0,2475.0,1.1915151515151514,0.058182926736786045,28 1 37 35 8 20 29 12 25 13 27 21 40 6 9 33 26 17 24 44 11 34 31 7 18 2 19 38 3 23 41 36 5 30 14 22 42 32 10 43 45 39 16 15 4
475,Instances_highcost_H3/abs5n5,0,0,0.0,0.0,nan,nan,
475,Instances_highcost_H3/abs5n5,1,1,278.0,278.0,1.0,nan,4
475,Instances_highcost_H3/abs5n5,2,5,866.0,865.0,1.001156069364162,0.25,3 4 5 2 1
475,Instances_highcost_H3/abs5n50,0,0,0.0,0.0,nan,nan,
475,Instances_highcost_H3/abs5n50,1,27,2434.0,2275.0,1.06989010989011,0.07461912172466963,33 32 50 44 4 13 20 36 5 25 34 7 27 24 40 8 19 29 15 46 10 38 47 9 17 23 30
475,Instances_highcost_H3/abs5n50,2,50,3415.0,3165.0,1.0789889415481833,0.020795339736776917,33 45 26 44 31 4 37 50 32 41 23 30 17 43 28 35 9 47 11 29 2 27 34 7 25 14 39 5 6 10 46 18 3 15 16 24 1 40 8 19 21 38 22 48 42 20 12 36 13 49
475,Instances_highcost_H6/abs5n10,0,0,0.0,0.0,nan,nan,
475,Instances_highcost_H6/abs5n10,1,5,1184.0,1184.0,1.0,0.0,8 6 4 10 7
475,Instances_highcost_H6/abs5n10,2,10,1368.0,1480.0,0.9243243243243243,0.10493827160493827,8 6 5 4 1 3 10 7 9 2
475,Instances_highcost_H6/abs5n10,3,10,1368.0,1480.0,0.9243243243243243,0.10493827160493827,8 6 5 4 1 3 10 7 9 2
475,Instances_highcost_H6/abs5n10,4,10,1368.0,1480.0,0.9243243243243243,0.10493827160493827,8 6 5 4 1 3 10 7 9 2
475,Instances_highcost_H6/abs5n10,5,5,1184.0,1184.0,1.0,0.0,8 6 4 10 7
475,Instances_highcost_H6/abs5n15,0,0,0.0,0.0,nan,nan,
475,Instances_highcost_H6/abs5n15,1,9,1393.0,1221.0,1.140868140868141,0.05625,9 15 3 6 5 2 13 8 1
475,Instances_highcost_H6/abs5n15,2,15,1748.0,1469.0,1.189925119128659,0.08690476190476192,10 7 8 12 11 13 2 5 4 6 3 15 9 1 14
475,Instances_highcost_H6/abs5n15,3,15,1748.0,1469.0,1.189925119128659,0.08690476190476192,10 7 8 12 11 13 2 5 4 6 3 15 9 1 14
475,Instances_highcost_H6/abs5n15,4,15,1641.0,1469.0,1.1170864533696392,0.05714285714285715,10 7 8 12 11 13 2 5 4 6 14 3 15 9 1
475,Instances_highcost_H6/abs5n15,5,9,1393.0,1221.0,1.140868140868141,0.05625,9 15 3 6 5 2 13 8 1
475,Instances_highcost_H6/abs5n20,0,0,0.0,0.0,nan,nan,
475,Instances_highcost_H6/abs5n20,1,11,1588.0,1535.0,1.0345276872964169,0.13333333333333333,19 14 18 8 3 1 20 12 11 10 4
475,Instances_highcost_H6/abs5n20,2,20,2609.0,2221.0,1.174696082845565,0.07963675900982403,19 17 18 5 14 16 4 6 9 10 11 20 12 15 7 3 1 2 8 13
475,Instances_highcost_H6/abs5n20,3,20,2609.0,2221.0,1.174696082845565,0.07963675900982403,19 17 18 5 14 16 4 6 9 10 11 20 12 15 7 3 1 2 8 13
475,Instances_highcost_H6/abs5n20,4,20,2231.0,2221.0,1.0045024763619992,0.04035087719298245,19 17 5 18 8 13 3 1 20 12 15 7 11 10 9 6 2 4 16 14
475,Instances_highcost_H6/abs5n20,5,11,1588.0,1535.0,1.0345276872964169,0.13333333333333333,19 14 18 8 3 1 20 12 11 10 4
475,Instances_highcost_H6/abs5n25,0,0,0.0,0.0,nan,nan,
475,Instances_highcost_H6/abs5n25,1,11,1441.0,1325.0,1.0875471698113208,0.024285714285714285,5 13 6 3 9 24 7 14 16 15 21
475,Instances_highcost_H6/abs5n25,2,25,2436.0,2284.0,1.0665499124343258,0.04921207264957265,2 11 5 20 1 13 17 6 3 19 9 24 7 18 8 4 22 25 10 21 15 16 14 12 23
475,Instances_highcost_H6/abs5n25,3,25,2436.0,2284.0,1.0665499124343258,0.04921207264957265,2 11 5 20 1 13 17 6 3 19 9 24 7 18 8 4 22 25 10 21 15 16 14 12 23
475,Instances_highcost_H6/abs5n25,4,25,2436.0,2284.0,1.0665499124343258,0.04921207264957265,2 11 5 20 1 13 17 6 3 19 9 24 7 18 8 4 22 25 10 21 15 16 14 12 23
475,Instances_highcost_H6/abs5n25,5,11,1441.0,1325.0,1.0875471698113208,0.024285714285714285,5 13 6 3 9 24 7 14 16 15 21
475,Instances_highcost_H6/abs5n30,0,0,0.0,0.0,nan,nan,
475,Instances_highcost_H6/abs5n30,1,15,1960.0,1742.0,1.1251435132032146,0.08996598639455781,1 24 10 28 11 30 27 9 8 29 4 2 19 25 16
475,Instances_highcost_H6/abs5n30,2,30,2672.0,2221.0,1.2030616839261594,0.047690891440704375,1 26 24 20 3 11 10 7 28 30 17 15 6 25 19 14 16 23 12 27 18 2 13 4 22 29 21 9 8 5
475,Instances_highcost_H6/abs5n30,3,30,2672.0,2221.0,1.2030616839261594,0.047690891440704375,1 26 24 20 3 11 10 7 28 30 17 15 6 25 19 14 16 23 12 27 18 2 13 4 22 29 21 9 8 5
475,Instances_highcost_H6/abs5n30,4,30,2579.0,2221.0,1.1611886537595677,0.05733995884839247,1 26 24 20 3 11 10 7 28 30 17 15 6 25 16 19 14 8 9 13 4 22 29 21 2 18 5 12 27 23
475,Instances_highcost_H6/abs5n30,5,15,1960.0,1742.0,1.1251435132032146,0.08996598639455781,1 24 10 28 11 30 27 9 8 29 4 2 19 25 16
475,Instances_highcost_H6/abs5n5,0,0,0.0,0.0,nan,nan,
475,Instances_highcost_H6/abs5n5,1,1,278.0,278.0,1.0,nan,4
475,Instances_highcost_H6/abs5n5,2,5,866.0,865.0,1.001156069364162,0.25,3 4 5 2 1
475,Instances_highcost_H6/abs5n5,3,5,978.0,865.0,1.130635838150289,0.0625,1 4 3 5 2
475,Instances_highcost_H6/abs5n5,4,5,1033.0,865.0,1.1942196531791907,0.125,3 4 1 5 2
475,Instances_highcost_H6/abs5n5,5,1,278.0,278.0,1.0,nan,4
475,Instances_lowcost_H3/abs5n10,0,0,0.0,0.0,nan,nan,
475,Instances_lowcost_H3/abs5n10,1,5,1184.0,1184.0,1.0,0.0,8 6 4 10 7
475,Instances_lowcost_H3/abs5n10,2,10,1368.0,1480.0,0.9243243243243243,0.10493827160493827,8 6 5 4 1 3 10 7 9 2
475,Instances_lowcost_H3/abs5n15,0,0,0.0,0.0,nan,nan,
475,Instances_lowcost_H3/abs5n15,1,9,1393.0,1221.0,1.140868140868141,0.05625,9 15 3 6 5 2 13 8 1
475,Instances_lowcost_H3/abs5n15,2,15,1748.0,1469.0,1.189925119128659,0.08690476190476192,10 7 8 12 11 13 2 5 4 6 3 15 9 1 14
475,Instances_lowcost_H3/abs5n20,0,0,0.0,0.0,nan,nan,
475,Instances_lowcost_H3/abs5n20,1,11,1588.0,1535.0,1.0345276872964169,0.13333333333333333,19 14 18 8 3 1 20 12 11 10 4
475,Instances_lowcost_H3/abs5n20,2,20,2609.0,2221.0,1.174696082845565,0.07963675900982403,19 17 18 5 14 16 4 6 9 10 11 20 12 15 7 3 1 2 8 13
475,Instances_lowcost_H3/abs5n25,0,0,0.0,0.0,nan,nan,
475,Instances_lowcost_H3/abs5n25,1,11,1441.0,1325.0,1.0875471698113208,0.024285714285714285,5 13 6 3 9 24 7 14 16 15 21
475,Instances_lowcost_H3/abs5n25,2,25,2436.0,2284.0,1.0665499124343258,0.04921207264957265,2 11 5 20 1 13 17 6 3 19 9 24 7 18 8 4 22 25 10 21 15 16 14 12 23
475,Instances_lowcost_H3/abs5n30,0,0,0.0,0.0,nan,nan,
475,Instances_lowcost_H3/abs5n30,1,15,1960.0,1742.0,1.1251435132032146,0.08996598639455781,1 24 10 28 11 30 27 9 8 29 4 2 19 25 16
475,Instances_lowcost_H3/abs5n30,2,30,2672.0,2221.0,1.2030616839261594,0.047690891440704375,1 26 24 20 3 11 10 7 28 30 17 15 6 25 19 14 16 23 12 27 18 2 13 4 22 29 21 9 8 5
475,Instances_lowcost_H3/abs5n35,0,0,0.0,0.0,nan,nan,
475,Instances_lowcost_H3/abs5n35,1,17,2221.0,2125.0,1.0451764705882354,0.08572677322677323,28 32 35 14 20 25 6 3 30 22 24 5 11 23 4 34 19
475,Instances_lowcost_H3/abs5n35,2,35,2791.0,2679.0,1.04180664427025,0.029262060987839535,10 28 1 18 21 33 2 13 8 19 34 4 15 9 23 12 17 29 26 7 20 14 31 16 27 35 32 24 22 30 3 6 25 11 5
475,Instances_lowcost_H3/abs5n40,0,0,0.0,0.0,nan,nan,
475,Instances_lowcost_H3/abs5n40,1,20,2246.0,2058.0,1.0913508260447036,0.05371391684736968,6 18 30 19 25 17 34 27 35 23 29 1 20 33 15 40 9 37 14 39
475,Instances_lowcost_H3/abs5n40,2,40,2991.0,2647.0,1.129958443520967,0.04920892902291878,6 4 30 31 13 3 38 19 9 32 15 33 24 40 5 10 28 21 27 36 35 23 11 26 34 18 8 25 17 39 22 14 12 37 7 29 16 1 20 2
475,Instances_lowcost_H3/abs5n45,0,0,0.0,0.0,nan,nan,
475,Instances_lowcost_H3/abs5n45,1,25,2284.0,2092.0,1.0917782026768643,0.07973176311992101,28 1 18 24 34 37 35 20 29 12 25 13 9 22 30 14 41 38 10 43 45 32 39 15 4
475,Instances_lowcost_H3/abs5n45,2,45,2949.0,2475.0,1.1915151515151514,0.058182926736786045,28 1 37 35 8 20 29 12 25 13 27 21 40 6 9 33 26 17 24 44 11 34 31 7 18 2 19 38 3 23 41 36 5 30 14 22 42 32 10 43 45 39 16 15 4
475,Instances_lowcost_H3/abs5n5,0,0,0.0,0.0,nan,nan,
475,Instances_lowcost_H3/abs5n5,1,1,278.0,278.0,1.0,nan,4
475,Instances_lowcost_H3/abs5n5,2,5,866.0,865.0,1.001156069364162,0.25,3 4 5 2 1
475,Instances_lowcost_H3/abs5n50,0,0,0.0,0.0,nan,nan,
475,Instances_lowcost_H3/abs5n50,1,27,2434.0,2275.0,1.06989010989011,0.07461912172466963,33 32 50 44 4 13 20 36 5 25 34 7 27 24 40 8 19 29 15 46 10 38 47 9 17 23 30
475,Instances_lowcost_H3/abs5n50,2,50,3415.0,3165.0,1.0789889415481833,0.020795339736776917,33 45 26 44 31 4 37 50 32 41 23 30 17 43 28 35 9 47 11 29 2 27 34 7 25 14 39 5 6 10 46 18 3 15 16 24 1 40 8 19 21 38 22 48 42 20 12 36 13 49
475,Instances_lowcost_H6/abs5n10,0,0,0.0,0.0,nan,nan,
475,Instances_lowcost_H6/abs5n10,1,5,1184.0,1184.0,1.0,0.0,8 6 4 10 7
475,Instances_lowcost_H6/abs5n10,2,10,1368.0,1480.0,0.9243243243243243,0.10493827160493827,8 6 5 4 1 3 10 7 9 2
475,Instances_lowcost_H6/abs5n10,3,10,1368.0,1480.0,0.9243243243243243,0.10493827160493827,8 6 5 4 1 3 10 7 9 2
475,Instances_lowcost_H6/abs5n10,4,10,1368.0,1480.0,0.9243243243243243,0.10493827160493827,8 6 5 4 1 3 10 7 9 2
475,Instances_lowcost_H6/abs5n10,5,5,1184.0,1184.0,1.0,0.0,8 6 4 10 7
475,Instances_lowcost_H6/abs5n15,0,0,0.0,0.0,nan,nan,
475,Instances_lowcost_H6/abs5n15,1,9,1393.0,1221.0,1.140868140868141,0.05625,9 15 3 6 5 2 13 8 1
475,Instances_lowcost_H6/abs5n15,2,15,1748.0,1469.0,1.189925119128659,0.08690476190476192,10 7 8 12 11 13 2 5 4 6 3 15 9 1 14
475,Instances_lowcost_H6/abs5n15,3,15,1748.0,1469.0,1.189925119128659,0.08690476190476192,10 7 8 12 11 13 2 5 4 6 3 15 9 1 14
475,Instances_lowcost_H6/abs5n15,4,15,1641.0,1469.0,1.1170864533696392,0.05714285714285715,10 7 8 12 11 13 2 5 4 6 14 3 15 9 1
475,Instances_lowcost_H6/abs5n15,5,9,1393.0,1221.0,1.140868140868141,0.05625,9 15 3 6 5 2 13 8 1
475,Instances_lowcost_H6/abs5n20,0,0,0.0,0.0,nan,nan,
475,Instances_lowcost_H6/abs5n20,1,11,1588.0,1535.0,1.0345276872964169,0.13333333333333333,19 14 18 8 3 1 20 12 11 10 4
475,Instances_lowcost_H6/abs5n20,2,20,2609.0,2221.0,1.174696082845565,0.07963675900982403,19 17 18 5 14 16 4 6 9 10 11 20 12 15 7 3 1 2 8 13
475,Instances_lowcost_H6/abs5n20,3,20,2609.0,2221.0,1.174696082845565,0.07963675900982403,19 17 18 5 14 16 4 6 9 10 11 20 12 15 7 3 1 2 8 13
475,Instances_lowcost_H6/abs5n20,4,20,2231.0,2221.0,1.0045024763619992,0.04035087719298245,19 17 5 18 8 13 3 1 20 12 15 7 11 10 9 6 2 4 16 14
475,Instances_lowcost_H6/abs5n20,5,11,1588.0,1535.0,1.0345276872964169,0.13333333333333333,19 14 18 8 3 1 20 12 11 10 4
475,Instances_lowcost_H6/abs5n25,0,0,0.0,0.0,nan,nan,
475,Instances_lowcost_H6/abs5n25,1,11,1441.0,1325.0,1.0875471698113208,0.024285714285714285,5 13 6 3 9 24 7 14 16 15 21
475,Instances_lowcost_H6/abs5n25,2,25,2436.0,2284.0,1.0665499124343258,0.04921207264957265,2 11 5 20 1 13 17 6 3 19 9 24 7 18 8 4 22 25 10 21 15 16 14 12 23
475,Instances_lowcost_H6/abs5n25,3,25,2436.0,2284.0,1.0665499124343258,0.04921207264957265,2 11 5 20 1 13 17 6 3 19 9 24 7 18 8 4 22 25 10 21 15 16 14 12 23
475,Instances_lowcost_H6/abs5n25,4,25,2436.0,2284.0,1.0665499124343258,0.04921207264957265,2 11 5 20 1 13 17 6 3 19 9 24 7 18 8 4 22 25 10 21 15 16 14 12 23
475,Instances_lowcost_H6/abs5n25,5,11,1441.0,1325.0,1.0875471698113208,0.024285714285714285,5 13 6 3 9 24 7 14 16 15 21
475,Instances_lowcost_H6/abs5n30,0,0,0.0,0.0,nan,nan,
475,Instances_lowcost_H6/abs5n30,1,15,1960.0,1742.0,1.1251435132032146,0.08996598639455781,1 24 10 28 11 30 27 9 8 29 4 2 19 25 16
475,Instances_lowcost_H6/abs5n30,2,30,2672.0,2221.0,1.2030616839261594,0.047690891440704375,1 26 24 20 3 11 10 7 28 30 17 15 6 25 19 14 16 23 12 27 18 2 13 4 22 29 21 9 8 5
475,Instances_lowcost_H6/abs5n30,3,30,2672.0,2221.0,1.2030616839261594,0.047690891440704375,1 26 24 20 3 11 10 7 28 30 17 15 6 25 19 14 16 23 12 27 18 2 13 4 22 29 21 9 8 5
475,Instances_lowcost_H6/abs5n30,4,30,2579.0,2221.0,1.1611886537595677,0.05733995884839247,1 26 24 20 3 11 10 7 28 30 17 15 6 25 16 19 14 8 9 13 4 22 29 21 2 18 5 12 27 23
475,Instances_lowcost_H6/abs5n30,5,15,1960.0,1742.0,1.1251435132032146,0.08996598639455781,1 24 10 28 11 30 27 9 8 29 4 2 19 25 16
475,Instances_lowcost_H6/abs5n5,0,0,0.0,0.0,nan,nan,
475,Instances_lowcost_H6/abs5n5,1,1,278.0,278.0,1.0,nan,4
475,Instances_lowcost_H6/abs5n5,2,5,866.0,865.0,1.001156069364162,0.25,3 4 5 2 1
475,Instances_lowcost_H6/abs5n5,3,5,978.0,865.0,1.130635838150289,0.0625,1 4 3 5 2
475,Instances_lowcost_H6/abs5n5,4,5,1033.0,865.0,1.1942196531791907,0.125,3 4 1 5 2
475,Instances_lowcost_H6/abs5n5,5,1,278.0,278.0,1.0,nan,4
500,Instances_highcost_H3/abs5n10,0,0,0.0,0.0,nan,nan,
500,Instances_highcost_H3/abs5n10,1,5,1184.0,1184.0,1.0,0.0,8 6 4 10 7
500,Instances_highcost_H3/abs5n10,2,10,1368.0,1480.0,0.9243243243243243,0.10493827160493827,8 6 5 4 1 3 10 7 9 2
500,Instances_highcost_H3/abs5n15,0,0,0.0,0.0,nan,nan,
500,Instances_highcost_H3/abs5n15,1,9,1393.0,1221.0,1.140868140868141,0.05625,9 15 3 6 5 2 13 8 1
500,Instances_highcost_H3/abs5n15,2,15,1748.0,1469.0,1.189925119128659,0.08690476190476192,10 7 8 12 11 13 2 5 4 6 3 15 9 1 14
500,Instances_highcost_H3/abs5n20,0,0,0.0,0.0,nan,nan,
500,Instances_highcost_H3/abs5n20,1,11,1588.0,1535.0,1.0345276872964169,0.13333333333333333,19 14 18 8 3 1 20 12 11 10 4
500,Instances_highcost_H3/abs5n20,2,20,2609.0,2221.0,1.174696082845565,0.07963675900982403,19 17 18 5 14 16 4 6 9 10 11 20 12 15 7 3 1 2 8 13
500,Instances_highcost_H3/abs5n25,0,0,0.0,0.0,nan,nan,
500,Instances_highcost_H3/abs5n25,1,11,1441.0,1325.0,1.0875471698113208,0.024285714285714285,5 13 6 3 9 24 7 14 16 15 21
500,Instances_highcost_H3/abs5n25,2,25,2436.0,2284.0,1.0665499124343258,0.04921207264957265,2 11 5 20 1 13 17 6 3 19 9 24 7 18 8 4 22 25 10 21 15 16 14 12 23
500,Instances_highcost_H3/abs5n30,0,0,0.0,0.0,nan,nan,
500,Instances_highcost_H3/abs5n30,1,15,1900.0,1742.0,1.0907003444316876,0.09863945578231292,1 24 10 28 11 30 27 19 16 25 8 9 29 4 2
500,Instances_highcost_H3/abs5n30,2,30,2338.0,2221.0,1.0526789734353894,0.07662355747738034,1 26 24 20 3 11 28 10 7 23 16 14 8 9 13 4 22 29 21 2 18 5 12 27 19 25 6 17 15 30
500,Instances_highcost_H3/abs5n35,0,0,0.0,0.0,nan,nan,
500,Instances_highcost_H3/abs5n35,1,17,2221.0,2125.0,1.0451764705882354,0.08572677322677323,28 32 35 14 20 25 6 3 30 22 24 5 11 23 4 34 19
500,Instances_highcost_H3/abs5n35,2,35,2843.0,2679.0,1.061216871967152,0.02323784299972608,10 28 1 18 21 33 2 8 19 34 4 15 9 23 12 17 29 26 7 20 14 31 16 27 35 32 24 22 30 3 6 25 11 5 13
500,Instances_highcost_H3/abs5n40,0,0,0.0,0.0,nan,nan,
500,Instances_highcost_H3/abs5n40,1,20,2511.0,2058.0,1.2201166180758019,0.14774707667000317,6 18 30 19 9 15 33 40 29 1 20 37 14 39 34 27 17 25 35 23
500,Instances_highcost_H3/abs5n40,2,40,2976.0,2647.0,1.124291650925576,0.044569124383114146,6 4 30 31 13 3 38 19 9 32 15 33 24 40 5 10 28 21 27 36 35 23 11 26 17 34 18 8 25 39 22 14 12 37 7 29 16 1 20 2
500,Instances_highcost_H3/abs5n45,0,0,0.0,0.0,nan,nan,
500,Instances_highcost_H3/abs5n45,1,25,2284.0,2092.0,1.0917782026768643,0.07973176311992101,28 1 18 24 34 37 35 20 29 12 25 13 9 22 30 14 41 38 10 43 45 32 39 15 4
500,Instances_highcost_H3/abs5n45,2,45,2756.0,2475.0,1.1135353535353536,0.0542726611001777,28 1 37 35 8 20 29 12 25 13 27 21 40 6 9 33 2 31 34 24 44 17 11 18 7 26 39 16 15 4 3 23 41 36 5 14 30 22 42 32 38 10 43 45 19
500,Instances_highcost_H3/abs5n5,0,0,0.0,0.0,nan,nan,
500,Instances_highcost_H3/abs5n5,1,1,278.0,278.0,1.0,nan,4
500,Instances_highcost_H3/abs5n5,2,5,866.0,865.0,1.001156069364162,0.25,3 4 5 2 1
500,Instances_highcost_H3/abs5n50,0,0,0.0,0.0,nan,nan,
500,Instances_highcost_H3/abs5n50,1,27,2434.0,2275.0,1.06989010989011,0.07461912172466963,33 32 50 44 4 13 20 36 5 25 34 7 27 24 40 8 19 29 15 46 10 38 47 9 17 23 30
500,Instances_highcost_H3/abs5n50,2,50,3418.0,3165.0,1.0799368088467614,0.038437083641868264,33 45 26 44 31 4 37 50 32 41 23 30 17 19 24 1 40 8 21 27 34 7 25 14 39 5 6 10 46 18 3 15 2 16 29 11 38 22 48 42 20 12 36 13 49 28 43 35 9 47
500,Instances_highcost_H6/abs5n10,0,0,0.0,0.0,nan,nan,
500,Instances_highcost_H6/abs5n10,1,5,1184.0,1184.0,1.0,0.0,8 6 4 10 7
500,Instances_highcost_H6/abs5n10,2,10,1368.0,1480.0,0.9243243243243243,0.10493827160493827,8 6 5 4 1 3 10 7 9 2
500,Instances_highcost_H6/abs5n10,3,10,1368.0,1480.0,0.9243243243243243,0.10493827160493827,8 6 5 4 1 3 10 7 9 2
500,Instances_highcost_H6/abs5n10,4,10,1368.0,1480.0,0.9243243243243243,0.10493827160493827,8 6 5 4 1 3 10 7 9 2
500,Instances_highcost_H6/abs5n10,5,5,1184.0,1184.0,1.0,0.0,8 6 4 10 7
500,Instances_highcost_H6/abs5n15,0,0,0.0,0.0,nan,nan,
500,Instances_highcost_H6/abs5n15,1,9,1393.0,1221.0,1.140868140868141,0.05625,9 15 3 6 5 2 13 8 1
500,Instances_highcost_H6/abs5n15,2,15,1748.0,1469.0,1.189925119128659,0.08690476190476192,10 7 8 12 11 13 2 5 4 6 3 15 9 1 14
500,Instances_highcost_H6/abs5n15,3,15,1748.0,1469.0,1.189925119128659,0.08690476190476192,10 7 8 12 11 13 2 5 4 6 3 15 9 1 14
500,Instances_highcost_H6/abs5n15,4,15,1748.0,1469.0,1.189925119128659,0.08690476190476192,10 7 8 12 11 13 2 5 4 6 3 15 9 1 14
500,Instances_highcost_H6/abs5n15,5,9,1349.0,1221.0,1.1048321048321048,0.025,9 15 3 6 1 5 2 13 8
500,Instances_highcost_H6/abs5n20,0,0,0.0,0.0,nan,nan,
500,Instances_highcost_H6/abs5n20,1,11,1588.0,1535.0,1.0345276872964169,0.13333333333333333,19 14 18 8 3 1 20 12 11 10 4
500,Instances_highcost_H6/abs5n20,2,20,2609.0,2221.0,1.174696082845565,0.07963675900982403,19 17 18 5 14 16 4 6 9 10 11 20 12 15 7 3 1 2 8 13
500,Instances_highcost_H6/abs5n20,3,20,2609.0,2221.0,1.174696082845565,0.07963675900982403,19 17 18 5 14 16 4 6 9 10 11 20 12 15 7 3 1 2 8 13
500,Instances_highcost_H6/abs5n20,4,20,2297.0,2221.0,1.034218820351193,0.05923632610939113,19 17 18 8 13 5 14 16 4 6 9 10 11 20 12 15 7 3 1 2
500,Instances_highcost_H6/abs5n20,5,11,1588.0,1535.0,1.0345276872964169,0.13333333333333333,19 14 18 8 3 1 20 12 11 10 4
500,Instances_highcost_H6/abs5n25,0,0,0.0,0.0,nan,nan,
500,Instances_highcost_H6/abs5n25,1,11,1441.0,1325.0,1.0875471698113208,0.024285714285714285,5 13 6 3 9 24 7 14 16 15 21
500,Instances_highcost_H6/abs5n25,2,25,2436.0,2284.0,1.0665499124343258,0.04921207264957265,2 11 5 20 1 13 17 6 3 19 9 24 7 18 8 4 22 25 10 21 15 16 14 12 23
500,Instances_highcost_H6/abs5n25,3,25,2543.0,2284.0,1.113397548161121,0.07822992979242978,2 11 5 20 1 13 17 6 3 19 9 24 7 18 8 4 25 10 21 15 22 12 14 16 23
500,Instances_highcost_H6/abs5n25,4,25,2436.0,2284.0,1.0665499124343258,0.04921207264957265,2 11 5 20 1 13 17 6 3 19 9 24 7 18 8 4 22 25 10 21 15 16 14 12 23
500,Instances_highcost_H6/abs5n25,5,11,1441.0,1325.0,1.0875471698113208,0.024285714285714285,5 13 6 3 9 24 7 14 16 15 21
500,Instances_highcost_H6/abs5n30,0,0,0.0,0.0,nan,nan,
500,Instances_highcost_H6/abs5n30,1,15,1900.0,1742.0,1.0907003444316876,0.09863945578231292,1 24 10 28 11 30 27 19 16 25 8 9 29 4 2
500,Instances_highcost_H6/abs5n30,2,30,2338.0,2221.0,1.0526789734353894,0.07662355747738034,1 26 24 20 3 11 28 10 7 23 16 14 8 9 13 4 22 29 21 2 18 5 12 27 19 25 6 17 15 30
500,Instances_highcost_H6/abs5n30,3,30,2533.0,2221.0,1.140477262494372,0.054829977281615774,1 26 24 20 3 11 10 7 28 30 17 23 16 14 8 9 13 4 22 29 21 2 18 5 12 27 15 6 25 19
500,Instances_highcost_H6/abs5n30,4,30,2565.0,2221.0,1.154885186852769,0.07458133815873728,1 26 24 20 3 11 10 7 28 30 17 15 6 25 16 19 14 8 9 13 4 22 29 21 2 18 5 27 12 23
500,Instances_highcost_H6/abs5n30,5,15,1960.0,1742.0,1.1251435132032146,0.08996598639455781,1 24 10 28 11 30 27 9 8 29 4 2 19 25 16
500,Instances_highcost_H6/abs5n5,0,0,0.0,0.0,nan,nan,
500,Instances_highcost_H6/abs5n5,1,1,278.0,278.0,1.0,nan,4
500,Instances_highcost_H6/abs5n5,2,5,866.0,865.0,1.001156069364162,0.25,3 4 5 2 1
500,Instances_highcost_H6/abs5n5,3,5,866.0,865.0,1.001156069364162,0.25,3 4 5 2 1
500,Instances_highcost_H6/abs5n5,4,5,1010.0,865.0,1.1676300578034682,0.08333333333333333,3 5 4 1 2
500,Instances_highcost_H6/abs5n5,5,1,278.0,278.0,1.0,nan,4
500,Instances_lowcost_H3/abs5n10,0,0,0.0,0.0,nan,nan,
500,Instances_lowcost_H3/abs5n10,1,5,1184.0,1184.0,1.0,0.0,8 6 4 10 7
500,Instances_lowcost_H3/abs5n10,2,10,1368.0,1480.0,0.9243243243243243,0.10493827160493827,8 6 5 4 1 3 10 7 9 2
500,Instances_lowcost_H3/abs5n15,0,0,0.0,0.0,nan,nan,
500,Instances_lowcost_H3/abs5n15,1,9,1393.0,1221.0,1.140868140868141,0.05625,9 15 3 6 5 2 13 8 1
500,Instances_lowcost_H3/abs5n15,2,15,1748.0,1469.0,1.189925119128659,0.08690476190476192,10 7 8 12 11 13 2 5 4 6 3 15 9 1 14
500,Instances_lowcost_H3/abs5n20,0,0,0.0,0.0,nan,nan,
500,Instances_lowcost_H3/abs5n20,1,11,1588.0,1535.0,1.0345276872964169,0.13333333333333333,19 14 18 8 3 1 20 12 11 10 4
500,Instances_lowcost_H3/abs5n20,2,20,2609.0,2221.0,1.174696082845565,0.07963675900982403,19 17 18 5 14 16 4 6 9 10 11 20 12 15 7 3 1 2 8 13
500,Instances_lowcost_H3/abs5n25,0,0,0.0,0.0,nan,nan,
500,Instances_lowcost_H3/abs5n25,1,11,1441.0,1325.0,1.0875471698113208,0.024285714285714285,5 13 6 3 9 24 7 14 16 15 21
500,Instances_lowcost_H3/abs5n25,2,25,2436.0,2284.0,1.0665499124343258,0.04921207264957265,2 11 5 20 1 13 17 6 3 19 9 24 7 18 8 4 22 25 10 21 15 16 14 12 23
500,Instances_lowcost_H3/abs5n30,0,0,0.0,0.0,nan,nan,
500,Instances_lowcost_H3/abs5n30,1,15,1900.0,1742.0,1.0907003444316876,0.09863945578231292,1 24 10 28 11 30 27 19 16 25 8 9 29 4 2
500,Instances_lowcost_H3/abs5n30,2,30,2338.0,2221.0,1.0526789734353894,0.07662355747738034,1 26 24 20 3 11 28 10 7 23 16 14 8 9 13 4 22 29 21 2 18 5 12 27 19 25 6 17 15 30
500,Instances_lowcost_H3/abs5n35,0,0,0.0,0.0,nan,nan,
500,Instances_lowcost_H3/abs5n35,1,17,2221.0,2125.0,1.0451764705882354,0.08572677322677323,28 32 35 14 20 25 6 3 30 22 24 5 11 23 4 34 19
500,Instances_lowcost_H3/abs5n35,2,35,2843.0,2679.0,1.061216871967152,0.02323784299972608,10 28 1 18 21 33 2 8 19 34 4 15 9 23 12 17 29 26 7 20 14 31 16 27 35 32 24 22 30 3 6 25 11 5 13
500,Instances_lowcost_H3/abs5n40,0,0,0.0,0.0,nan,nan,
500,Instances_lowcost_H3/abs5n40,1,20,2511.0,2058.0,1.2201166180758019,0.14774707667000317,6 18 30 19 9 15 33 40 29 1 20 37 14 39 34 27 17 25 35 23
500,Instances_lowcost_H3/abs5n40,2,40,2976.0,2647.0,1.124291650925576,0.044569124383114146,6 4 30 31 13 3 38 19 9 32 15 33 24 40 5 10 28 21 27 36 35 23 11 26 17 34 18 8 25 39 22 14 12 37 7 29 16 1 20 2
500,Instances_lowcost_H3/abs5n45,0,0,0.0,0.0,nan,nan,
500,Instances_lowcost_H3/abs5n45,1,25,2284.0,2092.0,1.0917782026768643,0.07973176311992101,28 1 18 24 34 37 35 20 29 12 25 13 9 22 30 14 41 38 10 43 45 32 39 15 4
500,Instances_lowcost_H3/abs5n45,2,45,2756.0,2475.0,1.1135353535353536,0.0542726611001777,28 1 37 35 8 20 29 12 25 13 27 21 40 6 9 33 2 31 34 24 44 17 11 18 7 26 39 16 15 4 3 23 41 36 5 14 30 22 42 32 38 10 43 45 19
500,Instances_lowcost_H3/abs5n5,0,0,0.0,0.0,nan,nan,
500,Instances_lowcost_H3/abs5n5,1,1,278.0,278.0,1.0,nan,4
500,Instances_lowcost_H3/abs5n5,2,5,866.0,865.0,1.001156069364162,0.25,3 4 5 2 1
500,Instances_lowcost_H3/abs5n50,0,0,0.0,0.0,nan,nan,
500,Instances_lowcost_H3/abs5n50,1,27,2434.0,2275.0,1.06989010989011,0.07461912172466963,33 32 50 44 4 13 20 36 5 25 34 7 27 24 40 8 19 29 15 46 10 38 47 9 17 23 30
500,Instances_lowcost_H3/abs5n50,2,50,3418.0,3165.0,1.0799368088467614,0.038437083641868264,33 45 26 44 31 4 37 50 32 41 23 30 17 19 24 1 40 8 21 27 34 7 25 14 39 5 6 10 46 18 3 15 2 16 29 11 38 22 48 42 20 12 36 13 49 28 43 35 9 47
500,Instances_lowcost_H6/abs5n10,0,0,0.0,0.0,nan,nan,
500,Instances_lowcost_H6/abs5n10,1,5,1184.0,1184.0,1.0,0.0,8 6 4 10 7
500,Instances_lowcost_H6/abs5n10,2,10,1368.0,1480.0,0.9243243243243243,0.10493827160493827,8 6 5 4 1 3 10 7 9 2
500,Instances_lowcost_H6/abs5n10,3,10,1368.0,1480.0,0.9243243243243243,0.10493827160493827,8 6 5 4 1 3 10 7 9 2
500,Instances_lowcost_H6/abs5n10,4,10,1368.0,1480.0,0.9243243243243243,0.10493827160493827,8 6 5 4 1 3 10 7 9 2
500,Instances_lowcost_H6/abs5n10,5,5,1184.0,1184.0,1.0,0.0,8 6 4 10 7
500,Instances_lowcost_H6/abs5n15,0,0,0.0,0.0,nan,nan,
500,Instances_lowcost_H6/abs5n15,1,9,1393.0,1221.0,1.140868140868141,0.05625,9 15 3 6 5 2 13 8 1
500,Instances_lowcost_H6/abs5n15,2,15,1748.0,1469.0,1.189925119128659,0.08690476190476192,10 7 8 12 11 13 2 5 4 6 3 15 9 1 14
500,Instances_lowcost_H6/abs5n15,3,15,1748.0,1469.0,1.189925119128659,0.08690476190476192,10 7 8 12 11 13 2 5 4 6 3 15 9 1 14
500,Instances_lowcost_H6/abs5n15,4,15,1748.0,1469.0,1.189925119128659,0.08690476190476192,10 7 8 12 11 13 2 5 4 6 3 15 9 1 14
500,Instances_lowcost_H6/abs5n15,5,9,1349.0,1221.0,1.1048321048321048,0.025,9 15 3 6 1 5 2 13 8
500,Instances_lowcost_H6/abs5n20,0,0,0.0,0.0,nan,nan,
500,Instances_lowcost_H6/abs5n20,1,11,1588.0,1535.0,1.0345276872964169,0.13333333333333333,19 14 18 8 3 1 20 12 11 10 4
500,Instances_lowcost_H6/abs5n20,2,20,2609.0,2221.0,1.174696082845565,0.07963675900982403,19 17 18 5 14 16 4 6 9 10 11 20 12 15 7 3 1 2 8 13
500,Instances_lowcost_H6/abs5n20,3,20,2609.0,2221.0,1.174696082845565,0.07963675900982403,19 17 18 5 14 16 4 6 9 10 11 20 12 15 7 3 1 2 8 13
500,Instances_lowcost_H6/abs5n20,4,20,2297.0,2221.0,1.034218820351193,0.05923632610939113,19 17 18 8 13 5 14 16 4 6 9 10 11 20 12 15 7 3 1 2
500,Instances_lowcost_H6/abs5n20,5,11,1588.0,1535.0,1.0345276872964169,0.13333333333333333,19 14 18 8 3 1 20 12 11 10 4
500,Instances_lowcost_H6/abs5n25,0,0,0.0,0.0,nan,nan,
500,Instances_lowcost_H6/abs5n25,1,11,1441.0,1325.0,1.0875471698113208,0.024285714285714285,5 13 6 3 9 24 7 14 16 15 21
500,Instances_lowcost_H6/abs5n25,2,25,2436.0,2284.0,1.0665499124343258,0.04921207264957265,2 11 5 20 1 13 17 6 3 19 9 24 7 18 8 4 22 25 10 21 15 16 14 12 23
500,Instances_lowcost_H6/abs5n25,3,25,2543.0,2284.0,1.113397548161121,0.07822992979242978,2 11 5 20 1 13 17 6 3 19 9 24 7 18 8 4 25 10 21 15 22 12 14 16 23
500,Instances_lowcost_H6/abs5n25,4,25,2436.0,2284.0,1.0665499124343258,0.04921207264957265,2 11 5 20 1 13 17 6 3 19 9 24 7 18 8 4 22 25 10 21 15 16 14 12 23
500,Instances_lowcost_H6/abs5n25,5,11,1441.0,1325.0,1.0875471698113208,0.024285714285714285,5 13 6 3 9 24 7 14 16 15 21
500,Instances_lowcost_H6/abs5n30,0,0,0.0,0.0,nan,nan,
500,Instances_lowcost_H6/abs5n30,1,15,1900.0,1742.0,1.0907003444316876,0.09863945578231292,1 24 10 28 11 30 27 19 16 25 8 9 29 4 2
500,Instances_lowcost_H6/abs5n30,2,30,2338.0,2221.0,1.0526789734353894,0.07662355747738034,1 26 24 20 3 11 28 10 7 23 16 14 8 9 13 4 22 29 21 2 18 5 12 27 19 25 6 17 15 30
500,Instances_lowcost_H6/abs5n30,3,30,2533.0,2221.0,1.140477262494372,0.054829977281615774,1 26 24 20 3 11 10 7 28 30 17 23 16 14 8 9 13 4 22 29 21 2 18 5 12 27 15 6 25 19
500,Instances_lowcost_H6/abs5n30,4,30,2565.0,2221.0,1.154885186852769,0.07458133815873728,1 26 24 20 3 11 10 7 28 30 17 15 6 25 16 19 14 8 9 13 4 22 29 21 2 18 5 27 12 23
500,Instances_lowcost_H6/abs5n30,5,15,1960.0,1742.0,1.1251435132032146,0.08996598639455781,1 24 10 28 11 30 27 9 8 29 4 2 19 25 16
500,Instances_lowcost_H6/abs5n5,0,0,0.0,0.0,nan,nan,
500,Instances_lowcost_H6/abs5n5,1,1,278.0,278.0,1.0,nan,4
500,Instances_lowcost_H6/abs5n5,2,5,866.0,865.0,1.001156069364162,0.25,3 4 5 2 1
500,Instances_lowcost_H6/abs5n5,3,5,866.0,865.0,1.001156069364162,0.25,3 4 5 2 1
500,Instances_lowcost_H6/abs5n5,4,5,1010.0,865.0,1.1676300578034682,0.08333333333333333,3 5 4 1 2
500,Instances_lowcost_H6/abs5n5,5,1,278.0,278.0,1.0,nan,4
