epoch,mean_r_inv,mean_r_vrp,mean_total_reward,mean_fill_fraction,mean_requested_fraction,mean_skip_rate,mean_visits_per_period,mean_tour_len,mean_tour_ref_len,mean_tour_ratio,mean_nn_rank,mean_logit_spread,mean_routing_advantage,mean_total_distance,mean_total_reference,policy_inv,policy_vrp,value,entropy,value_mean,value_explained_var,advantage_bias
1,-3302.482560387498,-24469.322916666668,-27771.80547705416,0.5118250216726402,0.4957092615982724,0.020871362433862433,23.25,6354.34548611111,2391.578125,2.4584207698516964,0.503903519451289,0.0015127460362512294,-1.4584207698516964,24469.322916666668,9536.083333333334,-0.006281775534105971,1.7866896390914917,18.350555419921875,0.24442772567272186,-0.0017820840002968907,6.020069122314453e-05,0.2974657416343689
2,-3300.4785990264713,-24386.833333333332,-27687.311932359804,0.5180302524777719,0.5027463709832065,0.020299272486772487,23.293402777777775,6339.4340277777765,2383.84375,2.4562041615854335,0.4939378713505738,0.007604986981801283,-1.4562041615854333,24386.833333333332,9517.822916666666,8.934062648824348e-05,1.7859565317630768,18.01741647720337,0.18694423139095306,0.0953691303730011,0.0077097415924072266,0.20155414938926697
3,-3303.8871917777983,-24206.0,-27509.8871917778,0.5229936201393538,0.5074110179104739,0.018568397266313933,23.256944444444446,6281.526041666667,2393.243055555555,2.4294634816858927,0.4877324831432044,0.00940096642356078,-1.4294634816858924,24206.0,9544.25,-0.002374636915964068,1.7563219368457794,17.015239715576172,0.163808673620224,0.16128197312355042,0.04531580209732056,0.131946861743927
4,-3301.6829845475545,-24202.125,-27503.807984547555,0.5261719325206434,0.5116985279859768,0.017140928130511462,23.314236111111114,6290.552083333333,2390.0260416666665,2.4336615106409063,0.4982484608911342,0.007740248128367094,-1.433661510640906,24202.125,9533.125,-0.0024591656022521224,1.7567639350891113,13.319614887237549,0.13294672966003418,0.5038686990737915,0.17417174577713013,-0.21714994311332703
5,-3304.10599915519,-24306.604166666668,-27610.710165821863,0.5240571699519254,0.5086637115519907,0.016439594356261023,23.369791666666668,6318.852430555556,2390.1197916666665,2.4447431995559703,0.49237937262488557,0.007217660724745741,-1.44474319955597,24306.604166666668,9534.03125,-0.0006866415832785799,1.7753283381462097,9.997265338897705,0.05824783444404602,1.1924992799758911,0.4685150384902954,-0.8894966244697571
6,-3299.930612673275,-24324.333333333332,-27624.263946006613,0.5389621256979962,0.5274800504557788,0.014940751763668431,23.373263888888886,6335.782986111112,2389.5486111111113,2.451948261087932,0.5008269171571498,0.02852760015590175,-1.4519482610879322,24324.333333333332,9529.125,-0.0033764749203309963,1.7739413976669312,13.090415954589844,0.11065015196800232,0.8965925574302673,0.3695839047431946,-0.5792442560195923
7,-3301.53213362729,-23927.010416666668,-27228.542550293947,0.5269287998754083,0.5143321189615462,0.018899360670194005,23.267361111111114,6217.385416666667,2385.9756944444443,2.41240184021548,0.48726519331292995,0.11487623268176095,-1.4124018402154797,23927.010416666668,9525.1875,-0.00110214625101894,1.7269853055477142,9.938444256782532,0.17168115079402924,0.5209283828735352,0.3106880784034729,-0.233583465218544
8,-3300.296268571539,-24011.760416666668,-27312.056685238207,0.5287096564475021,0.5151832741685212,0.019990079365079363,23.300347222222225,6245.413194444445,2384.925347222222,2.4209226843659155,0.4881066616285486,0.09072177495248031,-1.4209226843659153,24011.760416666668,9508.354166666666,-0.0017296632768285247,1.746772140264511,6.321751832962036,0.1904442012310028,0.45803093910217285,0.6363468170166016,-0.16602125763893127
9,-3302.1771351314746,-23545.895833333332,-26848.07296846481,0.5412105262825937,0.5297279307980919,0.014817846119929451,23.368055555555554,6121.322916666667,2401.3263888888887,2.3655783662947694,0.4773603190645268,0.1721956081718521,-1.3655783662947691,23545.895833333332,9581.03125,-0.0008937170704934605,1.6640485525131226,5.602690696716309,0.18825384974479675,0.18131788074970245,0.6706832647323608,0.1251714527606964
10,-3302.2166394296546,-23690.604166666668,-26992.820806096333,0.5392403818734081,0.5276055527954466,0.01831735008818342,23.335069444444446,6135.755208333333,2395.251736111111,2.3740500737908747,0.4741162227135844,0.12679174133953092,-1.3740500737908745,23690.604166666668,9558.375,-0.004119995628681039,1.6880687773227692,4.027244746685028,0.19266584515571594,0.25028181076049805,0.7566701173782349,0.030559275299310684
11,-3300.4157438288607,-23130.21875,-26430.634493828853,0.5293083732280509,0.5166699753091153,0.0176970348324515,23.296875,5998.340277777778,2395.0,2.3231326099912706,0.45637019731549705,0.17952386118587346,-1.3231326099912701,23130.21875,9552.489583333334,-0.0007481672022402464,1.6214892864227295,4.1263628005981445,0.18893371522426605,0.5814582109451294,0.7834713459014893,-0.2932784855365753
12,-3302.488909296426,-23158.510416666668,-26460.999325963086,0.5274384007926614,0.5143283648002479,0.019888117283950617,23.284722222222225,6011.99826388889,2395.902777777778,2.323569905311762,0.46515197202570696,0.20038016810397397,-1.3235699053117618,23158.510416666668,9552.15625,-0.0007346772747243713,1.6293988823890686,4.049666702747345,0.2102126181125641,0.860678493976593,0.7938932776451111,-0.5398078560829163
13,-3302.3749347001326,-22755.59375,-26057.968684700147,0.5293929183660867,0.5151192577969698,0.02015845458553792,23.262152777777782,5898.142361111112,2387.623263888889,2.293719381661432,0.4511162445828824,0.27207679654350314,-1.2937193816614323,22755.59375,9522.552083333334,-0.002321442790538808,1.589206039905548,4.468657195568085,0.21917755901813507,0.9242501258850098,0.7970173954963684,-0.6441543698310852
14,-3302.1149526662252,-22163.864583333332,-25465.97953599956,0.5192505012127634,0.5023593603271163,0.021626157407407406,23.23611111111111,5745.578125,2382.6319444444443,2.2434642160607754,0.42678229708828325,0.33583271807802967,-1.2434642160607756,22163.864583333332,9498.333333333334,0.0005686061675518328,1.5193842351436615,3.5027809143066406,0.22929401695728302,0.24920916557312012,0.8030964732170105,0.03822549059987068
15,-3304.197323998158,-22584.708333333332,-25888.90565733149,0.5204719927229507,0.5048127572776543,0.024481922398589068,23.1875,5853.081597222223,2382.3020833333335,2.2891020274532345,0.4435486788479857,0.2692468299741147,-1.2891020274532343,22584.708333333332,9507.09375,-0.00041839863549072986,1.572800636291504,3.3781420588493347,0.24383625388145447,-0.15718235075473785,0.8230034112930298,0.43586859107017517
16,-3304.3033042072057,-22102.59375,-25406.897054207217,0.5224151052061536,0.5052509305791723,0.01763916446208113,23.270833333333332,5734.420138888888,2388.086805555555,2.230602341053516,0.42302500809733523,0.3068877203134773,-1.2306023410535156,22102.59375,9521.09375,-0.0004984082777883536,1.5135946869850159,3.7413432598114014,0.24345536530017853,0.2455623745918274,0.8205828666687012,0.03829803317785263
17,-3301.1823063141856,-21812.572916666668,-25113.755222980846,0.5255534393965096,0.5116647397581902,0.021852127425044093,23.241319444444446,5654.309027777778,2395.9791666666665,2.195879641278044,0.4198109576904974,0.3311821905480818,-1.195879641278044,21812.572916666668,9550.614583333334,-0.002297220943610956,1.46982803940773,5.021278500556946,0.28005266189575195,1.4278780221939087,0.7978028059005737,-1.131076693534851
18,-3302.646457482109,-21583.0625,-24885.70895748211,0.5221616796176481,0.5064474569323162,0.02263034611992945,23.199652777777782,5600.199652777777,2381.9791666666665,2.184214190802035,0.4059381742237915,0.3861149404874224,-1.1842141908020352,21583.0625,9497.239583333334,-0.0036513785246025665,1.452794462442398,6.963513016700745,0.28255508840084076,-0.9872983694076538,0.7971073389053345,1.270913004875183
19,-3303.0369877007433,-21449.5625,-24752.599487700743,0.515808013966511,0.49719123040429425,0.028644731040564374,23.13194444444444,5547.003472222223,2382.675347222222,2.168022223233004,0.4094392078365942,0.39792988944777,-1.1680222232330042,21449.5625,9499.114583333334,-0.0003324032830902546,1.4366795420646667,3.762952506542206,0.26642076671123505,0.7346828579902649,0.8267741203308105,-0.4581448435783386
20,-3305.6709116521674,-21303.645833333332,-24609.3167449855,0.5193055483862424,0.503702499386337,0.02149829144620811,23.208333333333332,5521.307291666667,2389.861111111111,2.1492424897906135,0.3993240023922609,0.40743871363087836,-1.1492424897906135,21303.645833333332,9526.6875,-0.00639956336435521,1.415405660867691,3.074477434158325,0.2281503528356552,-0.13275760412216187,0.8327579498291016,0.41695573925971985
21,-3302.591872327544,-21117.229166666668,-24419.821038994214,0.5065652620480943,0.4864328877172537,0.021186893738977072,23.211805555555554,5456.864583333333,2388.944444444445,2.1312216636285544,0.40373819312095094,0.44923692101559015,-1.1312216636285544,21117.229166666668,9529.9375,0.0002211034257521005,1.3906713128089905,3.04743754863739,0.20317870378494263,0.3791855573654175,0.8324992060661316,-0.08859468996524811
22,-3303.664227882235,-20627.885416666668,-23931.5496445489,0.5052604154807613,0.4856976579046912,0.019340553350970017,23.236111111111114,5340.465277777777,2386.3541666666665,2.0921003593644003,0.38233281321881435,0.4923499326421508,-1.0921003593644005,20627.885416666668,9516.291666666666,-0.0014213543454939526,1.334798902273178,2.8000415563583374,0.18099482357501984,-0.0040471674874424934,0.8454056978225708,0.29168665409088135
23,-3302.6054370799034,-20281.21875,-23583.82418707991,0.5083663764404976,0.49005211708653307,0.024147376543209875,23.159722222222218,5248.404513888888,2389.128472222222,2.0574944711713488,0.39228490438196745,0.50265990385119,-1.057494471171349,20281.21875,9531.552083333334,-0.002281532525860941,1.2891752421855927,2.9618136882781982,0.2157411426305771,0.051563967019319534,0.8427484035491943,0.2432563453912735
24,-3302.1547124072936,-20788.739583333332,-24090.894295740636,0.5144844406236554,0.49514081647309166,0.022645502645502646,23.215277777777775,5378.81076388889,2386.4583333333335,2.101387233580363,0.3942964412608321,0.4893280006354627,-1.1013872335803632,20788.739583333332,9518.979166666666,-0.001195756345752086,1.3537058532238007,2.7315152883529663,0.22346904873847961,0.10042499750852585,0.8521931171417236,0.16341553628444672
25,-3306.057438250386,-20403.614583333332,-23709.672021583723,0.5187324607052853,0.5028606122359633,0.022191082451499117,23.159722222222225,5273.052083333333,2392.1145833333335,2.064222706047909,0.3919799287458737,0.5213137480582223,-1.064222706047909,20403.614583333332,9546.583333333334,-0.0009378459744950329,1.2971838414669037,2.9772757291793823,0.23546074330806732,0.4780871570110321,0.8495252728462219,-0.18203848600387573
26,-3305.3772365705495,-20244.072916666668,-23549.450153237223,0.516473005040225,0.5004986666867303,0.02602017195767196,23.090277777777775,5217.100694444444,2377.2760416666665,2.0528896958005105,0.3733619510458712,0.5548464202595875,-1.0528896958005107,20244.072916666668,9489.229166666666,-0.0019827360085051815,1.2972662448883057,4.252059578895569,0.2318076193332672,0.8259337544441223,0.8286782503128052,-0.5695467591285706
27,-3302.2294673888623,-20172.5,-23474.72946738887,0.518384173488965,0.5013892639221417,0.023170469576719577,23.190972222222225,5200.625,2386.515625,2.043218297285668,0.3855811985451469,0.5453142018459441,-1.0432182972856678,20172.5,9521.75,0.0001736974068862196,1.2768800854682922,4.938673317432404,0.2876891642808914,-1.0428727865219116,0.839000940322876,1.3327020406723022
28,-3302.2573685262755,-20582.3125,-23884.569868526287,0.5206026757175987,0.5054028874211428,0.021598875661375663,23.225694444444446,5339.96701388889,2398.6180555555557,2.075488539521539,0.37319042295778626,0.49876042549946425,-1.0754885395215388,20582.3125,9567.09375,-0.0034651369464375747,1.3171570003032684,5.408844769001007,0.27138751745224,1.9297517538070679,0.7469104528427124,-1.6551165580749512
29,-3301.748831322773,-20131.1875,-23432.936331322766,0.5214106782936203,0.5066359613297714,0.022569444444444448,23.203125,5193.75173611111,2392.289930555555,2.0313835008630634,0.3683669516725003,0.5180609725243447,-1.0313835008630636,20131.1875,9542.635416666666,-0.0009291967648408228,1.265587955713272,11.84528636932373,0.2723872512578964,-2.6861326694488525,0.6743936538696289,2.9732937812805176
30,-3299.2863215074854,-20942.010416666668,-24241.29673817415,0.5262362776893195,0.5118981767445803,0.022132109788359788,23.177083333333332,5426.243055555556,2387.4548611111113,2.1142132592577823,0.3997165420363431,0.4195152575521092,-1.1142132592577818,20942.010416666668,9515.291666666666,-0.00309174672513457,1.368313580751419,4.403017520904541,0.25791575014591217,0.9776899814605713,0.8667863607406616,-0.6982556581497192
31,-3304.9348123623836,-19933.864583333332,-23238.79939569572,0.5207476239004074,0.5066460779764586,0.02882991622574956,23.04861111111111,5143.100694444444,2385.501736111111,2.01639175257973,0.36763518636787823,0.5016341871904234,-1.0163917525797301,19933.864583333332,9511.28125,-0.005493519865352698,1.2549400329589844,2.650881588459015,0.25353847444057465,0.288106769323349,0.8688067197799683,-0.03635408356785774
32,-3305.3752143751753,-19736.614583333332,-23041.98979770851,0.5091620990548296,0.4922973924161245,0.026155478395061726,23.088541666666668,5091.40451388889,2382.274305555555,2.0039493480065254,0.36261186383057414,0.5503037107737055,-1.0039493480065251,19736.614583333332,9508.614583333334,-0.0023654745624170914,1.2315845489501953,3.4954039454460144,0.20474998652935028,0.8965272307395935,0.8497804403305054,-0.6230441927909851
33,-3299.8061226813224,-19432.885416666668,-22732.691539347983,0.5114480452208358,0.4929658154853516,0.03237681878306878,22.96701388888889,5020.326388888889,2374.868055555555,1.9818213341146962,0.35505574488582575,0.5778883967218257,-0.9818213341146963,19432.885416666668,9473.875,-0.006477338918061015,1.2006710767745972,4.34508889913559,0.178268700838089,-0.727501630783081,0.8387538194656372,0.999204695224762
34,-3301.5835077861407,-19427.125,-22728.708507786152,0.504244341937055,0.48499013814661235,0.028649966931216932,23.043402777777775,5021.453125,2378.8680555555557,1.981302422118085,0.35939866218830696,0.5937178161457681,-0.9813024221180854,19427.125,9498.333333333334,-0.008430802416188321,1.196923702955246,3.8894951939582825,0.16836805641651154,1.7477588653564453,0.7856903672218323,-1.4964494705200195
35,-3300.312260871075,-19084.90625,-22385.218510871084,0.49363695872190844,0.471500755391187,0.03682401895943562,22.840277777777782,4953.710069444444,2364.921875,1.9617657770191925,0.35078142434591975,0.6371321901445183,-0.9617657770191926,19084.90625,9437.041666666666,-0.004721994734030233,1.1780575513839722,2.5243431329727173,0.12730984389781952,-0.3054116666316986,0.8647448420524597,0.5719873905181885
36,-3300.1679185786993,-18206.4375,-21506.605418578696,0.49533048369186655,0.4742184581442011,0.04292768959435626,22.701388888888886,4691.288194444444,2361.1875,1.8735186784781088,0.3165186152132868,0.7335604236085661,-0.8735186784781089,18206.4375,9433.458333333334,-0.007863812332013387,1.0617154240608215,2.4991264939308167,0.12966136634349823,0.06430906057357788,0.8696852326393127,0.17048370838165283
37,-3299.9544240835326,-18531.635416666668,-21831.589840750206,0.48660782352842097,0.46211283312489587,0.04660300925925926,22.585069444444446,4781.175347222223,2363.4114583333335,1.8991822523246473,0.33394108215074714,0.7045879706932041,-0.8991822523246474,18531.635416666668,9438.239583333334,0.0006244634360432766,1.1044451892375946,2.4509180188179016,0.2767408937215805,0.23759017884731293,0.8773531913757324,-0.016696522012352943
38,-3303.804652452239,-17504.5,-20808.304652452236,0.47941650392803165,0.45507734594866633,0.046956018518518515,22.602430555555557,4509.18923611111,2362.5937499999995,1.79772984745013,0.3064647756695285,0.7977043039215452,-0.79772984745013,17504.5,9434.875,0.0032940554364808694,0.980596199631691,2.4387248158454895,0.13743293285369873,-0.14072561264038086,0.8769909143447876,0.38091975450515747
39,-3299.3968039569354,-17474.229166666668,-20773.625970623598,0.4833348060376794,0.45905061909515,0.05150049603174603,22.513888888888886,4495.57986111111,2357.6423611111113,1.7965193139771725,0.3131318523520492,0.8053128266344846,-0.7965193139771722,17474.229166666668,9412.229166666666,-0.0009281036036554724,0.9837324917316437,2.413972496986389,0.17571502923965454,-0.29821276664733887,0.872411847114563,0.5205036997795105
40,-3301.139659580366,-17377.458333333332,-20678.5979929137,0.47765535498025535,0.45141390708482104,0.05016617063492063,22.538194444444446,4481.109375,2378.2743055555557,1.7802097545555184,0.3150264676028182,0.8074474803894605,-0.7802097545555187,17377.458333333332,9488.072916666666,-0.004571390346473692,0.9493159055709839,2.2452797889709473,0.08264841139316559,-0.21414440870285034,0.8776525855064392,0.449795663356781
41,-3300.2794026381857,-17417.354166666668,-20717.633569304846,0.47893031423200255,0.45091011460560065,0.050028935185185176,22.479166666666668,4489.128472222222,2354.7708333333335,1.7987204392852272,0.3102508523654706,0.8239606914391371,-0.7987204392852273,17417.354166666668,9403.625,-0.0031878791356723113,0.9774447083473206,2.1448256969451904,0.030548110604286194,-0.046198174357414246,0.8861433267593384,0.270649790763855
42,-3299.7205014044152,-17203.177083333332,-20502.89758473774,0.4773740240473634,0.45009429038812715,0.049332561728395063,22.496527777777775,4420.085069444444,2360.909722222222,1.7693181036857306,0.3014723375617183,0.8414419899268318,-0.7693181036857307,17203.177083333332,9427.125,0.0002721924960349398,0.9477304518222809,2.37700092792511,-0.08784753084182739,0.006914427969604731,0.87846440076828,0.19373586773872375
43,-3297.793079858184,-17230.802083333332,-20528.59516319152,0.47279917025036716,0.4469997865510069,0.04980131172839506,22.491319444444443,4428.572916666667,2359.4166666666665,1.7745176216782503,0.3017362555358079,0.8280649880433087,-0.7745176216782504,17230.802083333332,9419.020833333334,-0.006921646593260888,0.9429373741149902,2.2738943696022034,-0.04161353409290314,0.005491786636412144,0.8823103308677673,0.22921395301818848
44,-3300.8259173671718,-17385.322916666668,-20686.148834033836,0.47595576649631594,0.44871351852392155,0.05582892416225749,22.350694444444446,4468.244791666667,2346.034722222222,1.795461648991079,0.3077780327348129,0.8092160005758258,-0.7954616489910787,17385.322916666668,9385.989583333334,-0.0030307218972169814,0.9764989763498306,2.136334180831909,-0.13242055475711823,0.02413974143564701,0.8908405303955078,0.19449754059314728
45,-3303.530387735255,-17898.947916666668,-21202.478304401924,0.4702653676944973,0.4424571609900643,0.05658812830687831,22.309027777777782,4606.256944444444,2348.7795138888887,1.843692235740475,0.32295581274145907,0.7122377946818026,-0.843692235740475,17898.947916666668,9372.0,-0.002958001309036895,1.043234944343567,2.278146743774414,-0.041645705699920654,0.020022932440042496,0.8820533752441406,0.18832434713840485
46,-3300.610376419874,-17706.84375,-21007.454126419885,0.4758301773968687,0.44863018002878463,0.059195601851851846,22.241319444444446,4537.96701388889,2342.730902777778,1.8275125187969623,0.3118711921408352,0.7491949302261457,-0.8275125187969623,17706.84375,9371.208333333334,-0.00030602301190807424,1.0157053172588348,2.280364215373993,0.005021482706069946,0.04072815552353859,0.8848522901535034,0.18282891809940338
47,-3302.7899296841883,-17586.822916666668,-20889.612846350854,0.4655321085558817,0.436973402199025,0.06288359788359789,22.25,4518.00173611111,2334.465277777778,1.8193170000682144,0.3191988786399717,0.7741412112325569,-0.8193170000682142,17586.822916666668,9331.760416666666,-0.0008093854055253313,1.0184269547462463,2.300805985927582,-0.003060758113861084,0.008155552670359612,0.8820063471794128,0.19957877695560455
48,-3300.308177653286,-16539.489583333332,-19839.79776098661,0.4639310985852443,0.4320664491970092,0.06276647927689594,22.111111111111114,4243.416666666667,2345.305555555555,1.715426171845848,0.29020615861473315,0.8943239507112987,-0.7154261718458478,16539.489583333332,9369.458333333334,-0.0029442629934467446,0.8786954432725906,2.2646012902259827,-0.059901028871536255,-0.007882368750870228,0.8833105564117432,0.20389699935913086
49,-3298.1465855482566,-17266.802083333332,-20564.94866888158,0.46137700803225284,0.43163218556178934,0.07015321869488535,22.026041666666668,4423.869791666667,2337.09375,1.7820152497013504,0.3098222910374683,0.7623008427193456,-0.7820152497013503,17266.802083333332,9335.927083333334,-0.0013814373847305106,0.9728153645992279,2.228984236717224,0.007118120789527893,-0.0024061009753495455,0.8849205374717712,0.18122102320194244
50,-3300.5472735171284,-17572.239583333332,-20872.786856850464,0.46516439851882824,0.43581563891429037,0.05943590167548501,22.239583333333332,4520.295138888889,2343.3385416666665,1.819374674576889,0.3125515144052265,0.7435362171557793,-0.819374674576889,17572.239583333332,9362.822916666666,-0.002538035266840044,1.0011633038520813,2.2478244304656982,0.05543819069862366,-0.034633394330739975,0.8829656839370728,0.2347927838563919
51,-3301.836931700826,-17541.71875,-20843.55568170083,0.46509233577470493,0.4339500634361886,0.05889632936507936,22.342013888888886,4511.947916666667,2345.878472222222,1.8108391068138314,0.31090059494331795,0.8019361159692542,-0.8108391068138315,17541.71875,9371.947916666666,-0.0019082496965167617,0.9974689036607742,2.046798139810562,0.1351192742586136,-0.018700098618865013,0.8945300579071045,0.20181123912334442
52,-3300.916052709988,-17231.927083333332,-20532.843136043317,0.4689996048789092,0.4399244099751942,0.06518105158730159,22.15625,4436.144097222223,2332.6510416666665,1.7909827074857023,0.3039550461820084,0.8337453307037367,-0.7909827074857022,17231.927083333332,9331.583333333334,-0.0010918857368951151,0.9708812385797501,2.036538451910019,0.18097709119319916,-0.056594498455524445,0.8925496339797974,0.2456819713115692
53,-3300.1535877705483,-16763.947916666668,-20064.101504437225,0.4682384901316354,0.4389230530812509,0.06312279541446209,22.227430555555554,4304.680555555556,2344.987847222222,1.7311578589820116,0.2888098834964835,0.8903519690174794,-0.7311578589820117,16763.947916666668,9369.34375,-0.0036239748329132127,0.9041726291179657,2.0315238535404205,0.1271505057811737,-0.08834101259708405,0.8910082578659058,0.2882167398929596
54,-3302.124483467078,-16527.083333333332,-19829.20781680042,0.4623918218571728,0.43090612223992747,0.06745811287477954,22.043402777777782,4242.770833333333,2339.4270833333335,1.7113491151917186,0.2847778168134159,0.8717747958858295,-0.7113491151917186,16527.083333333332,9351.177083333334,-0.0010640461386901556,0.8823716044425964,2.1238741874694824,-0.020805686712265015,-0.17146052420139313,0.8894432783126831,0.3506377935409546
55,-3301.686085791627,-16725.572916666668,-20027.259002458293,0.46596987495487285,0.43492225851190996,0.06524388227513227,22.133680555555557,4303.086805555556,2336.6267361111113,1.7410554886715293,0.29482876211636794,0.836608280227383,-0.7410554886715289,16725.572916666668,9339.125,-0.0010800828329390888,0.913255512714386,2.1279788613319397,-0.0509558767080307,-0.1301978975534439,0.8890233635902405,0.3112398087978363
56,-3301.8205358602845,-16817.614583333332,-20119.435119193615,0.45852944074894086,0.42684144485327935,0.06992559523809523,22.022569444444443,4297.118055555556,2341.647569444445,1.7353628818788802,0.29927659629304476,0.80790027466776,-0.7353628818788804,16817.614583333332,9345.75,-0.0038643703217420278,0.9185177087783813,2.1381903290748596,-0.16297927498817444,-0.09193743765354156,0.8889187574386597,0.24443021416664124
57,-3301.388238822476,-16727.052083333332,-20028.440322155813,0.4479181029791939,0.41152869793586433,0.06904899691358025,22.046875,4288.460069444444,2334.019097222222,1.7378115383912525,0.2891954157915099,0.7992808058125012,-0.7378115383912526,16727.052083333332,9337.03125,-0.005699575464758633,0.9047181010246277,1.9719762802124023,-0.14253899455070496,-0.11072865128517151,0.897580087184906,0.28218936920166016
58,-3300.6015162031745,-16250.28125,-19550.882766203173,0.45056912080205186,0.4155956847696669,0.07667576058201059,21.899305555555554,4147.262152777777,2322.321180555555,1.6878951226276824,0.28484783565285837,0.8757122401652243,-0.687895122627682,16250.28125,9296.197916666666,-0.0028594852373858837,0.85823854804039,2.1269971132278442,-0.21074330806732178,-0.1009383425116539,0.8840554356575012,0.23926904797554016
59,-3297.85876406836,-17300.322916666668,-20598.18168073503,0.4553195552813043,0.4181640233534078,0.07006558641975308,22.060763888888886,4437.229166666667,2340.038194444445,1.7779368981266284,0.30655461449960425,0.7514082875117675,-0.7779368981266283,17300.322916666668,9362.8125,-0.0007069747109493818,0.9787978231906891,2.121865689754486,-0.14137530326843262,-0.11768956482410431,0.8923144936561584,0.2604255974292755
60,-3296.998962904015,-17073.8125,-20370.811462904006,0.44996164163281627,0.4115469547299047,0.07158785273368606,21.989583333333332,4368.664930555556,2336.539930555555,1.769210032923375,0.31754013363888217,0.7957967908756527,-0.769210032923375,17073.8125,9343.791666666666,-0.003916532406230688,0.942671999335289,2.002565324306488,-0.23556801676750183,-0.07285777479410172,0.8964312076568604,0.24390897154808044
61,-3301.185355277123,-17267.395833333332,-20568.581188610446,0.45358501075226704,0.41764182416308254,0.06399526014109347,22.210069444444446,4426.727430555556,2329.503472222222,1.7882655038829682,0.30578157114987403,0.8076350888756001,-0.7882655038829683,17267.395833333332,9316.84375,-0.0019004342459010282,0.976322665810585,2.0965408086776733,-0.03556632995605469,-0.02688041888177395,0.8917819857597351,0.20512889325618744
62,-3298.995137766388,-17124.760416666668,-20423.75555443306,0.4543839586989553,0.41756844931902987,0.05913139329805996,22.23611111111111,4396.890625,2356.7326388888887,1.7582329017161549,0.29769092374279144,0.8358930027485273,-0.758232901716155,17124.760416666668,9399.4375,-0.004136212159540853,0.9419334381818771,2.018451154232025,-0.09363527595996857,-0.061954058706760406,0.8932662606239319,0.2595883905887604
63,-3300.1471960176655,-16701.041666666668,-20001.18886268433,0.45106523471757476,0.4139751493672115,0.06873043430335096,22.057291666666668,4291.987847222223,2330.465277777778,1.7379099414854153,0.286868533908136,0.8426318757293948,-0.7379099414854151,16701.041666666668,9315.197916666666,-0.001108014549251024,0.9091872423887253,2.097922384738922,-0.11700448393821716,-0.05978899821639061,0.8893417119979858,0.2591669261455536
64,-3300.9626540945223,-17517.75,-20818.712654094517,0.4431910370479861,0.4051046628349771,0.07306161816578484,22.097222222222225,4506.49826388889,2332.59375,1.8172050887011781,0.3143949944079965,0.7163388306209795,-0.817205088701178,17517.75,9310.010416666666,-0.0026198224283018323,1.0126558244228363,2.123752534389496,-0.05661529302597046,-0.15288782119750977,0.888480007648468,0.35076943039894104
65,-3302.7545948405127,-17569.03125,-20871.785844840513,0.45263388522825926,0.41662195534445345,0.06886656746031747,22.072916666666668,4515.802083333333,2334.125,1.8221710484977305,0.3107216077284137,0.7491777618147877,-0.8221710484977308,17569.03125,9318.822916666666,-0.003420802962147862,1.0133675336837769,2.108002483844757,-0.07386960089206696,-0.10680294781923294,0.8868573904037476,0.3152053654193878
66,-3297.660327458913,-16950.739583333332,-20248.39991079224,0.4422649682828011,0.4033460902412318,0.0695756172839506,21.967013888888886,4343.506944444444,2323.772569444445,1.7686311432500146,0.29700150249749596,0.8232171313712856,-0.7686311432500145,16950.739583333332,9294.572916666666,-0.003084898965122873,0.9397581219673157,1.9936317205429077,-0.29842911660671234,-0.14487320184707642,0.8931604623794556,0.32060757279396057
67,-3300.3480749952523,-16672.916666666668,-19973.264741661926,0.4432666438916324,0.40449635247286,0.07216021825396825,21.977430555555554,4282.692708333333,2336.206597222222,1.7327576494104877,0.2920295932839722,0.8298816257386775,-0.7327576494104878,16672.916666666668,9346.083333333334,-0.0014636653758857143,0.8959508091211319,2.0429126024246216,-0.3828315734863281,-0.1171836405992508,0.8924652338027954,0.30033940076828003
68,-3298.6664234505297,-15963.354166666666,-19262.020590117198,0.4397847864627386,0.39885775949288577,0.07128444664902998,21.857638888888886,4078.5729166666665,2337.157986111111,1.6564220989712874,0.27206422038435824,0.9362310314458885,-0.6564220989712874,15963.354166666666,9336.666666666666,-0.003537091901619993,0.8111822307109833,2.183202385902405,-0.46099787950515747,-0.1258305311203003,0.886950671672821,0.2876257300376892
69,-3298.33808652012,-16216.708333333334,-19515.046419853457,0.4376553586114915,0.3966413142107841,0.0741986331569665,21.939236111111114,4159.272569444444,2335.5104166666665,1.6873704979027515,0.28078773159560255,0.8907958905689272,-0.6873704979027512,16216.708333333334,9322.385416666666,-0.004692222778403199,0.8512565791606903,2.1263502836227417,-0.40236616134643555,-0.1508312076330185,0.890238881111145,0.3105405867099762
70,-3300.2145156667248,-16196.041666666666,-19496.256182333393,0.43309515313595753,0.3905899461048345,0.07592013888888889,21.819444444444443,4131.647569444445,2317.710069444445,1.6899931841631588,0.2794540177568003,0.9093371232547544,-0.6899931841631588,16196.041666666666,9274.020833333334,-0.0017191173656928571,0.852305069565773,2.057247817516327,-0.4248182475566864,-0.1348634958267212,0.8858534097671509,0.2667900621891022
71,-3302.6311459505064,-16096.229166666666,-19398.860312617177,0.4341852510258897,0.39124625028731924,0.08309992283950617,21.723958333333332,4115.333333333333,2307.977430555555,1.689562247617813,0.2775590262726414,0.8941699598173382,-0.6895622476178129,16096.229166666666,9226.71875,-0.0020595803090155407,0.8534279614686966,2.154401481151581,-0.4494636803865433,-0.23343439400196075,0.8897818326950073,0.3927859365940094
72,-3301.861692917806,-15928.90625,-19230.7679429178,0.4234469603585133,0.37486237453089827,0.08344025573192242,21.720486111111114,4073.147569444444,2316.1822916666665,1.667626654868384,0.27973590858972797,0.9042363131434628,-0.6676266548683841,15928.90625,9263.010416666666,-0.003348045110481479,0.8295126259326935,2.0582669973373413,-0.5321589857339859,-0.09877447783946991,0.8925760388374329,0.24665261805057526
73,-3297.118422951798,-16074.8125,-19371.930922951793,0.4288876845090955,0.3828661998268217,0.07904927248677249,21.710069444444446,4117.48263888889,2320.9982638888887,1.680755814798734,0.27491915136159295,0.8961431026234515,-0.6807558147987344,16074.8125,9278.979166666666,-0.00013980491635401382,0.8418024629354477,2.019489198923111,-0.5542690008878708,-0.05992722883820534,0.8916330337524414,0.2151574343442917
74,-3301.654035514508,-15599.229166666666,-18900.883202181176,0.42508837978388164,0.37928180986394483,0.08159253747795414,21.666666666666668,3976.3090277777774,2331.6302083333335,1.6233113861715829,0.26761802079989805,0.9740848590685522,-0.623311386171583,15599.229166666666,9322.9375,-0.00035835237690892,0.7701741009950638,1.9823468625545502,-0.6191890388727188,-0.056259635835886,0.895592212677002,0.20003679394721985
75,-3300.3497584323554,-15200.40625,-18500.75600843236,0.42239821273737554,0.3744202317514767,0.08338817239858907,21.696180555555554,3881.892361111111,2322.5052083333335,1.5891877061194526,0.2465246332868449,1.0360612801193865,-0.5891877061194527,15200.40625,9270.375,-0.002075200764029672,0.7332097738981247,2.010652720928192,-0.8491323590278625,-0.13395170867443085,0.8967012166976929,0.2975441813468933
76,-3296.4298983592785,-14439.072916666666,-17735.502815025957,0.41436745902328503,0.365609435700915,0.0886766975308642,21.586805555555554,3672.789930555556,2322.9895833333335,1.508614388854373,0.23505861596714697,1.0940072576976236,-0.5086143888543733,14439.072916666666,9277.802083333334,-0.002215198918793737,0.6439505070447922,2.119479537010193,-0.9720600545406342,-0.05979396402835846,0.8877575993537903,0.19914931058883667
77,-3295.915904693868,-14395.989583333334,-17691.905488027198,0.4178842289663767,0.3686564821336004,0.0870417217813051,21.54861111111111,3666.5677083333335,2328.1458333333335,1.5050841618607986,0.2340807221587673,1.1196110425509533,-0.5050841618607985,14395.989583333334,9313.125,-0.0007595864089759985,0.6312045902013779,2.025471031665802,-0.8146819323301315,-0.10090328752994537,0.8909119367599487,0.2546108067035675
78,-3297.510487415464,-13991.572916666666,-17289.083404082132,0.4189885298171854,0.36714890371594167,0.08722167107583774,21.609375,3572.972222222222,2314.324652777778,1.478396467951774,0.23116762065983765,1.2042164746050912,-0.4783964679517738,13991.572916666666,9262.208333333334,-0.000342463502723378,0.5940130949020386,2.046774983406067,-0.7983257323503494,-0.06765025854110718,0.8902056217193604,0.2217017412185669
79,-3302.429435403316,-13714.104166666666,-17016.533602069983,0.4185101499593252,0.36852559530072737,0.08555252425044091,21.630208333333332,3503.7552083333335,2321.928819444445,1.445992786098403,0.21328081709414207,1.2481095082502038,-0.4459927860984032,13714.104166666666,9273.354166666666,-0.004111908874803838,0.5555363148450851,2.090791404247284,-0.8467639982700348,-0.10705744475126266,0.8899233341217041,0.28680717945098877
80,-3298.213133049278,-13843.8125,-17142.025633049278,0.426144053632445,0.3801033293259226,0.07570216049382716,21.904513888888886,3542.734375,2331.503472222222,1.45485474905795,0.21527263579039083,1.2413366790874436,-0.45485474905795,13843.8125,9325.875,-0.0007299383055077158,0.5619188398122787,1.8944022059440613,-0.8085007518529892,-0.05281617119908333,0.8958156704902649,0.22437503933906555
81,-3301.9811879932527,-13522.020833333334,-16824.002021326596,0.42082512458762017,0.372724062556194,0.08227320326278659,21.612847222222218,3450.4479166666665,2322.4010416666665,1.4251513537019669,0.20827724803330017,1.3211599480273366,-0.4251513537019667,13522.020833333334,9278.052083333334,0.0014392985283828708,0.5336146354675293,1.934209018945694,-1.0221013128757477,-0.09729834645986557,0.8988212943077087,0.246933713555336
82,-3302.327637236929,-13261.114583333334,-16563.442220570265,0.4209946006361389,0.37302348548029035,0.0855045745149912,21.515625,3371.390625,2309.029513888889,1.408079887999458,0.20621437367608708,1.3811154110858554,-0.4080798879994583,13261.114583333334,9223.572916666666,-0.0037825399124289394,0.5035144537687302,1.9438164830207825,-1.1144455522298813,-0.06819957494735718,0.8987082242965698,0.22220979630947113
83,-3299.418718985864,-13059.583333333334,-16359.002052319202,0.4193807312792173,0.37171997404139906,0.0869414131393298,21.552083333333332,3321.8697916666665,2323.060763888889,1.3781978992169652,0.2017324215453499,1.4261605092629661,-0.37819789921696567,13059.583333333334,9296.875,-0.00013302144832039176,0.46977826207876205,1.9487601816654205,-1.239884376525879,-0.004933222196996212,0.8957791328430176,0.1395079642534256
84,-3298.1566428270166,-12565.239583333334,-15863.396226160352,0.4077264917146253,0.3556219464581874,0.10009314373897708,21.354166666666668,3198.4079861111118,2305.5295138888887,1.3373583251950667,0.17902825320626028,1.5521193039302335,-0.3373583251950667,12565.239583333334,9208.34375,-0.003992211589274569,0.423717625439167,2.160857319831848,-1.4193683415651321,-0.046851400285959244,0.8863002061843872,0.17438258230686188
85,-3298.43288175289,-12200.083333333334,-15498.516215086214,0.40805967732559373,0.3574265121844493,0.09676559744268078,21.305555555555554,3098.543402777778,2312.2048611111113,1.2996558129393325,0.17591588644366407,1.6593517253423258,-0.29965581293933247,12200.083333333334,9238.614583333334,0.0007524822091606875,0.3747817426919937,2.0133656561374664,-1.4332576096057892,-0.02783851884305477,0.8929691314697266,0.16663135588169098
86,-3298.8632486108327,-12222.5,-15521.363248610838,0.4025139264457538,0.3465266661563267,0.10009093915343915,21.274305555555554,3102.5034722222226,2304.496527777778,1.3012506278212077,0.17350636337881709,1.6235979425383646,-0.3012506278212077,12222.5,9215.479166666666,0.006602520514702892,0.37942370772361755,2.086531847715378,-1.78333181142807,0.0038685749750584364,0.8922916650772095,0.1286294162273407
87,-3300.24641187656,-12084.552083333334,-15384.798495209894,0.39562899105071114,0.3370589383153451,0.10593226410934743,21.07638888888889,3068.9479166666665,2293.538194444445,1.2968916575672371,0.16888026545235194,1.6901689650895362,-0.2968916575672371,12084.552083333334,9193.895833333334,-0.003871609443902191,0.3659411072731018,1.9069670736789703,-1.8306118249893188,0.05688389018177986,0.9021188020706177,0.09916549921035767
88,-3298.164446282402,-11698.5625,-14996.726946282399,0.39756318491291825,0.34054923492173356,0.1108068783068783,20.947916666666668,2967.027777777778,2279.578125,1.2646471480555468,0.15940798118037058,1.8204041492377232,-0.26464714805554695,11698.5625,9119.302083333334,-0.0014594494564472704,0.33553314208984375,2.1537343859672546,-1.8208340555429459,0.05434070900082588,0.8895647525787354,0.05092964693903923
89,-3296.144133193316,-11378.041666666666,-14674.18579985999,0.39435135880122213,0.33935388901995284,0.10909915123456788,21.06423611111111,2891.6076388888887,2277.279513888889,1.2355360048233215,0.14799734535717662,2.0010363170454184,-0.2355360048233215,11378.041666666666,9114.958333333334,-0.0008793090438681261,0.29578113555908203,1.8626194596290588,-2.022527649998665,-0.0643630251288414,0.9022825360298157,0.18036110699176788
90,-3298.667747380858,-11186.5625,-14485.230247380861,0.397671359305433,0.34081490389588803,0.10524277998236331,21.09201388888889,2833.5295138888887,2293.215277777778,1.2029519719116464,0.14000623052284517,2.148278170186142,-0.20295197191164638,11186.5625,9170.333333333334,-0.0002766101868341142,0.2671438530087471,1.943657010793686,-1.9782248437404633,-0.07235516607761383,0.8937321901321411,0.18750464916229248
91,-3296.8564681440803,-10939.354166666666,-14236.210634810748,0.39386471849048127,0.3350556390230648,0.1117939814814815,20.977430555555554,2775.0034722222226,2292.3125,1.1798422512245113,0.13759706064163205,2.379034274253181,-0.17984225122451133,10939.354166666666,9190.010416666666,0.0004890258943590631,0.23290306329727173,1.903959035873413,-2.2034310549497604,-0.22561930119991302,0.8989250063896179,0.3305061459541321
92,-3300.1629394932793,-10644.197916666666,-13944.360856159952,0.39137387688464864,0.332343248792717,0.11705494929453263,20.828125,2687.935763888889,2287.6458333333335,1.1506404466430966,0.12834865642082324,2.5142332095129283,-0.15064044664309673,10644.197916666666,9162.072916666666,0.0012638184831081922,0.1979760378599167,1.9820112884044647,-2.0957716405391693,-0.17485955357551575,0.8917204141616821,0.2720661461353302
93,-3298.8230253098804,-10387.760416666666,-13686.583441976552,0.3962028838773941,0.3408827322095426,0.11000523589065254,21.024305555555554,2623.069444444445,2276.532986111111,1.1284969590942124,0.11558840685976823,2.726981621170882,-0.1284969590942124,10387.760416666666,9118.947916666666,0.00645081728115926,0.1759212128818035,1.966978520154953,-2.4264508187770844,-0.25414055585861206,0.8957303166389465,0.35783883929252625
94,-3302.670824977628,-10330.760416666666,-13633.431241644292,0.39618401515064,0.33941659005358815,0.11608382936507937,20.817708333333332,2600.09375,2281.5850694444443,1.1239426775819414,0.12255575377621043,2.7748311377341834,-0.12394267758194161,10330.760416666666,9148.708333333334,-0.003066468674035594,0.16044701263308525,2.156142234802246,-2.5187858790159225,-0.17109616100788116,0.8821824789047241,0.2573840916156769
95,-3296.4249622168954,-10121.5625,-13417.987462216886,0.39206341005945994,0.3358415706833411,0.1179591049382716,20.692708333333332,2557.477430555555,2277.9913194444443,1.103163025050919,0.12683491491424706,2.9921341918200715,-0.10316302505091896,10121.5625,9102.895833333334,-0.0048241910713988645,0.14331043511629105,2.1290634274482727,-2.634618043899536,-0.2784257233142853,0.8859214186668396,0.3631793260574341
96,-3298.484665363383,-9975.84375,-13274.328415363387,0.3922365315928218,0.3362184984790575,0.1221412037037037,20.706597222222225,2511.720486111111,2269.7482638888887,1.091147199046307,0.10942888724433915,3.2918006764063636,-0.09114719904630723,9975.84375,9101.395833333334,-0.0006836291708021691,0.12466920167207718,2.0417104959487915,-2.7592666521668434,-0.03726891428232193,0.8912506103515625,0.1325273960828781
97,-3298.04771519174,-9828.864583333334,-13126.912298525074,0.38672385812910925,0.32835197797976434,0.12847470238095238,20.600694444444446,2471.03125,2257.4670138888887,1.0806914341048481,0.10620402341702156,3.3656219288538316,-0.08069143410484801,9828.864583333334,9062.15625,-0.003196510885526971,0.11295540817081928,2.127286732196808,-2.8874229043722153,-0.0913972556591034,0.8905261754989624,0.15449245274066925
98,-3298.4782568975265,-9714.770833333334,-13013.249090230858,0.3884605155531397,0.32818938866775066,0.13452188051146383,20.44097222222222,2439.993055555555,2256.0989583333335,1.0671521161314654,0.10466254966916454,3.5467055742541427,-0.06715211613146539,9714.770833333334,9049.989583333334,-0.004602486662792504,0.09997450932860374,2.0854649543762207,-2.8834138587117195,-0.05932309851050377,0.8904585838317871,0.1313658505678177
99,-3301.189067662662,-9675.958333333334,-12977.147400995993,0.38328468420740847,0.3207224431809866,0.12868606701940036,20.541666666666668,2431.4322916666665,2261.2916666666665,1.0627157611574372,0.09881188822497115,3.6623548137386774,-0.06271576115743697,9675.958333333334,9074.6875,-0.006239464681717877,0.09046697989106178,2.1009803414344788,-2.9592930749058723,-0.09025124460458755,0.8881539106369019,0.16698351502418518
100,-3298.453647978194,-9647.072916666666,-12945.526564644862,0.3842826670134553,0.3242410516961374,0.13590498236331572,20.362847222222225,2420.496527777778,2240.571180555555,1.068185159725231,0.0963644402936042,3.854138834534902,-0.06818515972523105,9647.072916666666,8993.197916666666,-0.0005783864418678064,0.09698869287967682,2.3338317275047302,-2.787580296397209,-0.1582842320203781,0.8790919780731201,0.23416684567928314
101,-3298.380441435547,-9614.21875,-12912.599191435549,0.38562267091159,0.32523272136071074,0.12493165784832451,20.590277777777782,2419.413194444445,2268.225694444445,1.0553662413470868,0.09844480101347526,3.9869442053129673,-0.05536624134708682,9614.21875,9086.21875,-0.0010471737386796853,0.07933221757411957,2.1161717772483826,-2.848039396107197,-0.05907893925905228,0.8879638910293579,0.1670956313610077
102,-3299.6816418880076,-9547.5,-12847.181641888012,0.3899558622315025,0.33283107348769486,0.1310011574074074,20.57638888888889,2403.996527777778,2258.2482638888887,1.0527833023813746,0.08855305688998787,3.9543061586061667,-0.05278330238137471,9547.5,9050.145833333334,-0.006705141170044282,0.07665634341537952,2.0324011743068695,-2.881303295493126,-0.17093545198440552,0.8919147253036499,0.2726818323135376
103,-3297.858772163137,-9476.604166666666,-12774.462938829798,0.39126325074902885,0.33474673778336084,0.13029265873015874,20.45486111111111,2383.671875,2252.545138888889,1.0473973984508786,0.09413840806980973,4.015209314640952,-0.04739739845087861,9476.604166666666,9012.84375,-0.0016750662534006366,0.07259530201554298,2.1456156969070435,-2.8311943262815475,-0.17774799466133118,0.8824942708015442,0.24074473977088928
104,-3302.6239148304267,-9381.520833333334,-12684.14474816376,0.3915671886054441,0.3358285088001543,0.1336020171957672,20.447916666666668,2357.0,2239.262152777778,1.0443330765910634,0.08983233686226995,4.062582895062366,-0.04433307659106337,9381.520833333334,8972.479166666666,-0.005212831160410936,0.06553954817354679,2.1225825548171997,-3.181353785097599,-0.35047027468681335,0.88640958070755,0.3992597758769989
105,-3298.432730039613,-9358.447916666666,-12656.88064670629,0.3966389752819108,0.34279211476031274,0.13794587742504408,20.269097222222225,2342.2135416666665,2248.196180555555,1.0345571236797282,0.09262627268959323,4.186114824575131,-0.03455712367972811,9358.447916666666,9016.4375,-0.0029778031589970944,0.056019783951342106,2.1094478368759155,-3.267779730260372,-0.16213634610176086,0.8825551867485046,0.20509225130081177
106,-3297.1459211895103,-9297.927083333334,-12595.073004522841,0.3923054831909905,0.3385367732391589,0.1429921737213404,20.253472222222225,2333.850694444445,2237.2274305555557,1.0353996433777721,0.09811845726542683,4.230857019893159,-0.035399643377772155,9297.927083333334,8964.78125,-0.00376668363936572,0.05417892709374428,1.9760807156562805,-3.3910492435097694,-0.26814043521881104,0.892753541469574,0.307744562625885
107,-3297.9135732600694,-9308.15625,-12606.069823260064,0.3895922911292808,0.3330036520750986,0.14139743165784832,20.130208333333332,2332.6024305555557,2247.296875,1.0313603938492255,0.09231007904290282,4.365301125023654,-0.03136039384922557,9308.15625,9006.010416666666,-0.004925977953738059,0.04999271873384714,2.1070441007614136,-3.4292384013533592,-0.136654794216156,0.8891255855560303,0.18920952081680298
108,-3300.837600396131,-9288.291666666666,-12589.129267062803,0.3859963612731036,0.3259955987774043,0.14351714065255733,20.131944444444443,2323.9392361111113,2241.2326388888887,1.030056113821906,0.09509798066528131,4.332409761251754,-0.030056113821905994,9288.291666666666,8993.958333333334,-0.0027113543285968156,0.048907640390098095,2.1727423667907715,-3.4775242507457733,-0.1516963690519333,0.8842666745185852,0.1705373078584671
109,-3299.834188526302,-9259.1875,-12559.021688526309,0.3859155134905517,0.3268009066943907,0.14352899029982366,20.109375,2322.399305555555,2229.4635416666665,1.0322488602670015,0.0878796041417037,4.430518982287929,-0.032248860267001356,9259.1875,8953.833333333334,-0.0011530130874657374,0.05356907472014427,2.005258023738861,-3.4496826380491257,-0.212011456489563,0.8929488658905029,0.24685002863407135
110,-3297.781859059518,-9210.40625,-12508.188109059522,0.3852818228646672,0.3237948719567309,0.1525421626984127,19.989583333333332,2300.397569444445,2218.527777777778,1.0299350597757544,0.09052135794609732,4.393016994367307,-0.029935059775754568,9210.40625,8933.145833333334,-0.003319207134990565,0.04831256531178951,2.0593038201332092,-3.549215294420719,-0.17168234288692474,0.8874067068099976,0.16816936433315277
111,-3300.5416567994203,-9322.385416666666,-12622.927073466084,0.3851408468371392,0.3281822794686175,0.14466021825396824,20.092013888888886,2331.9895833333335,2238.0173611111113,1.035951192088164,0.09282170357298031,4.556072274789895,-0.03595119208816429,9322.385416666666,8984.864583333334,-0.003612927991351267,0.053700586780905724,2.10207462310791,-3.61834766715765,-0.2759163975715637,0.888683557510376,0.30554333329200745
112,-3301.8495112203987,-9172.270833333334,-12474.120344553738,0.386071527868761,0.3277223500578354,0.15598655202821868,19.890625,2294.734375,2215.746527777778,1.0317093800334949,0.08055884957226975,4.56499815504084,-0.031709380033494876,9172.270833333334,8899.979166666666,-0.0023231452743692205,0.046009440906345844,2.0947383642196655,-3.6725000217556953,-0.16429442167282104,0.8877567648887634,0.16540087759494781
113,-3298.808160089075,-9254.28125,-12553.089410089073,0.38523910857501215,0.32828747262505603,0.15359182098765434,19.848958333333332,2318.347222222222,2226.6944444444443,1.031083574865624,0.08769749892158211,4.5885360406199345,-0.031083574865624047,9254.28125,8955.041666666666,-0.00015655337395426017,0.05430320464074612,2.168356239795685,-3.9177761003375053,-0.4416863024234772,0.884905993938446,0.47548651695251465
114,-3297.972122400459,-9182.760416666666,-12480.73253906712,0.3842128459871846,0.32465357928433347,0.15365630511463846,19.88888888888889,2299.5104166666665,2215.5520833333335,1.029137580268381,0.08473727795167857,4.630156633190967,-0.029137580268381067,9182.760416666666,8903.65625,-0.0010108237954107313,0.050671723671257496,1.9982900023460388,-3.7154526039958,-0.13440683484077454,0.8910204768180847,0.13328321278095245
115,-3300.444945396192,-9216.260416666666,-12516.705362062856,0.38103127184181473,0.32212759542744607,0.15447420634920636,19.77951388888889,2305.378472222222,2226.918402777778,1.0249764303566664,0.08423765563443553,4.69731889019501,-0.02497643035666636,9216.260416666666,8941.041666666666,-0.001691985268450491,0.053269353695213795,1.9199415445327759,-3.8357721641659737,-0.2587515413761139,0.8946247696876526,0.2657375931739807
116,-3298.4300710554303,-9158.291666666666,-12456.721737722093,0.3844917671055777,0.32553958273234057,0.1603629298941799,19.744791666666668,2296.3020833333335,2203.121527777778,1.0332501980285917,0.09741277291389039,4.542223614691329,-0.03325019802859166,9158.291666666666,8846.145833333334,0.006743241319635107,0.05484652426093817,2.0993409752845764,-4.174153968691826,-0.1093439981341362,0.88716721534729,0.11442667245864868
117,-3298.973850629051,-9176.135416666666,-12475.109267295718,0.38602131632295694,0.32745291909668595,0.16175236992945327,19.739583333333332,2294.032986111111,2212.6736111111113,1.0288789975122157,0.08328601882535298,4.6872233092680045,-0.028878997512215704,9176.135416666666,8879.427083333334,-0.0005364242835015354,0.05194815248250961,2.005974292755127,-4.135598950088024,-0.25398993492126465,0.892437219619751,0.23099131882190704
118,-3300.0991700915874,-9105.46875,-12405.567920091582,0.38213885598530545,0.32389516367887455,0.1730696097883598,19.265625,2274.2048611111113,2174.253472222222,1.0365089385888229,0.08289740983168786,4.736549358168266,-0.036508938588822974,9105.46875,8763.052083333334,0.001035935843993696,0.060117051005363464,2.032395452260971,-4.479929082095623,-0.2214251458644867,0.8869532942771912,0.15066532790660858
119,-3300.882779111235,-9013.208333333334,-12314.091112444568,0.3825436459917914,0.3256273120253657,0.17851383377425045,19.29861111111111,2252.359375,2180.265625,1.0233941964022444,0.08544685946930759,4.6855104310837214,-0.023394196402244338,9013.208333333334,8777.916666666666,0.0007670707710722979,0.04861478693783283,1.8848000764846802,-4.428963713347912,-0.5034955143928528,0.8934509754180908,0.43857288360595703
120,-3293.507023113057,-9052.802083333334,-12346.309106446395,0.3858250011853679,0.32818185346614986,0.1752766754850088,19.322569444444444,2265.6086805555556,2188.735416666667,1.0262938619646274,0.0839532343038135,4.633472524729392,-0.026293861964627314,9052.802083333334,8786.895833333334,-0.0040644360859078965,0.050616693682968616,2.001265525817871,-4.428815171122551,-0.25997474789619446,0.8867344856262207,0.18674501776695251
121,-3300.6985307627933,-8995.927083333334,-12296.62561409612,0.38415213615894084,0.32705283677205443,0.1736108355379189,19.23611111111111,2240.394097222222,2169.189236111111,1.0249213961390107,0.08616996614105192,4.66770277694361,-0.02492139613901054,8995.927083333334,8764.5,0.00010628832622927575,0.04437059722840786,1.8718831539154053,-4.483361691236496,-0.3971598148345947,0.8933988213539124,0.3217029273509979
122,-3300.0967872964006,-8930.020833333334,-12230.117620629737,0.3855064236966607,0.3282695325583012,0.18050788139329807,19.147569444444446,2227.5989583333335,2176.3645833333335,1.0157740387430767,0.0840704430269918,4.665554629475879,-0.015774038743076733,8930.020833333334,8764.510416666666,0.0051396758239151685,0.03758507687598467,1.9456619322299957,-4.630559921264648,-0.22510096430778503,0.8912321329116821,0.13947360217571259
123,-3299.224613727019,-8900.21875,-12199.443363727025,0.38344579964285536,0.3257632384128455,0.18117283950617283,19.193749999999998,2226.0881944444445,2165.881944444445,1.019140057529775,0.08772979312802948,4.622091415002912,-0.019140057529775052,8900.21875,8709.791666666666,0.0009851444352682037,0.041049337945878506,1.8346399366855621,-4.848638154566288,-0.46196743845939636,0.8957107663154602,0.38544467091560364
124,-3297.0772149396885,-8861.75,-12158.827214939693,0.3769841725792526,0.31632174301840776,0.2002648258377425,18.790972222222223,2211.890972222222,2154.5072916666663,1.0190156252396827,0.09071735135704546,4.621173709780266,-0.01901562523968274,8861.75,8667.083333333334,-8.257955157364716e-05,0.04205269739031792,1.7921818792819977,-5.006043866276741,-0.22421732544898987,0.8951360583305359,0.10607107728719711
125,-3299.862790500352,-8745.03125,-12044.89404050035,0.3728870837203013,0.3108947656065639,0.2060080467372134,18.62777777777778,2180.467361111111,2138.2000000000003,1.0140225794374025,0.08261813831543789,4.564012808135193,-0.01402257943740229,8745.03125,8609.5,-0.0055304020067037385,0.03315210249274969,1.7618112564086914,-5.118483476340771,-0.5014209747314453,0.8998681902885437,0.36177822947502136
126,-3299.6256613243077,-8780.583333333334,-12080.208994657643,0.37615363690427756,0.3144123632939429,0.1992292217813051,18.802083333333332,2194.8489583333335,2139.668402777778,1.0192865114696879,0.08219894338702825,4.629698512613909,-0.019286511469687975,8780.583333333334,8619.239583333334,-0.0006854921135490688,0.03615502826869488,1.8799686133861542,-5.070539250969887,-0.24943113327026367,0.8950221538543701,0.14759735763072968
127,-3298.945900344342,-8829.083333333334,-12128.029233677677,0.37601493273314407,0.31728129641204655,0.20102292768959437,18.79861111111111,2205.678819444445,2139.949652777778,1.0211222309754677,0.09061959709947454,4.69193385941584,-0.021122230975467726,8829.083333333334,8621.802083333334,-0.002564055568214041,0.042668864130973816,1.8056363463401794,-5.068363554775715,-0.2389794886112213,0.8997514247894287,0.11695204675197601
128,-3298.9714729098832,-8887.020833333334,-12185.992306243226,0.3758944030393449,0.31414723411823314,0.19198164682539684,18.84722222222222,2216.9305555555557,2153.210069444445,1.0212090553327315,0.08559139799174169,4.662843014058131,-0.021209055332731496,8887.020833333334,8691.375,-0.003671520429891384,0.042487744241952896,1.900804877281189,-5.04611137509346,-0.22143593430519104,0.8978882431983948,0.12229607999324799
129,-3299.4095019966294,-8817.333333333334,-12116.742835329957,0.37549822308705333,0.3128589714825567,0.1914373897707231,18.909722222222225,2202.6163194444443,2147.940972222222,1.01626177716192,0.0939772344868059,4.593059146133745,-0.016261777161919965,8817.333333333334,8649.510416666666,-0.005961183943630433,0.03905028011649847,1.8134517073631287,-5.015060491859913,-0.2751774191856384,0.8991427421569824,0.17069724202156067
130,-3298.1452221363666,-8694.3125,-11992.457722136363,0.36773466916475156,0.3007218116157067,0.2123365850970018,18.493055555555557,2160.451388888889,2126.9791666666665,1.0105185751970818,0.0863682087696729,4.50484832105407,-0.010518575197081761,8694.3125,8592.927083333334,-0.0021778101511911174,0.028074538800865412,1.8354569971561432,-5.255331218242645,-0.33659741282463074,0.8932089805603027,0.1917596161365509
131,-3298.9312494400806,-8715.520833333334,-12014.45208277341,0.3694574298225249,0.30693937577436575,0.21454447751322747,18.487847222222225,2171.050347222222,2135.939236111111,1.0126001531369426,0.084584451333738,4.405634637265177,-0.01260015313694259,8715.520833333334,8617.15625,-0.004633593528221014,0.0295596681535244,1.819981873035431,-5.2939051650464535,-0.40088775753974915,0.9004197716712952,0.26936769485473633
132,-3298.9863000591617,-8644.645833333334,-11943.632133392492,0.37036378827282856,0.3090014201912305,0.21704971340388005,18.214583333333334,2152.9489583333334,2109.5572916666665,1.0115414763753126,0.09533618207514939,4.4044964657389265,-0.011541476375312594,8644.645833333334,8506.583333333334,0.015107314062370758,0.03510710783302784,1.745092123746872,-5.730002753436565,-0.20214392244815826,0.8992812633514404,0.03432556241750717
133,-3300.0300513717925,-8613.729166666666,-11913.75921803846,0.3661832764176623,0.3016619650297798,0.2248685515873016,18.163194444444443,2143.821180555555,2102.9461805555557,1.0127308843530385,0.08389749916810511,4.555267694093042,-0.012730884353038546,8613.729166666666,8491.0625,0.000491473027252165,0.03360965009778738,1.7004474699497223,-5.537611320614815,-0.2885335385799408,0.9035990834236145,0.11795776337385178
134,-3297.7403800893258,-8693.604166666666,-11991.344546755992,0.3646346097676842,0.29673281296466786,0.2204717813051146,18.241319444444443,2174.5,2120.3229166666665,1.015877522640613,0.08594640729857715,4.463429860180793,-0.015877522640612804,8693.604166666666,8524.302083333334,0.001353509327857605,0.03802203293889761,1.6444525122642517,-5.610677525401115,-0.31043165922164917,0.9046602249145508,0.13985250890254974
135,-3295.278129350682,-8681.958333333334,-11977.236462684019,0.3691327062653779,0.3032228139733585,0.21586805555555555,18.265625,2163.4166666666665,2128.7291666666665,1.0086906427837359,0.0866531379861115,4.489304720025808,-0.008690642783735764,8681.958333333334,8572.385416666666,0.006278252946401164,0.030423318035900593,1.755811631679535,-5.842624880373478,-0.3473183214664459,0.8979712724685669,0.17780330777168274
136,-3299.2918853457068,-8641.114583333334,-11940.406468679037,0.3670685550718887,0.30249731491656145,0.2170433752204585,18.23125,2152.602430555556,2106.008680555555,1.014622077588842,0.09646575623604169,4.536249764872742,-0.014622077588842009,8641.114583333334,8488.729166666666,0.0019928656496117636,0.03684667032212019,1.9370635449886322,-5.696602486073971,-0.46788883209228516,0.8909807205200195,0.29383718967437744
137,-3296.6851203747065,-8620.90625,-11917.591370374706,0.3651229221913042,0.29808973089610746,0.22395392416225748,18.04861111111111,2142.189236111111,2088.970486111111,1.015735045600588,0.10036708068033214,4.535169363441213,-0.015735045600588058,8620.90625,8443.6875,0.0009166256735110845,0.041327210143208504,1.9003065824508667,-6.189176082611084,-0.45541197061538696,0.8869850039482117,0.26127904653549194
138,-3301.6290909644836,-8677.635416666666,-11979.264507631151,0.3698121657134683,0.3060415959140907,0.23267278439153438,17.92673611111111,2160.50625,2077.110763888889,1.0268368441772802,0.08651792177840094,4.783666434960977,-0.02683684417728009,8677.635416666666,8398.770833333334,0.00023692976324740656,0.058024042285978794,1.6741456091403961,-5.965056221932173,-0.5537954568862915,0.901974618434906,0.3570427894592285
139,-3297.9420006558175,-8544.78125,-11842.723250655827,0.36425461858456937,0.2971238421418497,0.23764329805996467,17.692708333333332,2120.609375,2083.8541666666665,1.0097415981825228,0.09371417739844172,4.64874245042935,-0.009741598182522673,8544.78125,8447.395833333334,-0.0009687223749210716,0.03406065423041582,1.650358885526657,-6.327124543488026,-0.5261363983154297,0.9016981720924377,0.31837934255599976
140,-3301.3801437218176,-8655.833333333334,-11957.213477055162,0.36678989859255734,0.30127982641958323,0.2355191798941799,17.71527777777778,2157.875,2056.914930555555,1.0339842156043122,0.08498726730083546,5.020243218930696,-0.03398421560431198,8655.833333333334,8320.927083333334,-0.006884026047162206,0.06726133078336716,1.581895649433136,-6.237378358840942,-0.5141246318817139,0.9036481380462646,0.297566682100296
141,-3297.840084178001,-8362.34375,-11660.183834178004,0.363720143477756,0.2979831959981109,0.25270502645502646,17.380208333333332,2076.088888888889,2029.9322916666667,1.0131002362302144,0.08967676587945339,4.705112930211261,-0.013100236230214219,8362.34375,8226.854166666666,-0.005042446464725847,0.03480094112455845,1.586288869380951,-6.600542139261961,-0.5570818781852722,0.9023028016090393,0.2948750853538513
142,-3300.1819986954274,-8538.041666666666,-11838.223665362093,0.3645189043213944,0.2984220648747093,0.24777888007054674,17.693402777777777,2129.1427083333333,2054.3614583333333,1.0236130234380034,0.09141441970760567,4.858766157362539,-0.023613023438003172,8538.041666666666,8279.614583333334,0.003212129343841963,0.056760285049676895,1.6953683197498322,-6.330501206219196,-0.5987719297409058,0.8995684385299683,0.3627842664718628
143,-3298.590342385715,-8372.333333333334,-11670.923675719052,0.3646947149256716,0.29815061007522875,0.2563012566137566,17.339236111111113,2088.9347222222223,2043.5986111111113,1.0132695084777816,0.08936933215736868,4.706201311297245,-0.013269508477781806,8372.333333333334,8242.375,0.0020330647380570888,0.035226489417254925,1.6773544251918793,-6.884571358561516,-0.5097405314445496,0.895289957523346,0.2472190409898758
144,-3301.522443609743,-8334.78125,-11636.303693609736,0.3651762317629564,0.29930139005753315,0.2541049382716049,17.39548611111111,2078.6659722222225,2051.022916666667,1.0070240582798389,0.09924435372752273,4.496154002194662,-0.007024058279838687,8334.78125,8254.520833333334,0.00029119038589842106,0.026207459159195423,1.5502040088176727,-6.54301006346941,-0.5868593454360962,0.9055296182632446,0.31178411841392517
145,-3301.4646813539252,-8352.40625,-11653.87093135392,0.3609441481675156,0.29370322379206,0.2544940476190476,17.311805555555555,2074.1197916666665,2024.546875,1.014617442847914,0.10232534027605796,4.37616022514263,-0.014617442847913826,8352.40625,8193.260416666666,-0.0046526796603105006,0.03809073008596897,1.5371670424938202,-6.9150175377726555,-0.5250452160835266,0.9014788866043091,0.22835855185985565
146,-3298.612145617781,-8277.197916666666,-11575.810062284452,0.3609221642932492,0.2925018311361782,0.2686866181657848,17.090972222222224,2053.0923611111107,2017.914236111111,1.0103101662790959,0.09349455521290073,4.386832380864079,-0.010310166279095749,8277.197916666666,8167.375,-0.001578632506689992,0.031164701096713543,1.5753313899040222,-6.9338787123560905,-0.7274401187896729,0.9038466215133667,0.4123457670211792
147,-3297.6947338076784,-8293.03125,-11590.725983807679,0.35982352779819493,0.2894764444144029,0.26880539021164024,17.015625,2055.6458333333335,2002.515625,1.0160958153163109,0.0983364466887849,4.365454186782332,-0.016095815316310946,8293.03125,8117.770833333333,0.000250935410308184,0.04090924467891455,1.6097387969493866,-7.205385193228722,-0.5619678497314453,0.8946746587753296,0.25654327869415283
148,-3298.842130287179,-8268.947916666666,-11567.79004695385,0.3599187744145449,0.2902414257502339,0.270515873015873,17.188194444444445,2068.155902777778,2015.9579861111108,1.0169538594310037,0.09304214519742933,4.449361977546165,-0.01695385943100377,8268.947916666666,8110.135416666667,-0.0005884339349142564,0.03843313176184893,1.4133655726909637,-6.986010923981667,-0.6273929476737976,0.9122874140739441,0.3206993341445923
149,-3296.674576514866,-8188.770833333333,-11485.4454098482,0.3609377952639837,0.29188807684436646,0.27096588403880073,17.118055555555554,2038.4461805555554,2001.28125,1.0103280492115205,0.07836495902620284,4.367355941547801,-0.010328049211520545,8188.770833333333,8062.5625,0.0001491098749955011,0.032991799525916576,1.5115358233451843,-7.080069787800312,-0.5515843629837036,0.9033367037773132,0.22235921025276184
150,-3295.970212540086,-8233.09375,-11529.063962540089,0.3613375656256057,0.2908985157005696,0.25999338624338625,17.260416666666668,2047.6305555555555,2010.7055555555555,1.0099231084748606,0.09116249332581887,4.422742019791113,-0.009923108474860444,8233.09375,8128.0625,-0.006845205569536272,0.03225232660770416,1.561868667602539,-6.983882084488869,-0.5542994737625122,0.8992884755134583,0.24019545316696167
151,-3297.10831726026,-8245.3125,-11542.420817260261,0.3578723175588177,0.28737860564271817,0.2708228615520282,16.924305555555552,2045.0329861111113,1995.2593749999996,1.014460188574307,0.09545616096011228,4.451060550361666,-0.014460188574307037,8245.3125,8079.25,-0.007043739258678627,0.04088039509952068,1.5367175340652466,-7.270177852362394,-0.4890395998954773,0.9035383462905884,0.17020770907402039
152,-3300.698677786717,-8255.822916666666,-11556.52159445339,0.3595185878070437,0.28874414443271235,0.26479056437389775,17.077430555555555,2062.8708333333334,2029.4697916666664,1.0080361183318838,0.09281845301811191,4.372629921029594,-0.00803611833188364,8255.822916666666,8141.010416666667,-0.005632149987510715,0.03240259736776352,1.6196632981300354,-7.155946638435125,-0.47770535945892334,0.8996708393096924,0.17656055092811584
153,-3298.7624243948208,-8154.34375,-11453.106174394823,0.35533752410071157,0.28072500970059383,0.2786830357142857,16.985416666666666,2034.4968749999998,1996.9177083333334,1.0090836506315373,0.0947178612062168,4.49955149350689,-0.00908365063153743,8154.34375,8038.71875,0.007911533606473675,0.03203010931611061,1.5039487183094025,-7.708457201719284,-0.5795859694480896,0.9016101360321045,0.25154536962509155
154,-3297.845979153408,-8193.291666666666,-11491.137645820068,0.35562276447673274,0.2824222284899507,0.28287202380952375,16.6875,2037.2527777777777,1968.193402777778,1.0227503853117885,0.09579982461120601,4.738837898928446,-0.02275038531178848,8193.291666666666,7961.020833333333,-0.0018702669885257706,0.05027023982256651,1.5696530044078827,-7.582395851612091,-0.6739020943641663,0.8999844789505005,0.329865038394928
155,-3299.5083346004926,-8020.197916666667,-11319.706251267162,0.34919422652445625,0.27099046127275667,0.2963348765432099,16.56284722222222,2013.770138888889,1956.9736111111113,1.0171307648675911,0.0924217003744781,4.7077008839776715,-0.017130764867591294,8020.197916666667,7836.25,0.005344598461618499,0.04482734017074108,1.399765819311142,-8.281844101846218,-0.7272535562515259,0.905467689037323,0.3540332019329071
156,-3300.256104654543,-8029.791666666667,-11330.047771321208,0.3487302118597164,0.2693800624466449,0.2983986441798942,16.795833333333334,2044.3322916666666,1991.0322916666664,1.0147666506586461,0.09841819511913626,4.8723314326499825,-0.014766650658646093,8029.791666666667,7848.677083333333,0.0008992744184033175,0.04438179638236761,1.3302334547042847,-7.94459930062294,-0.740362823009491,0.9096882343292236,0.38553452491760254
157,-3297.273047571726,-7946.15625,-11243.429297571727,0.34179843676330957,0.25775459568507764,0.3021186067019401,16.400000000000002,1992.9586805555555,1941.5947916666664,1.0143467422922325,0.09419227099209486,4.774587591302983,-0.014346742292232553,7946.15625,7778.791666666667,-0.01004394239303874,0.04458056669682264,1.3566795587539673,-8.537331148982048,-0.653657853603363,0.906876266002655,0.26952555775642395
158,-3298.2927219929047,-7797.677083333333,-11095.969805326238,0.3385405894772692,0.25250578945916563,0.30834518298059965,16.675347222222225,2006.5958333333335,1955.6736111111113,1.0131489822244817,0.09413277626063825,4.66172742188625,-0.013148982224481772,7797.677083333333,7638.041666666667,-0.0018008513884106847,0.04249468166381121,1.3853881061077118,-8.686439972370863,-0.7599263191223145,0.9000519514083862,0.33954668045043945
159,-3296.9995466732908,-7688.1875,-10985.187046673293,0.3367715168122591,0.24801230839673535,0.31884865520282185,16.36111111111111,1978.7927083333334,1932.2947916666665,1.0143700001035176,0.09479419339289548,4.60717710524366,-0.014370000103517718,7688.1875,7547.0625,-0.003710136693582472,0.03732460085302591,1.280338078737259,-8.9662651643157,-0.8141697645187378,0.9060160517692566,0.3752475380897522
160,-3298.8272114432384,-7779.322916666667,-11078.150128109904,0.33889301717956727,0.25299832298898967,0.3129745370370371,16.693749999999998,2020.5013888888886,1955.0274305555558,1.019401638773877,0.08734841928568031,4.798183825010331,-0.01940163877387702,7779.322916666667,7582.21875,0.004088767821256223,0.050155745819211006,1.2040354013442993,-8.776176072657108,-0.7430429458618164,0.9137066006660461,0.3244171440601349
161,-3295.499451803303,-7749.239583333333,-11044.73903513664,0.33753597573631183,0.24853545492644322,0.31639302248677253,16.243055555555557,1969.0052083333333,1909.6649305555554,1.017379878772976,0.09236405026590279,4.699594945907835,-0.017379878772975903,7749.239583333333,7546.395833333333,0.014572444066141887,0.04872732423245907,1.2865841686725616,-9.268476076424122,-0.7137680649757385,0.9059239029884338,0.27293500304222107
162,-3299.1306933255255,-7712.114583333333,-11011.245276658856,0.33308582909355294,0.24245439812592748,0.3188037367724868,16.377430555555552,1980.5739583333334,1908.0677083333333,1.0248314210446903,0.07478814593713212,4.735995996382059,-0.024831421044690147,7712.114583333333,7479.979166666667,0.0016943073662167851,0.053046478889882565,1.2848762273788452,-9.082461453974247,-0.7547616958618164,0.9097306728363037,0.31480076909065247
163,-3297.343184925497,-7602.875,-10900.218184925498,0.32950054054797046,0.23372803629091424,0.32423886684303355,16.274305555555557,1967.0840277777777,1929.2354166666667,1.0121556566485665,0.08477296170377306,4.662755501571483,-0.012155656648566498,7602.875,7487.291666666667,0.0021153196529015705,0.03205095790326595,1.2904384434223175,-9.688948214054108,-0.6842769980430603,0.9057902693748474,0.2149800956249237
164,-3301.4117954570793,-7462.958333333333,-10764.370128790411,0.32911432642616595,0.2319815118680708,0.33568562610229274,16.718402777777776,1994.2371527777777,1943.0895833333332,1.0132246924380606,0.08646211396391168,4.738675730000139,-0.01322469243806039,7462.958333333333,7298.958333333333,-0.001427658546052868,0.04374448489397764,1.2360624969005585,-9.831656008958817,-0.7046066522598267,0.9061306118965149,0.21531271934509277
165,-3297.6769913342173,-7578.6875,-10876.364491334212,0.3285058817097517,0.23229678446013066,0.33432732583774244,17.121875,2073.280902777778,1963.7607638888887,1.0365805913258048,0.0849806584754484,5.050388908125474,-0.03658059132580483,7578.6875,7274.5,0.005603462552611571,0.06946220993995667,1.3020707070827484,-10.134617991745472,-0.8520393967628479,0.9021316766738892,0.3787159323692322
166,-3297.6324306036836,-7498.4375,-10796.069930603686,0.3295503402604124,0.23460938173876555,0.3388668430335097,16.90798611111111,2050.9947916666665,1967.6861111111111,1.0247173199965136,0.09385504009032337,4.916000088817301,-0.024717319996513543,7498.4375,7228.375,0.015838218199069942,0.06542183645069599,1.22269406914711,-10.28748220577836,-0.7915980815887451,0.9057700037956238,0.30078625679016113
167,-3295.5562791647685,-7422.739583333333,-10718.295862498098,0.33260994014409234,0.2411176097682781,0.33238729056437394,16.789236111111112,1988.4857638888889,1956.3534722222223,1.0077208590567048,0.09043295587188083,4.490184129811616,-0.0077208590567049845,7422.739583333333,7333.385416666667,0.023333742668983692,0.031064818147569895,1.211311936378479,-9.70926632732153,-0.8581624031066895,0.9080563187599182,0.3709457218647003
168,-3302.0926867518224,-7521.739583333333,-10823.832270085159,0.33261952107189074,0.23953550528919246,0.34174492945326285,18.04861111111111,2185.9034722222223,2048.2944444444443,1.0444726818026993,0.08473870994198447,5.21266520706358,-0.04447268180269912,7521.739583333333,7111.822916666667,0.08205567068900121,0.08932606317102909,1.156141310930252,-10.921255312860012,-0.746921181678772,0.9088951945304871,0.24795792996883392
169,-3297.2118621390346,-7390.375,-10687.586862139031,0.3310069665312418,0.23221456992420522,0.35391920194003523,17.328819444444445,2099.743402777778,1992.5041666666668,1.0316809023271716,0.08542458817744052,5.036911398453442,-0.03168090232717164,7390.375,7046.697916666667,-0.007575815510606709,0.07611445337533951,1.2501008212566376,-11.241393491625786,-0.7970388531684875,0.9041725397109985,0.2728798985481262
170,-3295.4456416583957,-7233.458333333333,-10528.90397499173,0.3278053300176542,0.22681627374064797,0.3628951719576719,18.45520833333333,2195.6618055555555,2055.979861111111,1.0458827743618715,0.08966317511666423,4.92656064540986,-0.0458827743618715,7233.458333333333,6858.541666666667,-0.002003273691051799,0.08163892291486263,1.1764250993728638,-11.453706741333008,-0.845057487487793,0.9042803049087524,0.30830830335617065
171,-3296.1404262358137,-7196.739583333333,-10492.880009569151,0.3265780351411362,0.2235780259377659,0.3637191358024691,18.683680555555558,2215.2243055555555,2092.742361111111,1.0406576769222564,0.08588229817391951,4.849256869199511,-0.04065767692225634,7196.739583333333,6842.833333333333,0.03951023778680596,0.077531473711133,1.163381278514862,-12.170910097658634,-0.8478740453720093,0.9092018008232117,0.2924436926841736
172,-3297.2510585153655,-7200.135416666667,-10497.386475182027,0.32960034237762065,0.22732961015329542,0.3650041335978836,18.666319444444444,2220.644791666667,2088.3239583333334,1.044914998453162,0.08268671524668487,4.938543840090312,-0.04491499845316179,7200.135416666667,6847.010416666667,0.051497541744299546,0.07757301442325115,1.0913912653923035,-11.288226015865803,-0.8263534307479858,0.9082657098770142,0.27881091833114624
173,-3296.604379859358,-7283.791666666667,-10580.39604652602,0.3302148472336787,0.23361031228624698,0.35299520502645504,18.821527777777778,2221.8034722222224,2101.6555555555556,1.0375180279386156,0.08202459907057694,4.854119114484913,-0.037518027938615604,7283.791666666667,6970.5625,0.004986849947667293,0.07138446532189846,1.0824749767780304,-11.488031022250652,-0.8559349179267883,0.9151186347007751,0.33774471282958984
174,-3295.847421739078,-7260.114583333333,-10555.962005072406,0.3307642749934172,0.23493902955993284,0.3550655864197531,19.690625,2308.946875,2164.2493055555556,1.0489744485349928,0.08706208491863243,4.869020590908829,-0.04897444853499291,7260.114583333333,6883.885416666667,0.007927984361874252,0.08020103350281715,1.1250203251838684,-11.441240802407265,-0.6403256058692932,0.9090022444725037,0.10057786852121353
175,-3297.14222382574,-7307.958333333333,-10605.100557159078,0.3265431944866091,0.22602858372233137,0.3568479938271605,18.549305555555556,2204.052430555556,2083.0145833333336,1.0380110678589127,0.09228012956826952,4.897737150278555,-0.038011067858912756,7307.958333333333,6956.322916666667,0.008301431984015117,0.07885931059718132,1.0741024017333984,-11.880068622529507,-0.6719667911529541,0.9181355834007263,0.13754859566688538
176,-3296.2610489424933,-7361.46875,-10657.729798942497,0.3276502775026047,0.22835359988352544,0.35042631172839506,19.67152777777778,2337.4309027777776,2174.676736111111,1.0524594190609147,0.08924767123209743,4.876593958371831,-0.052459419060914586,7361.46875,6936.145833333333,0.002814216649799528,0.09145409427583218,1.0505241453647614,-11.979332484304905,-0.5627645254135132,0.9209371209144592,0.04966286942362785
177,-3297.882565896909,-7284.520833333333,-10582.403399230243,0.32864224798650804,0.2317154206700959,0.35281966490299826,20.52951388888889,2406.6930555555555,2225.2836805555557,1.0627495668065343,0.09236351513543094,4.764230031250108,-0.06274956680653428,7284.520833333333,6820.78125,0.03366118168100862,0.09351050108671188,1.0382389426231384,-11.532571457326412,-0.8537440299987793,0.9080415964126587,0.31294649839401245
178,-3297.838952254704,-7188.958333333333,-10486.797285588042,0.33301470943182165,0.24063602150514876,0.3553287588183422,20.744097222222223,2409.9145833333337,2265.728125,1.0441705527525975,0.09101530831258677,4.786944626293956,-0.04417055275259743,7188.958333333333,6841.979166666667,0.02261805117149085,0.07951424829661846,1.1151059865951538,-12.076177597045898,-0.6479060053825378,0.911750316619873,0.11079604923725128
179,-3295.7854309878294,-7167.34375,-10463.129180987833,0.3305971315688024,0.23541099090248788,0.3542289462081129,20.328125,2361.3413194444447,2240.5968749999997,1.0379808898988905,0.09104333571642571,4.640953319000574,-0.037980889898890424,7167.34375,6869.520833333333,0.005233209966764019,0.0676165223121643,1.0604509711265564,-11.910599030554295,-0.7720810174942017,0.9124299883842468,0.2274589091539383
180,-3300.5971021001455,-7121.541666666667,-10422.138768766814,0.32674994160858173,0.22932574351822646,0.3552143959435627,20.52013888888889,2362.923263888889,2227.926041666667,1.0440663448884762,0.08445474403422154,4.559723206050045,-0.04406634488847628,7121.541666666667,6811.239583333333,0.032974145140009625,0.06876516714692116,1.0348956137895584,-11.474697023630142,-0.9306460022926331,0.9134734869003296,0.3816351890563965
181,-3299.4872275101793,-7152.78125,-10452.268477510172,0.3301570585065176,0.23522814633987663,0.3523222552910053,20.963541666666668,2401.301041666667,2260.4434027777775,1.045362537071675,0.09225011786426278,4.597413101822806,-0.045362537071675056,7152.78125,6844.739583333333,0.04290082056376368,0.07084587030112743,1.0141195952892303,-12.380097791552544,-0.5940055251121521,0.9180234670639038,0.05371680483222008
182,-3299.319858931088,-7013.59375,-10312.913608931087,0.3233821515640228,0.2215870084004968,0.365380291005291,20.292708333333334,2329.628125,2214.0847222222224,1.0375540194518278,0.08334140716580418,4.709499163873823,-0.037554019451827785,7013.59375,6740.6875,0.0005937215814491026,0.06310330703854561,1.0042564123868942,-12.392668932676315,-0.803617537021637,0.9186477661132812,0.24151618778705597
183,-3295.5205722634837,-7119.958333333333,-10415.478905596823,0.32416927045768235,0.22622244887800966,0.363635085978836,20.110069444444445,2339.4913194444443,2209.757986111111,1.0442625243956745,0.09094609264129476,4.751910196272139,-0.04426252439567463,7119.958333333333,6791.854166666667,0.025527086447585834,0.06971068866550922,1.0001687109470367,-11.54304613918066,-0.8666497468948364,0.9139061570167542,0.31009143590927124
184,-3296.90519190885,-7089.875,-10386.78019190885,0.32596620592503206,0.22369883289664153,0.35992862654320984,19.77951388888889,2280.3072916666665,2176.368055555555,1.029989322679035,0.09079453820991641,4.8761289163348005,-0.029989322679035063,7089.875,6854.770833333333,0.0722837865145669,0.05904547031968832,0.9835548400878906,-12.144377462565899,-0.7541072368621826,0.9208507537841797,0.2033790796995163
185,-3298.924568031161,-7020.479166666667,-10319.403734697828,0.3277771677552668,0.22588398408455154,0.36703069885361556,19.429166666666664,2248.785763888889,2145.120833333333,1.0330153349791174,0.08338240337803475,4.8771403761295655,-0.03301533497911748,7020.479166666667,6756.760416666667,-0.0021596280018614245,0.06389976851642132,1.0075509995222092,-12.05776647478342,-0.7416050434112549,0.9192789793014526,0.17237862944602966
186,-3297.095604028455,-7047.260416666667,-10344.35602069512,0.3258834880348487,0.22053933065358758,0.36712659832451494,19.485069444444445,2256.1614583333335,2150.875347222222,1.035456509586668,0.09239974418699648,4.825418536635081,-0.03545650958666777,7047.260416666667,6780.625,0.02498994308119329,0.06033912114799023,1.018993780016899,-11.979690447449684,-0.8233335614204407,0.9162410497665405,0.2603740692138672
187,-3296.549846083275,-6929.416666666667,-10225.966512749943,0.3196816143562931,0.2107214302636243,0.3732379850088184,19.761458333333334,2273.480208333333,2187.071527777778,1.027345376274561,0.08879753933825697,4.863523483732062,-0.027345376274561083,6929.416666666667,6716.25,0.024268705971689286,0.05400645174086094,1.0197184681892395,-12.977927662432194,-0.8202047348022461,0.9133819341659546,0.2409929484128952
188,-3298.5388256051865,-6982.333333333333,-10280.872158938522,0.3162893318259087,0.19841238463413902,0.3762929894179894,18.827430555555555,2209.883333333333,2115.23125,1.0306127340216233,0.0856331875000545,4.832822783393612,-0.030612734021623168,6982.333333333333,6758.979166666667,0.01684897010581521,0.05508014280349016,0.9992983937263489,-12.818368263542652,-0.762109100818634,0.920069694519043,0.1951914280653
189,-3299.3063252694797,-6830.270833333333,-10129.577158602817,0.31706490270531745,0.19904342001488354,0.37902088844797177,19.324652777777775,2220.182638888889,2159.1809027777776,1.0188322510155363,0.08241674550991494,4.723657386628047,-0.018832251015536216,6830.270833333333,6681.635416666667,0.04192773806815531,0.0397208696231246,0.9742195755243301,-13.61386501789093,-0.7681514024734497,0.916128396987915,0.17272105813026428
190,-3298.358304089667,-6926.020833333333,-10224.379137423004,0.3167960230835327,0.19857327620249834,0.38590939153439147,18.790277777777778,2211.6381944444447,2122.5774305555556,1.0279990139532706,0.0892480644766978,4.765940039134617,-0.02799901395327063,6926.020833333333,6722.458333333333,0.00046350326708921585,0.05240647494792938,0.9556879699230194,-13.442084476351738,-0.8738865852355957,0.9231941103935242,0.30020424723625183
191,-3300.237846810412,-6829.03125,-10129.269096810409,0.32046541970239284,0.20590886118750654,0.38425264550264543,19.435416666666665,2236.008680555555,2166.804861111111,1.019675639091182,0.07982194180485723,4.84126707902884,-0.019675639091182143,6829.03125,6659.125,0.008431345993427153,0.04376380145549774,0.9999394416809082,-13.901941657066345,-0.6348708868026733,0.915083646774292,0.03526347503066063
192,-3297.9273147073777,-7033.3125,-10331.23981470738,0.3174235754173784,0.1994131021492649,0.3847360008818342,19.088194444444444,2281.410416666666,2137.673611111111,1.046785861265265,0.08686997796379381,5.192141616583425,-0.046785861265265065,7033.3125,6670.40625,0.004386010130565943,0.08116753585636616,1.024047464132309,-13.633075013756752,-0.9431411027908325,0.9217023849487305,0.37169358134269714
193,-3298.460368023623,-6948.385416666667,-10246.84578469029,0.3198929268176383,0.20523844994184196,0.3880594135802469,19.145833333333332,2273.156597222222,2138.7204861111113,1.0455176482643316,0.08018864969555639,5.177234164078673,-0.04551764826433156,6948.385416666667,6616.260416666667,-0.00039679844918971696,0.07465299218893051,1.0617396235466003,-13.909873820841312,-0.6977975368499756,0.9048153162002563,0.10089263319969177
194,-3298.4037906055014,-7019.46875,-10317.8725406055,0.318505976611899,0.20109005051361037,0.38795524691358024,19.109375,2297.990625,2153.5840277777775,1.0442588707165699,0.0833030707752203,5.249411420597391,-0.04425887071656975,7019.46875,6650.3125,0.007104652140035528,0.0863689947873354,1.0339646339416504,-13.94573201239109,-0.8170605301856995,0.9151451587677002,0.23799322545528412
195,-3295.517992327607,-6999.989583333333,-10295.507575660946,0.31931469012048036,0.2025068031402447,0.3879489087301587,19.117361111111112,2280.2163194444443,2143.5690972222224,1.042557494027584,0.08847481986118666,5.300132997385867,-0.04255749402758388,6999.989583333333,6659.614583333333,0.0038023336172072764,0.08018416166305542,1.0158716142177582,-13.646727696061134,-0.7231462001800537,0.9186140298843384,0.14477093517780304
196,-3297.4541464407466,-7096.03125,-10393.485396440748,0.31978050841917366,0.20448069929423382,0.3933520723104056,19.08888888888889,2327.9934027777776,2140.023263888889,1.0622191160507308,0.0893726441966755,5.36909352609683,-0.06221911605073077,7096.03125,6596.114583333333,-0.0016638354706692837,0.10850615985691547,0.9990129470825195,-14.042971037328243,-0.7311105728149414,0.9227861762046814,0.1494830697774887
197,-3295.220386893266,-7119.927083333333,-10415.1474702266,0.3177644452445161,0.19819697158608407,0.39139109347442674,19.14305555555556,2345.3371527777776,2155.3840277777776,1.0622086113898408,0.09089324468772848,5.282439322945019,-0.062208611389840775,7119.927083333333,6625.65625,-0.0006225405547843135,0.11030730791389942,1.0592346042394638,-14.251995109021664,-0.7521095871925354,0.9184634685516357,0.1735924631357193
198,-3297.6950085380035,-7177.9375,-10475.632508538003,0.321917533450729,0.20857176676589817,0.3871858465608466,19.22048611111111,2357.8631944444446,2159.648958333333,1.0636664349006482,0.09039987001752287,5.25495703374706,-0.06366643490064834,7177.9375,6657.90625,0.026364196359998537,0.11440105549991131,0.9370915293693542,-13.355736695230007,-0.7103589177131653,0.9236348867416382,0.13845564424991608
199,-3297.1365481858243,-7369.989583333333,-10667.126131519155,0.3236179236855199,0.21417044985557573,0.3820342813051146,18.895833333333332,2379.239236111111,2134.335763888889,1.0830750824292907,0.10154975756357376,5.309500839314713,-0.08307508242929064,7369.989583333333,6703.541666666667,9.879646728738756e-05,0.13997835293412209,0.9794502705335617,-13.56200984120369,-0.7047725915908813,0.9236371517181396,0.1537715494632721
200,-3297.7434545806827,-7216.354166666667,-10514.097621247352,0.32351518755486625,0.21344721539773878,0.38502976190476196,19.40173611111111,2383.1125,2165.4024305555554,1.0723943556468323,0.09197317334045892,5.221181020616797,-0.07239435564683228,7216.354166666667,6655.260416666667,-0.002859498850996456,0.1203439012169838,0.9847376644611359,-13.398235447704792,-0.8087842464447021,0.9166899919509888,0.24374078214168549
201,-3297.819676233053,-7432.583333333333,-10730.403009566387,0.32003044403292,0.20543006201397576,0.3898500881834215,19.136458333333334,2433.2361111111113,2145.490625,1.0982971420712087,0.10233715413994822,5.3514011397868515,-0.09829714207120861,7432.583333333333,6663.510416666667,0.005229786051921703,0.15913896262645721,1.0162571966648102,-13.843773625791073,-0.8612512946128845,0.9208398461341858,0.3143806755542755
202,-3298.522550912288,-7570.729166666667,-10869.251717578954,0.32051991367461635,0.20620084018042284,0.3934995039682539,19.021527777777777,2482.6225694444443,2136.311111111111,1.1204836136493395,0.10437774511812654,5.239330667808168,-0.12048361364933952,7570.729166666667,6645.635416666667,0.004739714339563661,0.18437712267041206,1.0546353459358215,-13.6185946688056,-0.7202569246292114,0.9141689538955688,0.1769925057888031
203,-3297.4694976670376,-7479.479166666667,-10776.948664333702,0.3211890703548383,0.20756850007213265,0.39298776455026446,19.360763888888886,2502.921875,2158.792361111111,1.1199530248274372,0.10337756388324897,5.134469041186624,-0.11995302482743725,7479.479166666667,6555.75,-0.002154943968292411,0.18750300258398056,1.0138896703720093,-14.034714832901955,-0.632731020450592,0.9273104667663574,0.06986527144908905
204,-3296.5344434320764,-7585.4375,-10881.971943432078,0.3251750311062396,0.21539464578300896,0.389869102733686,19.211111111111112,2502.2989583333333,2152.653125,1.1215538749141911,0.11137450655259139,5.017954653428366,-0.12155387491419105,7585.4375,6636.177083333333,-0.0013376312226593967,0.19149760529398918,1.2237976789474487,-13.723757460713387,-1.0686677694320679,0.9122416973114014,0.5174210667610168
205,-3295.730886857125,-7660.90625,-10956.637136857129,0.32540773158691827,0.21801735220570764,0.39292217813051145,19.532291666666666,2577.925,2172.759375,1.141671237586692,0.10837292252777873,4.985840624765685,-0.1416712375866921,7660.90625,6581.125,-0.005670681220685481,0.21547559276223183,0.9595764130353928,-13.845524713397026,-0.18160396814346313,0.9193092584609985,-0.36899837851524353
206,-3297.0760394057775,-7609.770833333333,-10906.846872739108,0.32356513611032806,0.21217060469239693,0.3949545304232804,19.14513888888889,2518.509375,2127.9305555555557,1.1398321651766148,0.11080971015359946,4.745209536569548,-0.13983216517661481,7609.770833333333,6557.09375,-0.0033024091301767644,0.20794810727238655,0.9270495921373367,-13.936948984861374,-0.5429555773735046,0.9268678426742554,-0.02286241576075554
207,-3298.135458333145,-7739.583333333333,-11037.718791666479,0.3232198375838595,0.2123370063119283,0.3910692239858906,18.989930555555556,2541.3802083333335,2139.960069444445,1.144550301274265,0.1204142832969316,4.555301232851129,-0.14455030127426516,7739.583333333333,6650.260416666667,-0.0007532379631722819,0.2104780375957489,1.0528371036052704,-13.788547858595848,-0.238678976893425,0.9154233932495117,-0.30462846159935
208,-3296.794122060512,-7621.1875,-10917.981622060515,0.32618100903249225,0.22035008982816687,0.3908801807760141,19.380902777777777,2541.3697916666665,2168.50625,1.133377170242083,0.1112011136814769,4.433321502009341,-0.13337717024208293,7621.1875,6599.739583333333,-0.0025173098838422447,0.1996430940926075,1.1563849747180939,-13.913368694484234,-0.5231197476387024,0.9066674113273621,-0.043088190257549286
209,-3297.0986838511567,-7666.083333333333,-10963.18201718449,0.325451106119202,0.21910051078399798,0.39494874338624336,18.951736111111114,2520.6590277777777,2129.8222222222225,1.1394025553908393,0.11817775588016925,4.332655723027023,-0.13940255539083954,7666.083333333333,6603.760416666667,0.0023296901137763726,0.20991511270403862,1.1803517937660217,-13.735910430550575,-0.15105091035366058,0.9085958003997803,-0.40531736612319946
210,-3299.445438335812,-7689.4375,-10988.882938335815,0.327166888341021,0.22397934700388256,0.3928654100529101,18.993750000000002,2522.898958333333,2125.2173611111116,1.1415459954708818,0.11633920819880487,4.272827731005297,-0.14154599547088187,7689.4375,6593.489583333333,-0.0017659512132105204,0.21365465596318245,1.121293544769287,-13.639108538627625,-0.9593252539634705,0.9282916188240051,0.40270641446113586
211,-3296.147369071279,-7736.0625,-11032.209869071283,0.32586334520912486,0.22038113536998735,0.393764880952381,19.011805555555554,2548.149305555555,2138.6118055555557,1.1469376284746398,0.1210064100589467,4.146433692518966,-0.14693762847463993,7736.0625,6605.427083333333,-0.0024032056234033483,0.2210853323340416,0.9570478796958923,-13.497583627700806,-0.8118699193000793,0.9258676171302795,0.2532052993774414
212,-3296.549040952236,-7716.1875,-11012.736540952237,0.3234492019097538,0.21193983387315204,0.39194031084656084,18.938194444444445,2518.34375,2141.0791666666664,1.1366900566924532,0.12161600990090292,3.9359008325967557,-0.13669005669245327,7716.1875,6632.1875,0.01237815780555751,0.2109386809170246,1.0911030173301697,-13.860636688768864,-0.8293103575706482,0.9229186773300171,0.2785341441631317
213,-3297.735751987631,-7957.3125,-11255.048251987637,0.31807644340938035,0.20189950976863555,0.392746913580247,19.102083333333333,2619.5840277777775,2136.698958333334,1.1776374541064378,0.13002136332681452,3.7807197326099,-0.17763745410643783,7957.3125,6618.96875,-0.0012193325183949,0.25378909707069397,1.0218171775341034,-13.834760993719101,-0.29185065627098083,0.9205281138420105,-0.25990286469459534
214,-3295.8607791982736,-7821.104166666667,-11116.964945864938,0.31950536578828176,0.20264566687789434,0.39249090608465603,19.153819444444444,2577.8020833333335,2144.4934027777776,1.1547820439953282,0.12035929007349326,3.671500678812032,-0.15478204399532833,7821.104166666667,6609.75,0.00032873652298344436,0.2294355221092701,0.9982281178236008,-14.417631909251213,-0.4641197919845581,0.9271296262741089,-0.10580092668533325
215,-3295.936044385833,-7997.822916666667,-11293.758961052496,0.3201311246966691,0.20558699314844694,0.3955114638447972,18.76597222222222,2604.0739583333334,2126.321527777778,1.174142441999552,0.1248466564433901,3.4493849807358448,-0.1741424419995521,7997.822916666667,6619.833333333333,1.763698122836388e-05,0.2642794996500015,1.3148515820503235,-14.037757515907288,-0.6082510948181152,0.9190752506256104,0.0522443950176239
216,-3298.0489751487653,-8100.541666666667,-11398.590641815428,0.32371112322144746,0.21393130875609737,0.39406387786596114,19.193402777777777,2697.3100694444443,2143.882986111111,1.2019962155098076,0.13063566879736177,3.3732071033617324,-0.20199621550980748,8100.541666666667,6566.791666666667,-2.549951625611599e-05,0.28926626592874527,1.2218185663223267,-14.383940532803535,0.054752763360738754,0.9211117029190063,-0.6078211665153503
217,-3298.2156077838777,-7898.729166666667,-11196.944774450545,0.3259498847379618,0.21856695188277322,0.39787202380952386,19.06388888888889,2626.129861111111,2144.3326388888886,1.1750576244631386,0.12374530174038177,3.3560149330951177,-0.17505762446313852,7898.729166666667,6569.5625,-8.918979085237311e-05,0.2556696757674217,1.0353552550077438,-14.298743903636932,-1.0453550815582275,0.9265602827072144,0.49293193221092224
218,-3298.1821392623765,-7943.125,-11241.307139262375,0.32505273379049493,0.21835348620273484,0.39981068121693125,18.681597222222223,2593.523611111111,2108.097222222222,1.1794923574957465,0.12300168538156786,3.1941306883930074,-0.17949235749574652,7943.125,6549.260416666667,-0.004390345618241476,0.266400083899498,0.9221429526805878,-14.157894596457481,-0.43200552463531494,0.9277791380882263,-0.12951074540615082
219,-3296.7771285767053,-7780.09375,-11076.870878576707,0.32487902022518494,0.2165891920562394,0.3952116402116402,19.298263888888886,2597.2875,2162.0496527777777,1.1601867598169668,0.12434020004654993,3.132830053293155,-0.16018675981696673,7780.09375,6575.802083333333,-0.0025149927224088486,0.22754569351673126,0.987371638417244,-14.202947564423084,-0.3710155785083771,0.9224560260772705,-0.19638732075691223
220,-3297.213893140563,-7969.125,-11266.338893140564,0.32405723428156197,0.2149145090475536,0.3950052358906526,18.892708333333335,2616.4868055555557,2131.236111111111,1.1806355939072273,0.13527601047268165,2.8508993215447287,-0.1806355939072272,7969.125,6582.84375,-0.0016567926434094549,0.26324810832738876,1.0497047305107117,-14.096581295132637,-0.3443356156349182,0.9146764874458313,-0.21695131063461304
221,-3295.6716973401362,-7792.979166666667,-11088.6508640068,0.3259892277071231,0.2205687037898719,0.39827959656084655,19.097916666666666,2589.2604166666665,2139.492013888889,1.1621946749975487,0.12760173952468964,2.828951371676092,-0.1621946749975485,7792.979166666667,6553.25,-0.005297302354287048,0.23859290033578873,0.8650647401809692,-14.175018146634102,-0.414431631565094,0.928878903388977,-0.1438179910182953
222,-3298.0069605086555,-7764.510416666667,-11062.517377175323,0.3260957483096821,0.22288060778858684,0.39358410493827156,19.243055555555557,2583.592361111111,2135.204861111111,1.1696241975698454,0.1254657087155736,2.813850399992828,-0.16962419756984548,7764.510416666667,6541.177083333333,-0.0017556817825847837,0.2310151271522045,0.9578081220388412,-14.251419365406036,-0.5625467896461487,0.9361889362335205,-0.01291062030941248
223,-3297.926216008345,-7763.5,-11061.42621600834,0.32453035004731834,0.21925923950119697,0.40150848765432096,18.650347222222223,2531.634375,2114.3006944444446,1.156266262602455,0.12454277504969143,2.8203578488683703,-0.15626626260245477,7763.5,6570.979166666667,-0.002891291747801006,0.22845572605729103,1.164577916264534,-14.246561542153358,0.08419948816299438,0.9309625625610352,-0.6424172520637512
224,-3297.1481042209984,-7827.989583333333,-11125.137687554337,0.32703485440794433,0.22349694843594783,0.3982633377425044,19.195833333333333,2610.777777777778,2164.0184027777777,1.1684199034615463,0.1267924850906166,2.727104158512013,-0.16841990346154626,7827.989583333333,6592.947916666667,-0.005106773342692605,0.23271774128079414,1.0218070894479752,-14.379137083888054,-0.8626263737678528,0.9313802123069763,0.29116615653038025
225,-3299.5161800352344,-7719.145833333333,-11018.662013368563,0.3243600265892699,0.21913037021416434,0.399212962962963,19.084027777777777,2563.53125,2146.711111111111,1.1581929770411312,0.1335879870646723,2.700535923713728,-0.1581929770411312,7719.145833333333,6563.979166666667,-0.001951643341630227,0.22123612836003304,1.2813016325235367,-14.140119150280952,-1.1707998514175415,0.9202155470848083,0.5949293375015259
226,-3297.9452529889877,-7713.9375,-11011.88275298899,0.3247329332859606,0.22297387554944081,0.39967179232804234,19.005208333333332,2551.352083333333,2145.8059027777776,1.151450104207975,0.1262931389643862,2.850058466200023,-0.15145010420797514,7713.9375,6588.729166666667,-0.0072675416930436665,0.21230575814843178,1.0625881999731064,-14.204636365175247,-0.2639339864253998,0.9294209480285645,-0.3146034777164459
227,-3297.846404160631,-7660.645833333333,-10958.492237493958,0.32525366440610337,0.2268156140433146,0.3976755401234568,18.977430555555554,2537.6809027777776,2138.259027777778,1.1494236601298067,0.13549130553547042,2.7651736368903292,-0.1494236601298066,7660.645833333333,6573.635416666667,0.0030251316563931763,0.20974161848425865,1.270043209195137,-14.278189688920975,-0.6427227258682251,0.9248874187469482,0.07731261104345322
228,-3298.933602105533,-7753.78125,-11052.714852105535,0.3275777261080571,0.23063816404303197,0.3990878527336861,18.895833333333332,2546.589583333333,2124.828472222222,1.1595079068264385,0.14676831319140893,2.5640412230579215,-0.15950790682643842,7753.78125,6562.90625,-0.005171886352455302,0.22570614889264107,1.1278698295354843,-14.271094277501106,-0.6858814358711243,0.9112235307693481,0.10016157478094101
229,-3299.1301987950005,-7740.364583333333,-11039.494782128333,0.3253609576717065,0.22359766869905998,0.4019113756613757,18.915277777777778,2557.8899305555556,2127.4440972222224,1.1597696788979606,0.14002263826472908,2.5519469743591334,-0.15976967889796048,7740.364583333333,6526.46875,-5.793975662626849e-05,0.2353701815009117,1.2899127155542374,-14.149759829044342,-0.13609956204891205,0.9196112751960754,-0.435116171836853
230,-3296.730609094698,-7725.635416666667,-11022.36602576136,0.3240068387749688,0.21706730697446297,0.4029128086419753,18.68784722222222,2534.8815972222224,2117.4986111111107,1.1570884231540866,0.14074435455624443,2.5674761380591624,-0.15708842315408647,7725.635416666667,6531.21875,0.000820534497515929,0.22734180465340614,1.279208928346634,-14.554408811032772,-1.107042670249939,0.9232783317565918,0.5232378840446472
231,-3299.1811526506203,-7747.677083333333,-11046.858235983951,0.32528810729718316,0.2190844804750264,0.4022916666666667,18.945833333333333,2569.189236111111,2129.984722222222,1.1640962851420091,0.14524591041441726,2.547846023727471,-0.1640962851420091,7747.677083333333,6553.989583333333,0.0008318694681752614,0.2296358086168766,1.0090990364551544,-14.30914132297039,-0.20060577988624573,0.9245254993438721,-0.3751277029514313
232,-3296.059663206091,-7804.09375,-11100.153413206084,0.3221287542663054,0.21170914218560533,0.40213183421516757,19.020833333333332,2601.696527777778,2137.948611111111,1.1744476287415584,0.15010729916836466,2.464788246852931,-0.17444762874155853,7804.09375,6527.833333333333,-0.003980565491612187,0.24175874143838882,1.0629602372646332,-14.539675384759903,-1.130967140197754,0.9151566028594971,0.55522620677948
233,-3297.4781255247726,-7923.75,-11221.228125524778,0.326003965574818,0.21964474971900927,0.4034394290123457,18.599305555555556,2607.8145833333333,2107.4385416666664,1.1869481279271408,0.15302911620124712,2.3896841227717514,-0.18694812792714063,7923.75,6530.083333333333,0.013123932111105185,0.2681369036436081,0.9565379470586777,-14.953236415982246,-0.2084239274263382,0.9193640947341919,-0.34704485535621643
234,-3296.384851239065,-7795.6875,-11092.072351239061,0.32404676220731393,0.21419000084521636,0.4072310405643738,18.944097222222222,2603.803125,2142.3166666666666,1.1754173217710884,0.15518021912089927,2.390454249249325,-0.1754173217710884,7795.6875,6521.166666666667,0.012017236070030135,0.2432435378432274,0.9654267132282257,-14.470227092504501,-0.26387256383895874,0.9311878681182861,-0.3189529776573181
235,-3295.619824235957,-7774.583333333333,-11070.20315756929,0.3221804572418725,0.21334631472079005,0.40461309523809524,18.408680555555552,2525.436458333333,2096.5208333333335,1.16155588816582,0.15799118832267567,2.521325875012005,-0.16155588816581987,7774.583333333333,6577.729166666667,0.013600870530647846,0.23000195994973183,0.9954012334346771,-14.969284519553185,-1.0271354913711548,0.9289348721504211,0.46838852763175964
236,-3297.1618505714364,-8099.46875,-11396.630600571429,0.3212265512996422,0.20990107646422174,0.40586777998236334,18.577083333333334,2665.567013888889,2107.467708333333,1.2067421006741852,0.17235149648644318,2.4720191497547703,-0.2067421006741852,8099.46875,6519.145833333333,0.006895867231621722,0.30271411687135696,0.9572467356920242,-14.423417046666145,-0.26353704929351807,0.9239031076431274,-0.2977464497089386
237,-3297.9340791047143,-8197.947916666666,-11495.88199577138,0.3214866237274822,0.20565520039397392,0.408954475308642,18.695833333333333,2718.1902777777777,2116.6024305555557,1.225616603315847,0.16852945554296936,2.5612010493173565,-0.2256166033158471,8197.947916666666,6499.59375,-0.006089375650679685,0.3239784687757492,0.8841636925935745,-14.44262370467186,-0.2808740735054016,0.9361372590065002,-0.28012171387672424
238,-3298.478653561045,-8221.0625,-11519.541153561047,0.32028812082446895,0.20698150575885343,0.40184358465608466,17.509722222222223,2548.163888888889,2029.0208333333333,1.1914468247757213,0.1537396878716558,2.520053780900678,-0.1914468247757213,8221.0625,6645.302083333333,0.0019656447617271144,0.30342089384794235,1.0143206715583801,-14.236272245645523,-1.0410689115524292,0.9312618374824524,0.5164515972137451
239,-3298.427784903612,-8319.34375,-11617.771534903613,0.31961179192412986,0.20495242636348443,0.40527254188712525,17.92013888888889,2662.5246527777776,2070.661111111111,1.2215416838834494,0.1603609749581595,2.4775464641751856,-0.2215416838834493,8319.34375,6600.166666666667,-0.005268281449168688,0.3285953849554062,0.9742073118686676,-14.413899555802345,-0.3373280465602875,0.9419853091239929,-0.19474567472934723
240,-3295.945913343385,-8169.635416666667,-11465.581330010054,0.31618022429626647,0.19572429683466908,0.40213872354497354,18.376388888888886,2656.835069444445,2085.6979166666665,1.2115531287204748,0.15806661524098375,2.5411104079164315,-0.21155312872047483,8169.635416666667,6565.59375,-0.0007873073855539925,0.30758094787597656,0.8327114433050156,-14.496588990092278,-0.29623451828956604,0.9414801597595215,-0.24699290096759796
241,-3296.2563907279987,-8538.302083333334,-11834.558474061334,0.31670608205052797,0.196528931809654,0.4078328924162258,18.209027777777777,2766.5565972222225,2074.523263888889,1.2600566182742992,0.17723053559870894,2.344612767456733,-0.2600566182742991,8538.302083333334,6537.010416666667,0.0009200327572997935,0.37786515802145004,0.9706146568059921,-14.058531805872917,-1.139601230621338,0.9304980039596558,0.5991449356079102
242,-3296.9844542912947,-8485.239583333334,-11782.224037624632,0.3192437950443723,0.2065279224892341,0.4051036155202821,18.068749999999998,2743.4937499999996,2056.854861111111,1.2577673818315003,0.18348331164056939,2.3639140561015357,-0.25776738183150044,8485.239583333334,6541.479166666667,-0.0017283737381350583,0.3700892850756645,0.9447123408317566,-14.132760718464851,-0.422851026058197,0.9404070377349854,-0.11199510842561722
243,-3295.68784143315,-8595.854166666666,-11891.542008099814,0.32328681627162736,0.21271364960072484,0.4001058201058201,18.111805555555556,2748.2996527777777,2072.7163194444443,1.252325787309221,0.17525610425432162,2.2501865543201816,-0.2523257873092211,8595.854166666666,6637.885416666667,-0.0022735518239898056,0.370108425617218,0.8103047460317612,-13.62020380795002,-0.2198803871870041,0.9450018405914307,-0.2932053506374359
244,-3298.4013352485886,-8503.395833333334,-11801.797168581928,0.3224644245824668,0.21384193878717875,0.40379216269841267,18.715277777777775,2820.942013888889,2115.2208333333333,1.2578125135649125,0.1655065695408373,2.2044110930119385,-0.25781251356491247,8503.395833333334,6554.395833333333,0.022354197728381653,0.3773883283138275,0.9170816093683243,-14.37692505121231,-1.1272950172424316,0.929773211479187,0.6144054532051086
245,-3297.220219101076,-8823.885416666666,-12121.105635767739,0.3218807978716162,0.21135999359264843,0.4087612985008818,18.713541666666668,2950.3614583333333,2130.8104166666667,1.304234782949377,0.1911452985967483,1.9153933927970161,-0.30423478294937706,8823.885416666666,6530.90625,0.010241299917018332,0.43093034625053406,0.9165266901254654,-14.150641188025475,-0.4667074680328369,0.9450245499610901,-0.05291993170976639
246,-3299.7768677474996,-9130.927083333334,-12430.703951080832,0.3200288679143458,0.21178765700864863,0.4061711860670194,18.467361111111114,3009.129861111111,2099.577083333333,1.3431424502347256,0.20396519145017344,1.6920047737368134,-0.3431424502347258,9130.927083333334,6525.802083333333,0.016024311752801834,0.48815926164388657,0.8559032529592514,-14.729329988360405,-0.2135639190673828,0.9409027695655823,-0.3094249665737152
247,-3298.3131968682223,-8907.4375,-12205.75069686823,0.3189512159749473,0.2064514761384796,0.41060212742504404,18.318055555555556,2945.5996527777775,2090.261458333333,1.318478529798947,0.19818140422452166,1.6477142135781297,-0.31847852979894703,8907.4375,6504.375,0.026651945520154763,0.45956676453351974,0.9142193049192429,-14.329974263906479,-1.0446809530258179,0.9313077926635742,0.5320622324943542
248,-3297.902352325862,-8622.385416666666,-11920.28776899253,0.3211799722705289,0.21110580053128714,0.4075248015873016,18.82916666666667,2899.5770833333336,2129.1756944444446,1.288791643896605,0.18952755448524453,1.7907910790380175,-0.288791643896605,8622.385416666666,6500.052083333333,0.004109943528998183,0.40390077978372574,0.8288584500551224,-14.614272475242615,-0.3665768504142761,0.9420071244239807,-0.16464312374591827
249,-3298.1923527757895,-9286.447916666666,-12584.640269442449,0.31976397801556344,0.20977361410849782,0.4038753858024691,18.625694444444445,3084.4909722222224,2113.312847222222,1.3663530781393718,0.21065374024600966,1.5482860479554372,-0.36635307813937185,9286.447916666666,6553.427083333333,0.008912233193639985,0.5116250514984131,0.8630854338407516,-13.946706131100655,-0.17802897095680237,0.938719630241394,-0.3307218849658966
250,-3297.6201498621263,-9077.5625,-12375.182649862125,0.3200863842964052,0.2086770412812863,0.40473104056437387,18.489583333333332,2998.5458333333336,2103.1354166666665,1.3340459136635179,0.20279845529111587,1.6133461581875377,-0.3340459136635179,9077.5625,6541.947916666667,-0.001228905160179039,0.47999829798936844,0.894210085272789,-14.013430550694466,-0.9129627346992493,0.938157856464386,0.4002200663089752
251,-3297.0737054366796,-8968.791666666666,-12265.86537210335,0.31949086683615896,0.21084933558369,0.4018584656084656,18.534722222222225,2952.335763888889,2104.395486111111,1.3203019147646085,0.20109011896262388,1.6490833137670025,-0.3203019147646083,8968.791666666666,6548.645833333333,-0.002651502292149388,0.45381809771060944,0.8306335657835007,-14.090642884373665,-0.23562519252300262,0.9379688501358032,-0.28034207224845886
252,-3297.271220670383,-9060.229166666666,-12357.50038733705,0.31917379157074577,0.21297409998967645,0.40410907186948847,18.40173611111111,2968.9166666666665,2097.0027777777777,1.329154022782056,0.20418918632050234,1.69161092407425,-0.329154022782056,9060.229166666666,6550.604166666667,0.004523869325768981,0.4714670777320862,0.9144077599048615,-13.571520328521729,-0.15721595287322998,0.933663547039032,-0.35005515813827515
253,-3297.404322371825,-9439.03125,-12736.435572371827,0.32052196199684774,0.21645286928590698,0.40035163139329805,18.555208333333333,3100.9805555555554,2113.132986111111,1.372516111279792,0.2129241202325456,1.635079787442188,-0.37251611127979206,9439.03125,6589.34375,-0.0008530409979559117,0.5264416933059692,0.9493765383958817,-13.673029273748398,-0.8566496968269348,0.9370181560516357,0.36274322867393494
254,-3297.803743711358,-9357.65625,-12655.459993711353,0.3218327393630188,0.21913362923401616,0.40382771164021164,18.84131944444444,3150.404166666667,2120.2597222222225,1.384206265756857,0.2167468209256541,1.6740413937361802,-0.3842062657568568,9357.65625,6508.770833333333,-0.006069022963397508,0.5332484990358353,0.7721196562051773,-13.88700020313263,-0.1895323246717453,0.9446399211883545,-0.3160087764263153
255,-3298.683313219683,-9038.604166666666,-12337.287479886347,0.32352923721578614,0.22674455805584634,0.4011394951499118,18.32326388888889,2928.1777777777775,2083.8142361111113,1.3162203407333752,0.19378198445677552,1.8094470361792485,-0.31622034073337524,9038.604166666666,6582.802083333333,-0.006761535784615358,0.4625765010714531,0.833835169672966,-13.933444648981094,-0.18535980582237244,0.9411910176277161,-0.31922924518585205
256,-3299.132277398629,-9374.583333333334,-12673.715610731959,0.32272140904469154,0.22074162817120344,0.40192157186948857,19.039930555555554,3189.653819444445,2134.679861111111,1.3935452044806595,0.21188680051435593,1.6541538301419658,-0.3935452044806594,9374.583333333334,6512.458333333333,-0.007362889840897946,0.539141982793808,0.8250478506088257,-13.712227791547775,-0.9355171918869019,0.9435985088348389,0.4373013973236084
257,-3296.842682947208,-9208.15625,-12504.9989329472,0.32331072298805713,0.2194754630828457,0.40416804453262783,18.536458333333332,3052.189930555555,2113.0534722222224,1.3449148406846543,0.20872758290008567,1.7093264370663286,-0.3449148406846543,9208.15625,6577.96875,0.02106581320233558,0.4974134638905525,0.7465063184499741,-14.34350834786892,-0.1629251390695572,0.9438900947570801,-0.3282763957977295
258,-3297.6128946851954,-9020.895833333334,-12318.508728018527,0.32071972155506717,0.22000881953984694,0.4054921737213404,18.92673611111111,3066.984027777778,2139.5805555555557,1.3391366164407437,0.19816400191033925,1.7897760933009732,-0.33913661644074383,9020.895833333334,6534.78125,0.00946770234896599,0.47680696099996567,0.8868424892425537,-13.977260783314705,-0.12683282792568207,0.9354552626609802,-0.3536888659000397
259,-3298.001671889513,-9283.635416666666,-12581.63708855618,0.3225189960817327,0.22315778369294192,0.4043094135802469,18.742013888888888,3134.2961805555556,2116.3791666666666,1.3739106191415835,0.2119132220206137,1.6579343157795385,-0.3739106191415833,9283.635416666666,6519.0,0.020120778483235124,0.528704822063446,0.7653864324092865,-14.397565126419067,-0.9357541799545288,0.9432950019836426,0.46420910954475403
260,-3298.3902450304195,-9564.052083333334,-12862.442328363739,0.3204024477752112,0.2188242700212868,0.40616953262786587,18.574305555555554,3202.3065972222225,2117.063541666667,1.4053795172266257,0.2296725265764479,1.5180856633146125,-0.40537951722662546,9564.052083333334,6537.041666666667,-0.004978014212666082,0.5699840188026428,0.766993373632431,-13.925318002700806,-0.26898664236068726,0.9470901489257812,-0.20930296182632446
261,-3295.839517720424,-9599.78125,-12895.620767720424,0.3201390452224029,0.21909486977448167,0.4024859457671958,18.806250000000002,3248.1864583333336,2124.128472222222,1.4233876497341569,0.22449978430041476,1.4820623275171207,-0.4233876497341567,9599.78125,6550.666666666667,0.012220136350904909,0.5713130533695221,0.7223983108997345,-14.309644415974617,-0.17769785225391388,0.9494163393974304,-0.28469863533973694
262,-3297.782371580574,-9248.885416666666,-12546.667788247241,0.32004805493398364,0.21920853774887897,0.4033515211640211,19.04513888888889,3146.8114583333336,2140.8166666666666,1.3734251160028776,0.2105152645925433,1.611499553029489,-0.3734251160028776,9248.885416666666,6526.427083333333,0.005791220507076922,0.5120886713266373,0.7653470039367676,-13.998919680714607,-0.899791419506073,0.9446475505828857,0.41263672709465027
263,-3298.316775961699,-9258.833333333334,-12557.150109295033,0.3212078149828507,0.22148605622189485,0.4038271604938271,18.824305555555554,3137.225694444444,2115.655208333333,1.3847259071852662,0.20307293798941464,1.70856066664205,-0.38472590718526617,9258.833333333334,6493.947916666667,0.02727959850200956,0.5264980047941208,0.7378086894750595,-14.729458943009377,-0.251193106174469,0.944416344165802,-0.23855800926685333
264,-3297.4961438966106,-9751.145833333334,-13048.641977229947,0.3211325361323858,0.2197770001714364,0.40176173941798937,19.185416666666665,3381.5635416666664,2147.071875,1.4525025767455497,0.22158711610069035,1.5257766746212653,-0.45250257674554967,9751.145833333334,6514.6875,0.007166732264908049,0.613302007317543,0.8052369058132172,-14.282087087631226,-0.1319173127412796,0.9411191940307617,-0.3076170086860657
265,-3298.727126760074,-9754.072916666666,-13052.800043426738,0.3205508001316373,0.2205884455809913,0.4067655974426807,18.968055555555555,3366.4850694444444,2129.4354166666667,1.4472561285093277,0.21840291524143077,1.6390748325420077,-0.4472561285093278,9754.072916666666,6486.59375,0.017708776636293777,0.6317973732948303,0.7561374455690384,-14.838672459125519,-0.818753182888031,0.9431827664375305,0.3970422148704529
266,-3296.135007266664,-9678.135416666666,-12974.270423933327,0.3200083576165634,0.2192796611456692,0.4074867724867725,19.052083333333332,3365.2645833333336,2141.422916666667,1.445845319161225,0.21818489486986933,1.6980367439322486,-0.44584531916122533,9678.135416666666,6487.989583333333,0.01172203461244481,0.6258249282836914,0.7586488425731659,-14.422074526548386,-0.22773368656635284,0.9512670636177063,-0.19238273799419403
267,-3296.7425931087205,-10358.604166666666,-13655.346759775386,0.3207475659643248,0.22344099124004266,0.40313795194003527,19.068055555555556,3588.7472222222223,2154.594791666667,1.5189034528246286,0.22786411324675626,1.476127583896415,-0.5189034528246289,10358.604166666666,6552.895833333333,0.0038431304265307276,0.7229509949684143,0.6799131780862808,-14.7675721347332,-0.24478600919246674,0.9481735229492188,-0.18170210719108582
268,-3299.914405998403,-10547.770833333334,-13847.68523933174,0.31756548186287276,0.21760592074537677,0.40947337962962954,18.869097222222223,3655.521875,2132.254513888889,1.5534851319765641,0.25133636790967756,1.4876252570269317,-0.5534851319765642,10547.770833333334,6502.979166666667,0.001414765325737477,0.7783045619726181,0.8014768362045288,-14.578176900744438,-0.868436336517334,0.9362316727638245,0.47269558906555176
269,-3299.0275843140494,-10230.708333333334,-13529.735917647376,0.3158613408053017,0.21586036566845399,0.4100507054673721,18.839583333333334,3535.648958333333,2142.586458333333,1.508745807047503,0.2344305722263078,1.541568518315163,-0.5087458070475033,10230.708333333334,6525.416666666667,0.004471757040727109,0.7113869339227676,0.7401617020368576,-14.807505756616592,-0.19066442549228668,0.9458149671554565,-0.21950359642505646
270,-3299.9581890300883,-10059.59375,-13359.55193903009,0.3152864421720623,0.21058940095180234,0.407619598765432,19.007291666666667,3510.0447916666667,2129.4895833333335,1.4974106538741065,0.22114727833815837,1.6780015231492136,-0.4974106538741068,10059.59375,6472.614583333333,0.017851669830505124,0.6991677731275558,0.6936719715595245,-15.21633118391037,-0.2144545018672943,0.9480359554290771,-0.17984291911125183
271,-3297.385120437719,-10247.34375,-13544.728870437713,0.3179891596737649,0.21520166162938245,0.4072103725749559,18.965625,3593.228125,2140.9416666666666,1.5209221285177559,0.22590554417866512,1.7002597518399367,-0.520922128517756,10247.34375,6511.208333333333,0.01017006032281742,0.7270666360855103,0.7847515195608139,-14.765352711081505,-0.8928102254867554,0.9375542998313904,0.4997206926345825
272,-3298.94021156643,-10281.166666666666,-13580.106878233099,0.3142336521874128,0.21008416073810723,0.4077086089065256,19.004166666666666,3587.4270833333335,2147.1739583333333,1.5191680151632456,0.22718600774452957,1.7357902426560816,-0.5191680151632457,10281.166666666666,6520.541666666667,0.015315535640569755,0.7281912267208099,0.7460983991622925,-15.49115689098835,-0.2128109335899353,0.9472106695175171,-0.18707217276096344
273,-3298.1772037484675,-10476.291666666666,-13774.468870415136,0.311660726674031,0.20566130465805246,0.4114423500881834,18.727083333333333,3617.566666666667,2128.267013888889,1.5359597771779885,0.22782257680292728,1.629023451173987,-0.5359597771779884,10476.291666666666,6497.145833333333,-0.0024392994948563285,0.7720380425453186,0.7114129960536957,-15.462341368198395,-0.1229272335767746,0.9490424394607544,-0.2858680188655853
274,-3297.556747566295,-10470.40625,-13767.96299756629,0.3115262999092048,0.20561585755260445,0.4131839726631393,18.533333333333335,3587.6236111111116,2106.4708333333333,1.5399654614758715,0.230962337782416,1.6426899325781228,-0.5399654614758715,10470.40625,6454.947916666667,0.003263870257539825,0.7789276391267776,0.764083206653595,-15.716622173786163,-0.860558807849884,0.9436876177787781,0.44261062145233154
275,-3296.557287980823,-10360.46875,-13657.026037980822,0.3135111456459354,0.2102037923864878,0.41201030643738973,18.75034722222222,3591.625,2127.5878472222225,1.5260084059725936,0.22317055492019025,1.718362758445487,-0.5260084059725937,10360.46875,6473.0,0.037855074388172594,0.7585478723049164,0.7100562900304794,-14.788152351975441,-0.19546212255954742,0.9485166072845459,-0.2068423330783844
276,-3297.2284435371744,-10706.25,-14003.478443537175,0.313072960639265,0.21127892989251348,0.40326609347442677,19.151041666666668,3720.4249999999997,2148.24375,1.5754109764865476,0.239557130153457,1.5380711269658847,-0.5754109764865478,10706.25,6513.15625,0.003829550544844018,0.7918676286935806,0.8123906254768372,-14.946965590119362,-0.08564510941505432,0.9409035444259644,-0.3308987617492676
277,-3296.965243211677,-10685.052083333334,-13982.017326545007,0.3130679711742903,0.21218787654167195,0.4084333664021164,19.034375,3716.544791666667,2148.1749999999997,1.5677865128672168,0.23341956695424704,1.5842900991663926,-0.5677865128672166,10685.052083333334,6509.625,-0.002404420041449473,0.8031802475452423,0.7738001048564911,-14.717204347252846,-0.789727509021759,0.946376383304596,0.3718198239803314
278,-3297.519097941076,-10530.489583333334,-13828.008681274405,0.3111033100956802,0.2081796043090031,0.40926091269841264,18.806250000000002,3629.921875,2122.9003472222225,1.5441595165374415,0.2323678660910582,1.5964418066973576,-0.5441595165374413,10530.489583333334,6469.59375,-0.0037093933723453265,0.7828192710876465,0.664033368229866,-14.889920204877853,-0.1711452305316925,0.9482662081718445,-0.2462104856967926
279,-3298.5867752309387,-10800.208333333334,-14098.79510856428,0.3119190678190413,0.20796632007437035,0.4084893077601411,18.887152777777775,3721.0236111111117,2122.991319444445,1.5853003364950897,0.23874762816344516,1.5054840651470662,-0.5853003364950896,10800.208333333334,6470.09375,-0.004200438569027076,0.8296186476945877,0.8431481122970581,-15.152225211262703,-0.0476369708776474,0.9416136741638184,-0.3769320547580719
280,-3297.6795368710705,-10484.875,-13782.554536871075,0.3107669369907234,0.20806117624306353,0.41170497134038797,18.789930555555557,3629.3607638888884,2130.6006944444443,1.5425387643267996,0.22670248095000808,1.636699001427233,-0.5425387643267997,10484.875,6479.677083333333,0.0010136073161823855,0.7753227651119232,0.7501852065324783,-15.17975640296936,-0.7591322064399719,0.9465113282203674,0.34840962290763855
281,-3298.5032277663836,-10598.583333333334,-13897.086561099726,0.3107137631055984,0.210920050907589,0.41414214065255733,18.771874999999998,3664.3541666666665,2128.0625,1.5585733298226743,0.24134678443798566,1.5550615920175013,-0.5585733298226744,10598.583333333334,6457.15625,-0.0016984123483210212,0.7958536148071289,0.7070798277854919,-14.989366918802261,-0.16466061770915985,0.9437447190284729,-0.25793904066085815
282,-3297.381383199044,-10567.614583333334,-13864.995966532384,0.3120993481154683,0.21153090981695435,0.4110273368606702,18.821875000000002,3625.0729166666665,2131.839236111111,1.5495502250891053,0.23657996138845772,1.5186301517673586,-0.5495502250891054,10567.614583333334,6491.541666666667,0.00620592765408956,0.7751855701208115,0.7963133007287979,-15.04442983865738,-0.05949137359857559,0.9446085095405579,-0.37424641847610474
283,-3297.2598963055957,-10678.0625,-13975.322396305595,0.3119138693690978,0.2125672112613554,0.40927799823633154,18.87291666666667,3685.946180555556,2136.812847222222,1.5648067098586795,0.23457100920789742,1.402237394634043,-0.5648067098586795,10678.0625,6503.989583333333,0.006036367455516611,0.7941292226314545,0.7275625467300415,-14.980501160025597,-0.7998968362808228,0.9522980451583862,0.3749009072780609
284,-3297.388915717104,-10778.75,-14076.138915717102,0.30993965928786804,0.21063376883507268,0.41018077601410924,18.669444444444444,3696.9631944444445,2126.5805555555557,1.5773280178739286,0.24267501512721726,1.3326525433806085,-0.5773280178739287,10778.75,6513.520833333333,0.0012398454395352587,0.8117049634456635,0.711501732468605,-15.067397311329842,-0.11801810562610626,0.9511060118675232,-0.3052827715873718
285,-3297.422268222545,-10680.9375,-13978.359768222543,0.3105054877525816,0.20807277925309287,0.4084540343915344,18.903125,3689.989236111111,2142.194791666667,1.5689061826251394,0.25115752978406164,1.2516495350166474,-0.5689061826251396,10680.9375,6508.614583333333,0.0003848092342702003,0.7944950461387634,0.7448458671569824,-15.210625976324081,-0.1882958859205246,0.9431300759315491,-0.23781581223011017
286,-3297.159851294133,-11132.583333333334,-14429.743184627478,0.30804464900697387,0.2040776279051594,0.41161127645502643,18.763194444444444,3828.077777777778,2138.184027777778,1.6285924031737131,0.26475974395882973,1.201219008197927,-0.628592403173713,11132.583333333334,6499.229166666667,-0.0016516798451915449,0.870461717247963,0.7791045606136322,-15.109324395656586,-0.7844110131263733,0.9463070631027222,0.35400500893592834
287,-3297.175455186702,-11416.5,-14713.675455186705,0.3075575123005263,0.2015773520583429,0.410310295414462,18.812152777777776,3931.0833333333335,2128.5333333333333,1.6665230346740485,0.2763681508117969,1.1957952031072738,-0.6665230346740486,11416.5,6503.552083333333,-0.005147248880486233,0.9349165707826614,0.6790631413459778,-14.994561865925789,-0.18219493329524994,0.9473996162414551,-0.23364460468292236
288,-3298.4110248357265,-11177.989583333334,-14476.400608169053,0.30851739453994936,0.20480851363835326,0.40833636463844797,18.753472222222225,3833.2197916666664,2113.8006944444446,1.6275966106708886,0.25710996180519224,1.2458021569865712,-0.6275966106708885,11177.989583333334,6473.65625,-0.0025443720044521223,0.8998911678791046,0.6955302059650421,-14.796985015273094,-0.12969186902046204,0.9508571028709412,-0.2716137170791626
289,-3297.16945892963,-11418.677083333334,-14715.846542262962,0.309730929616676,0.20734011698772925,0.4092826829805996,18.710416666666664,3914.9145833333337,2124.178125,1.664286332667917,0.29112668454183116,0.998621183150135,-0.6642863326679168,11418.677083333334,6510.708333333333,0.00038346150371726395,0.9358949810266495,0.7691316604614258,-14.621656969189644,-0.9109870195388794,0.9466286897659302,0.49557626247406006
290,-3296.463407835197,-11764.947916666666,-15061.411324501867,0.31003423408577774,0.20710285662951514,0.4026173941798941,18.906944444444445,4010.720486111111,2154.118055555555,1.6891357080503433,0.2872319134208307,1.0017893855573543,-0.6891357080503434,11764.947916666666,6575.958333333333,-0.0043514192132561025,0.9683846533298492,0.7700747102499008,-14.940127193927765,-0.21153856813907623,0.9473104476928711,-0.20768052339553833
291,-3297.9752274897833,-11580.958333333334,-14878.933560823118,0.3093175280547596,0.20555415121392193,0.40914847883597877,18.924652777777776,4011.164236111111,2136.720138888889,1.7007624695482695,0.289306014407582,0.9576154766205499,-0.7007624695482694,11580.958333333334,6484.34375,0.0003394516204917597,0.9504650831222534,0.8195263594388962,-15.043870434165001,-0.07546545565128326,0.9453394412994385,-0.3565840721130371
292,-3298.2584366591145,-11887.03125,-15185.289686659113,0.3093736097790253,0.2089871067267571,0.40943011463844786,18.891666666666666,4080.9968750000003,2133.084027777778,1.73615836675089,0.30529255410152106,0.8593237876019243,-0.7361583667508899,11887.03125,6487.989583333333,-0.002430911389040835,0.999749019742012,0.7539819777011871,-15.092763558030128,-0.7524740695953369,0.950920581817627,0.3244830369949341
293,-3295.4596127974182,-12064.916666666666,-15360.376279464092,0.30818958900598653,0.206822906329358,0.40677386463844795,19.026041666666668,4183.346527777778,2144.101041666667,1.7636751799124222,0.3086101930583706,0.8256992815065147,-0.7636751799124223,12064.916666666666,6506.875,-0.0020104986750708598,1.0224560499191284,0.7124680131673813,-14.998534679412842,-0.20198401808738708,0.9506200551986694,-0.21368353068828583
294,-3298.2859488138206,-11657.333333333334,-14955.619282147154,0.30976418956293955,0.2074186687597022,0.409633487654321,19.016666666666666,4027.8385416666665,2144.2468750000003,1.7074910741926477,0.2975595964874275,0.8364226554074579,-0.7074910741926477,11657.333333333334,6482.03125,-0.0011045259002138152,0.9554736167192459,0.740705281496048,-14.99053019285202,-0.09478150308132172,0.9499357342720032,-0.34524232149124146
295,-3296.2143787630885,-11597.09375,-14893.308128763085,0.30991296545760455,0.21086930508115778,0.408729332010582,19.084374999999998,3999.3125,2137.8072916666665,1.7060412170662014,0.3106413762519333,0.8291157006711986,-0.7060412170662014,11597.09375,6464.989583333333,-0.00016226982133416001,0.9406258910894394,0.76938197016716,-15.145941391587257,-0.8910602331161499,0.9483761191368103,0.4423738718032837
296,-3297.584817022991,-11612.760416666666,-14910.345233689653,0.3082822482293331,0.2074231113066263,0.40845238095238096,19.052083333333332,4001.0677083333335,2141.634375,1.7164910013548573,0.30529982209097195,0.7896413681923299,-0.7164910013548574,11612.760416666666,6484.46875,0.0002586006938312124,0.9321983903646469,0.7601469606161118,-14.784691616892815,-0.2170410007238388,0.9487438797950745,-0.24548745155334473
297,-3298.0284726214118,-11752.59375,-15050.62222262141,0.3086742500533927,0.20620838703244873,0.40337632275132274,18.89236111111111,3964.129166666667,2131.251388888889,1.7077778932558185,0.30657228558519684,0.7747214417625509,-0.7077778932558183,11752.59375,6535.666666666667,0.0016445647998630797,0.9402685016393661,0.7430858463048935,-14.829906463623047,-0.20993316173553467,0.948462724685669,-0.262285441160202
298,-3298.8430824361235,-11659.052083333334,-14957.895165769458,0.30900101265587643,0.20551887048188497,0.40732749118165784,18.896527777777777,3974.839930555556,2118.739236111111,1.719153821195956,0.3041991756548267,0.8353596232232053,-0.7191538211959561,11659.052083333334,6472.802083333333,-0.0009711237390277461,0.945041224360466,0.8070359528064728,-14.665642946958542,-0.8999917507171631,0.9453723430633545,0.4339149594306946
299,-3298.969082367921,-11578.46875,-14877.437832367925,0.3082964707170505,0.20394928475030205,0.41079833553791884,18.89513888888889,3958.6850694444443,2127.867708333333,1.6986677324240607,0.28257585405013896,0.8259470627170774,-0.698667732424061,11578.46875,6486.260416666667,-0.005752277199527089,0.9292416423559189,0.8233594596385956,-15.026833459734917,-0.2190338522195816,0.940589427947998,-0.22886498272418976
300,-3296.100245484688,-11727.34375,-15023.443995484695,0.3085416519865785,0.20586589088755622,0.40589588844797175,18.946180555555557,3986.2826388888884,2152.187847222222,1.700572770145005,0.3037344444723913,0.7939523812428112,-0.7005727701450052,11727.34375,6561.885416666667,-0.0009591198656262456,0.9304099678993225,0.7734318673610687,-15.052055418491364,-0.17708885669708252,0.9482799768447876,-0.2911410331726074
301,-3297.006783092221,-12078.104166666666,-15375.110949758884,0.3084763543800654,0.20584819234419327,0.4107638888888889,18.98645833333333,4161.861458333333,2142.007291666667,1.7741383360998724,0.3130932894599028,0.7356095126307527,-0.7741383360998725,12078.104166666666,6468.458333333333,-0.0030196980376864246,1.023910790681839,0.8424855023622513,-15.133031696081161,-0.9550294876098633,0.9468372464179993,0.5111206769943237
302,-3297.5950639684456,-11783.864583333334,-15081.459647301783,0.3074673613562488,0.2044901697388721,0.4115093143738977,18.92361111111111,4048.6645833333337,2143.2017361111107,1.726732162560701,0.31226103047636555,0.7611828927121747,-0.7267321625607011,11783.864583333334,6482.84375,-0.0035655200657798147,0.9684824496507645,0.7248171120882034,-15.313644737005234,-0.11562113463878632,0.9485052227973938,-0.32750099897384644
303,-3296.5632695465724,-11551.791666666666,-14848.354936213242,0.3090089427796688,0.20619501865844037,0.4115396274250441,18.973958333333332,3991.3489583333335,2133.754166666667,1.7115089508378005,0.29822384143487585,0.7824438515578526,-0.7115089508378004,11551.791666666666,6455.833333333333,-0.0018697988500315788,0.9360767304897308,0.7422345876693726,-15.116045698523521,-0.19338107109069824,0.9489631652832031,-0.25435012578964233
304,-3297.0998331793803,-11687.135416666666,-14984.235249846046,0.30845103706189886,0.20496410763088432,0.41258763227513223,18.864583333333332,4020.6708333333336,2129.0427083333334,1.722439913342199,0.3107126220032124,0.7678038897231806,-0.7224399133421991,11687.135416666666,6453.947916666667,0.004183654374127599,0.9707268327474594,0.756724163889885,-15.255930200219154,-0.8701193332672119,0.9448999762535095,0.4112198054790497
305,-3298.2890714741916,-11653.625,-14951.914071474193,0.30738008683471635,0.20334229946860835,0.412078373015873,18.849305555555556,3982.789930555555,2129.620833333333,1.707646139600687,0.30341214977801895,0.7511737958924197,-0.707646139600687,11653.625,6465.40625,-0.005688445679043808,0.9531940966844559,0.7928476780653,-15.259564071893692,-0.3021920323371887,0.9484176635742188,-0.15072374045848846
306,-3297.218445461516,-11219.46875,-14516.687195461513,0.3076831720844219,0.20134922938046254,0.41233272707231033,18.777083333333334,3805.300694444444,2137.565972222222,1.6459025230258542,0.29960673183155884,0.8190395278384673,-0.6459025230258542,11219.46875,6496.291666666667,-0.0018301243129679179,0.8535733222961426,0.7289872914552689,-15.250623196363449,-0.17156462371349335,0.9514106512069702,-0.30044639110565186
307,-3298.6721696263426,-11282.270833333334,-14580.943002959677,0.30758498381857224,0.20211050467090294,0.4159314373897707,18.854166666666668,3851.316666666667,2125.5354166666666,1.6682034826432284,0.29669968128837465,0.833030503943744,-0.6682034826432283,11282.270833333334,6430.739583333333,-0.005522687132164528,0.88544861972332,0.8234858810901642,-15.369426414370537,-0.967776358127594,0.9429296255111694,0.4929054379463196
308,-3297.0549413303393,-11266.84375,-14563.898691330343,0.3071703583234652,0.20073686779424962,0.4189508928571428,18.652430555555554,3833.015625,2116.7284722222225,1.6601216241196397,0.2988704962998377,0.8263311324541712,-0.6601216241196399,11266.84375,6444.395833333333,-0.003694665493006344,0.8957622647285461,0.7707443684339523,-15.798388794064522,-0.32018929719924927,0.9488906264305115,-0.14906908571720123
309,-3297.549781919924,-10916.104166666666,-14213.653948586592,0.30641455054218114,0.1998762777002412,0.4144259810405644,18.46666666666667,3671.7916666666665,2115.8756944444444,1.5978659776126436,0.2750719652195354,1.002568792106092,-0.5978659776126437,10916.104166666666,6509.28125,0.006085841142751201,0.8133071511983871,0.7769981622695923,-15.233930483460426,-0.17083266377449036,0.9472320079803467,-0.28990715742111206
310,-3298.0895922026425,-10336.9375,-13635.027092202645,0.3048495269858284,0.19628469263059536,0.4226959325396826,18.513194444444444,3527.6815972222225,2113.009722222222,1.5382989678321526,0.23922227804137752,1.1521304893198197,-0.5382989678321527,10336.9375,6417.083333333333,0.0020497670024397507,0.7348465770483017,0.8030489832162857,-15.525556460022926,-0.9903236031532288,0.9385323524475098,0.5255720615386963
311,-3297.6423620208657,-10629.197916666666,-13926.840278687532,0.3060413438680423,0.1960440021761719,0.4198459545855379,18.095138888888886,3510.7493055555556,2070.4538194444444,1.5538006992246818,0.25354588562728114,1.1135825110019255,-0.5538006992246819,10629.197916666666,6451.239583333333,-0.001660038746856607,0.7752154171466827,0.7236526012420654,-15.705332964658737,-0.29204824566841125,0.9500916004180908,-0.19036106765270233
312,-3300.1484917381763,-10466.385416666666,-13766.533908404841,0.3051426984868026,0.1965107930890453,0.4194962522045855,18.21875,3512.866319444445,2096.095138888889,1.5393482381692234,0.24163165772481346,1.1816005650233932,-0.5393482381692235,10466.385416666666,6466.479166666667,0.003567217831556224,0.7484585642814636,0.7693907469511032,-15.433540165424347,-0.18000958859920502,0.9468355774879456,-0.27002260088920593
313,-3296.3180399930557,-10438.572916666666,-13734.890956659723,0.3056800160238548,0.1968005409774681,0.4171999007936507,18.53611111111111,3552.210069444444,2120.03125,1.535418880226107,0.234383885606954,1.1704303567344885,-0.5354188802261071,10438.572916666666,6458.541666666667,0.03427116479254266,0.7508405297994614,0.7418755441904068,-15.800183698534966,-0.9238457083702087,0.9453170895576477,0.4630635976791382
314,-3298.6233568482435,-10216.291666666666,-13514.915023514906,0.306581347651303,0.2014440974695996,0.4210182429453262,18.41111111111111,3498.1506944444445,2096.8819444444443,1.5218394780500735,0.23611787566587875,1.2412023171948725,-0.5218394780500731,10216.291666666666,6419.0625,7.50134783236156e-05,0.728949174284935,0.7017370462417603,-15.730355113744736,-0.31613558530807495,0.9536222815513611,-0.1334211230278015
315,-3296.6332245901626,-10514.947916666666,-13811.581141256824,0.30637665086792715,0.19641353550347654,0.4207771164021164,18.425694444444446,3563.3760416666664,2097.09375,1.5485385496436985,0.24181970202767103,1.1870296276868115,-0.5485385496436987,10514.947916666666,6416.25,-0.0029259263661298718,0.7769825458526611,0.7435443848371506,-16.17557965219021,-0.12777063250541687,0.9504090547561646,-0.32756373286247253
316,-3296.934308320913,-10614.114583333334,-13911.04889165424,0.307443030573815,0.20156909566058956,0.42344438932980594,18.467708333333334,3631.7753472222225,2102.157638888889,1.5777804353340539,0.24362049521989868,1.1685633403557374,-0.5777804353340539,10614.114583333334,6403.989583333333,-0.00585725493940803,0.7992302179336548,0.7218516618013382,-16.306016102433205,-0.844757080078125,0.9521095156669617,0.3890461027622223
317,-3298.5474665518122,-10749.458333333334,-14048.00579988515,0.30528090945120656,0.1970935234429716,0.42424300044091706,18.45555555555556,3684.676736111111,2108.9777777777776,1.5973716684051371,0.25804008843153686,1.080088085888491,-0.597371668405137,10749.458333333334,6400.916666666667,-0.004494531447011507,0.8224047869443893,0.6978894770145416,-16.335784509778023,-0.20837095379829407,0.9510886669158936,-0.24591009318828583
318,-3297.5562371879773,-10945.0625,-14242.618737187977,0.3052974744819433,0.19748351899923158,0.4236229607583774,18.436111111111114,3740.749652777778,2103.3444444444444,1.6200228840520026,0.2608449514520088,1.003435074387474,-0.6200228840520027,10945.0625,6406.864583333333,-0.003271505501206029,0.8542010337114334,0.7664269655942917,-16.301086485385895,-0.057220328599214554,0.9513546824455261,-0.4033641219139099
319,-3297.7661969287656,-10026.40625,-13324.172446928767,0.30603722622420326,0.19708353633177467,0.4259471450617284,18.472916666666666,3433.8093750000007,2112.796875,1.5025375813538595,0.23406882432989162,1.2084111450660373,-0.5025375813538596,10026.40625,6381.71875,0.002600231078556836,0.6854652762413025,0.8244242817163467,-16.153462186455727,-0.7759241461753845,0.9490123391151428,0.31124040484428406
320,-3298.205775317288,-10094.927083333334,-13393.132858650613,0.3050278316183565,0.19351831460517133,0.42242201278659613,18.213194444444444,3388.238541666667,2089.640972222222,1.4997705668146901,0.2336968399268625,1.2428573630152682,-0.4997705668146901,10094.927083333334,6412.697916666667,-0.001374279969663439,0.6903990805149078,0.7237428575754166,-16.19926828145981,-0.07301318645477295,0.9511626958847046,-0.4047406017780304
321,-3298.079545881015,-10214.177083333334,-13512.256629214346,0.3034241256624984,0.1920253523842095,0.4213693231922398,18.236805555555556,3421.4791666666665,2098.6024305555557,1.5022760560824506,0.23463252404188137,1.2502173109098706,-0.5022760560824505,10214.177083333334,6451.0625,0.003957676733585269,0.7053644061088562,0.8959625661373138,-15.843600168824196,-0.136609748005867,0.9420488476753235,-0.3444480895996094
322,-3299.157044420252,-10046.020833333334,-13345.177877753587,0.3047520932647145,0.19501574269330982,0.42423059964726634,18.45347222222222,3427.029166666667,2103.9434027777775,1.5115931304699088,0.2284559754551092,1.2324005007477776,-0.511593130469909,10046.020833333334,6379.677083333333,-0.0007574614128591506,0.6926940381526947,0.7677205502986908,-16.43995700776577,-0.9899744391441345,0.9425553679466248,0.5089264512062073
323,-3297.206912024533,-9702.989583333334,-13000.196495357866,0.30417533332823293,0.19136877170563416,0.42594631834215163,18.400000000000002,3317.9010416666665,2116.8958333333335,1.4449372704854373,0.20471338470620956,1.4163063364340231,-0.4449372704854375,9702.989583333334,6412.947916666667,0.014810258430908663,0.6306809633970261,0.9166412502527237,-16.08095872402191,-0.383388489484787,0.9549261927604675,-0.0786692276597023
324,-3298.7843300730024,-9686.927083333334,-12985.711413406336,0.3052682482445805,0.19454715320090243,0.42401951058201054,18.37152777777778,3294.449305555556,2099.4211805555556,1.4542497563624395,0.21740295918400934,1.3859770160407603,-0.4542497563624395,9686.927083333334,6383.239583333333,-0.0025046739293346776,0.6285376995801926,0.6085644215345383,-16.010235995054245,-0.345919668674469,0.9587458968162537,-0.12813375890254974
325,-3296.423107643957,-9739.270833333334,-13035.693940977288,0.3067201431344158,0.19976124119582692,0.4242027667548501,18.154166666666665,3279.417708333333,2094.931597222222,1.4412931338543498,0.21001485470418704,1.446095843274155,-0.44129313385434976,9739.270833333334,6439.385416666667,-0.00056464029521619,0.6352767944335938,0.9586109220981598,-15.80489630997181,-0.7712439298629761,0.9203997254371643,0.31475189328193665
326,-3296.1092413808724,-10008.697916666666,-13304.807158047544,0.30656992083061,0.2007115514748471,0.42458719135802464,18.13298611111111,3374.7520833333333,2083.215972222222,1.4916803882630605,0.22667012877861592,1.3926135722230797,-0.49168038826306043,10008.697916666666,6417.260416666667,-0.0021661489661326527,0.6842685043811798,0.7964211404323578,-15.365634232759476,-0.3889000713825226,0.934524655342102,-0.0696416050195694
327,-3295.6885756244883,-10129.25,-13424.93857562449,0.3066240852801449,0.20011029251165588,0.42444168871252197,18.35590277777778,3457.008333333333,2115.0805555555557,1.500881082943593,0.22802938655935848,1.3717822980473375,-0.5008810829435927,10129.25,6431.291666666667,-0.005703822951857784,0.7114808410406113,0.6744507402181625,-15.41440798342228,-0.1802675724029541,0.9550955891609192,-0.27753114700317383
328,-3296.510906289159,-10114.46875,-13410.979656289162,0.30696014488138834,0.20329356147865632,0.42394372795414464,18.030902777777776,3405.897916666667,2084.0187499999997,1.5014467868102894,0.2306495384476961,1.4561099793754344,-0.5014467868102895,10114.46875,6437.229166666667,0.008246125422907369,0.7135125547647476,0.745516836643219,-15.958605468273163,-0.880271315574646,0.9548305869102478,0.4345696270465851
329,-3298.655600404644,-10317.875,-13616.53060040463,0.3063005323142125,0.19956083852674866,0.4244637345679012,18.35625,3529.1819444444445,2095.7225694444446,1.5373945683287922,0.232489463302064,1.4355334513394968,-0.5373945683287921,10317.875,6394.21875,0.006180001808461899,0.7513203769922256,0.6307073533535004,-15.671904534101486,-0.0834973081946373,0.955948531627655,-0.36117610335350037
330,-3296.7373375732423,-9769.333333333334,-13066.070670906585,0.305636554519529,0.2003487469951829,0.42487654320987644,17.944791666666667,3261.565277777778,2072.0510416666666,1.4429547216077079,0.2091827296306332,1.596318515962394,-0.44295472160770794,9769.333333333334,6439.375,0.01601642108465917,0.6424571126699448,0.74641053378582,-16.363811746239662,-0.18375112116336823,0.9458488821983337,-0.2689417004585266
331,-3296.0525208944205,-9666.0625,-12962.115020894416,0.30470924567381563,0.1977684502691975,0.4263734567901234,18.263194444444448,3299.457638888889,2092.484722222222,1.4575874353094889,0.215047554745621,1.5255092390021894,-0.45758743530948887,9666.0625,6358.90625,-0.0025525611644283686,0.6370960772037506,0.7539644688367844,-16.33299571275711,-0.9017960429191589,0.9414277672767639,0.439789354801178
332,-3296.3798680980667,-9419.875,-12716.254868098067,0.305343707507479,0.19623875857117432,0.42362957451499117,18.26388888888889,3185.3246527777774,2089.7506944444444,1.407149141531341,0.1968988453388396,1.6438227365956208,-0.40714914153134113,9419.875,6413.864583333333,-0.003361627112338006,0.5859826058149338,0.6838216632604599,-16.380551487207413,-0.33932074904441833,0.9559245109558105,-0.1310356855392456
333,-3296.998466760441,-9481.90625,-12778.904716760442,0.3057253487941383,0.19816145784716355,0.4276063712522045,18.169444444444444,3217.670138888889,2083.3913194444444,1.4239152164252744,0.2082936069592002,1.672289585746385,-0.4239152164252748,9481.90625,6364.333333333333,-0.0016718647346333215,0.6060042232275009,0.6930236518383026,-16.13633143901825,-0.2605547606945038,0.9500857591629028,-0.19118577241897583
334,-3298.486850676198,-9467.979166666666,-12766.466017342858,0.3047353312891801,0.1970125689258566,0.4250030313051146,18.32326388888889,3224.782986111111,2101.8892361111107,1.4192885190935527,0.19770855721633587,1.7213756026378706,-0.4192885190935523,9467.979166666666,6399.8125,0.019675511643384436,0.5976215600967407,0.73789381980896,-16.674905225634575,-0.9080808162689209,0.9465227127075195,0.44682151079177856
335,-3300.62440159405,-9303.75,-12604.374401594052,0.3048067014017765,0.19600946165074773,0.42932787698412694,18.002430555555552,3158.5687500000004,2075.1979166666665,1.4035244051534903,0.19164050324133478,1.6620550367603173,-0.40352440515348986,9303.75,6377.333333333333,0.00026295572222978514,0.5773849785327911,0.6539037376642227,-16.497257471084595,-0.2729244828224182,0.9582220315933228,-0.17728441953659058
336,-3296.0919877872425,-9574.427083333334,-12870.519071120574,0.30495201785552223,0.19641261263879842,0.4296155753968254,18.185416666666665,3265.9204861111116,2083.790625,1.4405461826280153,0.2027240950128039,1.6128538682558557,-0.44054618262801526,9574.427083333334,6340.947916666667,0.009474671812671698,0.6355156451463699,0.6424089819192886,-17.10470862686634,-0.19248391687870026,0.955039918422699,-0.2693254351615906
337,-3297.2592084962585,-9391.5625,-12688.821708496258,0.30493811990202374,0.19656322705931314,0.4292432760141094,18.110416666666666,3200.5958333333333,2078.6149305555555,1.4163706977353037,0.19567618428446507,1.846818847930166,-0.4163706977353036,9391.5625,6357.0,-0.004524231395646561,0.5993074625730515,0.6790701746940613,-17.10780940949917,-0.9124780297279358,0.9532071948051453,0.47084784507751465
338,-3298.1134940900643,-9455.822916666666,-12753.936410756738,0.3033349635360354,0.19339927681964278,0.42904017857142857,18.302083333333332,3259.855208333333,2105.301041666667,1.421364323378323,0.19541784400290707,1.8662886478841723,-0.421364323378323,9455.822916666666,6383.052083333333,-0.0032815714981148103,0.6092593520879745,0.6291711777448654,-17.31911900639534,-0.29927945137023926,0.9602684378623962,-0.13788284361362457
339,-3296.6846640652584,-9412.03125,-12708.715914065267,0.30409131541626633,0.1964914184387049,0.43050898368606694,18.298958333333335,3251.9593750000004,2103.675,1.4156795137791824,0.19521092896622552,1.8942145827971117,-0.41567951377918205,9412.03125,6381.875,0.004340411805914712,0.6040349453687668,0.5851222798228264,-17.104390248656273,-0.20661768317222595,0.9582817554473877,-0.22720076143741608
340,-3298.078846548169,-9118.854166666666,-12416.933013214832,0.30418086109730086,0.19850899175960676,0.4307625110229276,18.32916666666667,3147.3958333333335,2091.634375,1.384356583930679,0.1797758477396254,2.068405016743151,-0.3843565839306791,9118.854166666666,6328.09375,-0.0029688815326398554,0.5645650774240494,0.6764234602451324,-16.980839356780052,-0.9427663683891296,0.9507366418838501,0.5058947205543518
341,-3299.993932560505,-9206.03125,-12506.0251825605,0.30462005653066204,0.19712758637534636,0.43027888007054677,18.146180555555556,3172.959722222222,2090.911111111111,1.3885259163321868,0.17714232504278762,2.1006845740037803,-0.388525916332187,9206.03125,6376.072916666667,-0.0010873456040192409,0.5746680051088333,0.6272628009319305,-16.99080841243267,-0.2608792781829834,0.9601700305938721,-0.15562370419502258
342,-3297.919130546132,-9353.520833333334,-12651.43996387947,0.3044181293036689,0.1980849231735596,0.43115410052910047,18.048958333333335,3202.260763888889,2081.389236111111,1.4063927216618188,0.17944323767314305,2.1251768595251823,-0.4063927216618188,9353.520833333334,6386.416666666667,-0.002733920474485174,0.6006939113140106,0.5410690009593964,-16.972846567630768,-0.20853693783283234,0.9621776342391968,-0.2065017819404602
343,-3299.7641906087265,-9353.635416666666,-12653.399607275385,0.30374076916225184,0.19673746245825896,0.4249542548500882,17.960763888888888,3180.223263888889,2057.3659722222224,1.4115959648244887,0.18517170739189667,1.96445114007096,-0.41159596482448846,9353.635416666666,6360.916666666667,-0.0009830755164494942,0.6011009812355042,0.6073725745081902,-16.879738807678223,-0.8915074467658997,0.9514601826667786,0.4761059582233429
344,-3297.606492458006,-9165.09375,-12462.700242458011,0.30463954083980366,0.19918337762404312,0.4257520392416225,18.178472222222222,3125.867708333333,2086.417708333333,1.3720626835942225,0.16935613985396644,2.3967563567556414,-0.3720626835942225,9165.09375,6383.708333333333,0.006593571824134337,0.5653631389141083,0.583723783493042,-16.945905283093452,-0.31591957807540894,0.9600763916969299,-0.1186613216996193
345,-3297.0994535155637,-9457.635416666666,-12754.734870182225,0.30508661528367925,0.19834648808399732,0.4314401455026455,18.16875,3273.2565972222224,2089.339583333333,1.4196614542418569,0.1782441892436266,2.377203216971342,-0.4196614542418568,9457.635416666666,6355.989583333333,0.00230957048291322,0.6346044838428497,0.5480349585413933,-16.9188933968544,-0.16352398693561554,0.9609119296073914,-0.23919165134429932
346,-3296.918665483965,-9511.84375,-12808.762415483965,0.3050700685340529,0.19826585711174025,0.42962026014109345,17.929861111111112,3245.426041666667,2074.848263888889,1.4184196351212874,0.1771667680743166,2.476642676530926,-0.4184196351212876,9511.84375,6383.770833333333,-0.0034014580364463143,0.6369956284761429,0.622431606054306,-17.211474731564522,-0.8248751759529114,0.956502377986908,0.42937925457954407
347,-3297.9020747211066,-9353.333333333334,-12651.235408054441,0.30504125047929054,0.1987728199455887,0.4302072310405644,18.04583333333333,3218.6774305555555,2083.694791666667,1.4056837000079216,0.18268100174912116,2.408084988039959,-0.4056837000079215,9353.333333333334,6368.78125,0.009988989986742691,0.6126223653554916,0.5946926921606064,-16.677047982811928,-0.21299150586128235,0.9606211185455322,-0.19071000814437866
348,-3296.584947872009,-9311.114583333334,-12607.699531205342,0.3045098942500585,0.19919585106739154,0.4285254078483245,18.122569444444448,3202.207291666666,2086.6927083333335,1.401214525845754,0.18431189024614128,2.4555803123364823,-0.4012145258457542,9311.114583333334,6378.677083333333,0.011726832207799909,0.5999681651592255,0.6100453734397888,-17.131096228957176,-0.12508952617645264,0.9578437209129333,-0.28735819458961487
349,-3296.3681730413077,-9245.020833333334,-12541.389006374637,0.30394011668874743,0.1983630873890231,0.43153742283950614,18.217361111111114,3201.657986111111,2093.1972222222225,1.3920364518365336,0.17634637445326537,2.501938071062432,-0.3920364518365336,9245.020833333334,6359.302083333333,-0.002675936201932849,0.5975119024515152,0.5971409976482391,-17.271318316459656,-0.7797529697418213,0.9563809633255005,0.3784783184528351
350,-3299.0782931046924,-9382.625,-12681.703293104694,0.3039483472139794,0.19375521569519252,0.4310074955908289,18.199305555555554,3254.671875,2092.832986111111,1.4132232099458433,0.18579808790498994,2.4822215774333407,-0.41322320994584333,9382.625,6349.822916666667,-0.004255585446530485,0.620904877781868,0.582243025302887,-17.679220870137215,-0.20502644777297974,0.9579906463623047,-0.21097195148468018
351,-3297.0359575257335,-9539.458333333334,-12836.49429085907,0.30247802792727,0.19278022662668567,0.4320811287477954,18.00277777777778,3268.0454861111107,2081.0694444444443,1.4284307934238243,0.18473644246714152,2.312406179398622,-0.42843079342382434,9539.458333333334,6362.697916666667,-0.008123699161741493,0.6467688083648682,0.6608700603246689,-17.65934543311596,-0.10031663626432419,0.9543418884277344,-0.317850261926651
352,-3296.2608270106307,-9315.427083333334,-12611.687910343959,0.3038516310935682,0.19429513203633378,0.43204750881834214,18.102430555555554,3218.448958333333,2090.88125,1.3986405641335729,0.17710216715048502,2.64564523687847,-0.3986405641335728,9315.427083333334,6357.114583333333,-0.0038497566417179385,0.6085874140262604,0.624127559363842,-17.789740413427353,-0.7640175819396973,0.9565322399139404,0.3529665470123291
353,-3298.131465666161,-9472.395833333334,-12770.52729899949,0.3024428995026711,0.19226874615641365,0.4319372795414462,18.057291666666668,3280.198611111111,2089.711111111111,1.423862260402806,0.18259295870197123,2.6046747240960513,-0.423862260402806,9472.395833333334,6366.6875,-0.0002576377076852765,0.6426365375518799,0.5639866143465042,-17.998423904180527,-0.17668993771076202,0.9553169012069702,-0.22447501122951508
354,-3298.0238636148774,-9483.354166666666,-12781.378030281541,0.3027336943741286,0.1909526060214072,0.43244378306878306,18.20625,3305.127083333333,2089.265625,1.434426624014448,0.18624960155942247,2.4843113013368225,-0.4344266240144478,9483.354166666666,6341.09375,0.007585384472593049,0.6449676007032394,0.6001642495393753,-17.55127939581871,-0.08464816957712173,0.9586582779884338,-0.31908202171325684
355,-3298.919830267218,-9473.822916666666,-12772.742746933889,0.30302300094164014,0.19309365159278968,0.43241925705467366,18.115277777777777,3276.1684027777774,2089.9465277777776,1.4249115068932188,0.18481740031706217,2.365509116871131,-0.42491150689321877,9473.822916666666,6356.8125,-0.0011309819748031025,0.6409360319375992,0.5932623669505119,-17.699307963252068,-0.7843243479728699,0.958931565284729,0.3798927068710327
356,-3297.220065152947,-9588.864583333334,-12886.084648486283,0.30485596304010615,0.19732973661626196,0.4312800374779541,18.091319444444444,3294.0663194444446,2088.5475694444444,1.4356495327532475,0.1939542840542444,2.243708718640799,-0.43564953275324747,9588.864583333334,6365.708333333333,-0.0022572907031221945,0.6526303291320801,0.608810231089592,-17.40546526014805,-0.1991623342037201,0.9555233120918274,-0.2160126119852066
357,-3296.1256887545837,-9476.677083333334,-12772.802772087918,0.30422609161203534,0.19541483503336265,0.43387318121693125,17.961805555555557,3254.8399305555554,2083.566666666667,1.418220740916346,0.18945412853289356,2.2801766004160116,-0.4182207409163465,9476.677083333334,6371.53125,-0.0009634417740127521,0.6398591697216034,0.6095351725816727,-17.22991767525673,-0.0866299420595169,0.9595947861671448,-0.32510900497436523
358,-3296.231080855219,-9513.614583333334,-12809.845664188551,0.3037418199090305,0.1911282058475384,0.43360504850088183,18.055208333333333,3268.286111111111,2084.8770833333333,1.4278837064507908,0.19302752397546682,2.0941922667446233,-0.4278837064507907,9513.614583333334,6360.958333333333,-0.003068412644694485,0.641289696097374,0.6572818905115128,-17.04395619034767,-0.8207090497016907,0.954710066318512,0.40508008003234863
359,-3296.498691998822,-9602.916666666666,-12899.415358665492,0.30369855033563714,0.19651997439602079,0.4298371362433862,17.943749999999998,3267.7194444444444,2079.8243055555554,1.4293688899952326,0.20164947150961374,2.0004490772982577,-0.42936888999523276,9602.916666666666,6417.635416666667,-0.005471794124024765,0.6414264887571335,0.5669739097356796,-16.717865139245987,-0.19277966022491455,0.9613025188446045,-0.2237960547208786
360,-3298.4357075467474,-9509.958333333334,-12808.394040880079,0.3031596480876369,0.19253540595430726,0.4284832451499118,18.198611111111113,3284.0236111111117,2095.064236111111,1.4207656567139217,0.1839558868586142,2.2251516056738465,-0.420765656713922,9509.958333333334,6391.447916666667,-0.0014894092312927043,0.6377904862165451,0.5694648176431656,-16.74423998594284,-0.10633208602666855,0.960637092590332,-0.28399938344955444
361,-3297.9633043546096,-9365.166666666666,-12663.129971021275,0.30338882827973973,0.19736260053549715,0.42858107363315695,17.665625000000002,3157.259375,2054.0163194444444,1.3941330235196279,0.18547640058828843,2.437032975312308,-0.3941330235196277,9365.166666666666,6412.270833333333,0.00084406025107997,0.6090374439954758,0.6462115198373795,-16.96026760339737,-0.8731602430343628,0.954866886138916,0.47627389430999756
362,-3297.6149225654785,-9157.78125,-12455.396172565472,0.3030425849617358,0.19546250275096907,0.4319937720458554,17.691666666666666,3093.9871527777777,2054.350694444445,1.369143354555313,0.17749346378185607,2.460447167795271,-0.36914335455531316,9157.78125,6381.041666666667,-0.004069727189331296,0.5760070383548737,0.6003765612840652,-16.761630043387413,-0.15227244794368744,0.962810754776001,-0.25851720571517944
363,-3298.314357174732,-9429.072916666666,-12727.3872738414,0.3022509961066791,0.19376338249357006,0.4289001873897707,17.471180555555556,3138.7041666666664,2042.851736111111,1.3885560363283693,0.1765042655144836,2.6697595593545103,-0.3885560363283694,9429.072916666666,6399.291666666667,-0.003847108081434625,0.6306265592575073,0.6164907813072205,-17.05171012878418,-0.2560565769672394,0.9534389972686768,-0.13004232943058014
364,-3299.584330439214,-9407.854166666666,-12707.438497105883,0.30176558725398267,0.19392060481348175,0.4276763668430335,17.828819444444445,3196.6861111111107,2061.860763888889,1.3994122467803003,0.18314973685618385,2.659836226014398,-0.39941224678030035,9407.854166666666,6407.1875,0.00011447962709221216,0.625159502029419,0.6104014217853546,-17.15666663646698,-0.829431414604187,0.9552553296089172,0.4535122215747833
365,-3297.8539185071827,-9417.375,-12715.22891850718,0.3036265780917407,0.19710900515363192,0.43052166005291004,17.788194444444446,3220.2454861111114,2064.0104166666665,1.4058407010624567,0.17507281658804985,2.5692477711772392,-0.4058407010624568,9417.375,6400.541666666667,-0.002684100102715581,0.6281713098287582,0.5546199753880501,-17.078668609261513,-0.17436784505844116,0.9635604619979858,-0.19937388598918915
366,-3299.4451543192176,-9592.177083333334,-12891.622237652555,0.3026010709244852,0.19371887535574692,0.43177110890652554,17.834722222222222,3283.4208333333336,2071.6940972222224,1.4293369964673837,0.18738220348477297,2.443537832210306,-0.4293369964673839,9592.177083333334,6388.479166666667,0.00647580402966752,0.6641147881746292,0.5182232484221458,-16.69607649743557,-0.12252181768417358,0.9642223715782166,-0.25651973485946655
367,-3298.1876131884505,-9762.625,-13060.81261318845,0.30294285278028743,0.19578235967290106,0.42708746693121696,17.824652777777775,3320.852430555555,2059.4222222222224,1.4481148818609135,0.18489678319688316,2.487532533842627,-0.44811488186091375,9762.625,6415.395833333333,-0.0021447120310802426,0.690221831202507,0.5611149743199348,-16.748930990695953,-0.7621555328369141,0.9593566656112671,0.3961825966835022
368,-3298.0099486971917,-9996.677083333334,-13294.687032030537,0.3036697724873448,0.19511640193781607,0.42787781084656085,17.554861111111112,3373.2559027777775,2039.4364583333333,1.4714430771652278,0.18984399751735395,2.630778839348176,-0.47144307716522804,9996.677083333334,6423.666666666667,-0.003982838491951579,0.7405164241790771,0.5574828088283539,-16.46956478059292,-0.2362881451845169,0.9626389741897583,-0.11203201115131378
369,-3298.767524072169,-9569.75,-12868.517524072164,0.30301203198702537,0.19687958618871762,0.42874559082892416,17.563541666666666,3212.209722222222,2039.757986111111,1.4089320987483565,0.16860370257458182,2.891281883734941,-0.4089320987483567,9569.75,6417.739583333333,-0.002476677610750766,0.6744005680084229,0.5273878276348114,-16.503340646624565,-0.06696655601263046,0.9644026160240173,-0.2906295359134674
370,-3296.616200652916,-9955.0625,-13251.678700652912,0.3035002339464354,0.1984317805424022,0.4293637014991181,17.332291666666666,3303.930555555556,2020.3694444444445,1.4583423449645727,0.19494115309120272,2.589164151007278,-0.45834234496457266,9955.0625,6392.75,0.00047353583942477684,0.7387676239013672,0.5670150071382523,-16.377872347831726,-0.7443311810493469,0.9598656296730042,0.3784102201461792
371,-3297.4285323532217,-9657.322916666666,-12954.751449019886,0.30308566312584856,0.19565781062313667,0.42703813932980594,17.011458333333334,3144.9027777777774,1997.7809027777778,1.4051383404876205,0.1883191082478611,2.8841064564795293,-0.40513834048762054,9657.322916666666,6452.114583333333,0.006335802617332353,0.6740826070308685,0.5152101814746857,-16.14335897564888,-0.2460504174232483,0.9591567516326904,-0.10486949235200882
372,-3298.62051565751,-10067.0625,-13365.683015657514,0.3026240828762878,0.19377847399219816,0.42311204805996466,17.472222222222225,3389.236458333333,2042.6253472222222,1.4759750912335996,0.18905223753069147,2.673494799764599,-0.4759750912335996,10067.0625,6449.645833333333,0.013617294734682428,0.7519738376140594,0.5362266972661018,-16.631634443998337,-0.021872201934456825,0.964863657951355,-0.3242398202419281
373,-3295.5223957263265,-9698.583333333334,-12994.105729059664,0.3024365876585668,0.19298943570821495,0.43024884259259255,17.55763888888889,3289.222916666667,2056.998958333333,1.4328060105697074,0.18388807241074753,2.799052050444979,-0.4328060105697074,9698.583333333334,6435.833333333333,-0.0017921236384691452,0.6834689825773239,0.5385635197162628,-16.737087234854698,-0.6123757362365723,0.9578197598457336,0.24473270773887634
374,-3298.499271912824,-10070.28125,-13368.78052191282,0.3018387555850342,0.19166437819755325,0.4274244929453263,16.989930555555556,3276.7402777777775,2013.0072916666668,1.4510910491115891,0.19941900533522458,2.567738274811786,-0.4510910491115891,10070.28125,6497.385416666667,-0.0036483960140336613,0.7353578805923462,0.6448448896408081,-16.643917858600616,-0.4184452295303345,0.9519661664962769,0.05598755180835724
375,-3297.917727717024,-10030.583333333334,-13328.501061050365,0.3029004770792425,0.19072289597372424,0.4321828152557319,17.586458333333336,3405.9836805555556,2044.4871527777777,1.477237494679293,0.1922565926334684,2.8063893198374537,-0.47723749467929283,10030.583333333334,6398.635416666667,-0.000651459570993218,0.7592978477478027,0.5505919456481934,-16.752523317933083,-0.04696311429142952,0.9644995927810669,-0.30561569333076477
376,-3299.221158751343,-10291.25,-13590.471158751332,0.30220354867389315,0.1876825614825874,0.42913166887125215,17.68298611111111,3503.273958333333,2043.7048611111113,1.5134853686469631,0.2142641272218164,2.7100668208641587,-0.5134853686469634,10291.25,6378.947916666667,-0.0031180954550045215,0.8074820637702942,0.6618670970201492,-16.724723279476166,-0.46559810638427734,0.9400162100791931,0.1153700053691864
377,-3296.2267235433847,-10260.791666666666,-13557.018390210053,0.30172528726284303,0.18170534494048396,0.4288120039682539,17.557291666666668,3440.745138888889,2038.8649305555555,1.5005280195137205,0.2072180735818748,2.4662773369086017,-0.5005280195137205,10260.791666666666,6401.875,0.008591953376919648,0.7903313189744949,0.6242293193936348,-17.136052787303925,-0.7504134774208069,0.946246325969696,0.38019415736198425
378,-3297.497150729294,-10048.28125,-13345.778400729292,0.30082913963503005,0.17971007275466236,0.4300906635802469,17.42361111111111,3353.7052083333333,2038.246527777778,1.4692492725274675,0.20130097994369148,2.434087032161657,-0.46924927252746745,10048.28125,6424.75,0.010300963768980154,0.7469380050897598,0.5278694927692413,-16.699127957224846,-0.276932954788208,0.9519678354263306,-0.08963990211486816
379,-3298.84017097337,-9736.677083333334,-13035.517254306696,0.30125937713398865,0.18033081648819563,0.430950176366843,17.317708333333332,3188.343055555555,2022.1253472222222,1.4249939777721607,0.1822588766993337,2.354374215377037,-0.4249939777721605,9736.677083333334,6405.958333333333,0.008235633266252762,0.6748300939798355,0.6023369878530502,-17.11987130343914,-0.7413091063499451,0.95381760597229,0.3233892321586609
380,-3298.890580933603,-9538.8125,-12837.7030809336,0.3002647464270594,0.17860381553408744,0.42961805555555554,17.924652777777776,3228.1541666666667,2074.7951388888887,1.419614358155983,0.1950950522294492,2.2718979594019566,-0.419614358155983,9538.8125,6384.458333333333,-0.0016885574066580755,0.6355937272310257,0.5311417579650879,-17.052697017788887,-0.44328731298446655,0.9546136856079102,0.01847410760819912
381,-3299.1519191067255,-9383.3125,-12682.46441910673,0.3012565413645831,0.18150705627825423,0.4304770171957672,18.05902777777778,3212.3180555555555,2071.5131944444443,1.40878274760886,0.18815260898278838,2.3455817486620134,-0.40878274760885974,9383.3125,6336.385416666667,-0.00141238567955565,0.6189996004104614,0.4911733642220497,-17.629687055945396,-0.3495563268661499,0.9618011713027954,-0.07448791712522507
382,-3297.774103176999,-9146.552083333334,-12444.326186510332,0.30043361849119193,0.17926369061994288,0.4293402777777778,18.236458333333335,3148.9979166666667,2102.4489583333334,1.3778512998551842,0.1768732994883909,2.408858760411009,-0.3778512998551841,9146.552083333334,6369.135416666667,-0.0006176999097188829,0.5630686730146408,0.49082644283771515,-17.371601089835167,-0.3568462133407593,0.9592493772506714,-0.09496091306209564
383,-3299.2069649078226,-8991.677083333334,-12290.884048241163,0.29972009026966306,0.17555551492841914,0.42961254409171074,17.59861111111111,2982.2211805555557,2060.7010416666667,1.3345723112961263,0.16636427599850478,2.6700804842888197,-0.3345723112961265,8991.677083333334,6429.354166666667,0.0031035322747197114,0.5192680656909943,0.6492143422365189,-17.557068318128586,-0.533539354801178,0.9488730430603027,0.08893048763275146
384,-3297.7637001245216,-8898.895833333334,-12196.659533457852,0.3001106637888466,0.17594841975046116,0.430311397707231,17.556597222222223,2963.521875,2048.2364583333333,1.326092731120583,0.16021994773655338,2.664500546903005,-0.32609273112058285,8898.895833333334,6430.291666666667,-0.00015639915172771524,0.5076172053813934,0.4939545542001724,-17.485557168722153,-0.6194324493408203,0.9592394828796387,0.18747414648532867
385,-3295.574151469815,-8645.71875,-11941.292901469815,0.30040573354546324,0.18025384103869632,0.4323137125220458,17.85798611111111,2901.2305555555554,2061.5958333333333,1.302523020523336,0.16090226579263156,2.7113847750238036,-0.30252302052333585,8645.71875,6350.03125,0.006557357766797445,0.4693974405527115,0.606370359659195,-17.664210945367813,-0.31312432885169983,0.9447111487388611,-0.13346850872039795
386,-3297.3743327301545,-8609.385416666666,-11906.75974939682,0.29986212856193256,0.1813688507471751,0.4294270833333333,18.16840277777778,2942.781597222222,2079.835416666667,1.3092576817572683,0.1539630863829007,2.8134303893344437,-0.3092576817572684,8609.385416666666,6346.59375,-0.004215369412600256,0.45998090505599976,0.4641136974096298,-17.884984120726585,-0.3990870416164398,0.9620329141616821,-0.052873771637678146
387,-3296.256650842586,-8688.864583333334,-11985.121234175918,0.30021474937795617,0.18016610010818113,0.4300644841269841,18.14375,2976.705555555556,2084.8576388888887,1.3179568154066963,0.16500206223037564,2.897222733595592,-0.3179568154066961,8688.864583333334,6380.489583333333,-0.00437502943995316,0.47283124923706055,0.44670648127794266,-17.874446526169777,-0.5316064953804016,0.9638667702674866,0.09588977694511414
388,-3297.785177142805,-8730.208333333334,-12027.993510476137,0.3016263201352346,0.18362689918366312,0.43365906084656086,18.106597222222224,3000.6440972222226,2095.129861111111,1.3235296356404291,0.16328027031993683,2.8525040614951167,-0.3235296356404292,8730.208333333334,6386.0,-0.0031111493014090996,0.4853885844349861,0.540961004793644,-17.847912430763245,-0.5117290616035461,0.9511076807975769,0.08407653123140335
389,-3298.315011152581,-8829.145833333334,-12127.46084448591,0.30015274498941363,0.17802628972680798,0.43353284832451494,18.068055555555556,3029.062847222222,2083.670138888889,1.3328195914493557,0.16346917022076132,2.858471262796076,-0.33281959144935575,8829.145833333334,6356.5,0.0032745537470386665,0.5173793733119965,0.5676176995038986,-17.750643998384476,0.002235802821815014,0.9604582786560059,-0.4274148643016815
390,-3298.8410549204145,-8891.28125,-12190.12230492042,0.2997783468672313,0.17807739211356322,0.4301466049382716,17.605902777777775,2973.7222222222226,2035.4913194444443,1.3318179631329368,0.16118936296991282,2.769985282199906,-0.3318179631329367,8891.28125,6369.8125,-0.0018266824075854338,0.5267774760723114,0.5877027809619904,-17.572342693805695,-0.47821900248527527,0.9459229707717896,0.06751533597707748
391,-3297.143336448333,-9041.760416666666,-12338.903753115002,0.30078704604575407,0.18510989640829698,0.429435901675485,17.467708333333334,3020.0440972222223,2031.6541666666665,1.3475366631728185,0.17206560668126714,2.843683156832627,-0.34753666317281856,9041.760416666666,6395.729166666667,-0.0035470706196689683,0.557460218667984,0.562773771584034,-17.559596106410027,-0.5500364303588867,0.9519217014312744,0.16603311896324158
392,-3299.6089866843195,-9045.583333333334,-12345.192320017648,0.30006075982063846,0.18093583943765326,0.43184303350970016,17.94861111111111,3107.320138888889,2070.4826388888887,1.3641578313764935,0.16821046322801125,2.9944040785325314,-0.36415783137649343,9045.583333333334,6363.78125,-0.001533524884966983,0.5632418990135193,0.5234914198517799,-17.570877835154533,-0.6626992225646973,0.9633024334907532,0.27432742714881897
393,-3298.44811048769,-9004.385416666666,-12302.83352715436,0.30031341699590525,0.17953597927892892,0.4308721891534391,17.626041666666666,3046.8895833333336,2046.6572916666667,1.3501035864260882,0.16589429935983338,2.9562253406900596,-0.35010358642608835,9004.385416666666,6386.833333333333,0.0010377381254467188,0.5524112284183502,0.40155792236328125,-17.229707524180412,-0.4040982127189636,0.9676470756530762,0.0130112050101161
394,-3296.547447936088,-9051.875,-12348.422447936087,0.30180149117662036,0.18037551313076014,0.43166583994708985,17.925347222222225,3106.383680555555,2067.019791666667,1.3620387641363256,0.1608036974471993,2.9490875805663346,-0.3620387641363256,9051.875,6342.0,-0.0012646764075863182,0.5704930126667023,0.5111794993281364,-17.472907349467278,-0.4664851427078247,0.9550527334213257,0.07081779092550278
395,-3296.969131969321,-9064.96875,-12361.937881969321,0.30038793790410506,0.18277514009160867,0.43030561067019396,17.179861111111112,2969.9763888888897,2008.176388888889,1.3395022854531622,0.1634075849247376,2.9431628423261764,-0.3395022854531624,9064.96875,6399.541666666667,-0.0029483353613279917,0.5569399744272232,0.8340665549039841,-17.299154430627823,0.1920870542526245,0.9501988887786865,-0.586762011051178
396,-3297.269666776434,-9188.71875,-12485.988416776438,0.2999796068367846,0.1761362414221771,0.43173693783068784,17.168055555555558,3007.3690972222225,2007.7847222222224,1.3527853511261927,0.17265397088969173,2.660300267286104,-0.3527853511261925,9188.71875,6410.989583333333,-0.0007808721878825864,0.5804824084043503,0.754698634147644,-17.07122002542019,-0.738368809223175,0.9592719078063965,0.34643349051475525
397,-3297.9202490443113,-8901.760416666666,-12199.68066571098,0.3014922477274439,0.17979630108392386,0.4298159171075837,18.180208333333336,3076.082638888889,2081.980902777778,1.352703397488467,0.15998255666421288,2.869954517940512,-0.35270339748846674,8901.760416666666,6348.875,-0.0013409542815578934,0.5301372706890106,0.5013236030936241,-17.419320568442345,-0.5702430605888367,0.9567307233810425,0.16091980040073395
398,-3298.1156716472537,-9160.177083333334,-12458.29275498059,0.3001512684806952,0.18164361170137353,0.4284248236331569,17.853472222222223,3115.905902777778,2053.703472222222,1.3752609268150804,0.169747543636238,2.816782285188982,-0.3752609268150804,9160.177083333334,6379.104166666667,-0.003089427542308343,0.5773560851812363,0.4728768914937973,-17.402356013655663,-0.5259042978286743,0.9653170704841614,0.1339251846075058
399,-3298.0376420374528,-8954.302083333334,-12252.33972537079,0.30004747944550697,0.17628265548167596,0.4294430665784832,17.889930555555555,3052.007986111111,2064.0881944444445,1.3480116021024535,0.1631544298445604,3.101045918475885,-0.3480116021024536,8954.302083333334,6379.958333333333,0.004012286994956676,0.5377238243818283,0.45451628416776657,-17.11691763997078,-0.5045760273933411,0.9651572108268738,0.10505468398332596
400,-3297.0023132877245,-8819.333333333334,-12116.335646621055,0.30140030613768226,0.17942332684469875,0.43358327821869497,17.597916666666666,2982.7621527777774,2047.464236111111,1.3284679419079215,0.15690963548782774,2.8689185509438437,-0.32846794190792145,8819.333333333334,6373.6875,-4.936822671242069e-05,0.5153948664665222,0.5569838732481003,-17.583717167377472,-0.7023166418075562,0.9628394842147827,0.2984926104545593
401,-3298.4829237208273,-8656.739583333334,-11955.222507054159,0.30046539472936323,0.1739995075606405,0.4300432649911817,17.864930555555556,2951.6857638888887,2058.414236111111,1.3120704801514245,0.1532489296028031,2.92460127950733,-0.3120704801514245,8656.739583333334,6361.104166666667,0.00460867238738949,0.4859190806746483,0.45867542177438736,-17.44012513756752,-0.06059201434254646,0.9667888879776001,-0.3454449474811554
402,-3296.6487907031806,-8824.40625,-12121.055040703177,0.2996901436393645,0.17296438219879443,0.42990823412698415,18.071527777777778,3043.0024305555557,2080.5958333333333,1.334964956892418,0.1602200439242242,2.80199919733673,-0.334964956892418,8824.40625,6367.59375,-0.002086663269584843,0.5192218571901321,0.47478510439395905,-17.756577968597412,-0.303001344203949,0.9592825174331665,-0.09981149435043335
403,-3296.719865118613,-8636.40625,-11933.126115118614,0.29929731828388356,0.17216444000142575,0.4277645502645502,18.019791666666666,2931.944444444445,2085.7072916666666,1.293418465385456,0.1501080642847877,2.827695912853516,-0.29341846538545585,8636.40625,6430.34375,-0.0009145311466793871,0.46663274616003036,0.4757392704486847,-17.57431411743164,-0.2568820118904114,0.9656127691268921,-0.16591639816761017
404,-3298.1650449504814,-8510.739583333334,-11808.904628283815,0.2989528035317109,0.16732127560923496,0.4295690035273368,17.730902777777775,2848.0725694444445,2057.4701388888884,1.2777205880872622,0.14027668758605935,2.950555959211323,-0.27772058808726224,8510.739583333334,6393.604166666667,-0.00017100821409110623,0.4414157271385193,0.47689229995012283,-17.951580464839935,-0.46405279636383057,0.9619981050491333,0.023128855973482132
405,-3298.3313010086517,-8567.604166666666,-11865.935467675323,0.2977894668412971,0.1618486425334898,0.4304990630511463,17.539930555555554,2848.785416666667,2046.9017361111112,1.2809645877122489,0.14386202277964655,3.197944191298703,-0.28096458771224897,8567.604166666666,6425.28125,-0.0002897148261040705,0.4528661370277405,0.41942641884088516,-17.898240625858307,-0.4236067235469818,0.967601478099823,-0.002877112478017807
406,-3299.776910434699,-8556.25,-11856.026910434697,0.29830721079865397,0.16338354474767888,0.4305230379188712,18.11388888888889,2949.363888888889,2081.2322916666667,1.3017086194000738,0.1474428624141074,3.1859880604918334,-0.3017086194000736,8556.25,6354.135416666667,-0.005655721567260796,0.4644647687673569,0.4807637259364128,-18.125528931617737,-0.374752938747406,0.9628246426582336,-0.040236946195364
407,-3298.3874996954887,-8725.572916666666,-12023.960416362157,0.29748686018776527,0.16225917516082214,0.43311728395061727,17.771180555555556,2964.7006944444443,2064.576388888889,1.3159263479936378,0.1463108059467383,3.1378636892496505,-0.31592634799363783,8725.572916666666,6364.78125,-0.003937534780965923,0.49933458864688873,0.6090392470359802,-18.30710433423519,-0.6234298944473267,0.9519996643066406,0.2208993285894394
408,-3297.3590671935567,-8605.114583333334,-11902.473650526887,0.2955635887896328,0.15889303052164097,0.4299294532627866,18.06215277777778,2951.932638888889,2083.3034722222224,1.3012052629066477,0.14263904579249534,3.221762364064437,-0.3012052629066478,8605.114583333334,6369.65625,0.007600771839144649,0.4747094288468361,0.6134135574102402,-17.99743139743805,0.026765014976263046,0.9491355419158936,-0.44443967938423157
409,-3298.0294616359047,-8683.8125,-11981.841961635902,0.2978067109787776,0.1627662983034194,0.43296571869488537,17.939930555555556,2960.3267361111116,2084.5736111111114,1.3048539883880594,0.13946965667844333,3.2221387565080093,-0.3048539883880594,8683.8125,6394.479166666667,0.0021490587563621766,0.4830126091837883,0.5997781157493591,-18.21558926999569,-0.4732259213924408,0.9674974083900452,0.0575503371655941
410,-3298.0879524789016,-8641.916666666666,-11940.004619145562,0.30182631115333697,0.17609659473317962,0.43442515432098766,18.06215277777778,2997.80625,2078.5690972222224,1.3189339558966695,0.1453586544600175,3.348686672589404,-0.3189339558966697,8641.916666666666,6328.333333333333,0.013935015863748346,0.49509552866220474,0.6654555052518845,-17.861729845404625,-0.5373958349227905,0.9429728388786316,0.13700246810913086
411,-3294.704380547177,-8808.3125,-12103.016880547182,0.29935187494781784,0.17266138055452354,0.4310309193121693,17.915625,3019.9010416666665,2066.7090277777775,1.3332812182743805,0.14674940355529445,3.276548661171443,-0.3332812182743807,8808.3125,6354.40625,-0.002944566801865278,0.5205468237400055,0.46872301399707794,-17.92000262439251,-0.3076096773147583,0.969455361366272,-0.08914043754339218
412,-3297.506450299032,-8857.947916666666,-12155.4543669657,0.29970845605400825,0.1731922834927294,0.43317184744268084,18.111805555555556,3085.082986111111,2081.8399305555554,1.3440487520153301,0.1515604369086471,3.2135819259490845,-0.34404875201533,8857.947916666666,6345.104166666667,0.0007927087034191871,0.5361360013484955,0.43555521219968796,-17.734285965561867,-0.2130943089723587,0.9601638913154602,-0.1650839000940323
413,-3296.8694766565277,-8937.65625,-12234.52572665653,0.2998161122220873,0.17038231342303334,0.42823192239858904,18.028819444444444,3079.314583333333,2092.104513888889,1.3421627197899637,0.15179253919818522,3.2945215603062032,-0.3421627197899639,8937.65625,6399.458333333333,-0.004253607315030106,0.5422032326459885,0.4206467419862747,-17.70583276450634,-0.2300344556570053,0.9636924862861633,-0.16205592453479767
414,-3296.4630423833555,-8877.479166666666,-12173.942209050025,0.3005034497241385,0.17027570693042235,0.43149388227513225,17.936805555555555,3052.870138888889,2070.015972222222,1.3405493971856872,0.15786466491872342,3.3976198027351177,-0.3405493971856874,8877.479166666666,6377.270833333333,-0.00436301026998942,0.5333457589149475,0.4981394559144974,-17.49919857084751,-0.3581294119358063,0.9683935642242432,-0.02654796838760376
415,-3297.6204379529518,-8750.458333333334,-12048.078771286282,0.30121855846372714,0.1723870742644067,0.43044918430335094,17.990972222222222,3033.5611111111116,2076.798263888889,1.326962976332313,0.1528305290625018,3.434989787150837,-0.3269629763323129,8750.458333333334,6371.71875,-0.002746636456000928,0.511224627494812,0.7074779272079468,-17.51346831023693,0.06313786655664444,0.96223384141922,-0.43467506766319275
416,-3298.245958305371,-8736.760416666666,-12035.006374972034,0.30191387104195616,0.1782899077160336,0.4336146935626102,18.014930555555555,3022.5218750000004,2065.6204861111114,1.3273348490586785,0.15207037488132957,3.4659314135612767,-0.3273348490586786,8736.760416666666,6335.802083333333,-0.003302592171515961,0.5172394961118698,0.6713346391916275,-17.402337178587914,-0.7837157845497131,0.9609209299087524,0.41561439633369446
417,-3295.6655753934465,-9080.729166666666,-12376.394742060113,0.2998015304492421,0.17282172550120678,0.43054866622574955,17.976388888888888,3146.50625,2074.178472222222,1.3688045455248299,0.1626039608947514,3.2649057763389315,-0.36880454552483016,9080.729166666666,6380.020833333333,-0.002704291643558676,0.5755762904882431,0.4822360649704933,-17.06914395093918,0.077847421169281,0.9555659890174866,-0.4368115961551666
418,-3297.2870695280817,-9228.958333333334,-12526.245402861417,0.3011610143344167,0.17576164575843398,0.4312712191358024,17.61388888888889,3134.577777777778,2037.761111111111,1.3765731461647188,0.16669412188206367,3.1557380481155115,-0.37657314616471854,9228.958333333334,6375.125,0.0029922293481032813,0.6142203658819199,0.43253329396247864,-17.33134599030018,-0.2406635880470276,0.9634674787521362,-0.10163155198097229
419,-3297.49409249056,-8874.875,-12172.369092490566,0.2995468121944364,0.1739514591180422,0.42895254629629626,18.083333333333332,3104.7847222222226,2089.7388888888886,1.346962611287245,0.15266952158477243,3.6156045763195745,-0.34696261128724504,8874.875,6381.322916666667,-0.000925024430042054,0.5408520847558975,0.41313885152339935,-17.10907357931137,-0.4101533889770508,0.9688902497291565,0.06831290572881699
420,-3299.236217131192,-8718.354166666666,-12017.59038379786,0.29884556090900766,0.1736666181904083,0.4308487654320987,17.997222222222224,3021.7819444444444,2089.211458333333,1.316655824703123,0.1454925018895418,3.655594640048649,-0.31665582470312303,8718.354166666666,6395.041666666667,-0.005153339593718442,0.5077857822179794,0.3886369988322258,-17.525243639945984,-0.46171078085899353,0.9696197509765625,0.09725309908390045
421,-3298.898956201206,-8405.270833333334,-11704.169789534542,0.299816690368345,0.17064950630851347,0.43227788800705474,17.83298611111111,2890.4715277777777,2067.5274305555554,1.2818282700654144,0.14070909060717193,3.5814184374632028,-0.2818282700654144,8405.270833333334,6363.0,-0.0007171159551138118,0.44637763500213623,0.37112681567668915,-17.400896474719048,-0.2800198793411255,0.9704799056053162,-0.10328273475170135
422,-3297.768760415675,-8497.375,-11795.143760415673,0.29896359548281215,0.16767467185369847,0.4308997464726631,17.65659722222222,2865.5336805555557,2044.925,1.284307950580147,0.14366092909693426,3.5271341708461392,-0.2843079505801471,8497.375,6383.083333333333,-0.00023193169218194143,0.4534272402524948,0.5033963024616241,-17.50881063938141,-0.5177706480026245,0.9563306570053101,0.1330079585313797
423,-3296.986670951421,-8361.927083333334,-11658.91375428476,0.29905487755329013,0.16855049280517656,0.43473655202821865,18.041666666666668,2914.7756944444445,2088.525,1.2839080427549618,0.1402831098403158,3.6265701610391603,-0.2839080427549619,8361.927083333334,6352.854166666667,-0.005919935362827644,0.440448634326458,0.38671741634607315,-18.000809356570244,-0.15004736185073853,0.9700040221214294,-0.2317339926958084
424,-3298.48579879815,-8446.666666666666,-11745.152465464811,0.29822272768330077,0.1655638255890355,0.42912312610229275,17.665625,2828.9038194444443,2048.0416666666665,1.2735452016163746,0.14656943289105537,3.401739156596855,-0.2735452016163745,8446.666666666666,6374.34375,-0.00016897750152367053,0.44389890879392624,0.4636346772313118,-17.939306765794754,-0.3882722854614258,0.9648658037185669,-0.020411798730492592
425,-3297.6646421644928,-8574.46875,-11872.133392164491,0.29786016435654805,0.16586469482232738,0.4319383818342151,18.106597222222224,2973.739236111111,2093.1593749999997,1.3004792266086687,0.1429175700342651,3.6029008387031065,-0.3004792266086686,8574.46875,6375.354166666667,-0.0014881361871216803,0.48058105260133743,0.42202576994895935,-18.294102266430855,-0.3211817443370819,0.9686980247497559,-0.07016275078058243
426,-3298.262509106589,-8202.125,-11500.387509106593,0.29618445539970517,0.1556615720870064,0.430618110670194,18.05034722222222,2827.399305555555,2089.519097222222,1.2517104699111092,0.1289603477750254,3.7784732328366757,-0.25171046991110935,8202.125,6392.010416666667,-0.0027001626600358097,0.39974287897348404,0.4432477578520775,-18.555570751428604,-0.2655844986438751,0.9685410857200623,-0.14703479409217834
427,-3297.261042678096,-8761.822916666666,-12059.083959344767,0.2956367979325392,0.15545574946978982,0.4303720238095237,18.053472222222222,3026.5124999999994,2082.781597222222,1.3243250518390015,0.15261350304843357,3.4101955051319117,-0.3243250518390014,8761.822916666666,6356.3125,-0.0033684137008020976,0.5170484036207199,0.48280172049999237,-18.520186603069305,-0.1753319650888443,0.9636631011962891,-0.21442881226539612
428,-3297.800851303397,-8689.697916666666,-11987.498767970057,0.2954674333775997,0.1532125912352866,0.4322043099647266,18.07534722222222,3024.855208333333,2083.0281250000003,1.3225467234037371,0.14179893491605125,3.5629886169042724,-0.3225467234037372,8689.697916666666,6358.833333333333,-0.006186110529615929,0.5019792467355728,0.5274819284677505,-18.490511536598206,-0.33032292127609253,0.9691582322120667,-0.05431358143687248
429,-3297.4861407989615,-8572.052083333334,-11869.538224132295,0.2934294462250908,0.14851721743454818,0.4287709435626102,18.085069444444446,2950.6281249999997,2090.406597222222,1.2979213103262415,0.14134336360065364,3.5411742390653074,-0.2979213103262414,8572.052083333334,6400.166666666667,-0.005501591940316519,0.46169278025627136,0.576958492398262,-18.713132932782173,-0.9105507731437683,0.9639301896095276,0.4972776174545288
430,-3297.3607422065943,-8452.583333333334,-11749.944075539926,0.2931422751012432,0.14795223622867423,0.42870811287477956,18.119791666666668,2903.5249999999996,2083.3975694444443,1.2875389195710205,0.13958557555065484,3.549597482597418,-0.28753891957102046,8452.583333333334,6367.135416666667,0.005237284208168047,0.4344962015748024,0.5868993401527405,-18.33787927031517,0.08280885964632034,0.9628362655639648,-0.5159035921096802
431,-3298.579162874615,-8486.760416666666,-11785.339579541282,0.2926201750402899,0.1477408305913236,0.42797150573192244,18.013194444444444,2899.868055555555,2068.4208333333336,1.2870551138500936,0.13691859168907256,3.5876487853868944,-0.2870551138500938,8486.760416666666,6361.239583333333,-0.00036791960060278406,0.4520704373717308,0.4487514868378639,-18.25373673439026,-0.5307734608650208,0.9678137302398682,0.10984041541814804
432,-3296.329939363693,-8581.28125,-11877.611189363699,0.2948017624849383,0.15322436789089502,0.42950507054673714,17.91736111111111,2900.6347222222225,2073.9659722222223,1.2880531315465724,0.13654333256149706,3.3816393681556387,-0.28805313154657247,8581.28125,6397.875,-0.004240754696027915,0.4584544226527214,0.5523258000612259,-17.98428177833557,-0.8139550089836121,0.9646766781806946,0.38815322518348694
433,-3299.114152481087,-8774.510416666666,-12073.624569147747,0.2939326759762946,0.15132397509943177,0.4294009038800705,18.115277777777777,3042.8874999999994,2089.5246527777776,1.3341883866170583,0.1397055420722516,3.4269988155897786,-0.33418838661705846,8774.510416666666,6370.614583333333,-0.0012383638135400332,0.5102874338626862,0.578729622066021,-18.407553479075432,-0.013531920500099659,0.9651618599891663,-0.38424983620643616
434,-3296.1359452009547,-8810.614583333334,-12106.75052853428,0.29424973882488503,0.15095601204827996,0.43029761904761904,17.84027777777778,2983.678819444444,2066.4791666666665,1.3168786601687759,0.14508798652729596,3.3751806041074057,-0.316878660168776,8810.614583333334,6394.677083333333,0.0030022215905405325,0.5120625346899033,0.4873688668012619,-18.01652292907238,-0.7410722970962524,0.9605596661567688,0.3412668704986572
435,-3299.1697331201244,-8768.510416666666,-12067.680149786787,0.29334827378120026,0.15110218754448904,0.429429012345679,18.10763888888889,3027.1413194444444,2088.0256944444445,1.3228961608512224,0.13909862046131427,3.3656490985695697,-0.3228961608512224,8768.510416666666,6373.447916666667,0.023443588620107647,0.5130608230829239,0.5106521993875504,-18.519822388887405,-0.6887509226799011,0.9646914601325989,0.2922121584415436
436,-3296.6160750081667,-8642.645833333334,-11939.261908341503,0.290782773302861,0.1414869750927513,0.42713927469135804,17.947569444444444,2947.390625,2067.912152777778,1.3011823176260815,0.13551084806967326,3.347706830256009,-0.3011823176260815,8642.645833333334,6386.041666666667,-0.0008578442371938166,0.4799424335360527,0.5554549023509026,-18.335756450891495,0.05030001699924469,0.9565414786338806,-0.4576953053474426
437,-3297.057273426693,-8541.0,-11838.057273426697,0.2905691069531376,0.14139930971982215,0.4263627094356261,18.071180555555554,2931.145138888889,2083.7791666666667,1.2913272481665168,0.14158458996118783,3.4223562943380315,-0.29132724816651684,8541.0,6385.65625,0.01567091702276635,0.4608606621623039,0.48455050587654114,-18.594829633831978,-0.585003674030304,0.9677644968032837,0.1872817724943161
438,-3298.564414270351,-8457.104166666666,-11755.668580937017,0.29057489506764345,0.1426183904323908,0.42873815035273366,18.227430555555557,2938.229513888889,2097.070138888889,1.2841461359218045,0.13450396213685498,3.492348196018529,-0.28414613592180454,8457.104166666666,6364.53125,0.014631842368874937,0.4543038457632065,0.5072483867406845,-18.836860671639442,-0.6032648682594299,0.9582173824310303,0.1984662562608719
439,-3296.212150762713,-8609.5625,-11905.774650762714,0.28437025416294837,0.12779931736521474,0.4259408068783069,17.665972222222223,2867.080208333333,2056.2618055555554,1.2786555840932887,0.13286705005668212,3.452182653950898,-0.2786555840932888,8609.5625,6443.666666666667,0.0012494171573824708,0.4644216075539589,0.5453647971153259,-18.92933514714241,-0.06812494248151779,0.9550957679748535,-0.34406211972236633
440,-3296.5766829844965,-8601.645833333334,-11898.222516317832,0.2845248961396705,0.12746925450725635,0.425489417989418,18.25347222222222,2969.859375,2096.2020833333336,1.2991746502439334,0.1421326653682376,3.5708685937873135,-0.2991746502439333,8601.645833333334,6393.9375,0.0031842015386145117,0.4812587797641754,0.46375061571598053,-18.879383333027363,-0.5969482064247131,0.9641892910003662,0.18538841605186462
441,-3298.472698133035,-9434.770833333334,-12733.243531466362,0.2869707449338968,0.13128625638152394,0.4256197641093475,18.24826388888889,3277.5458333333336,2098.0993055555555,1.4093520323237538,0.15998599824506585,3.160610355724027,-0.4093520323237541,9434.770833333334,6407.791666666667,0.008896257095697635,0.6340216994285583,0.5211549401283264,-18.755995959043503,-0.7209954857826233,0.9664411544799805,0.32083019614219666
442,-3297.547957303557,-8749.53125,-12047.079207303563,0.286578761721564,0.13072205416554222,0.42771108906525573,17.84826388888889,2959.884375,2068.9197916666667,1.304402382035221,0.13769699893578838,3.552117001750574,-0.3044023820352211,8749.53125,6399.104166666667,0.0075885710986143,0.5092348158359528,0.5769373774528503,-19.056285843253136,-0.13882820308208466,0.9603918194770813,-0.2757267951965332
443,-3297.532105200294,-9336.65625,-12634.188355200291,0.2869550961787029,0.1313720896756018,0.42738177910052905,18.058680555555554,3213.1284722222226,2073.4899305555555,1.3955596187756403,0.1697841602931248,3.1933521818003143,-0.39555961877564066,9336.65625,6392.40625,0.01632938907961501,0.6231994181871414,0.4916095584630966,-18.919482707977295,-0.6131531596183777,0.9646867513656616,0.20576655864715576
444,-3298.473393889651,-9188.125,-12486.598393889652,0.2887914652456219,0.13510395797331712,0.42720927028218686,18.039583333333333,3170.538194444444,2081.7430555555557,1.3751808197673192,0.16054421039068698,3.4419367716822413,-0.37518081976731904,9188.125,6397.229166666667,0.010930818094015748,0.5932646244764328,0.515955276787281,-18.7916619181633,-0.7088115215301514,0.9652135968208313,0.3240779936313629
445,-3298.085502188877,-9346.541666666666,-12644.62716885554,0.2855611290641876,0.12838962399918172,0.4262081128747795,18.165277777777778,3209.9611111111117,2091.2371527777777,1.3873336988941436,0.15972403737814359,3.274899264240064,-0.38733369889414365,9346.541666666666,6405.489583333333,-0.0038912798600820864,0.6151594817638397,0.4954064264893532,-18.812866792082787,-0.18334798514842987,0.9675447344779968,-0.21168696880340576
446,-3296.0456717146208,-9346.21875,-12642.264421714624,0.28581826651277736,0.1299084731662232,0.4260744598765432,18.084722222222222,3189.5520833333335,2080.1666666666665,1.387526615019117,0.16662943002157807,3.256417710565676,-0.38752661501911706,9346.21875,6386.458333333333,0.0005018139689294543,0.6129354685544968,0.55043675750494,-18.706141248345375,-0.6449799537658691,0.9670788645744324,0.23167091608047485
447,-3295.4097598117182,-9286.71875,-12582.128509811722,0.28511957198741933,0.12553832160806958,0.4221494708994709,17.824305555555554,3100.1704861111116,2071.4708333333333,1.3600150947109508,0.16159778137909017,3.199795783052547,-0.3600150947109511,9286.71875,6451.020833333333,-0.0019971613905678254,0.5850048810243607,0.5162248089909554,-18.892892464995384,-0.582772970199585,0.9630572199821472,0.14279037714004517
448,-3296.898462800123,-9386.666666666666,-12683.565129466793,0.2855937157108538,0.1278935675040379,0.42637703924162257,18.29722222222222,3230.0479166666664,2098.2447916666665,1.3990422179314297,0.16575579473363114,3.0066611775561456,-0.39904221793142963,9386.666666666666,6391.447916666667,0.0006920632097378032,0.6124491095542908,0.5608695521950722,-18.60251660645008,-0.019867083057761192,0.9582728743553162,-0.4244157671928406
449,-3296.8945091312285,-9457.072916666666,-12753.967425797891,0.28513310901447103,0.1274379943642998,0.4263944003527336,17.921180555555555,3192.3618055555557,2076.7072916666666,1.3955709223640032,0.16518154465303722,3.0688440295009585,-0.39557092236400293,9457.072916666666,6422.114583333333,-0.002802674185585996,0.6207031607627869,0.5623404085636139,-18.805247977375984,-0.5597473978996277,0.964033305644989,0.13001705706119537
450,-3298.4242284747907,-9402.0,-12700.424228474783,0.2847154254062521,0.12643256810123502,0.4242598104056438,18.089930555555554,3172.8645833333335,2076.0444444444443,1.3876946370071253,0.16748368572879144,3.016433941554876,-0.3876946370071253,9402.0,6395.572916666667,-0.0012042039046205044,0.606277123093605,0.5178422331809998,-18.611124649643898,-0.6468879580497742,0.9650821089744568,0.18286851048469543
451,-3295.5797561817476,-9301.802083333334,-12597.381839515087,0.2840629872583774,0.12489423885967377,0.4252174272486772,18.011458333333334,3128.0715277777776,2072.6392361111107,1.377001085327639,0.1602759668891425,3.0073213228546556,-0.3770010853276391,9301.802083333334,6408.614583333333,0.004209479115988124,0.5892142802476883,0.5172837823629379,-19.022771194577217,-0.0837169885635376,0.9611421823501587,-0.36363255977630615
452,-3295.8933767789804,-9233.239583333334,-12529.13296011232,0.28388354452973547,0.12455332786177879,0.4274600418871251,18.147222222222222,3131.847222222222,2080.3850694444445,1.376534058482589,0.162625132031988,2.793476453579359,-0.37653405848258886,9233.239583333334,6361.385416666667,0.008621651845081013,0.5824846625328064,0.5578463301062584,-18.820262849330902,-0.5686098337173462,0.964094877243042,0.10491903126239777
453,-3295.3033677358067,-8979.895833333334,-12275.199201069134,0.2854892729781762,0.12803708926205418,0.4274052028218695,18.08298611111111,3018.9114583333335,2084.329513888889,1.3320531940120925,0.15096623594288108,2.909115604413664,-0.3320531940120926,8979.895833333334,6404.666666666667,0.0007332941332611753,0.5210996270179749,0.5454417318105698,-19.322823584079742,-0.7019432187080383,0.9621341824531555,0.2366730272769928
454,-3295.96147951773,-8944.458333333334,-12240.419812851063,0.2858511879836292,0.12826065424774746,0.43073082010582003,17.975347222222222,3016.421527777778,2076.469791666667,1.3339869148161938,0.14904770196941597,2.9871581868125467,-0.33398691481619364,8944.458333333334,6359.9375,-0.0024412134926850015,0.5320803672075272,0.6052534654736519,-19.54241371154785,-0.16300998628139496,0.9569720029830933,-0.2973593771457672
455,-3296.4806062612915,-9181.020833333334,-12477.501439594615,0.28342024479393857,0.12201007065757748,0.42868220899470894,18.121875,3125.5847222222224,2088.545833333333,1.3661399431290324,0.16016168686736634,3.033938271816277,-0.3661399431290326,9181.020833333334,6373.458333333333,-0.004075007008699227,0.5750489830970764,0.48198360204696655,-19.277894780039787,-0.6750955581665039,0.9630244374275208,0.22154095768928528
456,-3297.645800946481,-8922.21875,-12219.864550946486,0.285382999537451,0.12889917285226857,0.43093226410934743,18.178125,3066.301041666667,2090.428125,1.3444567782811394,0.14607246076146688,3.0309629100568856,-0.34445677828113963,8922.21875,6355.125,0.004725047839027052,0.5316962748765945,0.5766369178891182,-19.76919475197792,-0.7945014834403992,0.9627336859703064,0.362993061542511
457,-3296.587342876011,-9175.635416666666,-12472.222759542676,0.2856589222750786,0.12710085667155605,0.426758983686067,18.096875,3113.225347222222,2088.3802083333335,1.3600776432128825,0.15127691347308386,2.900196739304064,-0.36007764321288266,9175.635416666666,6422.322916666667,0.015306496884523318,0.5682016462087631,0.5718445926904678,-19.408758148550987,-0.20364561676979065,0.9640820026397705,-0.24013985693454742
458,-3297.096179549804,-9335.4375,-12632.53367954981,0.2862693844848569,0.12831780359596853,0.43039406966490307,18.223958333333332,3225.4,2094.7135416666665,1.3966677060147135,0.167273262298167,2.879365702348585,-0.39666770601471363,9335.4375,6358.583333333333,0.009941817463535507,0.6145296543836594,0.4638478308916092,-19.971607565879822,-0.7279260754585266,0.9652601480484009,0.30867263674736023
459,-3296.8450651618027,-9387.322916666666,-12684.167981828476,0.2812668651407204,0.11626871170665254,0.4253218694885361,18.296874999999996,3223.4895833333335,2100.6697916666667,1.39865838772319,0.169214699164418,2.7673344876206776,-0.39865838772319,9387.322916666666,6387.489583333333,-0.005844660691277204,0.6070752888917923,0.5724289044737816,-19.81644056737423,-0.7840090394020081,0.9606744050979614,0.33973219990730286
460,-3297.051938992998,-9656.916666666666,-12953.968605659671,0.280453964004368,0.1157760286086058,0.42679177689594355,18.309375,3301.886458333333,2102.725,1.4294154426001164,0.17307582584379455,2.55474467000067,-0.4294154426001167,9656.916666666666,6379.0625,0.001708964547083025,0.6553763151168823,0.5526144802570343,-20.10763716697693,-0.11900484561920166,0.9569646716117859,-0.3414080739021301
461,-3296.9775843412317,-9392.822916666666,-12689.8005010079,0.2809017277128509,0.11594491607118268,0.4262794863315696,18.12673611111111,3191.9434027777775,2088.445486111111,1.3898780323014153,0.15672051075469126,2.887649135221191,-0.38987803230141527,9392.822916666666,6407.364583333333,-0.0016065366356574629,0.6098711937665939,0.569969929754734,-20.265569865703583,-0.49219778180122375,0.9637413620948792,0.05049135163426399
462,-3296.312670936312,-9495.0625,-12791.375170936313,0.28163171515200863,0.11630866935108013,0.4258975418871252,18.23125,3232.4368055555556,2093.9364583333336,1.4050336664876732,0.17124950316400644,2.682526710193717,-0.4050336664876731,9495.0625,6399.09375,-0.002325985382100715,0.6269642114639282,0.5223113745450974,-20.480719700455666,-0.7172054648399353,0.9660153985023499,0.2617461681365967
463,-3298.518910333854,-9165.916666666666,-12464.43557700052,0.28072563195900835,0.11425908305035488,0.42548500881834217,18.309375,3124.527083333333,2101.258333333333,1.3596184406907827,0.16229833233905386,3.02203661573904,-0.3596184406907829,9165.916666666666,6389.541666666667,0.007607406024959795,0.5683600604534149,0.5995377749204636,-20.14485850930214,-0.13685476779937744,0.9650524854660034,-0.32150742411613464
464,-3296.9380934802703,-9354.65625,-12651.594343480267,0.28081022509044357,0.11598590725366699,0.42731261022927686,18.163194444444443,3202.3781249999997,2088.267361111111,1.3919872138325216,0.16321579944169462,2.991992843995707,-0.3919872138325216,9354.65625,6386.010416666667,0.002480683970556896,0.6133716553449631,0.4835428521037102,-20.047838255763054,-0.86089026927948,0.9652323722839355,0.425808310508728
465,-3295.5781791773056,-9631.78125,-12927.359429177302,0.27824803088850164,0.10981101876920245,0.4232115299823633,18.170833333333334,3260.195486111111,2094.7444444444445,1.4159307608762053,0.17114583032355046,2.646165300286639,-0.41593076087620534,9631.78125,6424.458333333333,-0.0017460862220490814,0.6473449468612671,0.5015783905982971,-19.767883479595184,-0.6787430644035339,0.9640912413597107,0.21429409086704254
466,-3297.591353415535,-9281.697916666666,-12579.2892700822,0.27879886107224494,0.11403994735964158,0.42917686287477946,18.255555555555556,3173.0371527777775,2094.5642361111113,1.3774356491798603,0.16531008500367386,2.830820468642605,-0.3774356491798602,9281.697916666666,6368.510416666667,0.008737983544253647,0.6004630774259567,0.5021746382117271,-20.58156169950962,-0.31041744351387024,0.9538385272026062,-0.13115224242210388
467,-3297.0863050256,-9526.520833333334,-12823.607138358935,0.2786022160399905,0.11214458924061747,0.42966683201058203,18.014930555555555,3246.861805555556,2077.378472222222,1.4074847312278889,0.1717502999934867,2.840780423105531,-0.4074847312278887,9526.520833333334,6358.520833333333,-0.000302613830070797,0.6565940827131271,0.526728481054306,-20.277113631367683,-0.5257484316825867,0.9679393768310547,0.11821747571229935
468,-3297.2903093141645,-9309.40625,-12606.696559314158,0.2783138288671693,0.11094992610499806,0.4278257275132275,18.273958333333333,3209.8500000000004,2105.011458333333,1.3854512709955806,0.16557220217471164,2.886139007913272,-0.3854512709955808,9309.40625,6412.635416666667,0.0020024840986929693,0.5997025072574615,0.5289283320307732,-20.560674786567688,-0.4046536982059479,0.9697953462600708,-0.024830488488078117
469,-3295.774738606125,-9536.739583333334,-12832.514321939452,0.2782745732675426,0.11122628102829267,0.42770309744268076,17.867708333333333,3221.835763888889,2073.1614583333335,1.4020419017767318,0.17247119862895835,2.720739650740018,-0.40204190177673177,9536.739583333334,6407.791666666667,0.005563071132825836,0.6468862444162369,0.5331970155239105,-20.371945276856422,-0.6855428814888,0.9650450348854065,0.26350459456443787
470,-3297.394817864141,-9613.177083333334,-12910.57190119748,0.2781035474935389,0.1104061421946325,0.42615492724867715,18.182291666666668,3306.745486111111,2089.6208333333334,1.4299511395126654,0.18102207116798333,2.8745156448590463,-0.4299511395126654,9613.177083333334,6388.979166666667,8.29306549294806e-05,0.6612408608198166,0.5724819749593735,-20.509167701005936,-0.5717484951019287,0.9620112180709839,0.14824484288692474
471,-3297.629113681595,-9818.239583333334,-13115.86869701493,0.2808916157815737,0.11607740916628649,0.4297555665784832,18.2,3415.841666666667,2095.0208333333335,1.4660841799526452,0.18207043049153712,2.7115162693846884,-0.4660841799526452,9818.239583333334,6360.510416666667,-0.0008191516980506908,0.7117940187454224,0.5797236263751984,-20.400457337498665,-0.21982534229755402,0.9471727013587952,-0.17788216471672058
472,-3297.808158320638,-9947.625,-13245.433158320644,0.28114484563932335,0.11667531985100747,0.42867256393298053,18.099652777777777,3426.384027777778,2086.324652777778,1.471852033957207,0.18918552574197448,2.728433324331819,-0.471852033957207,9947.625,6355.260416666667,-0.002371157433089799,0.745778426527977,0.4800258129835129,-20.48243348300457,-0.551034688949585,0.9621856808662415,0.15242820978164673
473,-3296.7964934575434,-9838.729166666666,-13135.525660124216,0.2818854586898685,0.1195560018628991,0.429762180335097,18.155208333333334,3402.855555555556,2096.2114583333337,1.4619956994843035,0.18690266412290182,2.530963866145539,-0.4619956994843036,9838.729166666666,6384.520833333333,-0.0021418787296767494,0.7118511199951172,0.4440543204545975,-20.2397391051054,-0.19052281975746155,0.9626104831695557,-0.21207685768604279
474,-3296.663339102492,-10033.1875,-13329.85083910249,0.281735253036497,0.11707886230336347,0.4268185074955908,18.15833333333333,3444.0625,2091.414930555555,1.4800240878033861,0.18855871900604812,2.5128810506986707,-0.4800240878033864,10033.1875,6395.104166666667,-0.0019083595223197136,0.7385768741369247,0.4161009192466736,-20.25084675848484,-0.5953621864318848,0.9691959619522095,0.17252284288406372
475,-3296.3848211908607,-10225.604166666666,-13521.988987857527,0.2791763394270068,0.11351436273172215,0.4278160824514991,18.091666666666665,3495.2565972222224,2082.367361111111,1.505134367005325,0.20208148568872408,2.4654077087866786,-0.5051343670053249,10225.604166666666,6391.458333333333,-0.004229026751338738,0.7761893272399902,0.41421325504779816,-20.089021250605583,-0.3751424252986908,0.9671800136566162,-0.047538481652736664
476,-3296.0454333356392,-9678.71875,-12974.764183335641,0.28019347331856664,0.11591938715072399,0.4303119488536155,17.80173611111111,3249.0253472222225,2066.082986111111,1.421869012872154,0.1914773524171772,2.6541720223475975,-0.4218690128721542,9678.71875,6379.145833333333,-0.0018321140384127688,0.676218792796135,0.4622389078140259,-20.103841587901115,-0.28747716546058655,0.9648400545120239,-0.1405249387025833
477,-3298.4446575256948,-9837.21875,-13135.663407525693,0.27897520651589897,0.11336732748976726,0.4279916225749559,17.96388888888889,3339.298611111111,2075.015972222222,1.4565797500004993,0.1945918767530569,2.2880706699771087,-0.4565797500004991,9837.21875,6401.041666666667,-0.0018360391141601928,0.6921942383050919,0.41553331911563873,-20.389504998922348,-0.32378849387168884,0.9656915664672852,-0.10751812905073166
478,-3297.379904623996,-9508.125,-12805.504904624,0.2796836166654977,0.11652604401266824,0.42887979497354495,17.943402777777777,3192.604861111111,2071.7163194444443,1.4121067767195852,0.18396854825384612,2.064837305021655,-0.4121067767195854,9508.125,6363.5,0.009791543947137882,0.6209667772054672,0.4636959806084633,-20.047678217291832,-0.40076392889022827,0.9681024551391602,-0.07058501243591309
479,-3296.856640740587,-9668.104166666666,-12964.960807407253,0.27915459644535773,0.11522504753601322,0.42815531305114635,18.235416666666666,3322.502083333333,2095.623958333333,1.4392595905726064,0.19158782004912545,2.001149971031429,-0.4392595905726063,9668.104166666666,6363.479166666667,0.017178248087264092,0.6649069637060165,0.49169449508190155,-20.32568845152855,-0.2833724319934845,0.9588695764541626,-0.16257759928703308
480,-3297.4379946504264,-9897.6875,-13195.125494650421,0.275609225332541,0.10618255693083889,0.42728147045855386,17.935069444444444,3338.3302083333333,2076.588888888889,1.4499517482902464,0.19218674973403768,2.2096161020434315,-0.4499517482902465,9897.6875,6405.333333333333,0.019285579799966257,0.7055376023054123,0.5120774656534195,-20.54474951326847,-0.12404630333185196,0.9665030241012573,-0.3050369918346405
481,-3296.7839091259157,-9918.697916666666,-13215.481825792582,0.27495782860616425,0.10433881843831234,0.4279392636684303,17.898611111111112,3340.836805555556,2073.81875,1.4562231425586052,0.19079558316154352,2.5595714449614446,-0.4562231425586048,9918.697916666666,6405.8125,0.0007834714308803115,0.7074388861656189,0.6051462143659592,-20.489782869815826,-0.8953765034675598,0.9600904583930969,0.4641019403934479
482,-3296.186695273898,-9761.041666666666,-13057.228361940559,0.2724643194633049,0.10077476681019308,0.42697475749559083,18.147222222222222,3334.4034722222223,2089.0336805555557,1.4415621751314405,0.1946608617369505,2.580144743059057,-0.4415621751314405,9761.041666666666,6387.604166666667,-0.003491058776324607,0.6887364983558655,0.5683256462216377,-20.314864963293076,-0.29366040229797363,0.967930257320404,-0.13154718279838562
483,-3295.978024523664,-9604.072916666666,-12900.05094119034,0.27339538800224855,0.1003741616166533,0.42395971119929454,18.084722222222222,3272.021875,2071.2930555555554,1.4270170452612667,0.18471152820728087,2.6308261794344867,-0.4270170452612665,9604.072916666666,6388.322916666667,-0.003742194175955227,0.6564255505800247,0.5207815542817116,-20.551050797104836,-0.16149848699569702,0.9653260707855225,-0.2754197120666504
484,-3297.2810839501212,-10249.78125,-13547.06233395012,0.27331462773282983,0.1012779704776929,0.4259939925044091,18.032291666666666,3455.4010416666665,2073.461458333333,1.4931050350812771,0.2114920734661326,2.3011673436835314,-0.4931050350812773,10249.78125,6385.041666666667,-0.0005472443975520491,0.7743249088525772,0.5148263722658157,-20.37946666777134,-0.8245815634727478,0.9661188125610352,0.3892712891101837
485,-3297.0761870593956,-9977.645833333334,-13274.722020392728,0.2741334625947733,0.10386307309899066,0.42612902336860664,18.12673611111111,3398.6076388888887,2091.4322916666665,1.46861941989401,0.19420350857482627,2.403748738906317,-0.46861941989400996,9977.645833333334,6405.822916666667,-0.003601250306919379,0.718681812286377,0.4874071255326271,-20.394406765699387,-0.23862744867801666,0.9684624075889587,-0.20237214863300323
486,-3297.169684029725,-9860.9375,-13158.107184029732,0.27509869536861714,0.1053861935854204,0.42700589726631394,17.910416666666666,3324.907986111111,2070.4274305555555,1.445437697309469,0.18629947943629147,2.677828164032457,-0.44543769730946914,9860.9375,6415.458333333333,-0.0027012106700273764,0.7040939182043076,0.5352445766329765,-20.568493023514748,-0.2480226755142212,0.9591588973999023,-0.16899089515209198
487,-3298.095139793966,-10037.270833333334,-13335.3659731273,0.274814391689396,0.10295629603367867,0.42649443342151677,18.099652777777777,3465.94375,2084.5524305555555,1.488037588565242,0.1980376207531435,2.672712981551116,-0.48803758856524215,10037.270833333334,6382.145833333333,0.00524784741587192,0.7557819038629532,0.5446668863296509,-20.799514427781105,-0.8159084320068359,0.9508823156356812,0.4178549349308014
488,-3296.322444996209,-10196.270833333334,-13492.593278329548,0.2743907532341066,0.10446040410736006,0.42797591490299824,18.229166666666668,3541.6572916666664,2101.8416666666667,1.5036164482056906,0.2037059285114965,2.4810105642070583,-0.5036164482056907,10196.270833333334,6396.145833333333,-0.0013988164043046147,0.7841023355722427,0.4642343446612358,-20.736976861953735,-0.35386383533477783,0.9705220460891724,-0.03330952301621437
489,-3297.100743616183,-10103.46875,-13400.569493616182,0.2737112604118171,0.10213516966258691,0.4270731371252204,18.161805555555556,3478.462152777778,2086.0024305555557,1.4839776399244269,0.1937593380989331,2.733031419218005,-0.48397763992442683,10103.46875,6375.854166666667,0.02520845771174507,0.7701045721769333,0.5035702884197235,-20.338824689388275,-0.18695208430290222,0.9642970561981201,-0.2026614546775818
490,-3296.9141399573696,-10193.677083333334,-13490.591223290701,0.2723909685298361,0.10020873898449482,0.424950672398589,17.990624999999998,3449.4152777777776,2074.0899305555554,1.482550315199098,0.19925856794348748,2.8575760246305637,-0.4825503151990984,10193.677083333334,6409.635416666667,0.00141539947556657,0.7708434909582138,0.4161975458264351,-20.429209887981415,-0.6084944009780884,0.9689391255378723,0.19993025064468384
491,-3295.846400262597,-9875.291666666666,-13171.138066929268,0.2694425760379999,0.09500276645687537,0.42492752425044095,17.903125,3305.9895833333335,2067.4131944444443,1.4328441091367214,0.17860611612240063,3.018677596357423,-0.43284410913672167,9875.291666666666,6432.333333333333,0.008757721183520528,0.7065000236034393,0.48471952974796295,-20.52641962468624,-0.4467935264110565,0.9714229106903076,0.021634189411997795
492,-3295.9775954039947,-10126.09375,-13422.071345404001,0.2696290253228271,0.09487080395047087,0.4247902888007054,17.588194444444444,3334.854513888889,2041.9666666666665,1.4549775985602718,0.1896029294218288,2.895062012600139,-0.4549775985602716,10126.09375,6420.3125,0.0212145444179761,0.7578244060277939,0.4741590693593025,-20.541452050209045,-0.5568357706069946,0.9679320454597473,0.14311474561691284
493,-3297.1401267597707,-10180.104166666666,-13477.244293426438,0.27322287526678574,0.10224077388637752,0.42632660934744265,17.806597222222223,3408.004861111111,2066.081944444444,1.4717491294362262,0.19239963992625073,2.79338488788861,-0.47174912943622616,10180.104166666666,6430.458333333333,-0.003018405579202188,0.763801321387291,0.43020059168338776,-20.49976585805416,-0.4499025344848633,0.9686728715896606,0.031815629452466965
494,-3296.0928635728524,-10183.625,-13479.71786357285,0.27202878216965093,0.1006879547866346,0.42837907848324513,18.020486111111108,3451.0295138888887,2076.428125,1.4883165334202804,0.1940635189826769,2.714147366102496,-0.48831653342028014,10183.625,6375.65625,-0.005385212781321674,0.7733185291290283,0.4298134073615074,-20.953408107161522,-0.4515417218208313,0.9651915431022644,0.028336815536022186
495,-3297.248463563638,-10263.34375,-13560.592213563637,0.2717260941900213,0.0998728072097745,0.42619157848324507,18.075347222222224,3473.251041666667,2086.1003472222224,1.4947494335093567,0.18819792030574126,2.7640709405775827,-0.4947494335093567,10263.34375,6405.041666666667,-0.002705500472920258,0.7764323949813843,0.5078567415475845,-21.041138485074043,-0.4799399971961975,0.9638512134552002,0.044222090393304825
496,-3296.5899254074343,-9973.145833333334,-13269.735758740775,0.27257654402921677,0.10166994370067389,0.426324680335097,17.980555555555554,3362.0618055555556,2074.351736111111,1.4617148328303096,0.18354863857620754,2.6879358074983575,-0.4617148328303095,9973.145833333334,6381.5625,-0.0017163237281061505,0.7257156372070312,0.6593114882707596,-20.857498690485954,-0.6204270720481873,0.9596046805381775,0.17424657940864563
497,-3297.5198260656057,-9676.979166666666,-12974.498992732268,0.273179828937511,0.10193032018691561,0.42649250440917097,18.087500000000002,3283.377083333333,2086.117361111111,1.424704237588444,0.17152165685099718,2.921174844710965,-0.4247042375884438,9676.979166666666,6404.260416666667,-0.005616222486497291,0.6650192588567734,0.5801654756069183,-20.82358419895172,-0.01911553554236889,0.9601105451583862,-0.42086026072502136
498,-3298.0621087491218,-10412.958333333334,-13711.020442082454,0.27235616550011627,0.10113130297314556,0.42667383156966493,18.008680555555557,3528.7045138888893,2075.8385416666665,1.5108140508474381,0.19468469122525825,2.567438734419651,-0.5108140508474381,10412.958333333334,6390.854166666667,-0.0028030490149939524,0.8164244443178177,0.5375463366508484,-20.81057758629322,-0.7415513396263123,0.9667364358901978,0.32938674092292786
499,-3296.7250828013584,-10242.041666666666,-13538.76674946803,0.27448048898635685,0.10458897172227605,0.42786596119929454,18.114583333333332,3505.5100694444445,2079.903125,1.5045916188160238,0.19544453125676578,2.6895507446869273,-0.5045916188160235,10242.041666666666,6367.5,0.004522285362437373,0.7926360666751862,0.5418183133006096,-20.950509130954742,-0.1618964821100235,0.9576570391654968,-0.243987575173378
500,-3294.612540351615,-10077.239583333334,-13371.852123684956,0.2745382418443016,0.10539035386965324,0.4308887235449735,17.865625,3400.444444444445,2073.145138888889,1.4823167897092067,0.20038930227693488,2.648046118066808,-0.4823167897092067,10077.239583333334,6390.947916666667,0.004576628613803119,0.7446327656507492,0.3732255697250366,-21.045408725738525,-0.31464165449142456,0.9687812328338623,-0.11567594856023788
