epoch,instance,period,visits,distance,distance_2opt,excess_ratio,nn_rank,sequence
25,Instances_highcost_H3/abs5n10,0,10,1501.0,1480.0,1.0141891891891892,0.1876102292768959,6 8 5 4 1 3 10 7 9 2
25,Instances_highcost_H3/abs5n10,1,10,1501.0,1480.0,1.0141891891891892,0.1876102292768959,6 8 5 4 1 3 10 7 9 2
25,Instances_highcost_H3/abs5n10,2,10,1501.0,1480.0,1.0141891891891892,0.1876102292768959,6 8 5 4 1 3 10 7 9 2
25,Instances_highcost_H3/abs5n15,0,15,1990.0,1469.0,1.3546630360789653,0.155150801579373,1 6 4 5 14 3 15 9 10 8 11 2 13 12 7
25,Instances_highcost_H3/abs5n15,1,15,1982.0,1469.0,1.349217154526889,0.16110318253175396,1 6 5 2 11 13 12 8 7 10 3 4 14 15 9
25,Instances_highcost_H3/abs5n15,2,15,1982.0,1469.0,1.349217154526889,0.16110318253175396,1 6 5 2 11 13 12 8 7 10 3 4 14 15 9
25,Instances_highcost_H3/abs5n20,0,20,2507.0,2221.0,1.1287708239531742,0.07966791979949875,19 14 16 10 9 6 2 11 20 12 15 7 1 3 13 8 18 5 17 4
25,Instances_highcost_H3/abs5n20,1,20,2514.0,2221.0,1.1319225574065737,0.13407954274827338,19 4 10 9 6 2 11 12 15 7 20 1 3 13 8 18 14 16 5 17
25,Instances_highcost_H3/abs5n20,2,20,2514.0,2221.0,1.1319225574065737,0.09899182345002779,19 4 10 9 6 2 11 12 15 7 20 1 3 13 8 18 5 14 16 17
25,Instances_highcost_H3/abs5n25,0,25,2611.0,2284.0,1.143169877408056,0.14064725783475784,2 11 5 20 1 13 17 6 3 19 9 24 7 18 8 25 10 21 22 4 15 12 16 14 23
25,Instances_highcost_H3/abs5n25,1,25,2679.0,2284.0,1.1729422066549913,0.05669251432119079,2 11 5 20 13 17 1 21 10 25 22 15 16 6 3 19 9 23 14 12 4 8 7 24 18
25,Instances_highcost_H3/abs5n25,2,25,2509.0,2284.0,1.0985113835376532,0.03585918098785746,2 11 5 20 13 17 1 21 10 25 22 15 16 6 3 19 9 23 14 12 4 8 18 7 24
25,Instances_highcost_H3/abs5n30,0,30,2495.0,2221.0,1.1233678523187753,0.11458715278184854,1 26 20 24 10 7 23 28 11 3 30 17 15 6 25 19 16 14 8 9 29 4 22 21 13 2 18 5 27 12
25,Instances_highcost_H3/abs5n30,1,30,2960.0,2221.0,1.3327330031517335,0.07667830228498089,1 26 20 24 3 10 7 28 11 30 17 23 15 6 25 19 27 5 22 21 4 29 13 2 18 12 9 8 14 16
25,Instances_highcost_H3/abs5n30,2,30,2976.0,2221.0,1.339936965330932,0.07370895362597707,1 26 20 24 3 10 7 28 11 30 17 23 15 6 25 19 27 5 22 4 21 29 13 2 18 12 9 8 14 16
25,Instances_highcost_H3/abs5n35,0,35,3295.0,2679.0,1.2299365434863756,0.07973477566903173,28 1 18 21 10 33 2 8 19 34 4 15 13 32 16 31 14 20 7 27 35 22 26 24 5 11 12 17 30 29 3 6 25 23 9
25,Instances_highcost_H3/abs5n35,1,35,3468.0,2679.0,1.2945128779395296,0.08267853551816241,28 1 18 21 10 33 2 8 19 34 4 23 5 32 16 31 14 20 7 27 35 22 26 24 17 29 30 11 12 13 15 9 3 6 25
25,Instances_highcost_H3/abs5n35,2,35,3468.0,2679.0,1.2945128779395296,0.08267853551816241,28 1 18 21 10 33 2 8 19 34 4 23 5 32 16 31 14 20 7 27 35 22 26 24 17 29 30 11 12 13 15 9 3 6 25
25,Instances_highcost_H3/abs5n40,0,40,3243.0,2647.0,1.2251605591235362,0.050317620952581056,6 4 30 31 18 34 17 39 27 21 28 36 35 23 10 11 26 22 14 12 37 25 38 3 13 19 8 2 9 32 15 33 24 40 5 16 29 1 7 20
25,Instances_highcost_H3/abs5n40,1,40,3596.0,2647.0,1.3585190782017378,0.09880329431216958,6 4 30 18 34 27 21 28 36 35 10 23 11 26 17 39 22 14 12 16 37 25 38 31 3 19 13 9 20 1 29 7 8 2 32 33 15 40 5 24
25,Instances_highcost_H3/abs5n40,2,40,3141.0,2647.0,1.1866263694748773,0.06281512670635492,6 4 30 18 34 27 21 28 36 35 10 23 11 26 17 39 22 14 12 16 37 25 8 38 31 3 19 13 9 20 1 29 7 5 40 24 33 15 32 2
25,Instances_highcost_H3/abs5n45,0,45,3257.0,2475.0,1.315959595959596,0.07869224728049254,24 44 17 34 16 15 4 39 3 23 41 36 38 43 10 45 32 19 2 31 11 35 8 37 20 29 12 18 7 26 1 25 13 27 21 40 6 28 33 9 22 30 5 14 42
25,Instances_highcost_H3/abs5n45,1,45,3824.0,2475.0,1.545050505050505,0.10293632666069641,37 35 8 44 24 17 11 34 16 15 4 39 3 38 43 10 45 32 19 31 18 20 29 12 13 25 27 21 1 7 26 40 6 33 28 2 42 22 30 14 9 5 41 23 36
25,Instances_highcost_H3/abs5n45,2,45,3963.0,2475.0,1.6012121212121213,0.10497616473506936,24 35 8 44 11 37 17 34 16 15 4 39 31 7 18 20 29 12 13 25 27 1 26 21 40 6 33 28 2 19 43 38 10 45 3 41 23 32 42 22 30 14 9 5 36
25,Instances_highcost_H3/abs5n5,0,5,919.0,865.0,1.06242774566474,0.4375,1 4 5 2 3
25,Instances_highcost_H3/abs5n5,1,5,989.0,865.0,1.1433526011560693,0.14583333333333331,1 3 4 5 2
25,Instances_highcost_H3/abs5n5,2,5,989.0,865.0,1.1433526011560693,0.14583333333333331,1 3 4 5 2
25,Instances_highcost_H3/abs5n50,0,50,3952.0,3165.0,1.248657187993681,0.06784403696985764,33 40 1 24 8 19 34 25 14 39 6 10 7 27 16 21 2 15 5 46 18 3 38 29 11 17 23 41 45 32 50 30 43 28 37 44 26 4 31 13 49 20 36 12 48 42 22 47 9 35
25,Instances_highcost_H3/abs5n50,1,50,4355.0,3165.0,1.3759873617693523,0.07585732520732252,33 40 1 24 8 19 34 25 14 39 6 7 27 10 5 46 2 16 21 29 15 3 18 38 11 17 23 30 41 32 50 45 44 4 9 47 43 28 35 37 31 13 20 36 12 48 42 22 49 26
25,Instances_highcost_H3/abs5n50,2,50,4596.0,3165.0,1.4521327014218008,0.11372024047822199,33 40 1 24 8 19 34 25 14 39 6 7 27 10 5 46 16 21 2 15 3 18 29 11 38 36 12 48 42 22 47 17 30 23 41 32 50 45 44 4 9 43 28 35 37 31 26 13 20 49
25,Instances_highcost_H6/abs5n10,0,10,1501.0,1480.0,1.0141891891891892,0.1876102292768959,6 8 5 4 1 3 10 7 9 2
25,Instances_highcost_H6/abs5n10,1,10,1501.0,1480.0,1.0141891891891892,0.1876102292768959,6 8 5 4 1 3 10 7 9 2
25,Instances_highcost_H6/abs5n10,2,10,1501.0,1480.0,1.0141891891891892,0.1876102292768959,6 8 5 4 1 3 10 7 9 2
25,Instances_highcost_H6/abs5n10,3,10,1501.0,1480.0,1.0141891891891892,0.1876102292768959,6 8 5 4 1 3 10 7 9 2
25,Instances_highcost_H6/abs5n10,4,10,1501.0,1480.0,1.0141891891891892,0.1876102292768959,6 8 5 4 1 3 10 7 9 2
25,Instances_highcost_H6/abs5n10,5,10,1501.0,1480.0,1.0141891891891892,0.1876102292768959,6 8 5 4 1 3 10 7 9 2
25,Instances_highcost_H6/abs5n15,0,15,1990.0,1469.0,1.3546630360789653,0.155150801579373,1 6 4 5 14 3 15 9 10 8 11 2 13 12 7
25,Instances_highcost_H6/abs5n15,1,15,1982.0,1469.0,1.349217154526889,0.16110318253175396,1 6 5 2 11 13 12 8 7 10 3 4 14 15 9
25,Instances_highcost_H6/abs5n15,2,15,1982.0,1469.0,1.349217154526889,0.16110318253175396,1 6 5 2 11 13 12 8 7 10 3 4 14 15 9
25,Instances_highcost_H6/abs5n15,3,15,1921.0,1469.0,1.3076923076923077,0.1313412777698492,1 6 5 2 11 13 12 8 7 10 14 4 3 15 9
25,Instances_highcost_H6/abs5n15,4,15,1859.0,1469.0,1.2654867256637168,0.134119055547627,1 6 4 5 2 11 13 12 8 7 10 14 3 15 9
25,Instances_highcost_H6/abs5n15,5,15,1859.0,1469.0,1.2654867256637168,0.134119055547627,1 6 4 5 2 11 13 12 8 7 10 14 3 15 9
25,Instances_highcost_H6/abs5n20,0,20,2507.0,2221.0,1.1287708239531742,0.07966791979949875,19 14 16 10 9 6 2 11 20 12 15 7 1 3 13 8 18 5 17 4
25,Instances_highcost_H6/abs5n20,1,20,2514.0,2221.0,1.1319225574065737,0.13407954274827338,19 4 10 9 6 2 11 12 15 7 20 1 3 13 8 18 14 16 5 17
25,Instances_highcost_H6/abs5n20,2,20,2514.0,2221.0,1.1319225574065737,0.09899182345002779,19 4 10 9 6 2 11 12 15 7 20 1 3 13 8 18 5 14 16 17
25,Instances_highcost_H6/abs5n20,3,20,2511.0,2221.0,1.130571814497974,0.14224399611396513,19 2 9 10 6 11 12 15 7 20 1 3 13 8 4 16 14 5 18 17
25,Instances_highcost_H6/abs5n20,4,20,2511.0,2221.0,1.130571814497974,0.14224399611396513,19 2 9 10 6 11 12 15 7 20 1 3 13 8 4 16 14 5 18 17
25,Instances_highcost_H6/abs5n20,5,20,2511.0,2221.0,1.130571814497974,0.14224399611396513,19 2 9 10 6 11 12 15 7 20 1 3 13 8 4 16 14 5 18 17
25,Instances_highcost_H6/abs5n25,0,25,2611.0,2284.0,1.143169877408056,0.14064725783475784,2 11 5 20 1 13 17 6 3 19 9 24 7 18 8 25 10 21 22 4 15 12 16 14 23
25,Instances_highcost_H6/abs5n25,1,25,2679.0,2284.0,1.1729422066549913,0.05669251432119079,2 11 5 20 13 17 1 21 10 25 22 15 16 6 3 19 9 23 14 12 4 8 7 24 18
25,Instances_highcost_H6/abs5n25,2,25,2509.0,2284.0,1.0985113835376532,0.03585918098785746,2 11 5 20 13 17 1 21 10 25 22 15 16 6 3 19 9 23 14 12 4 8 18 7 24
25,Instances_highcost_H6/abs5n25,3,25,2509.0,2284.0,1.0985113835376532,0.03585918098785746,2 11 5 20 13 17 1 21 10 25 22 15 16 6 3 19 9 23 14 12 4 8 18 7 24
25,Instances_highcost_H6/abs5n25,4,25,2509.0,2284.0,1.0985113835376532,0.03585918098785746,2 11 5 20 13 17 1 21 10 25 22 15 16 6 3 19 9 23 14 12 4 8 18 7 24
25,Instances_highcost_H6/abs5n25,5,25,2509.0,2284.0,1.0985113835376532,0.03585918098785746,2 11 5 20 13 17 1 21 10 25 22 15 16 6 3 19 9 23 14 12 4 8 18 7 24
25,Instances_highcost_H6/abs5n30,0,30,2495.0,2221.0,1.1233678523187753,0.11458715278184854,1 26 20 24 10 7 23 28 11 3 30 17 15 6 25 19 16 14 8 9 29 4 22 21 13 2 18 5 27 12
25,Instances_highcost_H6/abs5n30,1,30,2960.0,2221.0,1.3327330031517335,0.07667830228498089,1 26 20 24 3 10 7 28 11 30 17 23 15 6 25 19 27 5 22 21 4 29 13 2 18 12 9 8 14 16
25,Instances_highcost_H6/abs5n30,2,30,2976.0,2221.0,1.339936965330932,0.07370895362597707,1 26 20 24 3 10 7 28 11 30 17 23 15 6 25 19 27 5 22 4 21 29 13 2 18 12 9 8 14 16
25,Instances_highcost_H6/abs5n30,3,30,3107.0,2221.0,1.3989194056731202,0.1345026618334784,1 26 20 24 3 10 7 28 11 30 17 23 15 6 27 5 22 4 21 29 13 2 18 12 9 8 19 25 16 14
25,Instances_highcost_H6/abs5n30,4,30,3040.0,2221.0,1.3687528140477263,0.09002171174908004,1 26 20 24 3 10 7 28 11 30 17 23 15 12 5 22 4 21 29 13 2 18 27 9 8 19 25 6 16 14
25,Instances_highcost_H6/abs5n30,5,30,3040.0,2221.0,1.3687528140477263,0.09002171174908004,1 26 20 24 3 10 7 28 11 30 17 23 15 12 5 22 4 21 29 13 2 18 27 9 8 19 25 6 16 14
25,Instances_highcost_H6/abs5n5,0,5,919.0,865.0,1.06242774566474,0.4375,1 4 5 2 3
25,Instances_highcost_H6/abs5n5,1,5,989.0,865.0,1.1433526011560693,0.14583333333333331,1 3 4 5 2
25,Instances_highcost_H6/abs5n5,2,5,989.0,865.0,1.1433526011560693,0.14583333333333331,1 3 4 5 2
25,Instances_highcost_H6/abs5n5,3,5,989.0,865.0,1.1433526011560693,0.14583333333333331,1 3 4 5 2
25,Instances_highcost_H6/abs5n5,4,5,989.0,865.0,1.1433526011560693,0.14583333333333331,1 3 4 5 2
25,Instances_highcost_H6/abs5n5,5,5,989.0,865.0,1.1433526011560693,0.14583333333333331,1 3 4 5 2
25,Instances_lowcost_H3/abs5n10,0,10,1501.0,1480.0,1.0141891891891892,0.1876102292768959,6 8 5 4 1 3 10 7 9 2
25,Instances_lowcost_H3/abs5n10,1,10,1501.0,1480.0,1.0141891891891892,0.1876102292768959,6 8 5 4 1 3 10 7 9 2
25,Instances_lowcost_H3/abs5n10,2,10,1501.0,1480.0,1.0141891891891892,0.1876102292768959,6 8 5 4 1 3 10 7 9 2
25,Instances_lowcost_H3/abs5n15,0,15,1990.0,1469.0,1.3546630360789653,0.155150801579373,1 6 4 5 14 3 15 9 10 8 11 2 13 12 7
25,Instances_lowcost_H3/abs5n15,1,15,1982.0,1469.0,1.349217154526889,0.16110318253175396,1 6 5 2 11 13 12 8 7 10 3 4 14 15 9
25,Instances_lowcost_H3/abs5n15,2,15,1982.0,1469.0,1.349217154526889,0.16110318253175396,1 6 5 2 11 13 12 8 7 10 3 4 14 15 9
25,Instances_lowcost_H3/abs5n20,0,20,2507.0,2221.0,1.1287708239531742,0.07966791979949875,19 14 16 10 9 6 2 11 20 12 15 7 1 3 13 8 18 5 17 4
25,Instances_lowcost_H3/abs5n20,1,20,2514.0,2221.0,1.1319225574065737,0.13407954274827338,19 4 10 9 6 2 11 12 15 7 20 1 3 13 8 18 14 16 5 17
25,Instances_lowcost_H3/abs5n20,2,20,2514.0,2221.0,1.1319225574065737,0.09899182345002779,19 4 10 9 6 2 11 12 15 7 20 1 3 13 8 18 5 14 16 17
25,Instances_lowcost_H3/abs5n25,0,25,2611.0,2284.0,1.143169877408056,0.14064725783475784,2 11 5 20 1 13 17 6 3 19 9 24 7 18 8 25 10 21 22 4 15 12 16 14 23
25,Instances_lowcost_H3/abs5n25,1,25,2679.0,2284.0,1.1729422066549913,0.05669251432119079,2 11 5 20 13 17 1 21 10 25 22 15 16 6 3 19 9 23 14 12 4 8 7 24 18
25,Instances_lowcost_H3/abs5n25,2,25,2509.0,2284.0,1.0985113835376532,0.03585918098785746,2 11 5 20 13 17 1 21 10 25 22 15 16 6 3 19 9 23 14 12 4 8 18 7 24
25,Instances_lowcost_H3/abs5n30,0,30,2495.0,2221.0,1.1233678523187753,0.11458715278184854,1 26 20 24 10 7 23 28 11 3 30 17 15 6 25 19 16 14 8 9 29 4 22 21 13 2 18 5 27 12
25,Instances_lowcost_H3/abs5n30,1,30,2960.0,2221.0,1.3327330031517335,0.07667830228498089,1 26 20 24 3 10 7 28 11 30 17 23 15 6 25 19 27 5 22 21 4 29 13 2 18 12 9 8 14 16
25,Instances_lowcost_H3/abs5n30,2,30,2976.0,2221.0,1.339936965330932,0.07370895362597707,1 26 20 24 3 10 7 28 11 30 17 23 15 6 25 19 27 5 22 4 21 29 13 2 18 12 9 8 14 16
25,Instances_lowcost_H3/abs5n35,0,35,3295.0,2679.0,1.2299365434863756,0.07973477566903173,28 1 18 21 10 33 2 8 19 34 4 15 13 32 16 31 14 20 7 27 35 22 26 24 5 11 12 17 30 29 3 6 25 23 9
25,Instances_lowcost_H3/abs5n35,1,35,3468.0,2679.0,1.2945128779395296,0.08267853551816241,28 1 18 21 10 33 2 8 19 34 4 23 5 32 16 31 14 20 7 27 35 22 26 24 17 29 30 11 12 13 15 9 3 6 25
25,Instances_lowcost_H3/abs5n35,2,35,3468.0,2679.0,1.2945128779395296,0.08267853551816241,28 1 18 21 10 33 2 8 19 34 4 23 5 32 16 31 14 20 7 27 35 22 26 24 17 29 30 11 12 13 15 9 3 6 25
25,Instances_lowcost_H3/abs5n40,0,40,3243.0,2647.0,1.2251605591235362,0.050317620952581056,6 4 30 31 18 34 17 39 27 21 28 36 35 23 10 11 26 22 14 12 37 25 38 3 13 19 8 2 9 32 15 33 24 40 5 16 29 1 7 20
25,Instances_lowcost_H3/abs5n40,1,40,3596.0,2647.0,1.3585190782017378,0.09880329431216958,6 4 30 18 34 27 21 28 36 35 10 23 11 26 17 39 22 14 12 16 37 25 38 31 3 19 13 9 20 1 29 7 8 2 32 33 15 40 5 24
25,Instances_lowcost_H3/abs5n40,2,40,3141.0,2647.0,1.1866263694748773,0.06281512670635492,6 4 30 18 34 27 21 28 36 35 10 23 11 26 17 39 22 14 12 16 37 25 8 38 31 3 19 13 9 20 1 29 7 5 40 24 33 15 32 2
25,Instances_lowcost_H3/abs5n45,0,45,3257.0,2475.0,1.315959595959596,0.07869224728049254,24 44 17 34 16 15 4 39 3 23 41 36 38 43 10 45 32 19 2 31 11 35 8 37 20 29 12 18 7 26 1 25 13 27 21 40 6 28 33 9 22 30 5 14 42
25,Instances_lowcost_H3/abs5n45,1,45,3824.0,2475.0,1.545050505050505,0.10293632666069641,37 35 8 44 24 17 11 34 16 15 4 39 3 38 43 10 45 32 19 31 18 20 29 12 13 25 27 21 1 7 26 40 6 33 28 2 42 22 30 14 9 5 41 23 36
25,Instances_lowcost_H3/abs5n45,2,45,3963.0,2475.0,1.6012121212121213,0.10497616473506936,24 35 8 44 11 37 17 34 16 15 4 39 31 7 18 20 29 12 13 25 27 1 26 21 40 6 33 28 2 19 43 38 10 45 3 41 23 32 42 22 30 14 9 5 36
25,Instances_lowcost_H3/abs5n5,0,5,919.0,865.0,1.06242774566474,0.4375,1 4 5 2 3
25,Instances_lowcost_H3/abs5n5,1,5,989.0,865.0,1.1433526011560693,0.14583333333333331,1 3 4 5 2
25,Instances_lowcost_H3/abs5n5,2,5,989.0,865.0,1.1433526011560693,0.14583333333333331,1 3 4 5 2
25,Instances_lowcost_H3/abs5n50,0,50,3952.0,3165.0,1.248657187993681,0.06784403696985764,33 40 1 24 8 19 34 25 14 39 6 10 7 27 16 21 2 15 5 46 18 3 38 29 11 17 23 41 45 32 50 30 43 28 37 44 26 4 31 13 49 20 36 12 48 42 22 47 9 35
25,Instances_lowcost_H3/abs5n50,1,50,4355.0,3165.0,1.3759873617693523,0.07585732520732252,33 40 1 24 8 19 34 25 14 39 6 7 27 10 5 46 2 16 21 29 15 3 18 38 11 17 23 30 41 32 50 45 44 4 9 47 43 28 35 37 31 13 20 36 12 48 42 22 49 26
25,Instances_lowcost_H3/abs5n50,2,50,4596.0,3165.0,1.4521327014218008,0.11372024047822199,33 40 1 24 8 19 34 25 14 39 6 7 27 10 5 46 16 21 2 15 3 18 29 11 38 36 12 48 42 22 47 17 30 23 41 32 50 45 44 4 9 43 28 35 37 31 26 13 20 49
25,Instances_lowcost_H6/abs5n10,0,10,1501.0,1480.0,1.0141891891891892,0.1876102292768959,6 8 5 4 1 3 10 7 9 2
25,Instances_lowcost_H6/abs5n10,1,10,1501.0,1480.0,1.0141891891891892,0.1876102292768959,6 8 5 4 1 3 10 7 9 2
25,Instances_lowcost_H6/abs5n10,2,10,1501.0,1480.0,1.0141891891891892,0.1876102292768959,6 8 5 4 1 3 10 7 9 2
25,Instances_lowcost_H6/abs5n10,3,10,1501.0,1480.0,1.0141891891891892,0.1876102292768959,6 8 5 4 1 3 10 7 9 2
25,Instances_lowcost_H6/abs5n10,4,10,1501.0,1480.0,1.0141891891891892,0.1876102292768959,6 8 5 4 1 3 10 7 9 2
25,Instances_lowcost_H6/abs5n10,5,10,1501.0,1480.0,1.0141891891891892,0.1876102292768959,6 8 5 4 1 3 10 7 9 2
25,Instances_lowcost_H6/abs5n15,0,15,1990.0,1469.0,1.3546630360789653,0.155150801579373,1 6 4 5 14 3 15 9 10 8 11 2 13 12 7
25,Instances_lowcost_H6/abs5n15,1,15,1982.0,1469.0,1.349217154526889,0.16110318253175396,1 6 5 2 11 13 12 8 7 10 3 4 14 15 9
25,Instances_lowcost_H6/abs5n15,2,15,1982.0,1469.0,1.349217154526889,0.16110318253175396,1 6 5 2 11 13 12 8 7 10 3 4 14 15 9
25,Instances_lowcost_H6/abs5n15,3,15,1921.0,1469.0,1.3076923076923077,0.1313412777698492,1 6 5 2 11 13 12 8 7 10 14 4 3 15 9
25,Instances_lowcost_H6/abs5n15,4,15,1859.0,1469.0,1.2654867256637168,0.134119055547627,1 6 4 5 2 11 13 12 8 7 10 14 3 15 9
25,Instances_lowcost_H6/abs5n15,5,15,1859.0,1469.0,1.2654867256637168,0.134119055547627,1 6 4 5 2 11 13 12 8 7 10 14 3 15 9
25,Instances_lowcost_H6/abs5n20,0,20,2507.0,2221.0,1.1287708239531742,0.07966791979949875,19 14 16 10 9 6 2 11 20 12 15 7 1 3 13 8 18 5 17 4
25,Instances_lowcost_H6/abs5n20,1,20,2514.0,2221.0,1.1319225574065737,0.13407954274827338,19 4 10 9 6 2 11 12 15 7 20 1 3 13 8 18 14 16 5 17
25,Instances_lowcost_H6/abs5n20,2,20,2514.0,2221.0,1.1319225574065737,0.09899182345002779,19 4 10 9 6 2 11 12 15 7 20 1 3 13 8 18 5 14 16 17
25,Instances_lowcost_H6/abs5n20,3,20,2511.0,2221.0,1.130571814497974,0.14224399611396513,19 2 9 10 6 11 12 15 7 20 1 3 13 8 4 16 14 5 18 17
25,Instances_lowcost_H6/abs5n20,4,20,2511.0,2221.0,1.130571814497974,0.14224399611396513,19 2 9 10 6 11 12 15 7 20 1 3 13 8 4 16 14 5 18 17
25,Instances_lowcost_H6/abs5n20,5,20,2511.0,2221.0,1.130571814497974,0.14224399611396513,19 2 9 10 6 11 12 15 7 20 1 3 13 8 4 16 14 5 18 17
25,Instances_lowcost_H6/abs5n25,0,25,2611.0,2284.0,1.143169877408056,0.14064725783475784,2 11 5 20 1 13 17 6 3 19 9 24 7 18 8 25 10 21 22 4 15 12 16 14 23
25,Instances_lowcost_H6/abs5n25,1,25,2679.0,2284.0,1.1729422066549913,0.05669251432119079,2 11 5 20 13 17 1 21 10 25 22 15 16 6 3 19 9 23 14 12 4 8 7 24 18
25,Instances_lowcost_H6/abs5n25,2,25,2509.0,2284.0,1.0985113835376532,0.03585918098785746,2 11 5 20 13 17 1 21 10 25 22 15 16 6 3 19 9 23 14 12 4 8 18 7 24
25,Instances_lowcost_H6/abs5n25,3,25,2509.0,2284.0,1.0985113835376532,0.03585918098785746,2 11 5 20 13 17 1 21 10 25 22 15 16 6 3 19 9 23 14 12 4 8 18 7 24
25,Instances_lowcost_H6/abs5n25,4,25,2509.0,2284.0,1.0985113835376532,0.03585918098785746,2 11 5 20 13 17 1 21 10 25 22 15 16 6 3 19 9 23 14 12 4 8 18 7 24
25,Instances_lowcost_H6/abs5n25,5,25,2509.0,2284.0,1.0985113835376532,0.03585918098785746,2 11 5 20 13 17 1 21 10 25 22 15 16 6 3 19 9 23 14 12 4 8 18 7 24
25,Instances_lowcost_H6/abs5n30,0,30,2495.0,2221.0,1.1233678523187753,0.11458715278184854,1 26 20 24 10 7 23 28 11 3 30 17 15 6 25 19 16 14 8 9 29 4 22 21 13 2 18 5 27 12
25,Instances_lowcost_H6/abs5n30,1,30,2960.0,2221.0,1.3327330031517335,0.07667830228498089,1 26 20 24 3 10 7 28 11 30 17 23 15 6 25 19 27 5 22 21 4 29 13 2 18 12 9 8 14 16
25,Instances_lowcost_H6/abs5n30,2,30,2976.0,2221.0,1.339936965330932,0.07370895362597707,1 26 20 24 3 10 7 28 11 30 17 23 15 6 25 19 27 5 22 4 21 29 13 2 18 12 9 8 14 16
25,Instances_lowcost_H6/abs5n30,3,30,3107.0,2221.0,1.3989194056731202,0.1345026618334784,1 26 20 24 3 10 7 28 11 30 17 23 15 6 27 5 22 4 21 29 13 2 18 12 9 8 19 25 16 14
25,Instances_lowcost_H6/abs5n30,4,30,3040.0,2221.0,1.3687528140477263,0.09002171174908004,1 26 20 24 3 10 7 28 11 30 17 23 15 12 5 22 4 21 29 13 2 18 27 9 8 19 25 6 16 14
25,Instances_lowcost_H6/abs5n30,5,30,3040.0,2221.0,1.3687528140477263,0.09002171174908004,1 26 20 24 3 10 7 28 11 30 17 23 15 12 5 22 4 21 29 13 2 18 27 9 8 19 25 6 16 14
25,Instances_lowcost_H6/abs5n5,0,5,919.0,865.0,1.06242774566474,0.4375,1 4 5 2 3
25,Instances_lowcost_H6/abs5n5,1,5,989.0,865.0,1.1433526011560693,0.14583333333333331,1 3 4 5 2
25,Instances_lowcost_H6/abs5n5,2,5,989.0,865.0,1.1433526011560693,0.14583333333333331,1 3 4 5 2
25,Instances_lowcost_H6/abs5n5,3,5,989.0,865.0,1.1433526011560693,0.14583333333333331,1 3 4 5 2
25,Instances_lowcost_H6/abs5n5,4,5,989.0,865.0,1.1433526011560693,0.14583333333333331,1 3 4 5 2
25,Instances_lowcost_H6/abs5n5,5,5,989.0,865.0,1.1433526011560693,0.14583333333333331,1 3 4 5 2
50,Instances_highcost_H3/abs5n10,0,10,1431.0,1480.0,0.9668918918918918,0.032407407407407406,2 7 9 10 3 1 4 5 6 8
50,Instances_highcost_H3/abs5n10,1,10,1491.0,1480.0,1.0074324324324324,0.015873015873015872,2 3 1 4 5 6 8 9 7 10
50,Instances_highcost_H3/abs5n10,2,10,1491.0,1480.0,1.0074324324324324,0.015873015873015872,2 3 1 4 5 6 8 9 7 10
50,Instances_highcost_H3/abs5n15,0,15,1748.0,1469.0,1.189925119128659,0.08690476190476192,10 7 8 12 11 13 2 5 4 6 3 15 9 1 14
50,Instances_highcost_H3/abs5n15,1,15,1523.0,1469.0,1.0367597004765146,0.021428571428571432,10 7 8 12 11 13 2 5 4 6 14 3 1 15 9
50,Instances_highcost_H3/abs5n15,2,15,1523.0,1469.0,1.0367597004765146,0.021428571428571432,10 7 8 12 11 13 2 5 4 6 14 3 1 15 9
50,Instances_highcost_H3/abs5n20,0,20,2526.0,2221.0,1.1373255290409725,0.06300716827032617,19 17 5 18 8 13 14 16 2 6 9 10 4 11 20 1 3 7 15 12
50,Instances_highcost_H3/abs5n20,1,20,2657.0,2221.0,1.1963079693831606,0.10341648805271096,19 17 18 5 14 16 2 9 10 6 4 11 20 1 3 13 8 7 15 12
50,Instances_highcost_H3/abs5n20,2,20,2553.0,2221.0,1.1494822152183701,0.05805729358360938,19 17 5 18 8 13 14 16 2 9 10 6 4 11 20 1 3 7 15 12
50,Instances_highcost_H3/abs5n25,0,25,2343.0,2284.0,1.025831873905429,0.04705988455988456,17 13 1 21 10 25 22 4 8 18 7 24 9 19 3 23 14 12 16 15 6 20 5 11 2
50,Instances_highcost_H3/abs5n25,1,25,2536.0,2284.0,1.1103327495621715,0.12257537783853574,2 11 20 1 10 25 22 4 8 18 7 24 9 19 23 3 6 12 14 16 15 21 5 17 13
50,Instances_highcost_H3/abs5n25,2,25,2685.0,2284.0,1.175569176882662,0.11439611497177286,2 11 20 1 5 17 13 6 23 24 7 18 8 4 25 10 22 21 15 12 14 16 3 19 9
50,Instances_highcost_H3/abs5n30,0,30,2546.0,2221.0,1.1463304817649707,0.06330594582675439,10 7 23 16 14 8 9 13 4 29 22 21 2 18 27 12 17 6 25 19 15 30 28 11 24 3 20 1 26 5
50,Instances_highcost_H3/abs5n30,1,30,2770.0,2221.0,1.2471859522737505,0.09282445343464288,7 23 10 17 15 6 30 28 3 20 26 1 24 11 12 5 18 21 22 13 4 29 2 9 8 14 16 25 19 27
50,Instances_highcost_H3/abs5n30,2,30,2648.0,2221.0,1.1922557406573615,0.07607782706914176,7 10 23 17 15 6 30 28 11 3 20 26 1 24 12 5 18 21 22 13 4 29 2 9 8 14 16 25 19 27
50,Instances_highcost_H3/abs5n35,0,35,3044.0,2679.0,1.1362448674878687,0.0302857615780739,28 1 18 21 8 19 34 4 15 9 23 3 6 25 30 29 26 7 20 22 17 12 13 2 33 10 32 24 5 11 35 27 31 16 14
50,Instances_highcost_H3/abs5n35,1,35,3132.0,2679.0,1.1690929451287795,0.03112747372217414,1 28 18 21 8 19 34 4 15 9 23 12 17 29 26 7 20 14 31 16 27 10 33 2 13 5 24 32 35 22 30 3 6 25 11
50,Instances_highcost_H3/abs5n35,2,35,3045.0,2679.0,1.1366181410974243,0.02900970970994646,28 1 18 21 8 19 34 4 15 9 23 12 17 29 26 7 20 14 31 16 27 35 32 10 33 2 13 5 24 22 30 3 6 25 11
50,Instances_highcost_H3/abs5n40,0,40,3055.0,2647.0,1.1541367585946354,0.051392358301837304,4 30 31 13 3 19 38 18 6 34 8 25 9 32 15 33 24 40 5 29 20 2 1 7 16 37 12 14 22 17 39 26 11 23 10 35 36 28 21 27
50,Instances_highcost_H3/abs5n40,1,40,3404.0,2647.0,1.2859841329807329,0.07522279374286062,4 30 31 13 3 38 19 9 32 15 33 24 40 5 10 16 7 2 20 1 29 37 12 8 6 18 34 26 22 25 17 39 11 36 28 21 27 35 23 14
50,Instances_highcost_H3/abs5n40,2,40,3474.0,2647.0,1.3124291650925577,0.08619434790029237,4 30 31 13 3 38 19 9 32 15 33 24 40 5 10 16 7 2 20 1 12 8 18 6 34 17 22 26 11 36 28 21 27 35 23 29 37 25 39 14
50,Instances_highcost_H3/abs5n45,0,45,3092.0,2475.0,1.2492929292929293,0.04621308114675511,19 3 23 41 36 5 14 30 22 42 38 10 43 45 32 4 15 16 39 2 31 34 17 24 44 11 7 26 28 33 9 6 40 27 21 13 25 12 1 18 37 8 29 20 35
50,Instances_highcost_H3/abs5n45,1,45,3476.0,2475.0,1.4044444444444444,0.0727641722367921,2 19 3 23 41 36 5 14 30 22 42 32 38 15 16 4 39 34 31 7 26 17 44 11 24 37 8 35 29 21 6 40 27 33 9 28 1 18 12 25 13 20 45 43 10
50,Instances_highcost_H3/abs5n45,2,45,3088.0,2475.0,1.2476767676767677,0.09158029441773191,2 16 15 4 39 3 23 41 36 5 14 30 22 42 10 38 43 45 19 32 9 33 6 27 40 21 13 8 35 44 17 11 7 31 34 24 26 18 37 12 25 20 29 1 28
50,Instances_highcost_H3/abs5n5,0,5,896.0,865.0,1.0358381502890173,0.3333333333333333,3 5 4 2 1
50,Instances_highcost_H3/abs5n5,1,5,896.0,865.0,1.0358381502890173,0.3333333333333333,3 5 4 2 1
50,Instances_highcost_H3/abs5n5,2,5,865.0,865.0,1.0,0.3333333333333333,3 5 2 4 1
50,Instances_highcost_H3/abs5n50,0,50,3658.0,3165.0,1.1557661927330174,0.07588135788156743,45 33 41 32 26 44 31 4 49 13 20 42 48 12 36 22 37 50 28 23 8 1 40 24 19 21 30 43 35 9 47 17 29 16 2 11 15 3 38 18 46 5 6 10 39 14 25 34 27 7
50,Instances_highcost_H3/abs5n50,1,50,4198.0,3165.0,1.3263823064770932,0.09978797413591821,45 33 41 32 26 44 31 4 49 13 20 42 48 12 36 22 35 28 50 37 23 40 1 8 24 21 16 2 11 43 30 19 27 34 7 14 39 6 18 3 29 17 9 47 38 46 5 10 25 15
50,Instances_highcost_H3/abs5n50,2,50,3912.0,3165.0,1.2360189573459717,0.0692791726884195,33 45 26 44 31 4 49 13 42 48 12 20 36 22 18 3 11 21 1 40 8 24 41 32 50 28 37 23 43 35 30 19 16 2 27 34 7 14 25 39 6 10 5 46 15 29 17 9 47 38
50,Instances_highcost_H6/abs5n10,0,10,1431.0,1480.0,0.9668918918918918,0.032407407407407406,2 7 9 10 3 1 4 5 6 8
50,Instances_highcost_H6/abs5n10,1,10,1491.0,1480.0,1.0074324324324324,0.015873015873015872,2 3 1 4 5 6 8 9 7 10
50,Instances_highcost_H6/abs5n10,2,10,1491.0,1480.0,1.0074324324324324,0.015873015873015872,2 3 1 4 5 6 8 9 7 10
50,Instances_highcost_H6/abs5n10,3,10,1491.0,1480.0,1.0074324324324324,0.015873015873015872,2 3 1 4 5 6 8 9 7 10
50,Instances_highcost_H6/abs5n10,4,10,1491.0,1480.0,1.0074324324324324,0.015873015873015872,2 3 1 4 5 6 8 9 7 10
50,Instances_highcost_H6/abs5n10,5,10,1491.0,1480.0,1.0074324324324324,0.015873015873015872,2 3 1 4 5 6 8 9 7 10
50,Instances_highcost_H6/abs5n15,0,15,1748.0,1469.0,1.189925119128659,0.08690476190476192,10 7 8 12 11 13 2 5 4 6 3 15 9 1 14
50,Instances_highcost_H6/abs5n15,1,15,1523.0,1469.0,1.0367597004765146,0.021428571428571432,10 7 8 12 11 13 2 5 4 6 14 3 1 15 9
50,Instances_highcost_H6/abs5n15,2,15,1523.0,1469.0,1.0367597004765146,0.021428571428571432,10 7 8 12 11 13 2 5 4 6 14 3 1 15 9
50,Instances_highcost_H6/abs5n15,3,15,1523.0,1469.0,1.0367597004765146,0.021428571428571432,10 7 8 12 11 13 2 5 4 6 14 3 1 15 9
50,Instances_highcost_H6/abs5n15,4,15,1523.0,1469.0,1.0367597004765146,0.021428571428571432,10 7 8 12 11 13 2 5 4 6 14 3 1 15 9
50,Instances_highcost_H6/abs5n15,5,15,1523.0,1469.0,1.0367597004765146,0.021428571428571432,10 7 8 12 11 13 2 5 4 6 14 3 1 15 9
50,Instances_highcost_H6/abs5n20,0,20,2526.0,2221.0,1.1373255290409725,0.06300716827032617,19 17 5 18 8 13 14 16 2 6 9 10 4 11 20 1 3 7 15 12
50,Instances_highcost_H6/abs5n20,1,20,2657.0,2221.0,1.1963079693831606,0.10341648805271096,19 17 18 5 14 16 2 9 10 6 4 11 20 1 3 13 8 7 15 12
50,Instances_highcost_H6/abs5n20,2,20,2553.0,2221.0,1.1494822152183701,0.05805729358360938,19 17 5 18 8 13 14 16 2 9 10 6 4 11 20 1 3 7 15 12
50,Instances_highcost_H6/abs5n20,3,20,2553.0,2221.0,1.1494822152183701,0.05805729358360938,19 17 5 18 8 13 14 16 2 9 10 6 4 11 20 1 3 7 15 12
50,Instances_highcost_H6/abs5n20,4,20,2553.0,2221.0,1.1494822152183701,0.05805729358360938,19 17 5 18 8 13 14 16 2 9 10 6 4 11 20 1 3 7 15 12
50,Instances_highcost_H6/abs5n20,5,20,2553.0,2221.0,1.1494822152183701,0.05805729358360938,19 17 5 18 8 13 14 16 2 9 10 6 4 11 20 1 3 7 15 12
50,Instances_highcost_H6/abs5n25,0,25,2343.0,2284.0,1.025831873905429,0.04705988455988456,17 13 1 21 10 25 22 4 8 18 7 24 9 19 3 23 14 12 16 15 6 20 5 11 2
50,Instances_highcost_H6/abs5n25,1,25,2536.0,2284.0,1.1103327495621715,0.12257537783853574,2 11 20 1 10 25 22 4 8 18 7 24 9 19 23 3 6 12 14 16 15 21 5 17 13
50,Instances_highcost_H6/abs5n25,2,25,2685.0,2284.0,1.175569176882662,0.11439611497177286,2 11 20 1 5 17 13 6 23 24 7 18 8 4 25 10 22 21 15 12 14 16 3 19 9
50,Instances_highcost_H6/abs5n25,3,25,2685.0,2284.0,1.175569176882662,0.11439611497177286,2 11 20 1 5 17 13 6 23 24 7 18 8 4 25 10 22 21 15 12 14 16 3 19 9
50,Instances_highcost_H6/abs5n25,4,25,2685.0,2284.0,1.175569176882662,0.11439611497177286,2 11 20 1 5 17 13 6 23 24 7 18 8 4 25 10 22 21 15 12 14 16 3 19 9
50,Instances_highcost_H6/abs5n25,5,25,2685.0,2284.0,1.175569176882662,0.11439611497177286,2 11 20 1 5 17 13 6 23 24 7 18 8 4 25 10 22 21 15 12 14 16 3 19 9
50,Instances_highcost_H6/abs5n30,0,30,2546.0,2221.0,1.1463304817649707,0.06330594582675439,10 7 23 16 14 8 9 13 4 29 22 21 2 18 27 12 17 6 25 19 15 30 28 11 24 3 20 1 26 5
50,Instances_highcost_H6/abs5n30,1,30,2770.0,2221.0,1.2471859522737505,0.09282445343464288,7 23 10 17 15 6 30 28 3 20 26 1 24 11 12 5 18 21 22 13 4 29 2 9 8 14 16 25 19 27
50,Instances_highcost_H6/abs5n30,2,30,2648.0,2221.0,1.1922557406573615,0.07607782706914176,7 10 23 17 15 6 30 28 11 3 20 26 1 24 12 5 18 21 22 13 4 29 2 9 8 14 16 25 19 27
50,Instances_highcost_H6/abs5n30,3,30,2586.0,2221.0,1.1643403872129672,0.07348108220129107,10 7 23 17 15 6 30 28 11 3 20 26 1 24 12 5 18 21 22 13 4 29 2 9 8 14 16 25 19 27
50,Instances_highcost_H6/abs5n30,4,30,2586.0,2221.0,1.1643403872129672,0.07348108220129107,10 7 23 17 15 6 30 28 11 3 20 26 1 24 12 5 18 21 22 13 4 29 2 9 8 14 16 25 19 27
50,Instances_highcost_H6/abs5n30,5,30,2586.0,2221.0,1.1643403872129672,0.07348108220129107,10 7 23 17 15 6 30 28 11 3 20 26 1 24 12 5 18 21 22 13 4 29 2 9 8 14 16 25 19 27
50,Instances_highcost_H6/abs5n5,0,5,896.0,865.0,1.0358381502890173,0.3333333333333333,3 5 4 2 1
50,Instances_highcost_H6/abs5n5,1,5,896.0,865.0,1.0358381502890173,0.3333333333333333,3 5 4 2 1
50,Instances_highcost_H6/abs5n5,2,5,865.0,865.0,1.0,0.3333333333333333,3 5 2 4 1
50,Instances_highcost_H6/abs5n5,3,5,865.0,865.0,1.0,0.3333333333333333,3 5 2 4 1
50,Instances_highcost_H6/abs5n5,4,5,865.0,865.0,1.0,0.3333333333333333,3 5 2 4 1
50,Instances_highcost_H6/abs5n5,5,5,865.0,865.0,1.0,0.3333333333333333,3 5 2 4 1
50,Instances_lowcost_H3/abs5n10,0,10,1431.0,1480.0,0.9668918918918918,0.032407407407407406,2 7 9 10 3 1 4 5 6 8
50,Instances_lowcost_H3/abs5n10,1,10,1491.0,1480.0,1.0074324324324324,0.015873015873015872,2 3 1 4 5 6 8 9 7 10
50,Instances_lowcost_H3/abs5n10,2,10,1491.0,1480.0,1.0074324324324324,0.015873015873015872,2 3 1 4 5 6 8 9 7 10
50,Instances_lowcost_H3/abs5n15,0,15,1748.0,1469.0,1.189925119128659,0.08690476190476192,10 7 8 12 11 13 2 5 4 6 3 15 9 1 14
50,Instances_lowcost_H3/abs5n15,1,15,1523.0,1469.0,1.0367597004765146,0.021428571428571432,10 7 8 12 11 13 2 5 4 6 14 3 1 15 9
50,Instances_lowcost_H3/abs5n15,2,15,1523.0,1469.0,1.0367597004765146,0.021428571428571432,10 7 8 12 11 13 2 5 4 6 14 3 1 15 9
50,Instances_lowcost_H3/abs5n20,0,20,2526.0,2221.0,1.1373255290409725,0.06300716827032617,19 17 5 18 8 13 14 16 2 6 9 10 4 11 20 1 3 7 15 12
50,Instances_lowcost_H3/abs5n20,1,20,2657.0,2221.0,1.1963079693831606,0.10341648805271096,19 17 18 5 14 16 2 9 10 6 4 11 20 1 3 13 8 7 15 12
50,Instances_lowcost_H3/abs5n20,2,20,2553.0,2221.0,1.1494822152183701,0.05805729358360938,19 17 5 18 8 13 14 16 2 9 10 6 4 11 20 1 3 7 15 12
50,Instances_lowcost_H3/abs5n25,0,25,2343.0,2284.0,1.025831873905429,0.04705988455988456,17 13 1 21 10 25 22 4 8 18 7 24 9 19 3 23 14 12 16 15 6 20 5 11 2
50,Instances_lowcost_H3/abs5n25,1,25,2536.0,2284.0,1.1103327495621715,0.12257537783853574,2 11 20 1 10 25 22 4 8 18 7 24 9 19 23 3 6 12 14 16 15 21 5 17 13
50,Instances_lowcost_H3/abs5n25,2,25,2685.0,2284.0,1.175569176882662,0.11439611497177286,2 11 20 1 5 17 13 6 23 24 7 18 8 4 25 10 22 21 15 12 14 16 3 19 9
50,Instances_lowcost_H3/abs5n30,0,30,2546.0,2221.0,1.1463304817649707,0.06330594582675439,10 7 23 16 14 8 9 13 4 29 22 21 2 18 27 12 17 6 25 19 15 30 28 11 24 3 20 1 26 5
50,Instances_lowcost_H3/abs5n30,1,30,2770.0,2221.0,1.2471859522737505,0.09282445343464288,7 23 10 17 15 6 30 28 3 20 26 1 24 11 12 5 18 21 22 13 4 29 2 9 8 14 16 25 19 27
50,Instances_lowcost_H3/abs5n30,2,30,2648.0,2221.0,1.1922557406573615,0.07607782706914176,7 10 23 17 15 6 30 28 11 3 20 26 1 24 12 5 18 21 22 13 4 29 2 9 8 14 16 25 19 27
50,Instances_lowcost_H3/abs5n35,0,35,3044.0,2679.0,1.1362448674878687,0.0302857615780739,28 1 18 21 8 19 34 4 15 9 23 3 6 25 30 29 26 7 20 22 17 12 13 2 33 10 32 24 5 11 35 27 31 16 14
50,Instances_lowcost_H3/abs5n35,1,35,3132.0,2679.0,1.1690929451287795,0.03112747372217414,1 28 18 21 8 19 34 4 15 9 23 12 17 29 26 7 20 14 31 16 27 10 33 2 13 5 24 32 35 22 30 3 6 25 11
50,Instances_lowcost_H3/abs5n35,2,35,3045.0,2679.0,1.1366181410974243,0.02900970970994646,28 1 18 21 8 19 34 4 15 9 23 12 17 29 26 7 20 14 31 16 27 35 32 10 33 2 13 5 24 22 30 3 6 25 11
50,Instances_lowcost_H3/abs5n40,0,40,3055.0,2647.0,1.1541367585946354,0.051392358301837304,4 30 31 13 3 19 38 18 6 34 8 25 9 32 15 33 24 40 5 29 20 2 1 7 16 37 12 14 22 17 39 26 11 23 10 35 36 28 21 27
50,Instances_lowcost_H3/abs5n40,1,40,3404.0,2647.0,1.2859841329807329,0.07522279374286062,4 30 31 13 3 38 19 9 32 15 33 24 40 5 10 16 7 2 20 1 29 37 12 8 6 18 34 26 22 25 17 39 11 36 28 21 27 35 23 14
50,Instances_lowcost_H3/abs5n40,2,40,3474.0,2647.0,1.3124291650925577,0.08619434790029237,4 30 31 13 3 38 19 9 32 15 33 24 40 5 10 16 7 2 20 1 12 8 18 6 34 17 22 26 11 36 28 21 27 35 23 29 37 25 39 14
50,Instances_lowcost_H3/abs5n45,0,45,3092.0,2475.0,1.2492929292929293,0.04621308114675511,19 3 23 41 36 5 14 30 22 42 38 10 43 45 32 4 15 16 39 2 31 34 17 24 44 11 7 26 28 33 9 6 40 27 21 13 25 12 1 18 37 8 29 20 35
50,Instances_lowcost_H3/abs5n45,1,45,3476.0,2475.0,1.4044444444444444,0.0727641722367921,2 19 3 23 41 36 5 14 30 22 42 32 38 15 16 4 39 34 31 7 26 17 44 11 24 37 8 35 29 21 6 40 27 33 9 28 1 18 12 25 13 20 45 43 10
50,Instances_lowcost_H3/abs5n45,2,45,3088.0,2475.0,1.2476767676767677,0.09158029441773191,2 16 15 4 39 3 23 41 36 5 14 30 22 42 10 38 43 45 19 32 9 33 6 27 40 21 13 8 35 44 17 11 7 31 34 24 26 18 37 12 25 20 29 1 28
50,Instances_lowcost_H3/abs5n5,0,5,896.0,865.0,1.0358381502890173,0.3333333333333333,3 5 4 2 1
50,Instances_lowcost_H3/abs5n5,1,5,896.0,865.0,1.0358381502890173,0.3333333333333333,3 5 4 2 1
50,Instances_lowcost_H3/abs5n5,2,5,865.0,865.0,1.0,0.3333333333333333,3 5 2 4 1
50,Instances_lowcost_H3/abs5n50,0,50,3658.0,3165.0,1.1557661927330174,0.07588135788156743,45 33 41 32 26 44 31 4 49 13 20 42 48 12 36 22 37 50 28 23 8 1 40 24 19 21 30 43 35 9 47 17 29 16 2 11 15 3 38 18 46 5 6 10 39 14 25 34 27 7
50,Instances_lowcost_H3/abs5n50,1,50,4198.0,3165.0,1.3263823064770932,0.09978797413591821,45 33 41 32 26 44 31 4 49 13 20 42 48 12 36 22 35 28 50 37 23 40 1 8 24 21 16 2 11 43 30 19 27 34 7 14 39 6 18 3 29 17 9 47 38 46 5 10 25 15
50,Instances_lowcost_H3/abs5n50,2,50,3912.0,3165.0,1.2360189573459717,0.0692791726884195,33 45 26 44 31 4 49 13 42 48 12 20 36 22 18 3 11 21 1 40 8 24 41 32 50 28 37 23 43 35 30 19 16 2 27 34 7 14 25 39 6 10 5 46 15 29 17 9 47 38
50,Instances_lowcost_H6/abs5n10,0,10,1431.0,1480.0,0.9668918918918918,0.032407407407407406,2 7 9 10 3 1 4 5 6 8
50,Instances_lowcost_H6/abs5n10,1,10,1491.0,1480.0,1.0074324324324324,0.015873015873015872,2 3 1 4 5 6 8 9 7 10
50,Instances_lowcost_H6/abs5n10,2,10,1491.0,1480.0,1.0074324324324324,0.015873015873015872,2 3 1 4 5 6 8 9 7 10
50,Instances_lowcost_H6/abs5n10,3,10,1491.0,1480.0,1.0074324324324324,0.015873015873015872,2 3 1 4 5 6 8 9 7 10
50,Instances_lowcost_H6/abs5n10,4,10,1491.0,1480.0,1.0074324324324324,0.015873015873015872,2 3 1 4 5 6 8 9 7 10
50,Instances_lowcost_H6/abs5n10,5,10,1491.0,1480.0,1.0074324324324324,0.015873015873015872,2 3 1 4 5 6 8 9 7 10
50,Instances_lowcost_H6/abs5n15,0,15,1748.0,1469.0,1.189925119128659,0.08690476190476192,10 7 8 12 11 13 2 5 4 6 3 15 9 1 14
50,Instances_lowcost_H6/abs5n15,1,15,1523.0,1469.0,1.0367597004765146,0.021428571428571432,10 7 8 12 11 13 2 5 4 6 14 3 1 15 9
50,Instances_lowcost_H6/abs5n15,2,15,1523.0,1469.0,1.0367597004765146,0.021428571428571432,10 7 8 12 11 13 2 5 4 6 14 3 1 15 9
50,Instances_lowcost_H6/abs5n15,3,15,1523.0,1469.0,1.0367597004765146,0.021428571428571432,10 7 8 12 11 13 2 5 4 6 14 3 1 15 9
50,Instances_lowcost_H6/abs5n15,4,15,1523.0,1469.0,1.0367597004765146,0.021428571428571432,10 7 8 12 11 13 2 5 4 6 14 3 1 15 9
50,Instances_lowcost_H6/abs5n15,5,15,1523.0,1469.0,1.0367597004765146,0.021428571428571432,10 7 8 12 11 13 2 5 4 6 14 3 1 15 9
50,Instances_lowcost_H6/abs5n20,0,20,2526.0,2221.0,1.1373255290409725,0.06300716827032617,19 17 5 18 8 13 14 16 2 6 9 10 4 11 20 1 3 7 15 12
50,Instances_lowcost_H6/abs5n20,1,20,2657.0,2221.0,1.1963079693831606,0.10341648805271096,19 17 18 5 14 16 2 9 10 6 4 11 20 1 3 13 8 7 15 12
50,Instances_lowcost_H6/abs5n20,2,20,2553.0,2221.0,1.1494822152183701,0.05805729358360938,19 17 5 18 8 13 14 16 2 9 10 6 4 11 20 1 3 7 15 12
50,Instances_lowcost_H6/abs5n20,3,20,2553.0,2221.0,1.1494822152183701,0.05805729358360938,19 17 5 18 8 13 14 16 2 9 10 6 4 11 20 1 3 7 15 12
50,Instances_lowcost_H6/abs5n20,4,20,2553.0,2221.0,1.1494822152183701,0.05805729358360938,19 17 5 18 8 13 14 16 2 9 10 6 4 11 20 1 3 7 15 12
50,Instances_lowcost_H6/abs5n20,5,20,2553.0,2221.0,1.1494822152183701,0.05805729358360938,19 17 5 18 8 13 14 16 2 9 10 6 4 11 20 1 3 7 15 12
50,Instances_lowcost_H6/abs5n25,0,25,2343.0,2284.0,1.025831873905429,0.04705988455988456,17 13 1 21 10 25 22 4 8 18 7 24 9 19 3 23 14 12 16 15 6 20 5 11 2
50,Instances_lowcost_H6/abs5n25,1,25,2536.0,2284.0,1.1103327495621715,0.12257537783853574,2 11 20 1 10 25 22 4 8 18 7 24 9 19 23 3 6 12 14 16 15 21 5 17 13
50,Instances_lowcost_H6/abs5n25,2,25,2685.0,2284.0,1.175569176882662,0.11439611497177286,2 11 20 1 5 17 13 6 23 24 7 18 8 4 25 10 22 21 15 12 14 16 3 19 9
50,Instances_lowcost_H6/abs5n25,3,25,2685.0,2284.0,1.175569176882662,0.11439611497177286,2 11 20 1 5 17 13 6 23 24 7 18 8 4 25 10 22 21 15 12 14 16 3 19 9
50,Instances_lowcost_H6/abs5n25,4,25,2685.0,2284.0,1.175569176882662,0.11439611497177286,2 11 20 1 5 17 13 6 23 24 7 18 8 4 25 10 22 21 15 12 14 16 3 19 9
50,Instances_lowcost_H6/abs5n25,5,25,2685.0,2284.0,1.175569176882662,0.11439611497177286,2 11 20 1 5 17 13 6 23 24 7 18 8 4 25 10 22 21 15 12 14 16 3 19 9
50,Instances_lowcost_H6/abs5n30,0,30,2546.0,2221.0,1.1463304817649707,0.06330594582675439,10 7 23 16 14 8 9 13 4 29 22 21 2 18 27 12 17 6 25 19 15 30 28 11 24 3 20 1 26 5
50,Instances_lowcost_H6/abs5n30,1,30,2770.0,2221.0,1.2471859522737505,0.09282445343464288,7 23 10 17 15 6 30 28 3 20 26 1 24 11 12 5 18 21 22 13 4 29 2 9 8 14 16 25 19 27
50,Instances_lowcost_H6/abs5n30,2,30,2648.0,2221.0,1.1922557406573615,0.07607782706914176,7 10 23 17 15 6 30 28 11 3 20 26 1 24 12 5 18 21 22 13 4 29 2 9 8 14 16 25 19 27
50,Instances_lowcost_H6/abs5n30,3,30,2586.0,2221.0,1.1643403872129672,0.07348108220129107,10 7 23 17 15 6 30 28 11 3 20 26 1 24 12 5 18 21 22 13 4 29 2 9 8 14 16 25 19 27
50,Instances_lowcost_H6/abs5n30,4,30,2586.0,2221.0,1.1643403872129672,0.07348108220129107,10 7 23 17 15 6 30 28 11 3 20 26 1 24 12 5 18 21 22 13 4 29 2 9 8 14 16 25 19 27
50,Instances_lowcost_H6/abs5n30,5,30,2586.0,2221.0,1.1643403872129672,0.07348108220129107,10 7 23 17 15 6 30 28 11 3 20 26 1 24 12 5 18 21 22 13 4 29 2 9 8 14 16 25 19 27
50,Instances_lowcost_H6/abs5n5,0,5,896.0,865.0,1.0358381502890173,0.3333333333333333,3 5 4 2 1
50,Instances_lowcost_H6/abs5n5,1,5,896.0,865.0,1.0358381502890173,0.3333333333333333,3 5 4 2 1
50,Instances_lowcost_H6/abs5n5,2,5,865.0,865.0,1.0,0.3333333333333333,3 5 2 4 1
50,Instances_lowcost_H6/abs5n5,3,5,865.0,865.0,1.0,0.3333333333333333,3 5 2 4 1
50,Instances_lowcost_H6/abs5n5,4,5,865.0,865.0,1.0,0.3333333333333333,3 5 2 4 1
50,Instances_lowcost_H6/abs5n5,5,5,865.0,865.0,1.0,0.3333333333333333,3 5 2 4 1
75,Instances_highcost_H3/abs5n10,0,10,1460.0,1480.0,0.9864864864864865,0.013888888888888888,2 7 9 8 6 5 4 1 3 10
75,Instances_highcost_H3/abs5n10,1,10,1504.0,1480.0,1.0162162162162163,0.05092592592592592,2 7 9 8 6 5 1 4 3 10
75,Instances_highcost_H3/abs5n10,2,10,1460.0,1480.0,0.9864864864864865,0.013888888888888888,2 7 9 8 6 5 4 1 3 10
75,Instances_highcost_H3/abs5n15,0,15,1500.0,1469.0,1.0211027910142954,0.0071428571428571435,10 7 8 12 11 13 2 5 4 14 6 3 1 15 9
75,Instances_highcost_H3/abs5n15,1,15,1554.0,1469.0,1.0578624914908101,0.02077922077922078,10 7 8 13 11 12 2 5 4 14 6 3 1 15 9
75,Instances_highcost_H3/abs5n15,2,15,1523.0,1469.0,1.0367597004765146,0.021428571428571432,10 7 8 12 11 13 2 5 4 6 14 3 1 15 9
75,Instances_highcost_H3/abs5n20,0,20,2698.0,2221.0,1.214768122467357,0.08021462971153373,19 14 17 18 5 8 13 3 1 4 2 6 9 10 11 16 20 12 15 7
75,Instances_highcost_H3/abs5n20,1,20,2589.0,2221.0,1.1656911301215669,0.04296838352565907,19 17 18 8 13 5 14 16 2 6 9 10 11 20 1 3 4 12 15 7
75,Instances_highcost_H3/abs5n20,2,20,2710.0,2221.0,1.220171094101756,0.09496353749449724,19 17 18 5 14 16 2 6 9 10 11 20 1 3 13 8 4 12 15 7
75,Instances_highcost_H3/abs5n25,0,25,2479.0,2284.0,1.0853765323992994,0.06599846303793672,2 11 5 20 1 21 10 25 22 4 8 18 7 24 9 19 3 23 14 12 16 6 13 17 15
75,Instances_highcost_H3/abs5n25,1,25,2509.0,2284.0,1.0985113835376532,0.05590765014139628,2 11 20 1 5 17 13 19 9 3 23 24 7 18 14 16 15 21 10 25 22 4 8 12 6
75,Instances_highcost_H3/abs5n25,2,25,2609.0,2284.0,1.1422942206654991,0.08124465994531783,2 11 20 1 5 17 13 6 23 24 7 18 14 16 12 4 8 22 25 10 21 15 3 19 9
75,Instances_highcost_H3/abs5n30,0,30,2377.0,2221.0,1.0702386312471859,0.02588575460169075,24 3 11 28 7 10 23 17 15 30 12 27 18 2 13 4 29 22 21 9 8 14 16 25 19 6 5 20 1 26
75,Instances_highcost_H3/abs5n30,1,30,2734.0,2221.0,1.2309770373705538,0.03867796787586893,24 20 26 1 3 11 10 7 28 17 15 30 12 27 18 2 13 4 22 29 21 5 9 8 14 19 25 6 23 16
75,Instances_highcost_H3/abs5n30,2,30,2615.0,2221.0,1.1773975686627645,0.05745803013096091,20 26 1 24 3 11 10 7 28 17 15 30 12 5 18 21 22 4 13 29 2 9 8 14 19 25 6 23 16 27
75,Instances_highcost_H3/abs5n35,0,35,3052.0,2679.0,1.139231056364315,0.023698260267389193,10 28 1 18 21 33 2 13 15 9 23 3 6 25 7 20 26 30 29 17 11 12 5 24 32 35 22 14 31 16 27 8 19 34 4
75,Instances_highcost_H3/abs5n35,1,35,3059.0,2679.0,1.1418439716312057,0.039916874409878775,10 28 1 18 21 33 2 13 15 9 23 3 6 25 20 7 26 29 30 22 35 27 31 16 14 32 24 17 12 11 5 8 19 34 4
75,Instances_highcost_H3/abs5n35,2,35,2814.0,2679.0,1.0503919372900337,0.03304475149743692,10 28 1 18 21 33 2 13 12 17 29 26 7 20 14 31 16 27 35 22 32 24 5 11 30 6 25 3 23 9 15 34 4 19 8
75,Instances_highcost_H3/abs5n40,0,40,3159.0,2647.0,1.1934265205893464,0.06925886247153216,4 30 31 13 3 19 38 18 6 34 17 25 8 2 32 15 33 24 40 5 10 23 35 28 36 11 37 20 9 1 29 7 16 12 14 22 39 26 27 21
75,Instances_highcost_H3/abs5n40,1,40,3470.0,2647.0,1.3109180204004534,0.07526137608634821,4 30 6 18 31 3 13 19 38 8 25 17 22 12 2 32 15 33 24 40 5 10 23 28 36 11 16 7 20 9 1 29 37 14 26 39 34 21 27 35
75,Instances_highcost_H3/abs5n40,2,40,3446.0,2647.0,1.3018511522478278,0.061817535042941574,4 30 31 3 13 19 38 18 6 34 8 25 17 22 26 12 2 32 15 33 24 40 5 10 23 28 36 11 16 7 20 9 1 29 37 14 39 27 21 35
75,Instances_highcost_H3/abs5n45,0,45,3359.0,2475.0,1.3571717171717173,0.06462105327263555,22 5 36 41 23 3 38 10 43 45 32 42 30 14 9 6 40 27 13 21 33 28 19 39 15 16 4 34 17 31 2 26 7 18 1 25 12 29 20 8 37 11 24 44 35
75,Instances_highcost_H3/abs5n45,1,45,3516.0,2475.0,1.4206060606060606,0.08151795046390804,2 19 38 3 23 41 36 5 30 14 22 32 10 43 45 39 15 16 4 34 17 44 11 7 31 26 18 33 6 27 40 21 13 25 8 35 37 24 1 28 42 9 12 29 20
75,Instances_highcost_H3/abs5n45,2,45,3303.0,2475.0,1.3345454545454545,0.041845746432205115,2 19 38 3 23 41 36 5 30 14 22 42 10 43 4 16 15 39 34 17 44 11 24 7 31 26 18 37 8 35 29 21 6 27 40 33 28 1 12 25 13 20 9 32 45
75,Instances_highcost_H3/abs5n5,0,5,1010.0,865.0,1.1676300578034682,0.08333333333333333,3 5 4 1 2
75,Instances_highcost_H3/abs5n5,1,5,1010.0,865.0,1.1676300578034682,0.08333333333333333,3 5 4 1 2
75,Instances_highcost_H3/abs5n5,2,5,1010.0,865.0,1.1676300578034682,0.08333333333333333,3 5 4 1 2
75,Instances_highcost_H3/abs5n50,0,50,3519.0,3165.0,1.1118483412322275,0.03533864021545954,33 45 26 44 31 4 49 13 20 42 48 12 36 22 38 47 35 37 50 32 41 23 28 43 30 17 9 11 29 2 21 19 8 1 40 24 27 16 15 3 18 46 5 39 6 10 25 14 7 34
75,Instances_highcost_H3/abs5n50,1,50,3924.0,3165.0,1.2398104265402843,0.03809167754567934,33 45 26 44 31 4 49 13 20 42 48 12 36 22 38 18 3 11 43 23 41 32 50 28 37 35 30 8 1 40 24 19 21 16 2 27 34 7 14 39 6 10 5 46 15 29 17 9 47 25
75,Instances_highcost_H3/abs5n50,2,50,3617.0,3165.0,1.1428120063191154,0.0651854813503659,33 45 26 44 31 4 49 13 20 42 48 12 36 22 38 3 11 2 21 24 1 40 8 19 16 27 34 7 14 25 39 6 10 5 18 15 29 43 28 50 32 41 23 30 17 35 37 9 47 46
75,Instances_highcost_H6/abs5n10,0,10,1460.0,1480.0,0.9864864864864865,0.013888888888888888,2 7 9 8 6 5 4 1 3 10
75,Instances_highcost_H6/abs5n10,1,10,1504.0,1480.0,1.0162162162162163,0.05092592592592592,2 7 9 8 6 5 1 4 3 10
75,Instances_highcost_H6/abs5n10,2,10,1460.0,1480.0,0.9864864864864865,0.013888888888888888,2 7 9 8 6 5 4 1 3 10
75,Instances_highcost_H6/abs5n10,3,10,1460.0,1480.0,0.9864864864864865,0.013888888888888888,2 7 9 8 6 5 4 1 3 10
75,Instances_highcost_H6/abs5n10,4,10,1460.0,1480.0,0.9864864864864865,0.013888888888888888,2 7 9 8 6 5 4 1 3 10
75,Instances_highcost_H6/abs5n10,5,10,1460.0,1480.0,0.9864864864864865,0.013888888888888888,2 7 9 8 6 5 4 1 3 10
75,Instances_highcost_H6/abs5n15,0,15,1500.0,1469.0,1.0211027910142954,0.0071428571428571435,10 7 8 12 11 13 2 5 4 14 6 3 1 15 9
75,Instances_highcost_H6/abs5n15,1,15,1554.0,1469.0,1.0578624914908101,0.02077922077922078,10 7 8 13 11 12 2 5 4 14 6 3 1 15 9
75,Instances_highcost_H6/abs5n15,2,15,1523.0,1469.0,1.0367597004765146,0.021428571428571432,10 7 8 12 11 13 2 5 4 6 14 3 1 15 9
75,Instances_highcost_H6/abs5n15,3,15,1523.0,1469.0,1.0367597004765146,0.021428571428571432,10 7 8 12 11 13 2 5 4 6 14 3 1 15 9
75,Instances_highcost_H6/abs5n15,4,15,1523.0,1469.0,1.0367597004765146,0.021428571428571432,10 7 8 12 11 13 2 5 4 6 14 3 1 15 9
75,Instances_highcost_H6/abs5n15,5,15,1523.0,1469.0,1.0367597004765146,0.021428571428571432,10 7 8 12 11 13 2 5 4 6 14 3 1 15 9
75,Instances_highcost_H6/abs5n20,0,20,2698.0,2221.0,1.214768122467357,0.08021462971153373,19 14 17 18 5 8 13 3 1 4 2 6 9 10 11 16 20 12 15 7
75,Instances_highcost_H6/abs5n20,1,20,2589.0,2221.0,1.1656911301215669,0.04296838352565907,19 17 18 8 13 5 14 16 2 6 9 10 11 20 1 3 4 12 15 7
75,Instances_highcost_H6/abs5n20,2,20,2710.0,2221.0,1.220171094101756,0.09496353749449724,19 17 18 5 14 16 2 6 9 10 11 20 1 3 13 8 4 12 15 7
75,Instances_highcost_H6/abs5n20,3,20,2599.0,2221.0,1.1701936064835659,0.04827694235588973,19 17 5 14 16 2 6 9 10 11 20 1 3 4 18 8 13 7 15 12
75,Instances_highcost_H6/abs5n20,4,20,2599.0,2221.0,1.1701936064835659,0.04827694235588973,19 17 5 14 16 2 6 9 10 11 20 1 3 4 18 8 13 7 15 12
75,Instances_highcost_H6/abs5n20,5,20,2599.0,2221.0,1.1701936064835659,0.04827694235588973,19 17 5 14 16 2 6 9 10 11 20 1 3 4 18 8 13 7 15 12
75,Instances_highcost_H6/abs5n25,0,25,2479.0,2284.0,1.0853765323992994,0.06599846303793672,2 11 5 20 1 21 10 25 22 4 8 18 7 24 9 19 3 23 14 12 16 6 13 17 15
75,Instances_highcost_H6/abs5n25,1,25,2509.0,2284.0,1.0985113835376532,0.05590765014139628,2 11 20 1 5 17 13 19 9 3 23 24 7 18 14 16 15 21 10 25 22 4 8 12 6
75,Instances_highcost_H6/abs5n25,2,25,2609.0,2284.0,1.1422942206654991,0.08124465994531783,2 11 20 1 5 17 13 6 23 24 7 18 14 16 12 4 8 22 25 10 21 15 3 19 9
75,Instances_highcost_H6/abs5n25,3,25,2514.0,2284.0,1.1007005253940456,0.09801053296119085,2 11 20 5 1 17 13 6 23 24 7 18 14 16 15 21 10 25 22 4 8 12 9 19 3
75,Instances_highcost_H6/abs5n25,4,25,2569.0,2284.0,1.1247810858143608,0.07926053296119086,2 11 20 5 1 17 13 6 23 24 7 18 14 16 12 4 8 22 25 10 21 15 3 19 9
75,Instances_highcost_H6/abs5n25,5,25,2569.0,2284.0,1.1247810858143608,0.07926053296119086,2 11 20 5 1 17 13 6 23 24 7 18 14 16 12 4 8 22 25 10 21 15 3 19 9
75,Instances_highcost_H6/abs5n30,0,30,2377.0,2221.0,1.0702386312471859,0.02588575460169075,24 3 11 28 7 10 23 17 15 30 12 27 18 2 13 4 29 22 21 9 8 14 16 25 19 6 5 20 1 26
75,Instances_highcost_H6/abs5n30,1,30,2734.0,2221.0,1.2309770373705538,0.03867796787586893,24 20 26 1 3 11 10 7 28 17 15 30 12 27 18 2 13 4 22 29 21 5 9 8 14 19 25 6 23 16
75,Instances_highcost_H6/abs5n30,2,30,2615.0,2221.0,1.1773975686627645,0.05745803013096091,20 26 1 24 3 11 10 7 28 17 15 30 12 5 18 21 22 4 13 29 2 9 8 14 19 25 6 23 16 27
75,Instances_highcost_H6/abs5n30,3,30,2612.0,2221.0,1.1760468257541647,0.038061478406822974,20 26 1 24 3 11 10 7 28 17 15 30 12 27 18 21 22 4 13 29 2 9 8 14 19 25 6 23 16 5
75,Instances_highcost_H6/abs5n30,4,30,2612.0,2221.0,1.1760468257541647,0.038061478406822974,20 26 1 24 3 11 10 7 28 17 15 30 12 27 18 21 22 4 13 29 2 9 8 14 19 25 6 23 16 5
75,Instances_highcost_H6/abs5n30,5,30,2612.0,2221.0,1.1760468257541647,0.038061478406822974,20 26 1 24 3 11 10 7 28 17 15 30 12 27 18 21 22 4 13 29 2 9 8 14 19 25 6 23 16 5
75,Instances_highcost_H6/abs5n5,0,5,1010.0,865.0,1.1676300578034682,0.08333333333333333,3 5 4 1 2
75,Instances_highcost_H6/abs5n5,1,5,1010.0,865.0,1.1676300578034682,0.08333333333333333,3 5 4 1 2
75,Instances_highcost_H6/abs5n5,2,5,1010.0,865.0,1.1676300578034682,0.08333333333333333,3 5 4 1 2
75,Instances_highcost_H6/abs5n5,3,5,1010.0,865.0,1.1676300578034682,0.08333333333333333,3 5 4 1 2
75,Instances_highcost_H6/abs5n5,4,5,1010.0,865.0,1.1676300578034682,0.08333333333333333,3 5 4 1 2
75,Instances_highcost_H6/abs5n5,5,5,1010.0,865.0,1.1676300578034682,0.08333333333333333,3 5 4 1 2
75,Instances_lowcost_H3/abs5n10,0,10,1460.0,1480.0,0.9864864864864865,0.013888888888888888,2 7 9 8 6 5 4 1 3 10
75,Instances_lowcost_H3/abs5n10,1,10,1504.0,1480.0,1.0162162162162163,0.05092592592592592,2 7 9 8 6 5 1 4 3 10
75,Instances_lowcost_H3/abs5n10,2,10,1460.0,1480.0,0.9864864864864865,0.013888888888888888,2 7 9 8 6 5 4 1 3 10
75,Instances_lowcost_H3/abs5n15,0,15,1500.0,1469.0,1.0211027910142954,0.0071428571428571435,10 7 8 12 11 13 2 5 4 14 6 3 1 15 9
75,Instances_lowcost_H3/abs5n15,1,15,1554.0,1469.0,1.0578624914908101,0.02077922077922078,10 7 8 13 11 12 2 5 4 14 6 3 1 15 9
75,Instances_lowcost_H3/abs5n15,2,15,1523.0,1469.0,1.0367597004765146,0.021428571428571432,10 7 8 12 11 13 2 5 4 6 14 3 1 15 9
75,Instances_lowcost_H3/abs5n20,0,20,2698.0,2221.0,1.214768122467357,0.08021462971153373,19 14 17 18 5 8 13 3 1 4 2 6 9 10 11 16 20 12 15 7
75,Instances_lowcost_H3/abs5n20,1,20,2589.0,2221.0,1.1656911301215669,0.04296838352565907,19 17 18 8 13 5 14 16 2 6 9 10 11 20 1 3 4 12 15 7
75,Instances_lowcost_H3/abs5n20,2,20,2710.0,2221.0,1.220171094101756,0.09496353749449724,19 17 18 5 14 16 2 6 9 10 11 20 1 3 13 8 4 12 15 7
75,Instances_lowcost_H3/abs5n25,0,25,2479.0,2284.0,1.0853765323992994,0.06599846303793672,2 11 5 20 1 21 10 25 22 4 8 18 7 24 9 19 3 23 14 12 16 6 13 17 15
75,Instances_lowcost_H3/abs5n25,1,25,2509.0,2284.0,1.0985113835376532,0.05590765014139628,2 11 20 1 5 17 13 19 9 3 23 24 7 18 14 16 15 21 10 25 22 4 8 12 6
75,Instances_lowcost_H3/abs5n25,2,25,2609.0,2284.0,1.1422942206654991,0.08124465994531783,2 11 20 1 5 17 13 6 23 24 7 18 14 16 12 4 8 22 25 10 21 15 3 19 9
75,Instances_lowcost_H3/abs5n30,0,30,2377.0,2221.0,1.0702386312471859,0.02588575460169075,24 3 11 28 7 10 23 17 15 30 12 27 18 2 13 4 29 22 21 9 8 14 16 25 19 6 5 20 1 26
75,Instances_lowcost_H3/abs5n30,1,30,2734.0,2221.0,1.2309770373705538,0.03867796787586893,24 20 26 1 3 11 10 7 28 17 15 30 12 27 18 2 13 4 22 29 21 5 9 8 14 19 25 6 23 16
75,Instances_lowcost_H3/abs5n30,2,30,2615.0,2221.0,1.1773975686627645,0.05745803013096091,20 26 1 24 3 11 10 7 28 17 15 30 12 5 18 21 22 4 13 29 2 9 8 14 19 25 6 23 16 27
75,Instances_lowcost_H3/abs5n35,0,35,3052.0,2679.0,1.139231056364315,0.023698260267389193,10 28 1 18 21 33 2 13 15 9 23 3 6 25 7 20 26 30 29 17 11 12 5 24 32 35 22 14 31 16 27 8 19 34 4
75,Instances_lowcost_H3/abs5n35,1,35,3059.0,2679.0,1.1418439716312057,0.039916874409878775,10 28 1 18 21 33 2 13 15 9 23 3 6 25 20 7 26 29 30 22 35 27 31 16 14 32 24 17 12 11 5 8 19 34 4
75,Instances_lowcost_H3/abs5n35,2,35,2814.0,2679.0,1.0503919372900337,0.03304475149743692,10 28 1 18 21 33 2 13 12 17 29 26 7 20 14 31 16 27 35 22 32 24 5 11 30 6 25 3 23 9 15 34 4 19 8
75,Instances_lowcost_H3/abs5n40,0,40,3159.0,2647.0,1.1934265205893464,0.06925886247153216,4 30 31 13 3 19 38 18 6 34 17 25 8 2 32 15 33 24 40 5 10 23 35 28 36 11 37 20 9 1 29 7 16 12 14 22 39 26 27 21
75,Instances_lowcost_H3/abs5n40,1,40,3470.0,2647.0,1.3109180204004534,0.07526137608634821,4 30 6 18 31 3 13 19 38 8 25 17 22 12 2 32 15 33 24 40 5 10 23 28 36 11 16 7 20 9 1 29 37 14 26 39 34 21 27 35
75,Instances_lowcost_H3/abs5n40,2,40,3446.0,2647.0,1.3018511522478278,0.061817535042941574,4 30 31 3 13 19 38 18 6 34 8 25 17 22 26 12 2 32 15 33 24 40 5 10 23 28 36 11 16 7 20 9 1 29 37 14 39 27 21 35
75,Instances_lowcost_H3/abs5n45,0,45,3359.0,2475.0,1.3571717171717173,0.06462105327263555,22 5 36 41 23 3 38 10 43 45 32 42 30 14 9 6 40 27 13 21 33 28 19 39 15 16 4 34 17 31 2 26 7 18 1 25 12 29 20 8 37 11 24 44 35
75,Instances_lowcost_H3/abs5n45,1,45,3516.0,2475.0,1.4206060606060606,0.08151795046390804,2 19 38 3 23 41 36 5 30 14 22 32 10 43 45 39 15 16 4 34 17 44 11 7 31 26 18 33 6 27 40 21 13 25 8 35 37 24 1 28 42 9 12 29 20
75,Instances_lowcost_H3/abs5n45,2,45,3303.0,2475.0,1.3345454545454545,0.041845746432205115,2 19 38 3 23 41 36 5 30 14 22 42 10 43 4 16 15 39 34 17 44 11 24 7 31 26 18 37 8 35 29 21 6 27 40 33 28 1 12 25 13 20 9 32 45
75,Instances_lowcost_H3/abs5n5,0,5,1010.0,865.0,1.1676300578034682,0.08333333333333333,3 5 4 1 2
75,Instances_lowcost_H3/abs5n5,1,5,1010.0,865.0,1.1676300578034682,0.08333333333333333,3 5 4 1 2
75,Instances_lowcost_H3/abs5n5,2,5,1010.0,865.0,1.1676300578034682,0.08333333333333333,3 5 4 1 2
75,Instances_lowcost_H3/abs5n50,0,50,3519.0,3165.0,1.1118483412322275,0.03533864021545954,33 45 26 44 31 4 49 13 20 42 48 12 36 22 38 47 35 37 50 32 41 23 28 43 30 17 9 11 29 2 21 19 8 1 40 24 27 16 15 3 18 46 5 39 6 10 25 14 7 34
75,Instances_lowcost_H3/abs5n50,1,50,3924.0,3165.0,1.2398104265402843,0.03809167754567934,33 45 26 44 31 4 49 13 20 42 48 12 36 22 38 18 3 11 43 23 41 32 50 28 37 35 30 8 1 40 24 19 21 16 2 27 34 7 14 39 6 10 5 46 15 29 17 9 47 25
75,Instances_lowcost_H3/abs5n50,2,50,3617.0,3165.0,1.1428120063191154,0.0651854813503659,33 45 26 44 31 4 49 13 20 42 48 12 36 22 38 3 11 2 21 24 1 40 8 19 16 27 34 7 14 25 39 6 10 5 18 15 29 43 28 50 32 41 23 30 17 35 37 9 47 46
75,Instances_lowcost_H6/abs5n10,0,10,1460.0,1480.0,0.9864864864864865,0.013888888888888888,2 7 9 8 6 5 4 1 3 10
75,Instances_lowcost_H6/abs5n10,1,10,1504.0,1480.0,1.0162162162162163,0.05092592592592592,2 7 9 8 6 5 1 4 3 10
75,Instances_lowcost_H6/abs5n10,2,10,1460.0,1480.0,0.9864864864864865,0.013888888888888888,2 7 9 8 6 5 4 1 3 10
75,Instances_lowcost_H6/abs5n10,3,10,1460.0,1480.0,0.9864864864864865,0.013888888888888888,2 7 9 8 6 5 4 1 3 10
75,Instances_lowcost_H6/abs5n10,4,10,1460.0,1480.0,0.9864864864864865,0.013888888888888888,2 7 9 8 6 5 4 1 3 10
75,Instances_lowcost_H6/abs5n10,5,10,1460.0,1480.0,0.9864864864864865,0.013888888888888888,2 7 9 8 6 5 4 1 3 10
75,Instances_lowcost_H6/abs5n15,0,15,1500.0,1469.0,1.0211027910142954,0.0071428571428571435,10 7 8 12 11 13 2 5 4 14 6 3 1 15 9
75,Instances_lowcost_H6/abs5n15,1,15,1554.0,1469.0,1.0578624914908101,0.02077922077922078,10 7 8 13 11 12 2 5 4 14 6 3 1 15 9
75,Instances_lowcost_H6/abs5n15,2,15,1523.0,1469.0,1.0367597004765146,0.021428571428571432,10 7 8 12 11 13 2 5 4 6 14 3 1 15 9
75,Instances_lowcost_H6/abs5n15,3,15,1523.0,1469.0,1.0367597004765146,0.021428571428571432,10 7 8 12 11 13 2 5 4 6 14 3 1 15 9
75,Instances_lowcost_H6/abs5n15,4,15,1523.0,1469.0,1.0367597004765146,0.021428571428571432,10 7 8 12 11 13 2 5 4 6 14 3 1 15 9
75,Instances_lowcost_H6/abs5n15,5,15,1523.0,1469.0,1.0367597004765146,0.021428571428571432,10 7 8 12 11 13 2 5 4 6 14 3 1 15 9
75,Instances_lowcost_H6/abs5n20,0,20,2698.0,2221.0,1.214768122467357,0.08021462971153373,19 14 17 18 5 8 13 3 1 4 2 6 9 10 11 16 20 12 15 7
75,Instances_lowcost_H6/abs5n20,1,20,2589.0,2221.0,1.1656911301215669,0.04296838352565907,19 17 18 8 13 5 14 16 2 6 9 10 11 20 1 3 4 12 15 7
75,Instances_lowcost_H6/abs5n20,2,20,2710.0,2221.0,1.220171094101756,0.09496353749449724,19 17 18 5 14 16 2 6 9 10 11 20 1 3 13 8 4 12 15 7
75,Instances_lowcost_H6/abs5n20,3,20,2599.0,2221.0,1.1701936064835659,0.04827694235588973,19 17 5 14 16 2 6 9 10 11 20 1 3 4 18 8 13 7 15 12
75,Instances_lowcost_H6/abs5n20,4,20,2599.0,2221.0,1.1701936064835659,0.04827694235588973,19 17 5 14 16 2 6 9 10 11 20 1 3 4 18 8 13 7 15 12
75,Instances_lowcost_H6/abs5n20,5,20,2599.0,2221.0,1.1701936064835659,0.04827694235588973,19 17 5 14 16 2 6 9 10 11 20 1 3 4 18 8 13 7 15 12
75,Instances_lowcost_H6/abs5n25,0,25,2479.0,2284.0,1.0853765323992994,0.06599846303793672,2 11 5 20 1 21 10 25 22 4 8 18 7 24 9 19 3 23 14 12 16 6 13 17 15
75,Instances_lowcost_H6/abs5n25,1,25,2509.0,2284.0,1.0985113835376532,0.05590765014139628,2 11 20 1 5 17 13 19 9 3 23 24 7 18 14 16 15 21 10 25 22 4 8 12 6
75,Instances_lowcost_H6/abs5n25,2,25,2609.0,2284.0,1.1422942206654991,0.08124465994531783,2 11 20 1 5 17 13 6 23 24 7 18 14 16 12 4 8 22 25 10 21 15 3 19 9
75,Instances_lowcost_H6/abs5n25,3,25,2514.0,2284.0,1.1007005253940456,0.09801053296119085,2 11 20 5 1 17 13 6 23 24 7 18 14 16 15 21 10 25 22 4 8 12 9 19 3
75,Instances_lowcost_H6/abs5n25,4,25,2569.0,2284.0,1.1247810858143608,0.07926053296119086,2 11 20 5 1 17 13 6 23 24 7 18 14 16 12 4 8 22 25 10 21 15 3 19 9
75,Instances_lowcost_H6/abs5n25,5,25,2569.0,2284.0,1.1247810858143608,0.07926053296119086,2 11 20 5 1 17 13 6 23 24 7 18 14 16 12 4 8 22 25 10 21 15 3 19 9
75,Instances_lowcost_H6/abs5n30,0,30,2377.0,2221.0,1.0702386312471859,0.02588575460169075,24 3 11 28 7 10 23 17 15 30 12 27 18 2 13 4 29 22 21 9 8 14 16 25 19 6 5 20 1 26
75,Instances_lowcost_H6/abs5n30,1,30,2734.0,2221.0,1.2309770373705538,0.03867796787586893,24 20 26 1 3 11 10 7 28 17 15 30 12 27 18 2 13 4 22 29 21 5 9 8 14 19 25 6 23 16
75,Instances_lowcost_H6/abs5n30,2,30,2615.0,2221.0,1.1773975686627645,0.05745803013096091,20 26 1 24 3 11 10 7 28 17 15 30 12 5 18 21 22 4 13 29 2 9 8 14 19 25 6 23 16 27
75,Instances_lowcost_H6/abs5n30,3,30,2612.0,2221.0,1.1760468257541647,0.038061478406822974,20 26 1 24 3 11 10 7 28 17 15 30 12 27 18 21 22 4 13 29 2 9 8 14 19 25 6 23 16 5
75,Instances_lowcost_H6/abs5n30,4,30,2612.0,2221.0,1.1760468257541647,0.038061478406822974,20 26 1 24 3 11 10 7 28 17 15 30 12 27 18 21 22 4 13 29 2 9 8 14 19 25 6 23 16 5
75,Instances_lowcost_H6/abs5n30,5,30,2612.0,2221.0,1.1760468257541647,0.038061478406822974,20 26 1 24 3 11 10 7 28 17 15 30 12 27 18 21 22 4 13 29 2 9 8 14 19 25 6 23 16 5
75,Instances_lowcost_H6/abs5n5,0,5,1010.0,865.0,1.1676300578034682,0.08333333333333333,3 5 4 1 2
75,Instances_lowcost_H6/abs5n5,1,5,1010.0,865.0,1.1676300578034682,0.08333333333333333,3 5 4 1 2
75,Instances_lowcost_H6/abs5n5,2,5,1010.0,865.0,1.1676300578034682,0.08333333333333333,3 5 4 1 2
75,Instances_lowcost_H6/abs5n5,3,5,1010.0,865.0,1.1676300578034682,0.08333333333333333,3 5 4 1 2
75,Instances_lowcost_H6/abs5n5,4,5,1010.0,865.0,1.1676300578034682,0.08333333333333333,3 5 4 1 2
75,Instances_lowcost_H6/abs5n5,5,5,1010.0,865.0,1.1676300578034682,0.08333333333333333,3 5 4 1 2
100,Instances_highcost_H3/abs5n10,0,10,1734.0,1480.0,1.1716216216216215,0.11419753086419752,8 9 7 10 3 2 5 6 4 1
100,Instances_highcost_H3/abs5n10,1,10,1734.0,1480.0,1.1716216216216215,0.11419753086419752,8 9 7 10 3 2 5 6 4 1
100,Instances_highcost_H3/abs5n10,2,10,1499.0,1480.0,1.0128378378378378,0.08641975308641975,8 9 7 10 3 1 4 5 6 2
100,Instances_highcost_H3/abs5n15,0,15,1539.0,1469.0,1.047651463580667,0.012987012987012988,10 7 8 11 13 12 2 5 4 14 6 3 1 15 9
100,Instances_highcost_H3/abs5n15,1,15,1500.0,1469.0,1.0211027910142954,0.0071428571428571435,10 7 8 12 11 13 2 5 4 14 6 3 1 15 9
100,Instances_highcost_H3/abs5n15,2,15,1500.0,1469.0,1.0211027910142954,0.0071428571428571435,10 7 8 12 11 13 2 5 4 14 6 3 1 15 9
100,Instances_highcost_H3/abs5n20,0,20,2416.0,2221.0,1.0877982890589823,0.06096491228070175,19 17 5 18 13 8 14 16 4 2 6 10 9 11 1 3 7 15 12 20
100,Instances_highcost_H3/abs5n20,1,20,2758.0,2221.0,1.2417829806393517,0.03802705292643373,19 17 18 5 14 8 13 3 1 20 11 6 2 4 16 10 9 12 15 7
100,Instances_highcost_H3/abs5n20,2,20,2345.0,2221.0,1.0558307068887889,0.08368534200577543,19 17 18 5 14 16 2 6 9 10 11 20 12 15 7 13 8 3 1 4
100,Instances_highcost_H3/abs5n25,0,25,2392.0,2284.0,1.0472854640980735,0.09631442814008602,17 13 3 19 9 24 7 18 23 14 12 8 4 22 25 10 21 15 16 6 1 5 2 11 20
100,Instances_highcost_H3/abs5n25,1,25,2427.0,2284.0,1.0626094570928195,0.06796233790719085,17 13 5 2 11 20 1 6 3 19 9 24 7 18 23 14 16 12 4 8 22 25 10 21 15
100,Instances_highcost_H3/abs5n25,2,25,2497.0,2284.0,1.0932574430823117,0.11205956012941305,17 13 5 2 11 20 1 6 3 19 9 24 7 18 8 4 22 25 10 21 15 12 14 23 16
100,Instances_highcost_H3/abs5n30,0,30,2456.0,2221.0,1.1058081945069789,0.03660732626249868,24 20 1 26 3 11 28 7 10 23 17 15 30 12 27 18 29 4 13 22 21 2 9 8 14 16 25 19 6 5
100,Instances_highcost_H3/abs5n30,1,30,2676.0,2221.0,1.204862674470959,0.025001564553476435,1 26 20 24 3 11 28 10 7 17 30 15 6 25 19 14 8 9 13 4 29 22 21 2 18 27 12 5 23 16
100,Instances_highcost_H3/abs5n30,2,30,2663.0,2221.0,1.1990094552003603,0.027669605984894804,26 1 20 24 3 11 28 7 10 23 6 25 19 14 8 9 13 4 29 22 21 2 18 5 12 27 15 17 30 16
100,Instances_highcost_H3/abs5n35,0,35,2768.0,2679.0,1.0332213512504667,0.03765058470940824,10 28 1 18 21 33 2 13 23 3 6 25 7 20 14 31 16 27 35 22 26 30 29 17 11 12 9 4 34 15 19 8 5 24 32
100,Instances_highcost_H3/abs5n35,1,35,2755.0,2679.0,1.0283687943262412,0.07044029283260675,10 28 1 18 21 33 2 13 15 4 34 19 8 9 23 3 6 25 20 7 14 31 16 27 35 26 29 30 22 17 11 12 5 24 32
100,Instances_highcost_H3/abs5n35,2,35,2801.0,2679.0,1.0455393803658082,0.04661326202028181,10 28 1 18 21 33 2 13 15 4 34 19 8 9 23 3 6 25 7 20 14 31 16 27 35 26 30 29 17 11 12 5 24 32 22
100,Instances_highcost_H3/abs5n40,0,40,3160.0,2647.0,1.1938043067623725,0.060821061590333424,30 4 6 18 38 31 13 3 19 9 15 33 24 40 5 10 23 35 28 36 16 29 32 20 1 7 2 37 12 14 11 22 26 39 25 8 17 34 27 21
100,Instances_highcost_H3/abs5n40,1,40,3036.0,2647.0,1.1469588213071402,0.05803780277129928,6 4 30 31 13 3 19 38 8 25 18 34 26 22 12 7 24 15 33 40 5 10 23 35 28 36 21 27 11 16 29 1 20 32 9 2 37 14 39 17
100,Instances_highcost_H3/abs5n40,2,40,2958.0,2647.0,1.117491499811107,0.03344321669038441,6 4 30 31 13 3 19 38 18 34 21 28 35 10 5 40 24 15 33 32 9 2 20 7 1 29 16 37 12 14 11 36 23 27 26 22 39 17 8 25
100,Instances_highcost_H3/abs5n45,0,45,3189.0,2475.0,1.2884848484848486,0.05042571998163523,9 14 5 36 41 23 3 38 10 32 42 30 22 45 43 19 2 28 6 27 13 40 21 25 20 29 8 35 37 12 33 1 18 26 31 39 15 16 4 34 17 11 44 24 7
100,Instances_highcost_H3/abs5n45,1,45,2860.0,2475.0,1.1555555555555554,0.023003504208806026,33 6 27 13 40 21 25 20 29 8 35 37 18 26 31 2 19 38 3 23 41 36 5 30 14 22 42 32 10 43 45 39 15 16 4 34 24 44 17 11 7 1 12 28 9
100,Instances_highcost_H3/abs5n45,2,45,3062.0,2475.0,1.2371717171717171,0.061159300298292155,33 9 14 5 36 41 23 3 38 10 43 32 42 30 22 45 19 39 16 15 4 2 31 26 7 17 44 24 11 34 37 8 35 20 29 13 27 6 40 21 25 12 1 28 18
100,Instances_highcost_H3/abs5n5,0,5,1010.0,865.0,1.1676300578034682,0.08333333333333333,3 5 4 1 2
100,Instances_highcost_H3/abs5n5,1,5,1010.0,865.0,1.1676300578034682,0.08333333333333333,3 5 4 1 2
100,Instances_highcost_H3/abs5n5,2,5,1010.0,865.0,1.1676300578034682,0.08333333333333333,3 5 4 1 2
100,Instances_highcost_H3/abs5n50,0,50,3416.0,3165.0,1.079304897314376,0.03152403608990622,45 33 41 32 26 44 31 49 13 20 42 48 12 36 22 38 18 46 5 39 6 10 14 25 7 34 27 16 2 15 3 11 47 35 37 4 50 28 43 9 17 23 30 29 21 19 8 40 1 24
100,Instances_highcost_H3/abs5n50,1,50,3386.0,3165.0,1.069826224328594,0.06024593973985441,45 33 41 32 26 44 31 4 49 13 20 42 48 12 36 5 39 14 25 6 10 46 18 22 38 3 11 29 2 16 21 19 24 1 40 8 27 34 7 15 47 9 35 37 50 28 43 23 30 17
100,Instances_highcost_H3/abs5n50,2,50,3418.0,3165.0,1.0799368088467614,0.05000921137989005,45 33 32 26 44 31 4 49 13 20 42 48 12 36 22 38 18 3 46 6 39 5 10 14 25 7 34 27 16 21 19 24 1 40 8 2 15 11 29 47 35 37 28 50 41 23 43 30 17 9
100,Instances_highcost_H6/abs5n10,0,10,1734.0,1480.0,1.1716216216216215,0.11419753086419752,8 9 7 10 3 2 5 6 4 1
100,Instances_highcost_H6/abs5n10,1,10,1734.0,1480.0,1.1716216216216215,0.11419753086419752,8 9 7 10 3 2 5 6 4 1
100,Instances_highcost_H6/abs5n10,2,10,1499.0,1480.0,1.0128378378378378,0.08641975308641975,8 9 7 10 3 1 4 5 6 2
100,Instances_highcost_H6/abs5n10,3,10,1499.0,1480.0,1.0128378378378378,0.08641975308641975,8 9 7 10 3 1 4 5 6 2
100,Instances_highcost_H6/abs5n10,4,10,1499.0,1480.0,1.0128378378378378,0.08641975308641975,8 9 7 10 3 1 4 5 6 2
100,Instances_highcost_H6/abs5n10,5,10,1499.0,1480.0,1.0128378378378378,0.08641975308641975,8 9 7 10 3 1 4 5 6 2
100,Instances_highcost_H6/abs5n15,0,15,1539.0,1469.0,1.047651463580667,0.012987012987012988,10 7 8 11 13 12 2 5 4 14 6 3 1 15 9
100,Instances_highcost_H6/abs5n15,1,15,1500.0,1469.0,1.0211027910142954,0.0071428571428571435,10 7 8 12 11 13 2 5 4 14 6 3 1 15 9
100,Instances_highcost_H6/abs5n15,2,15,1500.0,1469.0,1.0211027910142954,0.0071428571428571435,10 7 8 12 11 13 2 5 4 14 6 3 1 15 9
100,Instances_highcost_H6/abs5n15,3,15,1500.0,1469.0,1.0211027910142954,0.0071428571428571435,10 7 8 12 11 13 2 5 4 14 6 3 1 15 9
100,Instances_highcost_H6/abs5n15,4,15,1500.0,1469.0,1.0211027910142954,0.0071428571428571435,10 7 8 12 11 13 2 5 4 14 6 3 1 15 9
100,Instances_highcost_H6/abs5n15,5,15,1500.0,1469.0,1.0211027910142954,0.0071428571428571435,10 7 8 12 11 13 2 5 4 14 6 3 1 15 9
100,Instances_highcost_H6/abs5n20,0,20,2416.0,2221.0,1.0877982890589823,0.06096491228070175,19 17 5 18 13 8 14 16 4 2 6 10 9 11 1 3 7 15 12 20
100,Instances_highcost_H6/abs5n20,1,20,2758.0,2221.0,1.2417829806393517,0.03802705292643373,19 17 18 5 14 8 13 3 1 20 11 6 2 4 16 10 9 12 15 7
100,Instances_highcost_H6/abs5n20,2,20,2345.0,2221.0,1.0558307068887889,0.08368534200577543,19 17 18 5 14 16 2 6 9 10 11 20 12 15 7 13 8 3 1 4
100,Instances_highcost_H6/abs5n20,3,20,2492.0,2221.0,1.1220171094101756,0.045420536635706915,19 17 18 5 14 16 4 2 6 9 10 20 11 1 3 8 13 7 15 12
100,Instances_highcost_H6/abs5n20,4,20,2492.0,2221.0,1.1220171094101756,0.045420536635706915,19 17 18 5 14 16 4 2 6 9 10 20 11 1 3 8 13 7 15 12
100,Instances_highcost_H6/abs5n20,5,20,2492.0,2221.0,1.1220171094101756,0.045420536635706915,19 17 18 5 14 16 4 2 6 9 10 20 11 1 3 8 13 7 15 12
100,Instances_highcost_H6/abs5n25,0,25,2392.0,2284.0,1.0472854640980735,0.09631442814008602,17 13 3 19 9 24 7 18 23 14 12 8 4 22 25 10 21 15 16 6 1 5 2 11 20
100,Instances_highcost_H6/abs5n25,1,25,2427.0,2284.0,1.0626094570928195,0.06796233790719085,17 13 5 2 11 20 1 6 3 19 9 24 7 18 23 14 16 12 4 8 22 25 10 21 15
100,Instances_highcost_H6/abs5n25,2,25,2497.0,2284.0,1.0932574430823117,0.11205956012941305,17 13 5 2 11 20 1 6 3 19 9 24 7 18 8 4 22 25 10 21 15 12 14 23 16
100,Instances_highcost_H6/abs5n25,3,25,2477.0,2284.0,1.0845008756567425,0.06523416330401625,17 13 5 2 11 20 1 6 3 19 9 24 7 18 23 14 12 4 8 22 25 10 21 15 16
100,Instances_highcost_H6/abs5n25,4,25,2477.0,2284.0,1.0845008756567425,0.06523416330401625,17 13 5 2 11 20 1 6 3 19 9 24 7 18 23 14 12 4 8 22 25 10 21 15 16
100,Instances_highcost_H6/abs5n25,5,25,2477.0,2284.0,1.0845008756567425,0.06523416330401625,17 13 5 2 11 20 1 6 3 19 9 24 7 18 23 14 12 4 8 22 25 10 21 15 16
100,Instances_highcost_H6/abs5n30,0,30,2456.0,2221.0,1.1058081945069789,0.03660732626249868,24 20 1 26 3 11 28 7 10 23 17 15 30 12 27 18 29 4 13 22 21 2 9 8 14 16 25 19 6 5
100,Instances_highcost_H6/abs5n30,1,30,2676.0,2221.0,1.204862674470959,0.025001564553476435,1 26 20 24 3 11 28 10 7 17 30 15 6 25 19 14 8 9 13 4 29 22 21 2 18 27 12 5 23 16
100,Instances_highcost_H6/abs5n30,2,30,2663.0,2221.0,1.1990094552003603,0.027669605984894804,26 1 20 24 3 11 28 7 10 23 6 25 19 14 8 9 13 4 29 22 21 2 18 5 12 27 15 17 30 16
100,Instances_highcost_H6/abs5n30,3,30,2629.0,2221.0,1.1837010355695632,0.03438284419337677,1 26 20 24 3 11 28 7 10 23 6 19 25 14 8 9 13 4 29 22 21 2 18 5 12 27 15 30 17 16
100,Instances_highcost_H6/abs5n30,4,30,2629.0,2221.0,1.1837010355695632,0.03438284419337677,1 26 20 24 3 11 28 7 10 23 6 19 25 14 8 9 13 4 29 22 21 2 18 5 12 27 15 30 17 16
100,Instances_highcost_H6/abs5n30,5,30,2629.0,2221.0,1.1837010355695632,0.03438284419337677,1 26 20 24 3 11 28 7 10 23 6 19 25 14 8 9 13 4 29 22 21 2 18 5 12 27 15 30 17 16
100,Instances_highcost_H6/abs5n5,0,5,1010.0,865.0,1.1676300578034682,0.08333333333333333,3 5 4 1 2
100,Instances_highcost_H6/abs5n5,1,5,1010.0,865.0,1.1676300578034682,0.08333333333333333,3 5 4 1 2
100,Instances_highcost_H6/abs5n5,2,5,1010.0,865.0,1.1676300578034682,0.08333333333333333,3 5 4 1 2
100,Instances_highcost_H6/abs5n5,3,5,1010.0,865.0,1.1676300578034682,0.08333333333333333,3 5 4 1 2
100,Instances_highcost_H6/abs5n5,4,5,1010.0,865.0,1.1676300578034682,0.08333333333333333,3 5 4 1 2
100,Instances_highcost_H6/abs5n5,5,5,1010.0,865.0,1.1676300578034682,0.08333333333333333,3 5 4 1 2
100,Instances_lowcost_H3/abs5n10,0,10,1734.0,1480.0,1.1716216216216215,0.11419753086419752,8 9 7 10 3 2 5 6 4 1
100,Instances_lowcost_H3/abs5n10,1,10,1734.0,1480.0,1.1716216216216215,0.11419753086419752,8 9 7 10 3 2 5 6 4 1
100,Instances_lowcost_H3/abs5n10,2,10,1499.0,1480.0,1.0128378378378378,0.08641975308641975,8 9 7 10 3 1 4 5 6 2
100,Instances_lowcost_H3/abs5n15,0,15,1539.0,1469.0,1.047651463580667,0.012987012987012988,10 7 8 11 13 12 2 5 4 14 6 3 1 15 9
100,Instances_lowcost_H3/abs5n15,1,15,1500.0,1469.0,1.0211027910142954,0.0071428571428571435,10 7 8 12 11 13 2 5 4 14 6 3 1 15 9
100,Instances_lowcost_H3/abs5n15,2,15,1500.0,1469.0,1.0211027910142954,0.0071428571428571435,10 7 8 12 11 13 2 5 4 14 6 3 1 15 9
100,Instances_lowcost_H3/abs5n20,0,20,2416.0,2221.0,1.0877982890589823,0.06096491228070175,19 17 5 18 13 8 14 16 4 2 6 10 9 11 1 3 7 15 12 20
100,Instances_lowcost_H3/abs5n20,1,20,2758.0,2221.0,1.2417829806393517,0.03802705292643373,19 17 18 5 14 8 13 3 1 20 11 6 2 4 16 10 9 12 15 7
100,Instances_lowcost_H3/abs5n20,2,20,2345.0,2221.0,1.0558307068887889,0.08368534200577543,19 17 18 5 14 16 2 6 9 10 11 20 12 15 7 13 8 3 1 4
100,Instances_lowcost_H3/abs5n25,0,25,2392.0,2284.0,1.0472854640980735,0.09631442814008602,17 13 3 19 9 24 7 18 23 14 12 8 4 22 25 10 21 15 16 6 1 5 2 11 20
100,Instances_lowcost_H3/abs5n25,1,25,2427.0,2284.0,1.0626094570928195,0.06796233790719085,17 13 5 2 11 20 1 6 3 19 9 24 7 18 23 14 16 12 4 8 22 25 10 21 15
100,Instances_lowcost_H3/abs5n25,2,25,2497.0,2284.0,1.0932574430823117,0.11205956012941305,17 13 5 2 11 20 1 6 3 19 9 24 7 18 8 4 22 25 10 21 15 12 14 23 16
100,Instances_lowcost_H3/abs5n30,0,30,2456.0,2221.0,1.1058081945069789,0.03660732626249868,24 20 1 26 3 11 28 7 10 23 17 15 30 12 27 18 29 4 13 22 21 2 9 8 14 16 25 19 6 5
100,Instances_lowcost_H3/abs5n30,1,30,2676.0,2221.0,1.204862674470959,0.025001564553476435,1 26 20 24 3 11 28 10 7 17 30 15 6 25 19 14 8 9 13 4 29 22 21 2 18 27 12 5 23 16
100,Instances_lowcost_H3/abs5n30,2,30,2663.0,2221.0,1.1990094552003603,0.027669605984894804,26 1 20 24 3 11 28 7 10 23 6 25 19 14 8 9 13 4 29 22 21 2 18 5 12 27 15 17 30 16
100,Instances_lowcost_H3/abs5n35,0,35,2768.0,2679.0,1.0332213512504667,0.03765058470940824,10 28 1 18 21 33 2 13 23 3 6 25 7 20 14 31 16 27 35 22 26 30 29 17 11 12 9 4 34 15 19 8 5 24 32
100,Instances_lowcost_H3/abs5n35,1,35,2755.0,2679.0,1.0283687943262412,0.07044029283260675,10 28 1 18 21 33 2 13 15 4 34 19 8 9 23 3 6 25 20 7 14 31 16 27 35 26 29 30 22 17 11 12 5 24 32
100,Instances_lowcost_H3/abs5n35,2,35,2801.0,2679.0,1.0455393803658082,0.04661326202028181,10 28 1 18 21 33 2 13 15 4 34 19 8 9 23 3 6 25 7 20 14 31 16 27 35 26 30 29 17 11 12 5 24 32 22
100,Instances_lowcost_H3/abs5n40,0,40,3160.0,2647.0,1.1938043067623725,0.060821061590333424,30 4 6 18 38 31 13 3 19 9 15 33 24 40 5 10 23 35 28 36 16 29 32 20 1 7 2 37 12 14 11 22 26 39 25 8 17 34 27 21
100,Instances_lowcost_H3/abs5n40,1,40,3036.0,2647.0,1.1469588213071402,0.05803780277129928,6 4 30 31 13 3 19 38 8 25 18 34 26 22 12 7 24 15 33 40 5 10 23 35 28 36 21 27 11 16 29 1 20 32 9 2 37 14 39 17
100,Instances_lowcost_H3/abs5n40,2,40,2958.0,2647.0,1.117491499811107,0.03344321669038441,6 4 30 31 13 3 19 38 18 34 21 28 35 10 5 40 24 15 33 32 9 2 20 7 1 29 16 37 12 14 11 36 23 27 26 22 39 17 8 25
100,Instances_lowcost_H3/abs5n45,0,45,3189.0,2475.0,1.2884848484848486,0.05042571998163523,9 14 5 36 41 23 3 38 10 32 42 30 22 45 43 19 2 28 6 27 13 40 21 25 20 29 8 35 37 12 33 1 18 26 31 39 15 16 4 34 17 11 44 24 7
100,Instances_lowcost_H3/abs5n45,1,45,2860.0,2475.0,1.1555555555555554,0.023003504208806026,33 6 27 13 40 21 25 20 29 8 35 37 18 26 31 2 19 38 3 23 41 36 5 30 14 22 42 32 10 43 45 39 15 16 4 34 24 44 17 11 7 1 12 28 9
100,Instances_lowcost_H3/abs5n45,2,45,3062.0,2475.0,1.2371717171717171,0.061159300298292155,33 9 14 5 36 41 23 3 38 10 43 32 42 30 22 45 19 39 16 15 4 2 31 26 7 17 44 24 11 34 37 8 35 20 29 13 27 6 40 21 25 12 1 28 18
100,Instances_lowcost_H3/abs5n5,0,5,1010.0,865.0,1.1676300578034682,0.08333333333333333,3 5 4 1 2
100,Instances_lowcost_H3/abs5n5,1,5,1010.0,865.0,1.1676300578034682,0.08333333333333333,3 5 4 1 2
100,Instances_lowcost_H3/abs5n5,2,5,1010.0,865.0,1.1676300578034682,0.08333333333333333,3 5 4 1 2
100,Instances_lowcost_H3/abs5n50,0,50,3416.0,3165.0,1.079304897314376,0.03152403608990622,45 33 41 32 26 44 31 49 13 20 42 48 12 36 22 38 18 46 5 39 6 10 14 25 7 34 27 16 2 15 3 11 47 35 37 4 50 28 43 9 17 23 30 29 21 19 8 40 1 24
100,Instances_lowcost_H3/abs5n50,1,50,3386.0,3165.0,1.069826224328594,0.06024593973985441,45 33 41 32 26 44 31 4 49 13 20 42 48 12 36 5 39 14 25 6 10 46 18 22 38 3 11 29 2 16 21 19 24 1 40 8 27 34 7 15 47 9 35 37 50 28 43 23 30 17
100,Instances_lowcost_H3/abs5n50,2,50,3418.0,3165.0,1.0799368088467614,0.05000921137989005,45 33 32 26 44 31 4 49 13 20 42 48 12 36 22 38 18 3 46 6 39 5 10 14 25 7 34 27 16 21 19 24 1 40 8 2 15 11 29 47 35 37 28 50 41 23 43 30 17 9
100,Instances_lowcost_H6/abs5n10,0,10,1734.0,1480.0,1.1716216216216215,0.11419753086419752,8 9 7 10 3 2 5 6 4 1
100,Instances_lowcost_H6/abs5n10,1,10,1734.0,1480.0,1.1716216216216215,0.11419753086419752,8 9 7 10 3 2 5 6 4 1
100,Instances_lowcost_H6/abs5n10,2,10,1499.0,1480.0,1.0128378378378378,0.08641975308641975,8 9 7 10 3 1 4 5 6 2
100,Instances_lowcost_H6/abs5n10,3,10,1499.0,1480.0,1.0128378378378378,0.08641975308641975,8 9 7 10 3 1 4 5 6 2
100,Instances_lowcost_H6/abs5n10,4,10,1499.0,1480.0,1.0128378378378378,0.08641975308641975,8 9 7 10 3 1 4 5 6 2
100,Instances_lowcost_H6/abs5n10,5,10,1499.0,1480.0,1.0128378378378378,0.08641975308641975,8 9 7 10 3 1 4 5 6 2
100,Instances_lowcost_H6/abs5n15,0,15,1539.0,1469.0,1.047651463580667,0.012987012987012988,10 7 8 11 13 12 2 5 4 14 6 3 1 15 9
100,Instances_lowcost_H6/abs5n15,1,15,1500.0,1469.0,1.0211027910142954,0.0071428571428571435,10 7 8 12 11 13 2 5 4 14 6 3 1 15 9
100,Instances_lowcost_H6/abs5n15,2,15,1500.0,1469.0,1.0211027910142954,0.0071428571428571435,10 7 8 12 11 13 2 5 4 14 6 3 1 15 9
100,Instances_lowcost_H6/abs5n15,3,15,1500.0,1469.0,1.0211027910142954,0.0071428571428571435,10 7 8 12 11 13 2 5 4 14 6 3 1 15 9
100,Instances_lowcost_H6/abs5n15,4,15,1500.0,1469.0,1.0211027910142954,0.0071428571428571435,10 7 8 12 11 13 2 5 4 14 6 3 1 15 9
100,Instances_lowcost_H6/abs5n15,5,15,1500.0,1469.0,1.0211027910142954,0.0071428571428571435,10 7 8 12 11 13 2 5 4 14 6 3 1 15 9
100,Instances_lowcost_H6/abs5n20,0,20,2416.0,2221.0,1.0877982890589823,0.06096491228070175,19 17 5 18 13 8 14 16 4 2 6 10 9 11 1 3 7 15 12 20
100,Instances_lowcost_H6/abs5n20,1,20,2758.0,2221.0,1.2417829806393517,0.03802705292643373,19 17 18 5 14 8 13 3 1 20 11 6 2 4 16 10 9 12 15 7
100,Instances_lowcost_H6/abs5n20,2,20,2345.0,2221.0,1.0558307068887889,0.08368534200577543,19 17 18 5 14 16 2 6 9 10 11 20 12 15 7 13 8 3 1 4
100,Instances_lowcost_H6/abs5n20,3,20,2492.0,2221.0,1.1220171094101756,0.045420536635706915,19 17 18 5 14 16 4 2 6 9 10 20 11 1 3 8 13 7 15 12
100,Instances_lowcost_H6/abs5n20,4,20,2492.0,2221.0,1.1220171094101756,0.045420536635706915,19 17 18 5 14 16 4 2 6 9 10 20 11 1 3 8 13 7 15 12
100,Instances_lowcost_H6/abs5n20,5,20,2492.0,2221.0,1.1220171094101756,0.045420536635706915,19 17 18 5 14 16 4 2 6 9 10 20 11 1 3 8 13 7 15 12
100,Instances_lowcost_H6/abs5n25,0,25,2392.0,2284.0,1.0472854640980735,0.09631442814008602,17 13 3 19 9 24 7 18 23 14 12 8 4 22 25 10 21 15 16 6 1 5 2 11 20
100,Instances_lowcost_H6/abs5n25,1,25,2427.0,2284.0,1.0626094570928195,0.06796233790719085,17 13 5 2 11 20 1 6 3 19 9 24 7 18 23 14 16 12 4 8 22 25 10 21 15
100,Instances_lowcost_H6/abs5n25,2,25,2497.0,2284.0,1.0932574430823117,0.11205956012941305,17 13 5 2 11 20 1 6 3 19 9 24 7 18 8 4 22 25 10 21 15 12 14 23 16
100,Instances_lowcost_H6/abs5n25,3,25,2477.0,2284.0,1.0845008756567425,0.06523416330401625,17 13 5 2 11 20 1 6 3 19 9 24 7 18 23 14 12 4 8 22 25 10 21 15 16
100,Instances_lowcost_H6/abs5n25,4,25,2477.0,2284.0,1.0845008756567425,0.06523416330401625,17 13 5 2 11 20 1 6 3 19 9 24 7 18 23 14 12 4 8 22 25 10 21 15 16
100,Instances_lowcost_H6/abs5n25,5,25,2477.0,2284.0,1.0845008756567425,0.06523416330401625,17 13 5 2 11 20 1 6 3 19 9 24 7 18 23 14 12 4 8 22 25 10 21 15 16
100,Instances_lowcost_H6/abs5n30,0,30,2456.0,2221.0,1.1058081945069789,0.03660732626249868,24 20 1 26 3 11 28 7 10 23 17 15 30 12 27 18 29 4 13 22 21 2 9 8 14 16 25 19 6 5
100,Instances_lowcost_H6/abs5n30,1,30,2676.0,2221.0,1.204862674470959,0.025001564553476435,1 26 20 24 3 11 28 10 7 17 30 15 6 25 19 14 8 9 13 4 29 22 21 2 18 27 12 5 23 16
100,Instances_lowcost_H6/abs5n30,2,30,2663.0,2221.0,1.1990094552003603,0.027669605984894804,26 1 20 24 3 11 28 7 10 23 6 25 19 14 8 9 13 4 29 22 21 2 18 5 12 27 15 17 30 16
100,Instances_lowcost_H6/abs5n30,3,30,2629.0,2221.0,1.1837010355695632,0.03438284419337677,1 26 20 24 3 11 28 7 10 23 6 19 25 14 8 9 13 4 29 22 21 2 18 5 12 27 15 30 17 16
100,Instances_lowcost_H6/abs5n30,4,30,2629.0,2221.0,1.1837010355695632,0.03438284419337677,1 26 20 24 3 11 28 7 10 23 6 19 25 14 8 9 13 4 29 22 21 2 18 5 12 27 15 30 17 16
100,Instances_lowcost_H6/abs5n30,5,30,2629.0,2221.0,1.1837010355695632,0.03438284419337677,1 26 20 24 3 11 28 7 10 23 6 19 25 14 8 9 13 4 29 22 21 2 18 5 12 27 15 30 17 16
100,Instances_lowcost_H6/abs5n5,0,5,1010.0,865.0,1.1676300578034682,0.08333333333333333,3 5 4 1 2
100,Instances_lowcost_H6/abs5n5,1,5,1010.0,865.0,1.1676300578034682,0.08333333333333333,3 5 4 1 2
100,Instances_lowcost_H6/abs5n5,2,5,1010.0,865.0,1.1676300578034682,0.08333333333333333,3 5 4 1 2
100,Instances_lowcost_H6/abs5n5,3,5,1010.0,865.0,1.1676300578034682,0.08333333333333333,3 5 4 1 2
100,Instances_lowcost_H6/abs5n5,4,5,1010.0,865.0,1.1676300578034682,0.08333333333333333,3 5 4 1 2
100,Instances_lowcost_H6/abs5n5,5,5,1010.0,865.0,1.1676300578034682,0.08333333333333333,3 5 4 1 2
125,Instances_highcost_H3/abs5n10,0,10,1460.0,1480.0,0.9864864864864865,0.013888888888888888,2 7 9 8 6 5 4 1 3 10
125,Instances_highcost_H3/abs5n10,1,10,1368.0,1480.0,0.9243243243243243,0.10493827160493827,8 6 5 4 1 3 10 7 9 2
125,Instances_highcost_H3/abs5n10,2,10,1368.0,1480.0,0.9243243243243243,0.10493827160493827,8 6 5 4 1 3 10 7 9 2
125,Instances_highcost_H3/abs5n15,0,15,1523.0,1469.0,1.0367597004765146,0.021428571428571432,10 7 8 12 11 13 2 5 4 6 14 3 1 15 9
125,Instances_highcost_H3/abs5n15,1,15,1641.0,1469.0,1.1170864533696392,0.05714285714285715,10 7 8 12 11 13 2 5 4 6 14 3 15 9 1
125,Instances_highcost_H3/abs5n15,2,15,1748.0,1469.0,1.189925119128659,0.08690476190476192,10 7 8 12 11 13 2 5 4 6 3 15 9 1 14
125,Instances_highcost_H3/abs5n20,0,20,2426.0,2221.0,1.0923007654209815,0.048245614035087724,19 17 5 18 13 8 14 16 4 2 6 9 10 20 11 1 3 7 15 12
125,Instances_highcost_H3/abs5n20,1,20,2325.0,2221.0,1.0468257541647907,0.07941176470588235,19 17 18 8 13 5 14 16 4 2 6 9 10 20 12 15 7 3 1 11
125,Instances_highcost_H3/abs5n20,2,20,2372.0,2221.0,1.0679873930661865,0.11072874493927126,19 17 5 18 8 13 14 16 4 2 6 9 10 20 12 15 7 1 3 11
125,Instances_highcost_H3/abs5n25,0,25,2405.0,2284.0,1.0529772329246936,0.06389461233211233,2 11 5 20 1 13 17 6 3 19 9 24 7 18 23 14 12 8 4 22 25 10 21 15 16
125,Instances_highcost_H3/abs5n25,1,25,2436.0,2284.0,1.0665499124343258,0.08567040598290598,2 11 5 20 1 13 17 6 3 19 9 24 7 18 8 4 12 14 23 16 15 22 25 10 21
125,Instances_highcost_H3/abs5n25,2,25,2443.0,2284.0,1.069614711033275,0.1047676282051282,2 11 5 20 1 13 17 6 3 19 9 24 7 18 8 4 22 25 10 21 15 12 14 23 16
125,Instances_highcost_H3/abs5n30,0,30,2400.0,2221.0,1.080594326879784,0.04852963128825197,24 1 26 20 3 11 28 7 10 23 17 15 30 12 27 18 2 13 4 29 22 21 9 8 14 16 19 25 6 5
125,Instances_highcost_H3/abs5n30,1,30,2650.0,2221.0,1.1931562359297614,0.03502182657678106,1 26 20 24 3 11 28 7 10 23 6 19 14 8 9 13 4 29 22 21 2 18 5 12 27 15 30 17 25 16
125,Instances_highcost_H3/abs5n30,2,30,2419.0,2221.0,1.089149031967582,0.04979727458688815,26 1 20 24 3 11 28 7 10 23 16 14 8 9 13 4 29 22 21 2 18 5 12 27 15 17 6 25 19 30
125,Instances_highcost_H3/abs5n35,0,35,2818.0,2679.0,1.0518850317282569,0.02709915084915085,10 28 1 18 21 33 2 13 15 34 4 9 23 3 6 25 7 20 14 31 16 27 35 22 26 30 29 17 11 12 5 24 32 8 19
125,Instances_highcost_H3/abs5n35,1,35,2606.0,2679.0,0.9727510265024263,0.029456399275183762,10 28 1 18 21 33 2 13 15 4 34 19 8 9 23 3 6 25 7 20 14 31 16 27 35 22 26 29 30 17 11 12 5 24 32
125,Instances_highcost_H3/abs5n35,2,35,2651.0,2679.0,0.9895483389324374,0.028177889193642242,10 28 1 18 21 33 2 8 19 34 4 15 9 23 3 6 25 7 20 14 31 16 27 35 22 26 30 29 17 11 12 5 24 32 13
125,Instances_highcost_H3/abs5n40,0,40,3203.0,2647.0,1.2100491122024934,0.09406740182020529,4 30 31 13 3 19 38 25 8 18 6 34 17 39 22 14 16 40 24 15 33 32 9 20 29 5 10 23 35 28 36 21 27 11 12 1 7 2 37 26
125,Instances_highcost_H3/abs5n40,1,40,2921.0,2647.0,1.1035134114091425,0.0518478349766467,18 6 4 30 31 13 3 19 38 25 8 17 39 26 22 14 37 1 29 24 40 33 15 32 9 20 2 7 16 5 10 23 35 28 21 27 36 11 12 34
125,Instances_highcost_H3/abs5n40,2,40,2763.0,2647.0,1.0438231960710238,0.04841009652607983,6 4 30 31 13 3 19 38 18 34 27 21 28 35 10 23 5 40 24 15 33 32 9 20 2 1 7 29 16 37 12 14 11 36 26 22 39 17 8 25
125,Instances_highcost_H3/abs5n45,0,45,2902.0,2475.0,1.1725252525252525,0.04527759364800512,33 9 14 5 36 41 23 3 38 10 32 42 30 22 45 43 19 2 39 15 16 4 31 34 24 44 17 11 37 35 8 20 29 13 27 6 40 21 25 12 1 28 26 7 18
125,Instances_highcost_H3/abs5n45,1,45,2619.0,2475.0,1.0581818181818181,0.03555259626938949,28 33 9 6 27 13 20 29 8 35 37 11 24 44 17 34 16 15 4 39 3 23 41 36 5 30 14 22 42 32 38 10 43 45 19 2 31 18 26 7 1 12 25 21 40
125,Instances_highcost_H3/abs5n45,2,45,2776.0,2475.0,1.1216161616161615,0.0355289194704425,33 9 14 5 36 41 23 3 38 10 43 45 32 42 30 22 19 39 16 15 4 34 44 24 17 11 37 35 8 20 29 13 27 40 6 21 25 12 1 18 7 26 31 2 28
125,Instances_highcost_H3/abs5n5,0,5,1010.0,865.0,1.1676300578034682,0.08333333333333333,3 5 4 1 2
125,Instances_highcost_H3/abs5n5,1,5,1010.0,865.0,1.1676300578034682,0.08333333333333333,3 5 4 1 2
125,Instances_highcost_H3/abs5n5,2,5,1010.0,865.0,1.1676300578034682,0.08333333333333333,3 5 4 1 2
125,Instances_highcost_H3/abs5n50,0,50,3581.0,3165.0,1.1314375987361769,0.035214112163802845,45 33 41 32 26 44 31 4 49 13 20 42 48 12 36 22 38 18 46 5 39 14 25 7 34 27 16 21 19 8 1 40 24 23 50 28 37 35 9 47 43 30 17 11 3 15 29 2 10 6
125,Instances_highcost_H3/abs5n50,1,50,3650.0,3165.0,1.1532385466034756,0.037972429154128434,45 33 41 32 26 44 31 4 49 13 20 42 48 12 36 22 38 18 46 5 39 14 25 34 7 27 16 19 24 1 40 8 21 2 15 3 11 29 17 30 23 50 37 28 35 9 47 43 10 6
125,Instances_highcost_H3/abs5n50,2,50,3560.0,3165.0,1.1248025276461295,0.05427899766674475,45 33 26 44 31 4 49 13 20 42 48 12 36 22 38 18 46 5 39 14 25 34 7 27 24 1 40 8 19 21 16 2 15 3 29 11 47 35 37 28 50 32 41 23 43 30 17 9 6 10
125,Instances_highcost_H6/abs5n10,0,10,1460.0,1480.0,0.9864864864864865,0.013888888888888888,2 7 9 8 6 5 4 1 3 10
125,Instances_highcost_H6/abs5n10,1,10,1368.0,1480.0,0.9243243243243243,0.10493827160493827,8 6 5 4 1 3 10 7 9 2
125,Instances_highcost_H6/abs5n10,2,10,1368.0,1480.0,0.9243243243243243,0.10493827160493827,8 6 5 4 1 3 10 7 9 2
125,Instances_highcost_H6/abs5n10,3,10,1368.0,1480.0,0.9243243243243243,0.10493827160493827,8 6 5 4 1 3 10 7 9 2
125,Instances_highcost_H6/abs5n10,4,10,1368.0,1480.0,0.9243243243243243,0.10493827160493827,8 6 5 4 1 3 10 7 9 2
125,Instances_highcost_H6/abs5n10,5,10,1368.0,1480.0,0.9243243243243243,0.10493827160493827,8 6 5 4 1 3 10 7 9 2
125,Instances_highcost_H6/abs5n15,0,15,1523.0,1469.0,1.0367597004765146,0.021428571428571432,10 7 8 12 11 13 2 5 4 6 14 3 1 15 9
125,Instances_highcost_H6/abs5n15,1,15,1641.0,1469.0,1.1170864533696392,0.05714285714285715,10 7 8 12 11 13 2 5 4 6 14 3 15 9 1
125,Instances_highcost_H6/abs5n15,2,15,1748.0,1469.0,1.189925119128659,0.08690476190476192,10 7 8 12 11 13 2 5 4 6 3 15 9 1 14
125,Instances_highcost_H6/abs5n15,3,15,1523.0,1469.0,1.0367597004765146,0.021428571428571432,10 7 8 12 11 13 2 5 4 6 14 3 1 15 9
125,Instances_highcost_H6/abs5n15,4,15,1523.0,1469.0,1.0367597004765146,0.021428571428571432,10 7 8 12 11 13 2 5 4 6 14 3 1 15 9
125,Instances_highcost_H6/abs5n15,5,15,1523.0,1469.0,1.0367597004765146,0.021428571428571432,10 7 8 12 11 13 2 5 4 6 14 3 1 15 9
125,Instances_highcost_H6/abs5n20,0,20,2426.0,2221.0,1.0923007654209815,0.048245614035087724,19 17 5 18 13 8 14 16 4 2 6 9 10 20 11 1 3 7 15 12
125,Instances_highcost_H6/abs5n20,1,20,2325.0,2221.0,1.0468257541647907,0.07941176470588235,19 17 18 8 13 5 14 16 4 2 6 9 10 20 12 15 7 3 1 11
125,Instances_highcost_H6/abs5n20,2,20,2372.0,2221.0,1.0679873930661865,0.11072874493927126,19 17 5 18 8 13 14 16 4 2 6 9 10 20 12 15 7 1 3 11
125,Instances_highcost_H6/abs5n20,3,20,2359.0,2221.0,1.0621341737955876,0.06005398110661268,19 17 5 18 8 13 7 15 12 20 11 10 9 6 2 4 16 14 3 1
125,Instances_highcost_H6/abs5n20,4,20,2350.0,2221.0,1.0580819450697885,0.08441295546558705,19 17 5 18 8 13 14 16 4 2 6 9 10 20 12 15 7 3 1 11
125,Instances_highcost_H6/abs5n20,5,20,2350.0,2221.0,1.0580819450697885,0.08441295546558705,19 17 5 18 8 13 14 16 4 2 6 9 10 20 12 15 7 3 1 11
125,Instances_highcost_H6/abs5n25,0,25,2405.0,2284.0,1.0529772329246936,0.06389461233211233,2 11 5 20 1 13 17 6 3 19 9 24 7 18 23 14 12 8 4 22 25 10 21 15 16
125,Instances_highcost_H6/abs5n25,1,25,2436.0,2284.0,1.0665499124343258,0.08567040598290598,2 11 5 20 1 13 17 6 3 19 9 24 7 18 8 4 12 14 23 16 15 22 25 10 21
125,Instances_highcost_H6/abs5n25,2,25,2443.0,2284.0,1.069614711033275,0.1047676282051282,2 11 5 20 1 13 17 6 3 19 9 24 7 18 8 4 22 25 10 21 15 12 14 23 16
125,Instances_highcost_H6/abs5n25,3,25,2443.0,2284.0,1.069614711033275,0.1047676282051282,2 11 5 20 1 13 17 6 3 19 9 24 7 18 8 4 22 25 10 21 15 12 14 23 16
125,Instances_highcost_H6/abs5n25,4,25,2443.0,2284.0,1.069614711033275,0.1047676282051282,2 11 5 20 1 13 17 6 3 19 9 24 7 18 8 4 22 25 10 21 15 12 14 23 16
125,Instances_highcost_H6/abs5n25,5,25,2443.0,2284.0,1.069614711033275,0.1047676282051282,2 11 5 20 1 13 17 6 3 19 9 24 7 18 8 4 22 25 10 21 15 12 14 23 16
125,Instances_highcost_H6/abs5n30,0,30,2400.0,2221.0,1.080594326879784,0.04852963128825197,24 1 26 20 3 11 28 7 10 23 17 15 30 12 27 18 2 13 4 29 22 21 9 8 14 16 19 25 6 5
125,Instances_highcost_H6/abs5n30,1,30,2650.0,2221.0,1.1931562359297614,0.03502182657678106,1 26 20 24 3 11 28 7 10 23 6 19 14 8 9 13 4 29 22 21 2 18 5 12 27 15 30 17 25 16
125,Instances_highcost_H6/abs5n30,2,30,2419.0,2221.0,1.089149031967582,0.04979727458688815,26 1 20 24 3 11 28 7 10 23 16 14 8 9 13 4 29 22 21 2 18 5 12 27 15 17 6 25 19 30
125,Instances_highcost_H6/abs5n30,3,30,2671.0,2221.0,1.2026114362899594,0.03130309770592237,1 26 20 24 3 11 28 7 10 23 6 25 14 8 9 13 4 29 22 21 2 18 5 12 27 15 17 30 19 16
125,Instances_highcost_H6/abs5n30,4,30,2671.0,2221.0,1.2026114362899594,0.03130309770592237,1 26 20 24 3 11 28 7 10 23 6 25 14 8 9 13 4 29 22 21 2 18 5 12 27 15 17 30 19 16
125,Instances_highcost_H6/abs5n30,5,30,2671.0,2221.0,1.2026114362899594,0.03130309770592237,1 26 20 24 3 11 28 7 10 23 6 25 14 8 9 13 4 29 22 21 2 18 5 12 27 15 17 30 19 16
125,Instances_highcost_H6/abs5n5,0,5,1010.0,865.0,1.1676300578034682,0.08333333333333333,3 5 4 1 2
125,Instances_highcost_H6/abs5n5,1,5,1010.0,865.0,1.1676300578034682,0.08333333333333333,3 5 4 1 2
125,Instances_highcost_H6/abs5n5,2,5,1010.0,865.0,1.1676300578034682,0.08333333333333333,3 5 4 1 2
125,Instances_highcost_H6/abs5n5,3,5,1010.0,865.0,1.1676300578034682,0.08333333333333333,3 5 4 1 2
125,Instances_highcost_H6/abs5n5,4,5,1010.0,865.0,1.1676300578034682,0.08333333333333333,3 5 4 1 2
125,Instances_highcost_H6/abs5n5,5,5,1010.0,865.0,1.1676300578034682,0.08333333333333333,3 5 4 1 2
125,Instances_lowcost_H3/abs5n10,0,10,1460.0,1480.0,0.9864864864864865,0.013888888888888888,2 7 9 8 6 5 4 1 3 10
125,Instances_lowcost_H3/abs5n10,1,10,1368.0,1480.0,0.9243243243243243,0.10493827160493827,8 6 5 4 1 3 10 7 9 2
125,Instances_lowcost_H3/abs5n10,2,10,1368.0,1480.0,0.9243243243243243,0.10493827160493827,8 6 5 4 1 3 10 7 9 2
125,Instances_lowcost_H3/abs5n15,0,15,1523.0,1469.0,1.0367597004765146,0.021428571428571432,10 7 8 12 11 13 2 5 4 6 14 3 1 15 9
125,Instances_lowcost_H3/abs5n15,1,15,1641.0,1469.0,1.1170864533696392,0.05714285714285715,10 7 8 12 11 13 2 5 4 6 14 3 15 9 1
125,Instances_lowcost_H3/abs5n15,2,15,1748.0,1469.0,1.189925119128659,0.08690476190476192,10 7 8 12 11 13 2 5 4 6 3 15 9 1 14
125,Instances_lowcost_H3/abs5n20,0,20,2426.0,2221.0,1.0923007654209815,0.048245614035087724,19 17 5 18 13 8 14 16 4 2 6 9 10 20 11 1 3 7 15 12
125,Instances_lowcost_H3/abs5n20,1,20,2325.0,2221.0,1.0468257541647907,0.07941176470588235,19 17 18 8 13 5 14 16 4 2 6 9 10 20 12 15 7 3 1 11
125,Instances_lowcost_H3/abs5n20,2,20,2372.0,2221.0,1.0679873930661865,0.11072874493927126,19 17 5 18 8 13 14 16 4 2 6 9 10 20 12 15 7 1 3 11
125,Instances_lowcost_H3/abs5n25,0,25,2405.0,2284.0,1.0529772329246936,0.06389461233211233,2 11 5 20 1 13 17 6 3 19 9 24 7 18 23 14 12 8 4 22 25 10 21 15 16
125,Instances_lowcost_H3/abs5n25,1,25,2436.0,2284.0,1.0665499124343258,0.08567040598290598,2 11 5 20 1 13 17 6 3 19 9 24 7 18 8 4 12 14 23 16 15 22 25 10 21
125,Instances_lowcost_H3/abs5n25,2,25,2443.0,2284.0,1.069614711033275,0.1047676282051282,2 11 5 20 1 13 17 6 3 19 9 24 7 18 8 4 22 25 10 21 15 12 14 23 16
125,Instances_lowcost_H3/abs5n30,0,30,2400.0,2221.0,1.080594326879784,0.04852963128825197,24 1 26 20 3 11 28 7 10 23 17 15 30 12 27 18 2 13 4 29 22 21 9 8 14 16 19 25 6 5
125,Instances_lowcost_H3/abs5n30,1,30,2650.0,2221.0,1.1931562359297614,0.03502182657678106,1 26 20 24 3 11 28 7 10 23 6 19 14 8 9 13 4 29 22 21 2 18 5 12 27 15 30 17 25 16
125,Instances_lowcost_H3/abs5n30,2,30,2419.0,2221.0,1.089149031967582,0.04979727458688815,26 1 20 24 3 11 28 7 10 23 16 14 8 9 13 4 29 22 21 2 18 5 12 27 15 17 6 25 19 30
125,Instances_lowcost_H3/abs5n35,0,35,2818.0,2679.0,1.0518850317282569,0.02709915084915085,10 28 1 18 21 33 2 13 15 34 4 9 23 3 6 25 7 20 14 31 16 27 35 22 26 30 29 17 11 12 5 24 32 8 19
125,Instances_lowcost_H3/abs5n35,1,35,2606.0,2679.0,0.9727510265024263,0.029456399275183762,10 28 1 18 21 33 2 13 15 4 34 19 8 9 23 3 6 25 7 20 14 31 16 27 35 22 26 29 30 17 11 12 5 24 32
125,Instances_lowcost_H3/abs5n35,2,35,2651.0,2679.0,0.9895483389324374,0.028177889193642242,10 28 1 18 21 33 2 8 19 34 4 15 9 23 3 6 25 7 20 14 31 16 27 35 22 26 30 29 17 11 12 5 24 32 13
125,Instances_lowcost_H3/abs5n40,0,40,3203.0,2647.0,1.2100491122024934,0.09406740182020529,4 30 31 13 3 19 38 25 8 18 6 34 17 39 22 14 16 40 24 15 33 32 9 20 29 5 10 23 35 28 36 21 27 11 12 1 7 2 37 26
125,Instances_lowcost_H3/abs5n40,1,40,2921.0,2647.0,1.1035134114091425,0.0518478349766467,18 6 4 30 31 13 3 19 38 25 8 17 39 26 22 14 37 1 29 24 40 33 15 32 9 20 2 7 16 5 10 23 35 28 21 27 36 11 12 34
125,Instances_lowcost_H3/abs5n40,2,40,2763.0,2647.0,1.0438231960710238,0.04841009652607983,6 4 30 31 13 3 19 38 18 34 27 21 28 35 10 23 5 40 24 15 33 32 9 20 2 1 7 29 16 37 12 14 11 36 26 22 39 17 8 25
125,Instances_lowcost_H3/abs5n45,0,45,2902.0,2475.0,1.1725252525252525,0.04527759364800512,33 9 14 5 36 41 23 3 38 10 32 42 30 22 45 43 19 2 39 15 16 4 31 34 24 44 17 11 37 35 8 20 29 13 27 6 40 21 25 12 1 28 26 7 18
125,Instances_lowcost_H3/abs5n45,1,45,2619.0,2475.0,1.0581818181818181,0.03555259626938949,28 33 9 6 27 13 20 29 8 35 37 11 24 44 17 34 16 15 4 39 3 23 41 36 5 30 14 22 42 32 38 10 43 45 19 2 31 18 26 7 1 12 25 21 40
125,Instances_lowcost_H3/abs5n45,2,45,2776.0,2475.0,1.1216161616161615,0.0355289194704425,33 9 14 5 36 41 23 3 38 10 43 45 32 42 30 22 19 39 16 15 4 34 44 24 17 11 37 35 8 20 29 13 27 40 6 21 25 12 1 18 7 26 31 2 28
125,Instances_lowcost_H3/abs5n5,0,5,1010.0,865.0,1.1676300578034682,0.08333333333333333,3 5 4 1 2
125,Instances_lowcost_H3/abs5n5,1,5,1010.0,865.0,1.1676300578034682,0.08333333333333333,3 5 4 1 2
125,Instances_lowcost_H3/abs5n5,2,5,1010.0,865.0,1.1676300578034682,0.08333333333333333,3 5 4 1 2
125,Instances_lowcost_H3/abs5n50,0,50,3581.0,3165.0,1.1314375987361769,0.035214112163802845,45 33 41 32 26 44 31 4 49 13 20 42 48 12 36 22 38 18 46 5 39 14 25 7 34 27 16 21 19 8 1 40 24 23 50 28 37 35 9 47 43 30 17 11 3 15 29 2 10 6
125,Instances_lowcost_H3/abs5n50,1,50,3650.0,3165.0,1.1532385466034756,0.037972429154128434,45 33 41 32 26 44 31 4 49 13 20 42 48 12 36 22 38 18 46 5 39 14 25 34 7 27 16 19 24 1 40 8 21 2 15 3 11 29 17 30 23 50 37 28 35 9 47 43 10 6
125,Instances_lowcost_H3/abs5n50,2,50,3560.0,3165.0,1.1248025276461295,0.05427899766674475,45 33 26 44 31 4 49 13 20 42 48 12 36 22 38 18 46 5 39 14 25 34 7 27 24 1 40 8 19 21 16 2 15 3 29 11 47 35 37 28 50 32 41 23 43 30 17 9 6 10
125,Instances_lowcost_H6/abs5n10,0,10,1460.0,1480.0,0.9864864864864865,0.013888888888888888,2 7 9 8 6 5 4 1 3 10
125,Instances_lowcost_H6/abs5n10,1,10,1368.0,1480.0,0.9243243243243243,0.10493827160493827,8 6 5 4 1 3 10 7 9 2
125,Instances_lowcost_H6/abs5n10,2,10,1368.0,1480.0,0.9243243243243243,0.10493827160493827,8 6 5 4 1 3 10 7 9 2
125,Instances_lowcost_H6/abs5n10,3,10,1368.0,1480.0,0.9243243243243243,0.10493827160493827,8 6 5 4 1 3 10 7 9 2
125,Instances_lowcost_H6/abs5n10,4,10,1368.0,1480.0,0.9243243243243243,0.10493827160493827,8 6 5 4 1 3 10 7 9 2
125,Instances_lowcost_H6/abs5n10,5,10,1368.0,1480.0,0.9243243243243243,0.10493827160493827,8 6 5 4 1 3 10 7 9 2
125,Instances_lowcost_H6/abs5n15,0,15,1523.0,1469.0,1.0367597004765146,0.021428571428571432,10 7 8 12 11 13 2 5 4 6 14 3 1 15 9
125,Instances_lowcost_H6/abs5n15,1,15,1641.0,1469.0,1.1170864533696392,0.05714285714285715,10 7 8 12 11 13 2 5 4 6 14 3 15 9 1
125,Instances_lowcost_H6/abs5n15,2,15,1748.0,1469.0,1.189925119128659,0.08690476190476192,10 7 8 12 11 13 2 5 4 6 3 15 9 1 14
125,Instances_lowcost_H6/abs5n15,3,15,1523.0,1469.0,1.0367597004765146,0.021428571428571432,10 7 8 12 11 13 2 5 4 6 14 3 1 15 9
125,Instances_lowcost_H6/abs5n15,4,15,1523.0,1469.0,1.0367597004765146,0.021428571428571432,10 7 8 12 11 13 2 5 4 6 14 3 1 15 9
125,Instances_lowcost_H6/abs5n15,5,15,1523.0,1469.0,1.0367597004765146,0.021428571428571432,10 7 8 12 11 13 2 5 4 6 14 3 1 15 9
125,Instances_lowcost_H6/abs5n20,0,20,2426.0,2221.0,1.0923007654209815,0.048245614035087724,19 17 5 18 13 8 14 16 4 2 6 9 10 20 11 1 3 7 15 12
125,Instances_lowcost_H6/abs5n20,1,20,2325.0,2221.0,1.0468257541647907,0.07941176470588235,19 17 18 8 13 5 14 16 4 2 6 9 10 20 12 15 7 3 1 11
125,Instances_lowcost_H6/abs5n20,2,20,2372.0,2221.0,1.0679873930661865,0.11072874493927126,19 17 5 18 8 13 14 16 4 2 6 9 10 20 12 15 7 1 3 11
125,Instances_lowcost_H6/abs5n20,3,20,2359.0,2221.0,1.0621341737955876,0.06005398110661268,19 17 5 18 8 13 7 15 12 20 11 10 9 6 2 4 16 14 3 1
125,Instances_lowcost_H6/abs5n20,4,20,2350.0,2221.0,1.0580819450697885,0.08441295546558705,19 17 5 18 8 13 14 16 4 2 6 9 10 20 12 15 7 3 1 11
125,Instances_lowcost_H6/abs5n20,5,20,2350.0,2221.0,1.0580819450697885,0.08441295546558705,19 17 5 18 8 13 14 16 4 2 6 9 10 20 12 15 7 3 1 11
125,Instances_lowcost_H6/abs5n25,0,25,2405.0,2284.0,1.0529772329246936,0.06389461233211233,2 11 5 20 1 13 17 6 3 19 9 24 7 18 23 14 12 8 4 22 25 10 21 15 16
125,Instances_lowcost_H6/abs5n25,1,25,2436.0,2284.0,1.0665499124343258,0.08567040598290598,2 11 5 20 1 13 17 6 3 19 9 24 7 18 8 4 12 14 23 16 15 22 25 10 21
125,Instances_lowcost_H6/abs5n25,2,25,2443.0,2284.0,1.069614711033275,0.1047676282051282,2 11 5 20 1 13 17 6 3 19 9 24 7 18 8 4 22 25 10 21 15 12 14 23 16
125,Instances_lowcost_H6/abs5n25,3,25,2443.0,2284.0,1.069614711033275,0.1047676282051282,2 11 5 20 1 13 17 6 3 19 9 24 7 18 8 4 22 25 10 21 15 12 14 23 16
125,Instances_lowcost_H6/abs5n25,4,25,2443.0,2284.0,1.069614711033275,0.1047676282051282,2 11 5 20 1 13 17 6 3 19 9 24 7 18 8 4 22 25 10 21 15 12 14 23 16
125,Instances_lowcost_H6/abs5n25,5,25,2443.0,2284.0,1.069614711033275,0.1047676282051282,2 11 5 20 1 13 17 6 3 19 9 24 7 18 8 4 22 25 10 21 15 12 14 23 16
125,Instances_lowcost_H6/abs5n30,0,30,2400.0,2221.0,1.080594326879784,0.04852963128825197,24 1 26 20 3 11 28 7 10 23 17 15 30 12 27 18 2 13 4 29 22 21 9 8 14 16 19 25 6 5
125,Instances_lowcost_H6/abs5n30,1,30,2650.0,2221.0,1.1931562359297614,0.03502182657678106,1 26 20 24 3 11 28 7 10 23 6 19 14 8 9 13 4 29 22 21 2 18 5 12 27 15 30 17 25 16
125,Instances_lowcost_H6/abs5n30,2,30,2419.0,2221.0,1.089149031967582,0.04979727458688815,26 1 20 24 3 11 28 7 10 23 16 14 8 9 13 4 29 22 21 2 18 5 12 27 15 17 6 25 19 30
125,Instances_lowcost_H6/abs5n30,3,30,2671.0,2221.0,1.2026114362899594,0.03130309770592237,1 26 20 24 3 11 28 7 10 23 6 25 14 8 9 13 4 29 22 21 2 18 5 12 27 15 17 30 19 16
125,Instances_lowcost_H6/abs5n30,4,30,2671.0,2221.0,1.2026114362899594,0.03130309770592237,1 26 20 24 3 11 28 7 10 23 6 25 14 8 9 13 4 29 22 21 2 18 5 12 27 15 17 30 19 16
125,Instances_lowcost_H6/abs5n30,5,30,2671.0,2221.0,1.2026114362899594,0.03130309770592237,1 26 20 24 3 11 28 7 10 23 6 25 14 8 9 13 4 29 22 21 2 18 5 12 27 15 17 30 19 16
125,Instances_lowcost_H6/abs5n5,0,5,1010.0,865.0,1.1676300578034682,0.08333333333333333,3 5 4 1 2
125,Instances_lowcost_H6/abs5n5,1,5,1010.0,865.0,1.1676300578034682,0.08333333333333333,3 5 4 1 2
125,Instances_lowcost_H6/abs5n5,2,5,1010.0,865.0,1.1676300578034682,0.08333333333333333,3 5 4 1 2
125,Instances_lowcost_H6/abs5n5,3,5,1010.0,865.0,1.1676300578034682,0.08333333333333333,3 5 4 1 2
125,Instances_lowcost_H6/abs5n5,4,5,1010.0,865.0,1.1676300578034682,0.08333333333333333,3 5 4 1 2
125,Instances_lowcost_H6/abs5n5,5,5,1010.0,865.0,1.1676300578034682,0.08333333333333333,3 5 4 1 2
150,Instances_highcost_H3/abs5n10,0,0,0.0,0.0,nan,nan,
150,Instances_highcost_H3/abs5n10,1,10,1368.0,1480.0,0.9243243243243243,0.10493827160493827,8 6 5 4 1 3 10 7 9 2
150,Instances_highcost_H3/abs5n10,2,10,1368.0,1480.0,0.9243243243243243,0.10493827160493827,8 6 5 4 1 3 10 7 9 2
150,Instances_highcost_H3/abs5n15,0,0,0.0,0.0,nan,nan,
150,Instances_highcost_H3/abs5n15,1,15,1748.0,1469.0,1.189925119128659,0.08690476190476192,10 7 8 12 11 13 2 5 4 6 3 15 9 1 14
150,Instances_highcost_H3/abs5n15,2,15,1748.0,1469.0,1.189925119128659,0.08690476190476192,10 7 8 12 11 13 2 5 4 6 3 15 9 1 14
150,Instances_highcost_H3/abs5n20,0,0,0.0,0.0,nan,nan,
150,Instances_highcost_H3/abs5n20,1,20,2359.0,2221.0,1.0621341737955876,0.06005398110661268,19 17 5 18 8 13 7 15 12 20 11 10 9 6 2 4 16 14 3 1
150,Instances_highcost_H3/abs5n20,2,20,2359.0,2221.0,1.0621341737955876,0.06005398110661268,19 17 5 18 8 13 7 15 12 20 11 10 9 6 2 4 16 14 3 1
150,Instances_highcost_H3/abs5n25,0,0,0.0,0.0,nan,nan,
150,Instances_highcost_H3/abs5n25,1,25,2508.0,2284.0,1.0980735551663747,0.07178151709401709,2 11 5 20 1 13 17 6 3 19 9 24 7 18 8 4 12 14 23 16 15 21 10 25 22
150,Instances_highcost_H3/abs5n25,2,25,2443.0,2284.0,1.069614711033275,0.1047676282051282,2 11 5 20 1 13 17 6 3 19 9 24 7 18 8 4 22 25 10 21 15 12 14 23 16
150,Instances_highcost_H3/abs5n30,0,0,0.0,0.0,nan,nan,
150,Instances_highcost_H3/abs5n30,1,30,2541.0,2221.0,1.1440792435839713,0.04107271449886573,1 26 20 24 10 7 28 11 3 30 17 23 16 14 8 9 13 4 29 22 21 2 18 27 12 5 15 6 25 19
150,Instances_highcost_H3/abs5n30,2,30,2433.0,2221.0,1.095452498874381,0.08601208799988722,1 26 20 24 10 7 23 16 14 8 9 13 4 29 22 21 2 18 5 27 12 3 11 28 30 17 6 25 19 15
150,Instances_highcost_H3/abs5n35,0,0,0.0,0.0,nan,nan,
150,Instances_highcost_H3/abs5n35,1,35,2793.0,2679.0,1.0425531914893618,0.03283801934320965,28 1 18 21 33 2 8 19 34 4 15 9 23 3 6 25 20 7 14 31 16 27 35 22 26 29 30 17 11 12 5 24 32 10 13
150,Instances_highcost_H3/abs5n35,2,35,2683.0,2679.0,1.0014930944382232,0.023269603956379944,28 1 18 21 8 19 34 4 15 9 23 3 6 25 7 20 14 31 16 27 35 22 26 30 29 17 11 12 5 24 32 10 33 2 13
150,Instances_highcost_H3/abs5n40,0,0,0.0,0.0,nan,nan,
150,Instances_highcost_H3/abs5n40,1,40,2995.0,2647.0,1.1314695882130714,0.047048884345469666,6 4 30 31 13 3 19 38 18 34 27 21 28 35 23 10 5 40 24 15 33 32 9 20 1 29 16 7 37 14 12 2 25 8 17 39 22 26 11 36
150,Instances_highcost_H3/abs5n40,2,40,2729.0,2647.0,1.0309784661881376,0.0425528127841807,6 4 30 31 13 3 19 38 18 34 27 21 28 35 10 23 5 40 24 33 15 32 9 2 20 1 29 16 7 37 12 14 11 36 26 22 39 17 8 25
150,Instances_highcost_H3/abs5n45,0,0,0.0,0.0,nan,nan,
150,Instances_highcost_H3/abs5n45,1,45,2804.0,2475.0,1.132929292929293,0.03609861705607493,28 33 9 6 27 13 20 29 35 8 37 24 44 17 34 11 7 18 26 31 39 15 16 4 3 23 41 36 5 30 14 22 42 32 38 10 43 45 19 2 1 12 25 21 40
150,Instances_highcost_H3/abs5n45,2,45,2951.0,2475.0,1.1923232323232322,0.06442260822375692,33 9 14 5 36 41 23 3 38 10 43 45 32 42 30 22 19 39 15 16 4 34 24 44 17 11 35 8 37 18 7 26 31 2 28 6 27 13 21 40 25 20 29 12 1
150,Instances_highcost_H3/abs5n5,0,0,0.0,0.0,nan,nan,
150,Instances_highcost_H3/abs5n5,1,5,866.0,865.0,1.001156069364162,0.25,3 4 5 2 1
150,Instances_highcost_H3/abs5n5,2,5,1010.0,865.0,1.1676300578034682,0.08333333333333333,3 5 4 1 2
150,Instances_highcost_H3/abs5n50,0,0,0.0,0.0,nan,nan,
150,Instances_highcost_H3/abs5n50,1,50,3446.0,3165.0,1.088783570300158,0.04853604207763532,45 33 41 32 26 44 31 4 49 13 20 42 48 12 36 5 39 14 25 34 7 27 24 1 40 8 19 21 16 2 15 46 10 6 18 38 22 47 9 35 37 50 28 23 30 17 43 29 11 3
150,Instances_highcost_H3/abs5n50,2,50,3578.0,3165.0,1.1304897314375988,0.04208962468658572,45 33 41 32 26 44 31 4 49 13 20 42 48 12 36 22 38 18 46 5 39 14 25 34 7 27 24 1 40 8 19 21 16 2 15 3 11 29 17 23 50 28 37 35 43 30 9 47 10 6
150,Instances_highcost_H6/abs5n10,0,0,0.0,0.0,nan,nan,
150,Instances_highcost_H6/abs5n10,1,10,1368.0,1480.0,0.9243243243243243,0.10493827160493827,8 6 5 4 1 3 10 7 9 2
150,Instances_highcost_H6/abs5n10,2,10,1368.0,1480.0,0.9243243243243243,0.10493827160493827,8 6 5 4 1 3 10 7 9 2
150,Instances_highcost_H6/abs5n10,3,10,1368.0,1480.0,0.9243243243243243,0.10493827160493827,8 6 5 4 1 3 10 7 9 2
150,Instances_highcost_H6/abs5n10,4,10,1368.0,1480.0,0.9243243243243243,0.10493827160493827,8 6 5 4 1 3 10 7 9 2
150,Instances_highcost_H6/abs5n10,5,10,1368.0,1480.0,0.9243243243243243,0.10493827160493827,8 6 5 4 1 3 10 7 9 2
150,Instances_highcost_H6/abs5n15,0,0,0.0,0.0,nan,nan,
150,Instances_highcost_H6/abs5n15,1,15,1748.0,1469.0,1.189925119128659,0.08690476190476192,10 7 8 12 11 13 2 5 4 6 3 15 9 1 14
150,Instances_highcost_H6/abs5n15,2,15,1748.0,1469.0,1.189925119128659,0.08690476190476192,10 7 8 12 11 13 2 5 4 6 3 15 9 1 14
150,Instances_highcost_H6/abs5n15,3,15,1748.0,1469.0,1.189925119128659,0.08690476190476192,10 7 8 12 11 13 2 5 4 6 3 15 9 1 14
150,Instances_highcost_H6/abs5n15,4,15,1748.0,1469.0,1.189925119128659,0.08690476190476192,10 7 8 12 11 13 2 5 4 6 3 15 9 1 14
150,Instances_highcost_H6/abs5n15,5,15,1748.0,1469.0,1.189925119128659,0.08690476190476192,10 7 8 12 11 13 2 5 4 6 3 15 9 1 14
150,Instances_highcost_H6/abs5n20,0,0,0.0,0.0,nan,nan,
150,Instances_highcost_H6/abs5n20,1,20,2359.0,2221.0,1.0621341737955876,0.06005398110661268,19 17 5 18 8 13 7 15 12 20 11 10 9 6 2 4 16 14 3 1
150,Instances_highcost_H6/abs5n20,2,20,2359.0,2221.0,1.0621341737955876,0.06005398110661268,19 17 5 18 8 13 7 15 12 20 11 10 9 6 2 4 16 14 3 1
150,Instances_highcost_H6/abs5n20,3,20,2359.0,2221.0,1.0621341737955876,0.06005398110661268,19 17 5 18 8 13 7 15 12 20 11 10 9 6 2 4 16 14 3 1
150,Instances_highcost_H6/abs5n20,4,20,2359.0,2221.0,1.0621341737955876,0.06005398110661268,19 17 5 18 8 13 7 15 12 20 11 10 9 6 2 4 16 14 3 1
150,Instances_highcost_H6/abs5n20,5,20,2359.0,2221.0,1.0621341737955876,0.06005398110661268,19 17 5 18 8 13 7 15 12 20 11 10 9 6 2 4 16 14 3 1
150,Instances_highcost_H6/abs5n25,0,0,0.0,0.0,nan,nan,
150,Instances_highcost_H6/abs5n25,1,25,2508.0,2284.0,1.0980735551663747,0.07178151709401709,2 11 5 20 1 13 17 6 3 19 9 24 7 18 8 4 12 14 23 16 15 21 10 25 22
150,Instances_highcost_H6/abs5n25,2,25,2443.0,2284.0,1.069614711033275,0.1047676282051282,2 11 5 20 1 13 17 6 3 19 9 24 7 18 8 4 22 25 10 21 15 12 14 23 16
150,Instances_highcost_H6/abs5n25,3,25,2443.0,2284.0,1.069614711033275,0.1047676282051282,2 11 5 20 1 13 17 6 3 19 9 24 7 18 8 4 22 25 10 21 15 12 14 23 16
150,Instances_highcost_H6/abs5n25,4,25,2443.0,2284.0,1.069614711033275,0.1047676282051282,2 11 5 20 1 13 17 6 3 19 9 24 7 18 8 4 22 25 10 21 15 12 14 23 16
150,Instances_highcost_H6/abs5n25,5,25,2443.0,2284.0,1.069614711033275,0.1047676282051282,2 11 5 20 1 13 17 6 3 19 9 24 7 18 8 4 22 25 10 21 15 12 14 23 16
150,Instances_highcost_H6/abs5n30,0,0,0.0,0.0,nan,nan,
150,Instances_highcost_H6/abs5n30,1,30,2541.0,2221.0,1.1440792435839713,0.04107271449886573,1 26 20 24 10 7 28 11 3 30 17 23 16 14 8 9 13 4 29 22 21 2 18 27 12 5 15 6 25 19
150,Instances_highcost_H6/abs5n30,2,30,2433.0,2221.0,1.095452498874381,0.08601208799988722,1 26 20 24 10 7 23 16 14 8 9 13 4 29 22 21 2 18 5 27 12 3 11 28 30 17 6 25 19 15
150,Instances_highcost_H6/abs5n30,3,30,2514.0,2221.0,1.1319225574065737,0.046819840935647346,1 26 20 24 10 7 28 11 3 30 17 23 16 14 8 9 13 4 29 22 21 2 18 5 12 27 15 6 25 19
150,Instances_highcost_H6/abs5n30,4,30,2514.0,2221.0,1.1319225574065737,0.046819840935647346,1 26 20 24 10 7 28 11 3 30 17 23 16 14 8 9 13 4 29 22 21 2 18 5 12 27 15 6 25 19
150,Instances_highcost_H6/abs5n30,5,30,2514.0,2221.0,1.1319225574065737,0.046819840935647346,1 26 20 24 10 7 28 11 3 30 17 23 16 14 8 9 13 4 29 22 21 2 18 5 12 27 15 6 25 19
150,Instances_highcost_H6/abs5n5,0,0,0.0,0.0,nan,nan,
150,Instances_highcost_H6/abs5n5,1,5,866.0,865.0,1.001156069364162,0.25,3 4 5 2 1
150,Instances_highcost_H6/abs5n5,2,5,1010.0,865.0,1.1676300578034682,0.08333333333333333,3 5 4 1 2
150,Instances_highcost_H6/abs5n5,3,5,1010.0,865.0,1.1676300578034682,0.08333333333333333,3 5 4 1 2
150,Instances_highcost_H6/abs5n5,4,5,1010.0,865.0,1.1676300578034682,0.08333333333333333,3 5 4 1 2
150,Instances_highcost_H6/abs5n5,5,5,1010.0,865.0,1.1676300578034682,0.08333333333333333,3 5 4 1 2
150,Instances_lowcost_H3/abs5n10,0,0,0.0,0.0,nan,nan,
150,Instances_lowcost_H3/abs5n10,1,10,1368.0,1480.0,0.9243243243243243,0.10493827160493827,8 6 5 4 1 3 10 7 9 2
150,Instances_lowcost_H3/abs5n10,2,10,1368.0,1480.0,0.9243243243243243,0.10493827160493827,8 6 5 4 1 3 10 7 9 2
150,Instances_lowcost_H3/abs5n15,0,0,0.0,0.0,nan,nan,
150,Instances_lowcost_H3/abs5n15,1,15,1748.0,1469.0,1.189925119128659,0.08690476190476192,10 7 8 12 11 13 2 5 4 6 3 15 9 1 14
150,Instances_lowcost_H3/abs5n15,2,15,1748.0,1469.0,1.189925119128659,0.08690476190476192,10 7 8 12 11 13 2 5 4 6 3 15 9 1 14
150,Instances_lowcost_H3/abs5n20,0,0,0.0,0.0,nan,nan,
150,Instances_lowcost_H3/abs5n20,1,20,2359.0,2221.0,1.0621341737955876,0.06005398110661268,19 17 5 18 8 13 7 15 12 20 11 10 9 6 2 4 16 14 3 1
150,Instances_lowcost_H3/abs5n20,2,20,2359.0,2221.0,1.0621341737955876,0.06005398110661268,19 17 5 18 8 13 7 15 12 20 11 10 9 6 2 4 16 14 3 1
150,Instances_lowcost_H3/abs5n25,0,0,0.0,0.0,nan,nan,
150,Instances_lowcost_H3/abs5n25,1,25,2508.0,2284.0,1.0980735551663747,0.07178151709401709,2 11 5 20 1 13 17 6 3 19 9 24 7 18 8 4 12 14 23 16 15 21 10 25 22
150,Instances_lowcost_H3/abs5n25,2,25,2443.0,2284.0,1.069614711033275,0.1047676282051282,2 11 5 20 1 13 17 6 3 19 9 24 7 18 8 4 22 25 10 21 15 12 14 23 16
150,Instances_lowcost_H3/abs5n30,0,0,0.0,0.0,nan,nan,
150,Instances_lowcost_H3/abs5n30,1,30,2541.0,2221.0,1.1440792435839713,0.04107271449886573,1 26 20 24 10 7 28 11 3 30 17 23 16 14 8 9 13 4 29 22 21 2 18 27 12 5 15 6 25 19
150,Instances_lowcost_H3/abs5n30,2,30,2433.0,2221.0,1.095452498874381,0.08601208799988722,1 26 20 24 10 7 23 16 14 8 9 13 4 29 22 21 2 18 5 27 12 3 11 28 30 17 6 25 19 15
150,Instances_lowcost_H3/abs5n35,0,0,0.0,0.0,nan,nan,
150,Instances_lowcost_H3/abs5n35,1,35,2793.0,2679.0,1.0425531914893618,0.03283801934320965,28 1 18 21 33 2 8 19 34 4 15 9 23 3 6 25 20 7 14 31 16 27 35 22 26 29 30 17 11 12 5 24 32 10 13
150,Instances_lowcost_H3/abs5n35,2,35,2683.0,2679.0,1.0014930944382232,0.023269603956379944,28 1 18 21 8 19 34 4 15 9 23 3 6 25 7 20 14 31 16 27 35 22 26 30 29 17 11 12 5 24 32 10 33 2 13
150,Instances_lowcost_H3/abs5n40,0,0,0.0,0.0,nan,nan,
150,Instances_lowcost_H3/abs5n40,1,40,2995.0,2647.0,1.1314695882130714,0.047048884345469666,6 4 30 31 13 3 19 38 18 34 27 21 28 35 23 10 5 40 24 15 33 32 9 20 1 29 16 7 37 14 12 2 25 8 17 39 22 26 11 36
150,Instances_lowcost_H3/abs5n40,2,40,2729.0,2647.0,1.0309784661881376,0.0425528127841807,6 4 30 31 13 3 19 38 18 34 27 21 28 35 10 23 5 40 24 33 15 32 9 2 20 1 29 16 7 37 12 14 11 36 26 22 39 17 8 25
150,Instances_lowcost_H3/abs5n45,0,0,0.0,0.0,nan,nan,
150,Instances_lowcost_H3/abs5n45,1,45,2804.0,2475.0,1.132929292929293,0.03609861705607493,28 33 9 6 27 13 20 29 35 8 37 24 44 17 34 11 7 18 26 31 39 15 16 4 3 23 41 36 5 30 14 22 42 32 38 10 43 45 19 2 1 12 25 21 40
150,Instances_lowcost_H3/abs5n45,2,45,2951.0,2475.0,1.1923232323232322,0.06442260822375692,33 9 14 5 36 41 23 3 38 10 43 45 32 42 30 22 19 39 15 16 4 34 24 44 17 11 35 8 37 18 7 26 31 2 28 6 27 13 21 40 25 20 29 12 1
150,Instances_lowcost_H3/abs5n5,0,0,0.0,0.0,nan,nan,
150,Instances_lowcost_H3/abs5n5,1,5,866.0,865.0,1.001156069364162,0.25,3 4 5 2 1
150,Instances_lowcost_H3/abs5n5,2,5,1010.0,865.0,1.1676300578034682,0.08333333333333333,3 5 4 1 2
150,Instances_lowcost_H3/abs5n50,0,0,0.0,0.0,nan,nan,
150,Instances_lowcost_H3/abs5n50,1,50,3446.0,3165.0,1.088783570300158,0.04853604207763532,45 33 41 32 26 44 31 4 49 13 20 42 48 12 36 5 39 14 25 34 7 27 24 1 40 8 19 21 16 2 15 46 10 6 18 38 22 47 9 35 37 50 28 23 30 17 43 29 11 3
150,Instances_lowcost_H3/abs5n50,2,50,3578.0,3165.0,1.1304897314375988,0.04208962468658572,45 33 41 32 26 44 31 4 49 13 20 42 48 12 36 22 38 18 46 5 39 14 25 34 7 27 24 1 40 8 19 21 16 2 15 3 11 29 17 23 50 28 37 35 43 30 9 47 10 6
150,Instances_lowcost_H6/abs5n10,0,0,0.0,0.0,nan,nan,
150,Instances_lowcost_H6/abs5n10,1,10,1368.0,1480.0,0.9243243243243243,0.10493827160493827,8 6 5 4 1 3 10 7 9 2
150,Instances_lowcost_H6/abs5n10,2,10,1368.0,1480.0,0.9243243243243243,0.10493827160493827,8 6 5 4 1 3 10 7 9 2
150,Instances_lowcost_H6/abs5n10,3,10,1368.0,1480.0,0.9243243243243243,0.10493827160493827,8 6 5 4 1 3 10 7 9 2
150,Instances_lowcost_H6/abs5n10,4,10,1368.0,1480.0,0.9243243243243243,0.10493827160493827,8 6 5 4 1 3 10 7 9 2
150,Instances_lowcost_H6/abs5n10,5,10,1368.0,1480.0,0.9243243243243243,0.10493827160493827,8 6 5 4 1 3 10 7 9 2
150,Instances_lowcost_H6/abs5n15,0,0,0.0,0.0,nan,nan,
150,Instances_lowcost_H6/abs5n15,1,15,1748.0,1469.0,1.189925119128659,0.08690476190476192,10 7 8 12 11 13 2 5 4 6 3 15 9 1 14
150,Instances_lowcost_H6/abs5n15,2,15,1748.0,1469.0,1.189925119128659,0.08690476190476192,10 7 8 12 11 13 2 5 4 6 3 15 9 1 14
150,Instances_lowcost_H6/abs5n15,3,15,1748.0,1469.0,1.189925119128659,0.08690476190476192,10 7 8 12 11 13 2 5 4 6 3 15 9 1 14
150,Instances_lowcost_H6/abs5n15,4,15,1748.0,1469.0,1.189925119128659,0.08690476190476192,10 7 8 12 11 13 2 5 4 6 3 15 9 1 14
150,Instances_lowcost_H6/abs5n15,5,15,1748.0,1469.0,1.189925119128659,0.08690476190476192,10 7 8 12 11 13 2 5 4 6 3 15 9 1 14
150,Instances_lowcost_H6/abs5n20,0,0,0.0,0.0,nan,nan,
150,Instances_lowcost_H6/abs5n20,1,20,2359.0,2221.0,1.0621341737955876,0.06005398110661268,19 17 5 18 8 13 7 15 12 20 11 10 9 6 2 4 16 14 3 1
150,Instances_lowcost_H6/abs5n20,2,20,2359.0,2221.0,1.0621341737955876,0.06005398110661268,19 17 5 18 8 13 7 15 12 20 11 10 9 6 2 4 16 14 3 1
150,Instances_lowcost_H6/abs5n20,3,20,2359.0,2221.0,1.0621341737955876,0.06005398110661268,19 17 5 18 8 13 7 15 12 20 11 10 9 6 2 4 16 14 3 1
150,Instances_lowcost_H6/abs5n20,4,20,2359.0,2221.0,1.0621341737955876,0.06005398110661268,19 17 5 18 8 13 7 15 12 20 11 10 9 6 2 4 16 14 3 1
150,Instances_lowcost_H6/abs5n20,5,20,2359.0,2221.0,1.0621341737955876,0.06005398110661268,19 17 5 18 8 13 7 15 12 20 11 10 9 6 2 4 16 14 3 1
150,Instances_lowcost_H6/abs5n25,0,0,0.0,0.0,nan,nan,
150,Instances_lowcost_H6/abs5n25,1,25,2508.0,2284.0,1.0980735551663747,0.07178151709401709,2 11 5 20 1 13 17 6 3 19 9 24 7 18 8 4 12 14 23 16 15 21 10 25 22
150,Instances_lowcost_H6/abs5n25,2,25,2443.0,2284.0,1.069614711033275,0.1047676282051282,2 11 5 20 1 13 17 6 3 19 9 24 7 18 8 4 22 25 10 21 15 12 14 23 16
150,Instances_lowcost_H6/abs5n25,3,25,2443.0,2284.0,1.069614711033275,0.1047676282051282,2 11 5 20 1 13 17 6 3 19 9 24 7 18 8 4 22 25 10 21 15 12 14 23 16
150,Instances_lowcost_H6/abs5n25,4,25,2443.0,2284.0,1.069614711033275,0.1047676282051282,2 11 5 20 1 13 17 6 3 19 9 24 7 18 8 4 22 25 10 21 15 12 14 23 16
150,Instances_lowcost_H6/abs5n25,5,25,2443.0,2284.0,1.069614711033275,0.1047676282051282,2 11 5 20 1 13 17 6 3 19 9 24 7 18 8 4 22 25 10 21 15 12 14 23 16
150,Instances_lowcost_H6/abs5n30,0,0,0.0,0.0,nan,nan,
150,Instances_lowcost_H6/abs5n30,1,30,2541.0,2221.0,1.1440792435839713,0.04107271449886573,1 26 20 24 10 7 28 11 3 30 17 23 16 14 8 9 13 4 29 22 21 2 18 27 12 5 15 6 25 19
150,Instances_lowcost_H6/abs5n30,2,30,2433.0,2221.0,1.095452498874381,0.08601208799988722,1 26 20 24 10 7 23 16 14 8 9 13 4 29 22 21 2 18 5 27 12 3 11 28 30 17 6 25 19 15
150,Instances_lowcost_H6/abs5n30,3,30,2514.0,2221.0,1.1319225574065737,0.046819840935647346,1 26 20 24 10 7 28 11 3 30 17 23 16 14 8 9 13 4 29 22 21 2 18 5 12 27 15 6 25 19
150,Instances_lowcost_H6/abs5n30,4,30,2514.0,2221.0,1.1319225574065737,0.046819840935647346,1 26 20 24 10 7 28 11 3 30 17 23 16 14 8 9 13 4 29 22 21 2 18 5 12 27 15 6 25 19
150,Instances_lowcost_H6/abs5n30,5,30,2514.0,2221.0,1.1319225574065737,0.046819840935647346,1 26 20 24 10 7 28 11 3 30 17 23 16 14 8 9 13 4 29 22 21 2 18 5 12 27 15 6 25 19
150,Instances_lowcost_H6/abs5n5,0,0,0.0,0.0,nan,nan,
150,Instances_lowcost_H6/abs5n5,1,5,866.0,865.0,1.001156069364162,0.25,3 4 5 2 1
150,Instances_lowcost_H6/abs5n5,2,5,1010.0,865.0,1.1676300578034682,0.08333333333333333,3 5 4 1 2
150,Instances_lowcost_H6/abs5n5,3,5,1010.0,865.0,1.1676300578034682,0.08333333333333333,3 5 4 1 2
150,Instances_lowcost_H6/abs5n5,4,5,1010.0,865.0,1.1676300578034682,0.08333333333333333,3 5 4 1 2
150,Instances_lowcost_H6/abs5n5,5,5,1010.0,865.0,1.1676300578034682,0.08333333333333333,3 5 4 1 2
175,Instances_highcost_H3/abs5n10,0,0,0.0,0.0,nan,nan,
175,Instances_highcost_H3/abs5n10,1,10,1368.0,1480.0,0.9243243243243243,0.10493827160493827,8 6 5 4 1 3 10 7 9 2
175,Instances_highcost_H3/abs5n10,2,10,1368.0,1480.0,0.9243243243243243,0.10493827160493827,8 6 5 4 1 3 10 7 9 2
175,Instances_highcost_H3/abs5n15,0,0,0.0,0.0,nan,nan,
175,Instances_highcost_H3/abs5n15,1,15,1768.0,1469.0,1.2035398230088497,0.07627372627372628,10 8 7 13 11 12 2 5 4 6 14 3 15 9 1
175,Instances_highcost_H3/abs5n15,2,15,1641.0,1469.0,1.1170864533696392,0.05714285714285715,10 7 8 12 11 13 2 5 4 6 14 3 15 9 1
175,Instances_highcost_H3/abs5n20,0,0,0.0,0.0,nan,nan,
175,Instances_highcost_H3/abs5n20,1,20,2254.0,2221.0,1.014858171994597,0.03657550739594083,19 14 5 17 18 8 13 3 1 20 12 15 7 11 10 9 6 2 4 16
175,Instances_highcost_H3/abs5n20,2,20,2359.0,2221.0,1.0621341737955876,0.06005398110661268,19 17 5 18 8 13 7 15 12 20 11 10 9 6 2 4 16 14 3 1
175,Instances_highcost_H3/abs5n25,0,0,0.0,0.0,nan,nan,
175,Instances_highcost_H3/abs5n25,1,19,2009.0,1763.0,1.1395348837209303,0.05438712522045855,2 11 5 20 1 13 17 6 3 9 19 24 7 23 14 16 15 21 12
175,Instances_highcost_H3/abs5n25,2,25,2536.0,2284.0,1.1103327495621715,0.07961881868131866,2 11 5 20 1 13 17 6 3 19 9 24 7 18 8 4 25 10 21 22 15 12 14 16 23
175,Instances_highcost_H3/abs5n30,0,0,0.0,0.0,nan,nan,
175,Instances_highcost_H3/abs5n30,1,30,2649.0,2221.0,1.1927059882935616,0.03374049652289843,1 26 20 24 10 7 28 11 3 30 15 17 6 25 19 14 8 9 13 4 29 22 21 2 18 27 5 12 23 16
175,Instances_highcost_H3/abs5n30,2,30,2593.0,2221.0,1.1674921206663664,0.04404021542729332,1 26 20 24 10 7 28 11 3 5 21 22 4 29 13 2 9 8 14 16 25 19 6 17 30 15 12 27 18 23
175,Instances_highcost_H3/abs5n35,0,0,0.0,0.0,nan,nan,
175,Instances_highcost_H3/abs5n35,1,35,2978.0,2679.0,1.1116088092571854,0.08145397638089236,28 1 18 21 10 33 2 13 15 4 34 19 8 9 23 3 6 25 20 7 14 31 16 27 35 22 26 29 30 11 5 24 32 17 12
175,Instances_highcost_H3/abs5n35,2,35,2818.0,2679.0,1.0518850317282569,0.08121714969197369,28 1 18 21 10 16 31 14 20 7 26 22 35 27 32 24 5 17 29 30 25 6 3 11 12 23 9 15 4 34 19 8 2 33 13
175,Instances_highcost_H3/abs5n40,0,0,0.0,0.0,nan,nan,
175,Instances_highcost_H3/abs5n40,1,40,3247.0,2647.0,1.2266717038156403,0.07854512607926797,6 4 30 31 13 3 19 38 18 34 27 21 28 35 23 10 5 40 33 15 24 20 9 32 1 29 7 37 14 39 17 8 25 22 26 11 36 16 12 2
175,Instances_highcost_H3/abs5n40,2,40,2647.0,2647.0,1.0,0.03691565544133775,6 4 30 31 13 3 19 38 18 34 27 21 28 36 35 23 10 5 40 24 33 15 32 9 2 20 1 29 7 16 37 12 14 11 26 17 39 22 8 25
175,Instances_highcost_H3/abs5n45,0,0,0.0,0.0,nan,nan,
175,Instances_highcost_H3/abs5n45,1,45,2958.0,2475.0,1.195151515151515,0.06101971745290162,28 1 29 20 35 8 37 24 44 17 11 34 31 18 7 26 12 25 13 27 21 40 6 9 33 2 39 15 16 4 3 23 41 36 5 30 14 22 32 38 10 43 45 19 42
175,Instances_highcost_H3/abs5n45,2,45,3004.0,2475.0,1.2137373737373738,0.04454809707712784,28 1 29 8 35 37 11 24 44 17 34 7 18 20 13 27 21 40 6 9 33 25 12 26 31 2 19 38 3 23 41 36 5 30 14 22 42 32 10 43 45 39 15 16 4
175,Instances_highcost_H3/abs5n5,0,0,0.0,0.0,nan,nan,
175,Instances_highcost_H3/abs5n5,1,1,278.0,278.0,1.0,nan,4
175,Instances_highcost_H3/abs5n5,2,5,1010.0,865.0,1.1676300578034682,0.08333333333333333,3 5 4 1 2
175,Instances_highcost_H3/abs5n50,0,0,0.0,0.0,nan,nan,
175,Instances_highcost_H3/abs5n50,1,50,3278.0,3165.0,1.0357030015797788,0.04393712145787434,33 45 26 44 31 4 49 13 20 42 48 12 36 5 39 25 14 6 10 46 18 15 7 34 27 24 1 40 8 19 21 16 2 29 11 38 3 22 47 9 17 30 23 41 32 50 28 37 35 43
175,Instances_highcost_H3/abs5n50,2,50,3289.0,3165.0,1.039178515007899,0.04142225720323172,33 45 26 44 31 4 49 13 20 42 48 12 36 5 39 14 25 34 7 27 24 1 40 8 19 21 16 2 15 10 6 46 18 3 38 11 29 17 30 23 41 32 50 28 37 35 43 9 47 22
175,Instances_highcost_H6/abs5n10,0,0,0.0,0.0,nan,nan,
175,Instances_highcost_H6/abs5n10,1,10,1368.0,1480.0,0.9243243243243243,0.10493827160493827,8 6 5 4 1 3 10 7 9 2
175,Instances_highcost_H6/abs5n10,2,10,1368.0,1480.0,0.9243243243243243,0.10493827160493827,8 6 5 4 1 3 10 7 9 2
175,Instances_highcost_H6/abs5n10,3,10,1368.0,1480.0,0.9243243243243243,0.10493827160493827,8 6 5 4 1 3 10 7 9 2
175,Instances_highcost_H6/abs5n10,4,10,1368.0,1480.0,0.9243243243243243,0.10493827160493827,8 6 5 4 1 3 10 7 9 2
175,Instances_highcost_H6/abs5n10,5,10,1368.0,1480.0,0.9243243243243243,0.10493827160493827,8 6 5 4 1 3 10 7 9 2
175,Instances_highcost_H6/abs5n15,0,0,0.0,0.0,nan,nan,
175,Instances_highcost_H6/abs5n15,1,15,1768.0,1469.0,1.2035398230088497,0.07627372627372628,10 8 7 13 11 12 2 5 4 6 14 3 15 9 1
175,Instances_highcost_H6/abs5n15,2,15,1641.0,1469.0,1.1170864533696392,0.05714285714285715,10 7 8 12 11 13 2 5 4 6 14 3 15 9 1
175,Instances_highcost_H6/abs5n15,3,15,1641.0,1469.0,1.1170864533696392,0.05714285714285715,10 7 8 12 11 13 2 5 4 6 14 3 15 9 1
175,Instances_highcost_H6/abs5n15,4,15,1641.0,1469.0,1.1170864533696392,0.05714285714285715,10 7 8 12 11 13 2 5 4 6 14 3 15 9 1
175,Instances_highcost_H6/abs5n15,5,15,1641.0,1469.0,1.1170864533696392,0.05714285714285715,10 7 8 12 11 13 2 5 4 6 14 3 15 9 1
175,Instances_highcost_H6/abs5n20,0,0,0.0,0.0,nan,nan,
175,Instances_highcost_H6/abs5n20,1,20,2254.0,2221.0,1.014858171994597,0.03657550739594083,19 14 5 17 18 8 13 3 1 20 12 15 7 11 10 9 6 2 4 16
175,Instances_highcost_H6/abs5n20,2,20,2359.0,2221.0,1.0621341737955876,0.06005398110661268,19 17 5 18 8 13 7 15 12 20 11 10 9 6 2 4 16 14 3 1
175,Instances_highcost_H6/abs5n20,3,20,2301.0,2221.0,1.0360198108959928,0.05290800530738611,19 14 5 17 18 8 13 7 15 12 20 11 10 9 6 2 4 16 3 1
175,Instances_highcost_H6/abs5n20,4,20,2301.0,2221.0,1.0360198108959928,0.05290800530738611,19 14 5 17 18 8 13 7 15 12 20 11 10 9 6 2 4 16 3 1
175,Instances_highcost_H6/abs5n20,5,20,2301.0,2221.0,1.0360198108959928,0.05290800530738611,19 14 5 17 18 8 13 7 15 12 20 11 10 9 6 2 4 16 3 1
175,Instances_highcost_H6/abs5n25,0,0,0.0,0.0,nan,nan,
175,Instances_highcost_H6/abs5n25,1,19,2009.0,1763.0,1.1395348837209303,0.05438712522045855,2 11 5 20 1 13 17 6 3 9 19 24 7 23 14 16 15 21 12
175,Instances_highcost_H6/abs5n25,2,25,2536.0,2284.0,1.1103327495621715,0.07961881868131866,2 11 5 20 1 13 17 6 3 19 9 24 7 18 8 4 25 10 21 22 15 12 14 16 23
175,Instances_highcost_H6/abs5n25,3,25,2449.0,2284.0,1.0722416812609457,0.08719411375661375,2 11 5 20 1 13 17 6 3 19 9 23 24 7 18 8 4 25 10 21 22 15 12 14 16
175,Instances_highcost_H6/abs5n25,4,25,2449.0,2284.0,1.0722416812609457,0.08719411375661375,2 11 5 20 1 13 17 6 3 19 9 23 24 7 18 8 4 25 10 21 22 15 12 14 16
175,Instances_highcost_H6/abs5n25,5,25,2449.0,2284.0,1.0722416812609457,0.08719411375661375,2 11 5 20 1 13 17 6 3 19 9 23 24 7 18 8 4 25 10 21 22 15 12 14 16
175,Instances_highcost_H6/abs5n30,0,0,0.0,0.0,nan,nan,
175,Instances_highcost_H6/abs5n30,1,30,2649.0,2221.0,1.1927059882935616,0.03374049652289843,1 26 20 24 10 7 28 11 3 30 15 17 6 25 19 14 8 9 13 4 29 22 21 2 18 27 5 12 23 16
175,Instances_highcost_H6/abs5n30,2,30,2593.0,2221.0,1.1674921206663664,0.04404021542729332,1 26 20 24 10 7 28 11 3 5 21 22 4 29 13 2 9 8 14 16 25 19 6 17 30 15 12 27 18 23
175,Instances_highcost_H6/abs5n30,3,30,2544.0,2221.0,1.145429986492571,0.04675168020772362,1 26 20 24 10 7 28 11 3 5 21 22 4 29 13 2 18 9 8 14 16 25 19 6 17 30 15 12 27 23
175,Instances_highcost_H6/abs5n30,4,30,2544.0,2221.0,1.145429986492571,0.04675168020772362,1 26 20 24 10 7 28 11 3 5 21 22 4 29 13 2 18 9 8 14 16 25 19 6 17 30 15 12 27 23
175,Instances_highcost_H6/abs5n30,5,30,2544.0,2221.0,1.145429986492571,0.04675168020772362,1 26 20 24 10 7 28 11 3 5 21 22 4 29 13 2 18 9 8 14 16 25 19 6 17 30 15 12 27 23
175,Instances_highcost_H6/abs5n5,0,0,0.0,0.0,nan,nan,
175,Instances_highcost_H6/abs5n5,1,1,278.0,278.0,1.0,nan,4
175,Instances_highcost_H6/abs5n5,2,5,1010.0,865.0,1.1676300578034682,0.08333333333333333,3 5 4 1 2
175,Instances_highcost_H6/abs5n5,3,5,1010.0,865.0,1.1676300578034682,0.08333333333333333,3 5 4 1 2
175,Instances_highcost_H6/abs5n5,4,5,1010.0,865.0,1.1676300578034682,0.08333333333333333,3 5 4 1 2
175,Instances_highcost_H6/abs5n5,5,5,1010.0,865.0,1.1676300578034682,0.08333333333333333,3 5 4 1 2
175,Instances_lowcost_H3/abs5n10,0,0,0.0,0.0,nan,nan,
175,Instances_lowcost_H3/abs5n10,1,10,1368.0,1480.0,0.9243243243243243,0.10493827160493827,8 6 5 4 1 3 10 7 9 2
175,Instances_lowcost_H3/abs5n10,2,10,1368.0,1480.0,0.9243243243243243,0.10493827160493827,8 6 5 4 1 3 10 7 9 2
175,Instances_lowcost_H3/abs5n15,0,0,0.0,0.0,nan,nan,
175,Instances_lowcost_H3/abs5n15,1,15,1768.0,1469.0,1.2035398230088497,0.07627372627372628,10 8 7 13 11 12 2 5 4 6 14 3 15 9 1
175,Instances_lowcost_H3/abs5n15,2,15,1641.0,1469.0,1.1170864533696392,0.05714285714285715,10 7 8 12 11 13 2 5 4 6 14 3 15 9 1
175,Instances_lowcost_H3/abs5n20,0,0,0.0,0.0,nan,nan,
175,Instances_lowcost_H3/abs5n20,1,20,2254.0,2221.0,1.014858171994597,0.03657550739594083,19 14 5 17 18 8 13 3 1 20 12 15 7 11 10 9 6 2 4 16
175,Instances_lowcost_H3/abs5n20,2,20,2359.0,2221.0,1.0621341737955876,0.06005398110661268,19 17 5 18 8 13 7 15 12 20 11 10 9 6 2 4 16 14 3 1
175,Instances_lowcost_H3/abs5n25,0,0,0.0,0.0,nan,nan,
175,Instances_lowcost_H3/abs5n25,1,19,2009.0,1763.0,1.1395348837209303,0.05438712522045855,2 11 5 20 1 13 17 6 3 9 19 24 7 23 14 16 15 21 12
175,Instances_lowcost_H3/abs5n25,2,25,2536.0,2284.0,1.1103327495621715,0.07961881868131866,2 11 5 20 1 13 17 6 3 19 9 24 7 18 8 4 25 10 21 22 15 12 14 16 23
175,Instances_lowcost_H3/abs5n30,0,0,0.0,0.0,nan,nan,
175,Instances_lowcost_H3/abs5n30,1,30,2649.0,2221.0,1.1927059882935616,0.03374049652289843,1 26 20 24 10 7 28 11 3 30 15 17 6 25 19 14 8 9 13 4 29 22 21 2 18 27 5 12 23 16
175,Instances_lowcost_H3/abs5n30,2,30,2593.0,2221.0,1.1674921206663664,0.04404021542729332,1 26 20 24 10 7 28 11 3 5 21 22 4 29 13 2 9 8 14 16 25 19 6 17 30 15 12 27 18 23
175,Instances_lowcost_H3/abs5n35,0,0,0.0,0.0,nan,nan,
175,Instances_lowcost_H3/abs5n35,1,35,2978.0,2679.0,1.1116088092571854,0.08145397638089236,28 1 18 21 10 33 2 13 15 4 34 19 8 9 23 3 6 25 20 7 14 31 16 27 35 22 26 29 30 11 5 24 32 17 12
175,Instances_lowcost_H3/abs5n35,2,35,2818.0,2679.0,1.0518850317282569,0.08121714969197369,28 1 18 21 10 16 31 14 20 7 26 22 35 27 32 24 5 17 29 30 25 6 3 11 12 23 9 15 4 34 19 8 2 33 13
175,Instances_lowcost_H3/abs5n40,0,0,0.0,0.0,nan,nan,
175,Instances_lowcost_H3/abs5n40,1,40,3247.0,2647.0,1.2266717038156403,0.07854512607926797,6 4 30 31 13 3 19 38 18 34 27 21 28 35 23 10 5 40 33 15 24 20 9 32 1 29 7 37 14 39 17 8 25 22 26 11 36 16 12 2
175,Instances_lowcost_H3/abs5n40,2,40,2647.0,2647.0,1.0,0.03691565544133775,6 4 30 31 13 3 19 38 18 34 27 21 28 36 35 23 10 5 40 24 33 15 32 9 2 20 1 29 7 16 37 12 14 11 26 17 39 22 8 25
175,Instances_lowcost_H3/abs5n45,0,0,0.0,0.0,nan,nan,
175,Instances_lowcost_H3/abs5n45,1,45,2958.0,2475.0,1.195151515151515,0.06101971745290162,28 1 29 20 35 8 37 24 44 17 11 34 31 18 7 26 12 25 13 27 21 40 6 9 33 2 39 15 16 4 3 23 41 36 5 30 14 22 32 38 10 43 45 19 42
175,Instances_lowcost_H3/abs5n45,2,45,3004.0,2475.0,1.2137373737373738,0.04454809707712784,28 1 29 8 35 37 11 24 44 17 34 7 18 20 13 27 21 40 6 9 33 25 12 26 31 2 19 38 3 23 41 36 5 30 14 22 42 32 10 43 45 39 15 16 4
175,Instances_lowcost_H3/abs5n5,0,0,0.0,0.0,nan,nan,
175,Instances_lowcost_H3/abs5n5,1,1,278.0,278.0,1.0,nan,4
175,Instances_lowcost_H3/abs5n5,2,5,1010.0,865.0,1.1676300578034682,0.08333333333333333,3 5 4 1 2
175,Instances_lowcost_H3/abs5n50,0,0,0.0,0.0,nan,nan,
175,Instances_lowcost_H3/abs5n50,1,50,3278.0,3165.0,1.0357030015797788,0.04393712145787434,33 45 26 44 31 4 49 13 20 42 48 12 36 5 39 25 14 6 10 46 18 15 7 34 27 24 1 40 8 19 21 16 2 29 11 38 3 22 47 9 17 30 23 41 32 50 28 37 35 43
175,Instances_lowcost_H3/abs5n50,2,50,3289.0,3165.0,1.039178515007899,0.04142225720323172,33 45 26 44 31 4 49 13 20 42 48 12 36 5 39 14 25 34 7 27 24 1 40 8 19 21 16 2 15 10 6 46 18 3 38 11 29 17 30 23 41 32 50 28 37 35 43 9 47 22
175,Instances_lowcost_H6/abs5n10,0,0,0.0,0.0,nan,nan,
175,Instances_lowcost_H6/abs5n10,1,10,1368.0,1480.0,0.9243243243243243,0.10493827160493827,8 6 5 4 1 3 10 7 9 2
175,Instances_lowcost_H6/abs5n10,2,10,1368.0,1480.0,0.9243243243243243,0.10493827160493827,8 6 5 4 1 3 10 7 9 2
175,Instances_lowcost_H6/abs5n10,3,10,1368.0,1480.0,0.9243243243243243,0.10493827160493827,8 6 5 4 1 3 10 7 9 2
175,Instances_lowcost_H6/abs5n10,4,10,1368.0,1480.0,0.9243243243243243,0.10493827160493827,8 6 5 4 1 3 10 7 9 2
175,Instances_lowcost_H6/abs5n10,5,10,1368.0,1480.0,0.9243243243243243,0.10493827160493827,8 6 5 4 1 3 10 7 9 2
175,Instances_lowcost_H6/abs5n15,0,0,0.0,0.0,nan,nan,
175,Instances_lowcost_H6/abs5n15,1,15,1768.0,1469.0,1.2035398230088497,0.07627372627372628,10 8 7 13 11 12 2 5 4 6 14 3 15 9 1
175,Instances_lowcost_H6/abs5n15,2,15,1641.0,1469.0,1.1170864533696392,0.05714285714285715,10 7 8 12 11 13 2 5 4 6 14 3 15 9 1
175,Instances_lowcost_H6/abs5n15,3,15,1641.0,1469.0,1.1170864533696392,0.05714285714285715,10 7 8 12 11 13 2 5 4 6 14 3 15 9 1
175,Instances_lowcost_H6/abs5n15,4,15,1641.0,1469.0,1.1170864533696392,0.05714285714285715,10 7 8 12 11 13 2 5 4 6 14 3 15 9 1
175,Instances_lowcost_H6/abs5n15,5,15,1641.0,1469.0,1.1170864533696392,0.05714285714285715,10 7 8 12 11 13 2 5 4 6 14 3 15 9 1
175,Instances_lowcost_H6/abs5n20,0,0,0.0,0.0,nan,nan,
175,Instances_lowcost_H6/abs5n20,1,20,2254.0,2221.0,1.014858171994597,0.03657550739594083,19 14 5 17 18 8 13 3 1 20 12 15 7 11 10 9 6 2 4 16
175,Instances_lowcost_H6/abs5n20,2,20,2359.0,2221.0,1.0621341737955876,0.06005398110661268,19 17 5 18 8 13 7 15 12 20 11 10 9 6 2 4 16 14 3 1
175,Instances_lowcost_H6/abs5n20,3,20,2301.0,2221.0,1.0360198108959928,0.05290800530738611,19 14 5 17 18 8 13 7 15 12 20 11 10 9 6 2 4 16 3 1
175,Instances_lowcost_H6/abs5n20,4,20,2301.0,2221.0,1.0360198108959928,0.05290800530738611,19 14 5 17 18 8 13 7 15 12 20 11 10 9 6 2 4 16 3 1
175,Instances_lowcost_H6/abs5n20,5,20,2301.0,2221.0,1.0360198108959928,0.05290800530738611,19 14 5 17 18 8 13 7 15 12 20 11 10 9 6 2 4 16 3 1
175,Instances_lowcost_H6/abs5n25,0,0,0.0,0.0,nan,nan,
175,Instances_lowcost_H6/abs5n25,1,19,2009.0,1763.0,1.1395348837209303,0.05438712522045855,2 11 5 20 1 13 17 6 3 9 19 24 7 23 14 16 15 21 12
175,Instances_lowcost_H6/abs5n25,2,25,2536.0,2284.0,1.1103327495621715,0.07961881868131866,2 11 5 20 1 13 17 6 3 19 9 24 7 18 8 4 25 10 21 22 15 12 14 16 23
175,Instances_lowcost_H6/abs5n25,3,25,2449.0,2284.0,1.0722416812609457,0.08719411375661375,2 11 5 20 1 13 17 6 3 19 9 23 24 7 18 8 4 25 10 21 22 15 12 14 16
175,Instances_lowcost_H6/abs5n25,4,25,2449.0,2284.0,1.0722416812609457,0.08719411375661375,2 11 5 20 1 13 17 6 3 19 9 23 24 7 18 8 4 25 10 21 22 15 12 14 16
175,Instances_lowcost_H6/abs5n25,5,25,2449.0,2284.0,1.0722416812609457,0.08719411375661375,2 11 5 20 1 13 17 6 3 19 9 23 24 7 18 8 4 25 10 21 22 15 12 14 16
175,Instances_lowcost_H6/abs5n30,0,0,0.0,0.0,nan,nan,
175,Instances_lowcost_H6/abs5n30,1,30,2649.0,2221.0,1.1927059882935616,0.03374049652289843,1 26 20 24 10 7 28 11 3 30 15 17 6 25 19 14 8 9 13 4 29 22 21 2 18 27 5 12 23 16
175,Instances_lowcost_H6/abs5n30,2,30,2593.0,2221.0,1.1674921206663664,0.04404021542729332,1 26 20 24 10 7 28 11 3 5 21 22 4 29 13 2 9 8 14 16 25 19 6 17 30 15 12 27 18 23
175,Instances_lowcost_H6/abs5n30,3,30,2544.0,2221.0,1.145429986492571,0.04675168020772362,1 26 20 24 10 7 28 11 3 5 21 22 4 29 13 2 18 9 8 14 16 25 19 6 17 30 15 12 27 23
175,Instances_lowcost_H6/abs5n30,4,30,2544.0,2221.0,1.145429986492571,0.04675168020772362,1 26 20 24 10 7 28 11 3 5 21 22 4 29 13 2 18 9 8 14 16 25 19 6 17 30 15 12 27 23
175,Instances_lowcost_H6/abs5n30,5,30,2544.0,2221.0,1.145429986492571,0.04675168020772362,1 26 20 24 10 7 28 11 3 5 21 22 4 29 13 2 18 9 8 14 16 25 19 6 17 30 15 12 27 23
175,Instances_lowcost_H6/abs5n5,0,0,0.0,0.0,nan,nan,
175,Instances_lowcost_H6/abs5n5,1,1,278.0,278.0,1.0,nan,4
175,Instances_lowcost_H6/abs5n5,2,5,1010.0,865.0,1.1676300578034682,0.08333333333333333,3 5 4 1 2
175,Instances_lowcost_H6/abs5n5,3,5,1010.0,865.0,1.1676300578034682,0.08333333333333333,3 5 4 1 2
175,Instances_lowcost_H6/abs5n5,4,5,1010.0,865.0,1.1676300578034682,0.08333333333333333,3 5 4 1 2
175,Instances_lowcost_H6/abs5n5,5,5,1010.0,865.0,1.1676300578034682,0.08333333333333333,3 5 4 1 2
200,Instances_highcost_H3/abs5n10,0,0,0.0,0.0,nan,nan,
200,Instances_highcost_H3/abs5n10,1,5,1184.0,1184.0,1.0,0.0,8 6 4 10 7
200,Instances_highcost_H3/abs5n10,2,10,1368.0,1480.0,0.9243243243243243,0.10493827160493827,8 6 5 4 1 3 10 7 9 2
200,Instances_highcost_H3/abs5n15,0,0,0.0,0.0,nan,nan,
200,Instances_highcost_H3/abs5n15,1,9,1349.0,1221.0,1.1048321048321048,0.025,9 15 3 6 1 5 2 13 8
200,Instances_highcost_H3/abs5n15,2,15,1748.0,1469.0,1.189925119128659,0.08690476190476192,10 7 8 12 11 13 2 5 4 6 3 15 9 1 14
200,Instances_highcost_H3/abs5n20,0,0,0.0,0.0,nan,nan,
200,Instances_highcost_H3/abs5n20,1,12,1706.0,1653.0,1.0320629159104657,0.1212121212121212,19 14 18 8 13 3 1 20 12 11 10 4
200,Instances_highcost_H3/abs5n20,2,20,2323.0,2221.0,1.0459252588923909,0.08180416075152917,19 17 5 18 8 13 14 16 2 6 9 10 20 12 15 7 3 1 11 4
200,Instances_highcost_H3/abs5n25,0,0,0.0,0.0,nan,nan,
200,Instances_highcost_H3/abs5n25,1,11,1441.0,1325.0,1.0875471698113208,0.024285714285714285,5 13 6 3 9 24 7 14 16 15 21
200,Instances_highcost_H3/abs5n25,2,25,2455.0,2284.0,1.0748686514886165,0.07525373931623931,2 11 5 20 1 13 17 6 3 19 9 24 7 18 8 4 25 22 10 21 15 12 14 16 23
200,Instances_highcost_H3/abs5n30,0,0,0.0,0.0,nan,nan,
200,Instances_highcost_H3/abs5n30,1,15,1992.0,1742.0,1.1435132032146957,0.08217377860235005,1 24 10 11 28 30 27 9 8 2 29 4 19 25 16
200,Instances_highcost_H3/abs5n30,2,30,2507.0,2221.0,1.1287708239531742,0.07433323226181107,1 26 24 20 3 11 10 7 23 16 14 8 9 13 4 29 22 21 2 18 5 27 12 30 28 17 15 6 25 19
200,Instances_highcost_H3/abs5n35,0,0,0.0,0.0,nan,nan,
200,Instances_highcost_H3/abs5n35,1,17,2221.0,2125.0,1.0451764705882354,0.08572677322677323,28 32 35 14 20 25 6 3 30 22 24 5 11 23 4 34 19
200,Instances_highcost_H3/abs5n35,2,35,2976.0,2679.0,1.110862262038074,0.06171841511001516,28 1 18 21 10 32 27 16 31 14 20 7 25 6 3 30 26 22 35 24 5 11 17 29 12 23 9 4 34 19 8 2 33 13 15
200,Instances_highcost_H3/abs5n40,0,0,0.0,0.0,nan,nan,
200,Instances_highcost_H3/abs5n40,1,20,2179.0,2058.0,1.0587949465500486,0.06090497140684529,6 18 30 19 9 15 33 40 29 1 20 37 14 39 17 34 27 35 23 25
200,Instances_highcost_H3/abs5n40,2,40,2700.0,2647.0,1.0200226671703816,0.0732233872956283,6 4 30 31 13 3 19 38 18 34 27 21 28 36 35 23 10 5 40 24 15 33 32 9 20 2 1 29 7 16 37 12 14 11 26 17 39 22 25 8
200,Instances_highcost_H3/abs5n45,0,0,0.0,0.0,nan,nan,
200,Instances_highcost_H3/abs5n45,1,26,2232.0,2092.0,1.066921606118547,0.05922142591707809,28 1 18 37 35 24 34 15 4 39 38 41 30 14 22 32 10 43 45 9 6 13 20 29 12 25
200,Instances_highcost_H3/abs5n45,2,45,2858.0,2475.0,1.1547474747474749,0.04189593681090668,28 33 9 6 40 13 20 8 35 37 24 44 17 11 34 7 18 26 31 39 15 16 4 3 23 41 36 5 30 14 22 42 32 38 10 43 45 19 2 1 12 29 25 21 27
200,Instances_highcost_H3/abs5n5,0,0,0.0,0.0,nan,nan,
200,Instances_highcost_H3/abs5n5,1,1,278.0,278.0,1.0,nan,4
200,Instances_highcost_H3/abs5n5,2,5,1010.0,865.0,1.1676300578034682,0.08333333333333333,3 5 4 1 2
200,Instances_highcost_H3/abs5n50,0,0,0.0,0.0,nan,nan,
200,Instances_highcost_H3/abs5n50,1,28,2307.0,2276.0,1.0136203866432338,0.06267770295548074,33 32 50 44 4 13 20 42 36 5 10 25 34 7 27 24 40 8 19 29 15 46 38 47 9 17 23 30
200,Instances_highcost_H3/abs5n50,2,50,3222.0,3165.0,1.0180094786729859,0.0348516153433335,33 45 26 44 31 4 49 13 20 42 48 12 36 22 38 46 10 14 25 34 7 27 24 1 40 8 19 21 16 2 15 6 39 5 18 3 29 11 47 9 35 37 50 32 41 23 30 17 43 28
200,Instances_highcost_H6/abs5n10,0,0,0.0,0.0,nan,nan,
200,Instances_highcost_H6/abs5n10,1,5,1184.0,1184.0,1.0,0.0,8 6 4 10 7
200,Instances_highcost_H6/abs5n10,2,10,1368.0,1480.0,0.9243243243243243,0.10493827160493827,8 6 5 4 1 3 10 7 9 2
200,Instances_highcost_H6/abs5n10,3,10,1368.0,1480.0,0.9243243243243243,0.10493827160493827,8 6 5 4 1 3 10 7 9 2
200,Instances_highcost_H6/abs5n10,4,10,1368.0,1480.0,0.9243243243243243,0.10493827160493827,8 6 5 4 1 3 10 7 9 2
200,Instances_highcost_H6/abs5n10,5,10,1368.0,1480.0,0.9243243243243243,0.10493827160493827,8 6 5 4 1 3 10 7 9 2
200,Instances_highcost_H6/abs5n15,0,0,0.0,0.0,nan,nan,
200,Instances_highcost_H6/abs5n15,1,9,1349.0,1221.0,1.1048321048321048,0.025,9 15 3 6 1 5 2 13 8
200,Instances_highcost_H6/abs5n15,2,15,1748.0,1469.0,1.189925119128659,0.08690476190476192,10 7 8 12 11 13 2 5 4 6 3 15 9 1 14
200,Instances_highcost_H6/abs5n15,3,15,1523.0,1469.0,1.0367597004765146,0.021428571428571432,10 7 8 12 11 13 2 5 4 6 14 3 1 15 9
200,Instances_highcost_H6/abs5n15,4,15,1523.0,1469.0,1.0367597004765146,0.021428571428571432,10 7 8 12 11 13 2 5 4 6 14 3 1 15 9
200,Instances_highcost_H6/abs5n15,5,15,1523.0,1469.0,1.0367597004765146,0.021428571428571432,10 7 8 12 11 13 2 5 4 6 14 3 1 15 9
200,Instances_highcost_H6/abs5n20,0,0,0.0,0.0,nan,nan,
200,Instances_highcost_H6/abs5n20,1,12,1706.0,1653.0,1.0320629159104657,0.1212121212121212,19 14 18 8 13 3 1 20 12 11 10 4
200,Instances_highcost_H6/abs5n20,2,20,2323.0,2221.0,1.0459252588923909,0.08180416075152917,19 17 5 18 8 13 14 16 2 6 9 10 20 12 15 7 3 1 11 4
200,Instances_highcost_H6/abs5n20,3,20,2245.0,2221.0,1.010805943268798,0.06669246646026832,19 14 5 17 18 8 13 7 15 12 20 10 9 6 2 4 11 1 3 16
200,Instances_highcost_H6/abs5n20,4,20,2245.0,2221.0,1.010805943268798,0.06669246646026832,19 14 5 17 18 8 13 7 15 12 20 10 9 6 2 4 11 1 3 16
200,Instances_highcost_H6/abs5n20,5,20,2245.0,2221.0,1.010805943268798,0.06669246646026832,19 14 5 17 18 8 13 7 15 12 20 10 9 6 2 4 11 1 3 16
200,Instances_highcost_H6/abs5n25,0,0,0.0,0.0,nan,nan,
200,Instances_highcost_H6/abs5n25,1,11,1441.0,1325.0,1.0875471698113208,0.024285714285714285,5 13 6 3 9 24 7 14 16 15 21
200,Instances_highcost_H6/abs5n25,2,25,2455.0,2284.0,1.0748686514886165,0.07525373931623931,2 11 5 20 1 13 17 6 3 19 9 24 7 18 8 4 25 22 10 21 15 12 14 16 23
200,Instances_highcost_H6/abs5n25,3,25,2455.0,2284.0,1.0748686514886165,0.07525373931623931,2 11 5 20 1 13 17 6 3 19 9 24 7 18 8 4 25 22 10 21 15 12 14 16 23
200,Instances_highcost_H6/abs5n25,4,25,2455.0,2284.0,1.0748686514886165,0.07525373931623931,2 11 5 20 1 13 17 6 3 19 9 24 7 18 8 4 25 22 10 21 15 12 14 16 23
200,Instances_highcost_H6/abs5n25,5,25,2455.0,2284.0,1.0748686514886165,0.07525373931623931,2 11 5 20 1 13 17 6 3 19 9 24 7 18 8 4 25 22 10 21 15 12 14 16 23
200,Instances_highcost_H6/abs5n30,0,0,0.0,0.0,nan,nan,
200,Instances_highcost_H6/abs5n30,1,15,1992.0,1742.0,1.1435132032146957,0.08217377860235005,1 24 10 11 28 30 27 9 8 2 29 4 19 25 16
200,Instances_highcost_H6/abs5n30,2,30,2507.0,2221.0,1.1287708239531742,0.07433323226181107,1 26 24 20 3 11 10 7 23 16 14 8 9 13 4 29 22 21 2 18 5 27 12 30 28 17 15 6 25 19
200,Instances_highcost_H6/abs5n30,3,30,2514.0,2221.0,1.1319225574065737,0.046819840935647346,1 26 20 24 10 7 28 11 3 30 17 23 16 14 8 9 13 4 29 22 21 2 18 5 12 27 15 6 25 19
200,Instances_highcost_H6/abs5n30,4,30,2494.0,2221.0,1.1229176046825755,0.05371639265978528,1 26 20 24 10 7 28 11 3 30 17 23 16 14 8 9 13 4 29 22 21 2 18 5 27 12 15 6 25 19
200,Instances_highcost_H6/abs5n30,5,30,2514.0,2221.0,1.1319225574065737,0.046819840935647346,1 26 20 24 10 7 28 11 3 30 17 23 16 14 8 9 13 4 29 22 21 2 18 5 12 27 15 6 25 19
200,Instances_highcost_H6/abs5n5,0,0,0.0,0.0,nan,nan,
200,Instances_highcost_H6/abs5n5,1,1,278.0,278.0,1.0,nan,4
200,Instances_highcost_H6/abs5n5,2,5,1010.0,865.0,1.1676300578034682,0.08333333333333333,3 5 4 1 2
200,Instances_highcost_H6/abs5n5,3,5,1010.0,865.0,1.1676300578034682,0.08333333333333333,3 5 4 1 2
200,Instances_highcost_H6/abs5n5,4,5,1010.0,865.0,1.1676300578034682,0.08333333333333333,3 5 4 1 2
200,Instances_highcost_H6/abs5n5,5,5,1010.0,865.0,1.1676300578034682,0.08333333333333333,3 5 4 1 2
200,Instances_lowcost_H3/abs5n10,0,0,0.0,0.0,nan,nan,
200,Instances_lowcost_H3/abs5n10,1,5,1184.0,1184.0,1.0,0.0,8 6 4 10 7
200,Instances_lowcost_H3/abs5n10,2,10,1368.0,1480.0,0.9243243243243243,0.10493827160493827,8 6 5 4 1 3 10 7 9 2
200,Instances_lowcost_H3/abs5n15,0,0,0.0,0.0,nan,nan,
200,Instances_lowcost_H3/abs5n15,1,9,1349.0,1221.0,1.1048321048321048,0.025,9 15 3 6 1 5 2 13 8
200,Instances_lowcost_H3/abs5n15,2,15,1748.0,1469.0,1.189925119128659,0.08690476190476192,10 7 8 12 11 13 2 5 4 6 3 15 9 1 14
200,Instances_lowcost_H3/abs5n20,0,0,0.0,0.0,nan,nan,
200,Instances_lowcost_H3/abs5n20,1,12,1706.0,1653.0,1.0320629159104657,0.1212121212121212,19 14 18 8 13 3 1 20 12 11 10 4
200,Instances_lowcost_H3/abs5n20,2,20,2323.0,2221.0,1.0459252588923909,0.08180416075152917,19 17 5 18 8 13 14 16 2 6 9 10 20 12 15 7 3 1 11 4
200,Instances_lowcost_H3/abs5n25,0,0,0.0,0.0,nan,nan,
200,Instances_lowcost_H3/abs5n25,1,11,1441.0,1325.0,1.0875471698113208,0.024285714285714285,5 13 6 3 9 24 7 14 16 15 21
200,Instances_lowcost_H3/abs5n25,2,25,2455.0,2284.0,1.0748686514886165,0.07525373931623931,2 11 5 20 1 13 17 6 3 19 9 24 7 18 8 4 25 22 10 21 15 12 14 16 23
200,Instances_lowcost_H3/abs5n30,0,0,0.0,0.0,nan,nan,
200,Instances_lowcost_H3/abs5n30,1,15,1992.0,1742.0,1.1435132032146957,0.08217377860235005,1 24 10 11 28 30 27 9 8 2 29 4 19 25 16
200,Instances_lowcost_H3/abs5n30,2,30,2507.0,2221.0,1.1287708239531742,0.07433323226181107,1 26 24 20 3 11 10 7 23 16 14 8 9 13 4 29 22 21 2 18 5 27 12 30 28 17 15 6 25 19
200,Instances_lowcost_H3/abs5n35,0,0,0.0,0.0,nan,nan,
200,Instances_lowcost_H3/abs5n35,1,17,2221.0,2125.0,1.0451764705882354,0.08572677322677323,28 32 35 14 20 25 6 3 30 22 24 5 11 23 4 34 19
200,Instances_lowcost_H3/abs5n35,2,35,2976.0,2679.0,1.110862262038074,0.06171841511001516,28 1 18 21 10 32 27 16 31 14 20 7 25 6 3 30 26 22 35 24 5 11 17 29 12 23 9 4 34 19 8 2 33 13 15
200,Instances_lowcost_H3/abs5n40,0,0,0.0,0.0,nan,nan,
200,Instances_lowcost_H3/abs5n40,1,20,2179.0,2058.0,1.0587949465500486,0.06090497140684529,6 18 30 19 9 15 33 40 29 1 20 37 14 39 17 34 27 35 23 25
200,Instances_lowcost_H3/abs5n40,2,40,2700.0,2647.0,1.0200226671703816,0.0732233872956283,6 4 30 31 13 3 19 38 18 34 27 21 28 36 35 23 10 5 40 24 15 33 32 9 20 2 1 29 7 16 37 12 14 11 26 17 39 22 25 8
200,Instances_lowcost_H3/abs5n45,0,0,0.0,0.0,nan,nan,
200,Instances_lowcost_H3/abs5n45,1,26,2232.0,2092.0,1.066921606118547,0.05922142591707809,28 1 18 37 35 24 34 15 4 39 38 41 30 14 22 32 10 43 45 9 6 13 20 29 12 25
200,Instances_lowcost_H3/abs5n45,2,45,2858.0,2475.0,1.1547474747474749,0.04189593681090668,28 33 9 6 40 13 20 8 35 37 24 44 17 11 34 7 18 26 31 39 15 16 4 3 23 41 36 5 30 14 22 42 32 38 10 43 45 19 2 1 12 29 25 21 27
200,Instances_lowcost_H3/abs5n5,0,0,0.0,0.0,nan,nan,
200,Instances_lowcost_H3/abs5n5,1,1,278.0,278.0,1.0,nan,4
200,Instances_lowcost_H3/abs5n5,2,5,1010.0,865.0,1.1676300578034682,0.08333333333333333,3 5 4 1 2
200,Instances_lowcost_H3/abs5n50,0,0,0.0,0.0,nan,nan,
200,Instances_lowcost_H3/abs5n50,1,28,2307.0,2276.0,1.0136203866432338,0.06267770295548074,33 32 50 44 4 13 20 42 36 5 10 25 34 7 27 24 40 8 19 29 15 46 38 47 9 17 23 30
200,Instances_lowcost_H3/abs5n50,2,50,3222.0,3165.0,1.0180094786729859,0.0348516153433335,33 45 26 44 31 4 49 13 20 42 48 12 36 22 38 46 10 14 25 34 7 27 24 1 40 8 19 21 16 2 15 6 39 5 18 3 29 11 47 9 35 37 50 32 41 23 30 17 43 28
200,Instances_lowcost_H6/abs5n10,0,0,0.0,0.0,nan,nan,
200,Instances_lowcost_H6/abs5n10,1,5,1184.0,1184.0,1.0,0.0,8 6 4 10 7
200,Instances_lowcost_H6/abs5n10,2,10,1368.0,1480.0,0.9243243243243243,0.10493827160493827,8 6 5 4 1 3 10 7 9 2
200,Instances_lowcost_H6/abs5n10,3,10,1368.0,1480.0,0.9243243243243243,0.10493827160493827,8 6 5 4 1 3 10 7 9 2
200,Instances_lowcost_H6/abs5n10,4,10,1368.0,1480.0,0.9243243243243243,0.10493827160493827,8 6 5 4 1 3 10 7 9 2
200,Instances_lowcost_H6/abs5n10,5,10,1368.0,1480.0,0.9243243243243243,0.10493827160493827,8 6 5 4 1 3 10 7 9 2
200,Instances_lowcost_H6/abs5n15,0,0,0.0,0.0,nan,nan,
200,Instances_lowcost_H6/abs5n15,1,9,1349.0,1221.0,1.1048321048321048,0.025,9 15 3 6 1 5 2 13 8
200,Instances_lowcost_H6/abs5n15,2,15,1748.0,1469.0,1.189925119128659,0.08690476190476192,10 7 8 12 11 13 2 5 4 6 3 15 9 1 14
200,Instances_lowcost_H6/abs5n15,3,15,1523.0,1469.0,1.0367597004765146,0.021428571428571432,10 7 8 12 11 13 2 5 4 6 14 3 1 15 9
200,Instances_lowcost_H6/abs5n15,4,15,1523.0,1469.0,1.0367597004765146,0.021428571428571432,10 7 8 12 11 13 2 5 4 6 14 3 1 15 9
200,Instances_lowcost_H6/abs5n15,5,15,1523.0,1469.0,1.0367597004765146,0.021428571428571432,10 7 8 12 11 13 2 5 4 6 14 3 1 15 9
200,Instances_lowcost_H6/abs5n20,0,0,0.0,0.0,nan,nan,
200,Instances_lowcost_H6/abs5n20,1,12,1706.0,1653.0,1.0320629159104657,0.1212121212121212,19 14 18 8 13 3 1 20 12 11 10 4
200,Instances_lowcost_H6/abs5n20,2,20,2323.0,2221.0,1.0459252588923909,0.08180416075152917,19 17 5 18 8 13 14 16 2 6 9 10 20 12 15 7 3 1 11 4
200,Instances_lowcost_H6/abs5n20,3,20,2245.0,2221.0,1.010805943268798,0.06669246646026832,19 14 5 17 18 8 13 7 15 12 20 10 9 6 2 4 11 1 3 16
200,Instances_lowcost_H6/abs5n20,4,20,2245.0,2221.0,1.010805943268798,0.06669246646026832,19 14 5 17 18 8 13 7 15 12 20 10 9 6 2 4 11 1 3 16
200,Instances_lowcost_H6/abs5n20,5,20,2245.0,2221.0,1.010805943268798,0.06669246646026832,19 14 5 17 18 8 13 7 15 12 20 10 9 6 2 4 11 1 3 16
200,Instances_lowcost_H6/abs5n25,0,0,0.0,0.0,nan,nan,
200,Instances_lowcost_H6/abs5n25,1,11,1441.0,1325.0,1.0875471698113208,0.024285714285714285,5 13 6 3 9 24 7 14 16 15 21
200,Instances_lowcost_H6/abs5n25,2,25,2455.0,2284.0,1.0748686514886165,0.07525373931623931,2 11 5 20 1 13 17 6 3 19 9 24 7 18 8 4 25 22 10 21 15 12 14 16 23
200,Instances_lowcost_H6/abs5n25,3,25,2455.0,2284.0,1.0748686514886165,0.07525373931623931,2 11 5 20 1 13 17 6 3 19 9 24 7 18 8 4 25 22 10 21 15 12 14 16 23
200,Instances_lowcost_H6/abs5n25,4,25,2455.0,2284.0,1.0748686514886165,0.07525373931623931,2 11 5 20 1 13 17 6 3 19 9 24 7 18 8 4 25 22 10 21 15 12 14 16 23
200,Instances_lowcost_H6/abs5n25,5,25,2455.0,2284.0,1.0748686514886165,0.07525373931623931,2 11 5 20 1 13 17 6 3 19 9 24 7 18 8 4 25 22 10 21 15 12 14 16 23
200,Instances_lowcost_H6/abs5n30,0,0,0.0,0.0,nan,nan,
200,Instances_lowcost_H6/abs5n30,1,15,1992.0,1742.0,1.1435132032146957,0.08217377860235005,1 24 10 11 28 30 27 9 8 2 29 4 19 25 16
200,Instances_lowcost_H6/abs5n30,2,30,2507.0,2221.0,1.1287708239531742,0.07433323226181107,1 26 24 20 3 11 10 7 23 16 14 8 9 13 4 29 22 21 2 18 5 27 12 30 28 17 15 6 25 19
200,Instances_lowcost_H6/abs5n30,3,30,2514.0,2221.0,1.1319225574065737,0.046819840935647346,1 26 20 24 10 7 28 11 3 30 17 23 16 14 8 9 13 4 29 22 21 2 18 5 12 27 15 6 25 19
200,Instances_lowcost_H6/abs5n30,4,30,2494.0,2221.0,1.1229176046825755,0.05371639265978528,1 26 20 24 10 7 28 11 3 30 17 23 16 14 8 9 13 4 29 22 21 2 18 5 27 12 15 6 25 19
200,Instances_lowcost_H6/abs5n30,5,30,2514.0,2221.0,1.1319225574065737,0.046819840935647346,1 26 20 24 10 7 28 11 3 30 17 23 16 14 8 9 13 4 29 22 21 2 18 5 12 27 15 6 25 19
200,Instances_lowcost_H6/abs5n5,0,0,0.0,0.0,nan,nan,
200,Instances_lowcost_H6/abs5n5,1,1,278.0,278.0,1.0,nan,4
200,Instances_lowcost_H6/abs5n5,2,5,1010.0,865.0,1.1676300578034682,0.08333333333333333,3 5 4 1 2
200,Instances_lowcost_H6/abs5n5,3,5,1010.0,865.0,1.1676300578034682,0.08333333333333333,3 5 4 1 2
200,Instances_lowcost_H6/abs5n5,4,5,1010.0,865.0,1.1676300578034682,0.08333333333333333,3 5 4 1 2
200,Instances_lowcost_H6/abs5n5,5,5,1010.0,865.0,1.1676300578034682,0.08333333333333333,3 5 4 1 2
225,Instances_highcost_H3/abs5n10,0,0,0.0,0.0,nan,nan,
225,Instances_highcost_H3/abs5n10,1,5,1184.0,1184.0,1.0,0.0,8 6 4 10 7
225,Instances_highcost_H3/abs5n10,2,10,1519.0,1480.0,1.0263513513513514,0.040123456790123455,8 9 7 2 3 10 1 4 5 6
225,Instances_highcost_H3/abs5n15,0,0,0.0,0.0,nan,nan,
225,Instances_highcost_H3/abs5n15,1,9,1254.0,1221.0,1.027027027027027,0.0,9 15 3 1 6 5 2 13 8
225,Instances_highcost_H3/abs5n15,2,15,1748.0,1469.0,1.189925119128659,0.08690476190476192,10 7 8 12 11 13 2 5 4 6 3 15 9 1 14
225,Instances_highcost_H3/abs5n20,0,0,0.0,0.0,nan,nan,
225,Instances_highcost_H3/abs5n20,1,11,1588.0,1535.0,1.0345276872964169,0.13333333333333333,19 14 18 8 3 1 20 12 11 10 4
225,Instances_highcost_H3/abs5n20,2,20,2325.0,2221.0,1.0468257541647907,0.07941176470588235,19 17 18 8 13 5 14 16 4 2 6 9 10 20 12 15 7 3 1 11
225,Instances_highcost_H3/abs5n25,0,0,0.0,0.0,nan,nan,
225,Instances_highcost_H3/abs5n25,1,11,1441.0,1325.0,1.0875471698113208,0.024285714285714285,5 13 6 3 9 24 7 14 16 15 21
225,Instances_highcost_H3/abs5n25,2,25,2355.0,2284.0,1.0310858143607706,0.06761485042735044,2 11 5 20 1 13 17 6 3 19 9 24 7 18 23 14 16 12 8 4 22 25 10 21 15
225,Instances_highcost_H3/abs5n30,0,0,0.0,0.0,nan,nan,
225,Instances_highcost_H3/abs5n30,1,15,1861.0,1742.0,1.0683122847301951,0.07469911041339614,10 1 24 11 28 30 27 2 29 4 9 8 19 25 16
225,Instances_highcost_H3/abs5n30,2,30,2551.0,2221.0,1.1485817199459702,0.04171622343211525,1 26 24 20 3 11 28 7 10 23 16 14 8 13 4 22 29 21 2 9 18 5 12 27 15 17 30 6 25 19
225,Instances_highcost_H3/abs5n35,0,0,0.0,0.0,nan,nan,
225,Instances_highcost_H3/abs5n35,1,17,2337.0,2125.0,1.099764705882353,0.08385416666666666,28 19 34 4 6 25 3 30 20 14 35 32 24 5 11 23 22
225,Instances_highcost_H3/abs5n35,2,35,3090.0,2679.0,1.1534154535274357,0.03817186546835063,28 1 18 21 10 33 2 13 15 4 34 9 3 6 25 7 20 14 31 16 27 35 22 26 29 30 17 12 11 23 5 24 32 8 19
225,Instances_highcost_H3/abs5n40,0,0,0.0,0.0,nan,nan,
225,Instances_highcost_H3/abs5n40,1,20,2179.0,2058.0,1.0587949465500486,0.06090497140684529,6 18 30 19 9 15 33 40 29 1 20 37 14 39 17 34 27 35 23 25
225,Instances_highcost_H3/abs5n40,2,40,2689.0,2647.0,1.0158670192670949,0.04492922307029,6 4 30 31 13 3 19 38 18 34 27 21 28 36 35 10 23 5 40 24 33 15 32 9 20 7 29 16 1 2 37 12 14 11 22 26 39 17 8 25
225,Instances_highcost_H3/abs5n45,0,0,0.0,0.0,nan,nan,
225,Instances_highcost_H3/abs5n45,1,25,2246.0,2092.0,1.0736137667304015,0.10844780929499599,28 9 14 30 22 32 38 41 10 43 45 39 15 4 34 24 35 37 20 29 25 13 12 1 18
225,Instances_highcost_H3/abs5n45,2,45,2902.0,2475.0,1.1725252525252525,0.08290685853546824,33 6 27 13 21 40 9 14 5 36 41 23 3 38 10 32 42 30 22 45 43 19 2 28 25 20 29 8 35 37 44 24 17 11 34 16 15 4 39 31 26 7 18 12 1
225,Instances_highcost_H3/abs5n5,0,0,0.0,0.0,nan,nan,
225,Instances_highcost_H3/abs5n5,1,1,278.0,278.0,1.0,nan,4
225,Instances_highcost_H3/abs5n5,2,5,1010.0,865.0,1.1676300578034682,0.08333333333333333,3 5 4 1 2
225,Instances_highcost_H3/abs5n50,0,0,0.0,0.0,nan,nan,
225,Instances_highcost_H3/abs5n50,1,27,2614.0,2275.0,1.149010989010989,0.046076675765292105,33 40 24 8 19 27 34 25 7 10 5 46 38 36 20 13 4 44 50 32 23 30 17 9 47 29 15
225,Instances_highcost_H3/abs5n50,2,50,3691.0,3165.0,1.1661927330173776,0.06596924425899675,45 33 41 32 26 44 31 49 13 20 42 48 12 36 22 38 18 46 5 39 14 25 34 7 27 24 1 40 8 19 21 16 2 15 3 11 47 35 37 4 28 50 23 43 9 17 30 29 6 10
225,Instances_highcost_H6/abs5n10,0,0,0.0,0.0,nan,nan,
225,Instances_highcost_H6/abs5n10,1,5,1184.0,1184.0,1.0,0.0,8 6 4 10 7
225,Instances_highcost_H6/abs5n10,2,10,1519.0,1480.0,1.0263513513513514,0.040123456790123455,8 9 7 2 3 10 1 4 5 6
225,Instances_highcost_H6/abs5n10,3,10,1460.0,1480.0,0.9864864864864865,0.013888888888888888,2 7 9 8 6 5 4 1 3 10
225,Instances_highcost_H6/abs5n10,4,10,1460.0,1480.0,0.9864864864864865,0.013888888888888888,2 7 9 8 6 5 4 1 3 10
225,Instances_highcost_H6/abs5n10,5,10,1460.0,1480.0,0.9864864864864865,0.013888888888888888,2 7 9 8 6 5 4 1 3 10
225,Instances_highcost_H6/abs5n15,0,0,0.0,0.0,nan,nan,
225,Instances_highcost_H6/abs5n15,1,9,1254.0,1221.0,1.027027027027027,0.0,9 15 3 1 6 5 2 13 8
225,Instances_highcost_H6/abs5n15,2,15,1748.0,1469.0,1.189925119128659,0.08690476190476192,10 7 8 12 11 13 2 5 4 6 3 15 9 1 14
225,Instances_highcost_H6/abs5n15,3,15,1748.0,1469.0,1.189925119128659,0.08690476190476192,10 7 8 12 11 13 2 5 4 6 3 15 9 1 14
225,Instances_highcost_H6/abs5n15,4,15,1748.0,1469.0,1.189925119128659,0.08690476190476192,10 7 8 12 11 13 2 5 4 6 3 15 9 1 14
225,Instances_highcost_H6/abs5n15,5,15,1748.0,1469.0,1.189925119128659,0.08690476190476192,10 7 8 12 11 13 2 5 4 6 3 15 9 1 14
225,Instances_highcost_H6/abs5n20,0,0,0.0,0.0,nan,nan,
225,Instances_highcost_H6/abs5n20,1,11,1588.0,1535.0,1.0345276872964169,0.13333333333333333,19 14 18 8 3 1 20 12 11 10 4
225,Instances_highcost_H6/abs5n20,2,20,2324.0,2221.0,1.0463755065285907,0.09294871794871795,19 17 5 18 8 13 7 15 12 20 11 1 3 4 16 14 2 6 9 10
225,Instances_highcost_H6/abs5n20,3,20,2301.0,2221.0,1.0360198108959928,0.05290800530738611,19 14 5 17 18 8 13 7 15 12 20 11 10 9 6 2 4 16 3 1
225,Instances_highcost_H6/abs5n20,4,20,2301.0,2221.0,1.0360198108959928,0.05290800530738611,19 14 5 17 18 8 13 7 15 12 20 11 10 9 6 2 4 16 3 1
225,Instances_highcost_H6/abs5n20,5,20,2301.0,2221.0,1.0360198108959928,0.05290800530738611,19 14 5 17 18 8 13 7 15 12 20 11 10 9 6 2 4 16 3 1
225,Instances_highcost_H6/abs5n25,0,0,0.0,0.0,nan,nan,
225,Instances_highcost_H6/abs5n25,1,11,1441.0,1325.0,1.0875471698113208,0.024285714285714285,5 13 6 3 9 24 7 14 16 15 21
225,Instances_highcost_H6/abs5n25,2,25,2355.0,2284.0,1.0310858143607706,0.06761485042735044,2 11 5 20 1 13 17 6 3 19 9 24 7 18 23 14 16 12 8 4 22 25 10 21 15
225,Instances_highcost_H6/abs5n25,3,25,2355.0,2284.0,1.0310858143607706,0.06761485042735044,2 11 5 20 1 13 17 6 3 19 9 24 7 18 23 14 16 12 8 4 22 25 10 21 15
225,Instances_highcost_H6/abs5n25,4,25,2355.0,2284.0,1.0310858143607706,0.06761485042735044,2 11 5 20 1 13 17 6 3 19 9 24 7 18 23 14 16 12 8 4 22 25 10 21 15
225,Instances_highcost_H6/abs5n25,5,25,2355.0,2284.0,1.0310858143607706,0.06761485042735044,2 11 5 20 1 13 17 6 3 19 9 24 7 18 23 14 16 12 8 4 22 25 10 21 15
225,Instances_highcost_H6/abs5n30,0,0,0.0,0.0,nan,nan,
225,Instances_highcost_H6/abs5n30,1,15,1861.0,1742.0,1.0683122847301951,0.07469911041339614,10 1 24 11 28 30 27 2 29 4 9 8 19 25 16
225,Instances_highcost_H6/abs5n30,2,30,2551.0,2221.0,1.1485817199459702,0.04171622343211525,1 26 24 20 3 11 28 7 10 23 16 14 8 13 4 22 29 21 2 9 18 5 12 27 15 17 30 6 25 19
225,Instances_highcost_H6/abs5n30,3,30,2573.0,2221.0,1.1584871679423683,0.03485664468719434,1 26 24 10 7 28 11 3 20 5 18 2 13 4 22 29 21 9 8 14 16 25 19 6 17 15 30 12 27 23
225,Instances_highcost_H6/abs5n30,4,30,2573.0,2221.0,1.1584871679423683,0.03485664468719434,1 26 24 10 7 28 11 3 20 5 18 2 13 4 22 29 21 9 8 14 16 25 19 6 17 15 30 12 27 23
225,Instances_highcost_H6/abs5n30,5,30,2573.0,2221.0,1.1584871679423683,0.03485664468719434,1 26 24 10 7 28 11 3 20 5 18 2 13 4 22 29 21 9 8 14 16 25 19 6 17 15 30 12 27 23
225,Instances_highcost_H6/abs5n5,0,0,0.0,0.0,nan,nan,
225,Instances_highcost_H6/abs5n5,1,1,278.0,278.0,1.0,nan,4
225,Instances_highcost_H6/abs5n5,2,5,1010.0,865.0,1.1676300578034682,0.08333333333333333,3 5 4 1 2
225,Instances_highcost_H6/abs5n5,3,5,1010.0,865.0,1.1676300578034682,0.08333333333333333,3 5 4 1 2
225,Instances_highcost_H6/abs5n5,4,5,1010.0,865.0,1.1676300578034682,0.08333333333333333,3 5 4 1 2
225,Instances_highcost_H6/abs5n5,5,5,1010.0,865.0,1.1676300578034682,0.08333333333333333,3 5 4 1 2
225,Instances_lowcost_H3/abs5n10,0,0,0.0,0.0,nan,nan,
225,Instances_lowcost_H3/abs5n10,1,5,1184.0,1184.0,1.0,0.0,8 6 4 10 7
225,Instances_lowcost_H3/abs5n10,2,10,1519.0,1480.0,1.0263513513513514,0.040123456790123455,8 9 7 2 3 10 1 4 5 6
225,Instances_lowcost_H3/abs5n15,0,0,0.0,0.0,nan,nan,
225,Instances_lowcost_H3/abs5n15,1,9,1254.0,1221.0,1.027027027027027,0.0,9 15 3 1 6 5 2 13 8
225,Instances_lowcost_H3/abs5n15,2,15,1748.0,1469.0,1.189925119128659,0.08690476190476192,10 7 8 12 11 13 2 5 4 6 3 15 9 1 14
225,Instances_lowcost_H3/abs5n20,0,0,0.0,0.0,nan,nan,
225,Instances_lowcost_H3/abs5n20,1,11,1588.0,1535.0,1.0345276872964169,0.13333333333333333,19 14 18 8 3 1 20 12 11 10 4
225,Instances_lowcost_H3/abs5n20,2,20,2325.0,2221.0,1.0468257541647907,0.07941176470588235,19 17 18 8 13 5 14 16 4 2 6 9 10 20 12 15 7 3 1 11
225,Instances_lowcost_H3/abs5n25,0,0,0.0,0.0,nan,nan,
225,Instances_lowcost_H3/abs5n25,1,11,1441.0,1325.0,1.0875471698113208,0.024285714285714285,5 13 6 3 9 24 7 14 16 15 21
225,Instances_lowcost_H3/abs5n25,2,25,2355.0,2284.0,1.0310858143607706,0.06761485042735044,2 11 5 20 1 13 17 6 3 19 9 24 7 18 23 14 16 12 8 4 22 25 10 21 15
225,Instances_lowcost_H3/abs5n30,0,0,0.0,0.0,nan,nan,
225,Instances_lowcost_H3/abs5n30,1,15,1861.0,1742.0,1.0683122847301951,0.07469911041339614,10 1 24 11 28 30 27 2 29 4 9 8 19 25 16
225,Instances_lowcost_H3/abs5n30,2,30,2551.0,2221.0,1.1485817199459702,0.04171622343211525,1 26 24 20 3 11 28 7 10 23 16 14 8 13 4 22 29 21 2 9 18 5 12 27 15 17 30 6 25 19
225,Instances_lowcost_H3/abs5n35,0,0,0.0,0.0,nan,nan,
225,Instances_lowcost_H3/abs5n35,1,17,2337.0,2125.0,1.099764705882353,0.08385416666666666,28 19 34 4 6 25 3 30 20 14 35 32 24 5 11 23 22
225,Instances_lowcost_H3/abs5n35,2,35,3090.0,2679.0,1.1534154535274357,0.03817186546835063,28 1 18 21 10 33 2 13 15 4 34 9 3 6 25 7 20 14 31 16 27 35 22 26 29 30 17 12 11 23 5 24 32 8 19
225,Instances_lowcost_H3/abs5n40,0,0,0.0,0.0,nan,nan,
225,Instances_lowcost_H3/abs5n40,1,20,2179.0,2058.0,1.0587949465500486,0.06090497140684529,6 18 30 19 9 15 33 40 29 1 20 37 14 39 17 34 27 35 23 25
225,Instances_lowcost_H3/abs5n40,2,40,2689.0,2647.0,1.0158670192670949,0.04492922307029,6 4 30 31 13 3 19 38 18 34 27 21 28 36 35 10 23 5 40 24 33 15 32 9 20 7 29 16 1 2 37 12 14 11 22 26 39 17 8 25
225,Instances_lowcost_H3/abs5n45,0,0,0.0,0.0,nan,nan,
225,Instances_lowcost_H3/abs5n45,1,25,2246.0,2092.0,1.0736137667304015,0.10844780929499599,28 9 14 30 22 32 38 41 10 43 45 39 15 4 34 24 35 37 20 29 25 13 12 1 18
225,Instances_lowcost_H3/abs5n45,2,45,2902.0,2475.0,1.1725252525252525,0.08290685853546824,33 6 27 13 21 40 9 14 5 36 41 23 3 38 10 32 42 30 22 45 43 19 2 28 25 20 29 8 35 37 44 24 17 11 34 16 15 4 39 31 26 7 18 12 1
225,Instances_lowcost_H3/abs5n5,0,0,0.0,0.0,nan,nan,
225,Instances_lowcost_H3/abs5n5,1,1,278.0,278.0,1.0,nan,4
225,Instances_lowcost_H3/abs5n5,2,5,1010.0,865.0,1.1676300578034682,0.08333333333333333,3 5 4 1 2
225,Instances_lowcost_H3/abs5n50,0,0,0.0,0.0,nan,nan,
225,Instances_lowcost_H3/abs5n50,1,27,2614.0,2275.0,1.149010989010989,0.046076675765292105,33 40 24 8 19 27 34 25 7 10 5 46 38 36 20 13 4 44 50 32 23 30 17 9 47 29 15
225,Instances_lowcost_H3/abs5n50,2,50,3691.0,3165.0,1.1661927330173776,0.06596924425899675,45 33 41 32 26 44 31 49 13 20 42 48 12 36 22 38 18 46 5 39 14 25 34 7 27 24 1 40 8 19 21 16 2 15 3 11 47 35 37 4 28 50 23 43 9 17 30 29 6 10
225,Instances_lowcost_H6/abs5n10,0,0,0.0,0.0,nan,nan,
225,Instances_lowcost_H6/abs5n10,1,5,1184.0,1184.0,1.0,0.0,8 6 4 10 7
225,Instances_lowcost_H6/abs5n10,2,10,1519.0,1480.0,1.0263513513513514,0.040123456790123455,8 9 7 2 3 10 1 4 5 6
225,Instances_lowcost_H6/abs5n10,3,10,1460.0,1480.0,0.9864864864864865,0.013888888888888888,2 7 9 8 6 5 4 1 3 10
225,Instances_lowcost_H6/abs5n10,4,10,1460.0,1480.0,0.9864864864864865,0.013888888888888888,2 7 9 8 6 5 4 1 3 10
225,Instances_lowcost_H6/abs5n10,5,10,1460.0,1480.0,0.9864864864864865,0.013888888888888888,2 7 9 8 6 5 4 1 3 10
225,Instances_lowcost_H6/abs5n15,0,0,0.0,0.0,nan,nan,
225,Instances_lowcost_H6/abs5n15,1,9,1254.0,1221.0,1.027027027027027,0.0,9 15 3 1 6 5 2 13 8
225,Instances_lowcost_H6/abs5n15,2,15,1748.0,1469.0,1.189925119128659,0.08690476190476192,10 7 8 12 11 13 2 5 4 6 3 15 9 1 14
225,Instances_lowcost_H6/abs5n15,3,15,1748.0,1469.0,1.189925119128659,0.08690476190476192,10 7 8 12 11 13 2 5 4 6 3 15 9 1 14
225,Instances_lowcost_H6/abs5n15,4,15,1748.0,1469.0,1.189925119128659,0.08690476190476192,10 7 8 12 11 13 2 5 4 6 3 15 9 1 14
225,Instances_lowcost_H6/abs5n15,5,15,1748.0,1469.0,1.189925119128659,0.08690476190476192,10 7 8 12 11 13 2 5 4 6 3 15 9 1 14
225,Instances_lowcost_H6/abs5n20,0,0,0.0,0.0,nan,nan,
225,Instances_lowcost_H6/abs5n20,1,11,1588.0,1535.0,1.0345276872964169,0.13333333333333333,19 14 18 8 3 1 20 12 11 10 4
225,Instances_lowcost_H6/abs5n20,2,20,2324.0,2221.0,1.0463755065285907,0.09294871794871795,19 17 5 18 8 13 7 15 12 20 11 1 3 4 16 14 2 6 9 10
225,Instances_lowcost_H6/abs5n20,3,20,2301.0,2221.0,1.0360198108959928,0.05290800530738611,19 14 5 17 18 8 13 7 15 12 20 11 10 9 6 2 4 16 3 1
225,Instances_lowcost_H6/abs5n20,4,20,2301.0,2221.0,1.0360198108959928,0.05290800530738611,19 14 5 17 18 8 13 7 15 12 20 11 10 9 6 2 4 16 3 1
225,Instances_lowcost_H6/abs5n20,5,20,2301.0,2221.0,1.0360198108959928,0.05290800530738611,19 14 5 17 18 8 13 7 15 12 20 11 10 9 6 2 4 16 3 1
225,Instances_lowcost_H6/abs5n25,0,0,0.0,0.0,nan,nan,
225,Instances_lowcost_H6/abs5n25,1,11,1441.0,1325.0,1.0875471698113208,0.024285714285714285,5 13 6 3 9 24 7 14 16 15 21
225,Instances_lowcost_H6/abs5n25,2,25,2355.0,2284.0,1.0310858143607706,0.06761485042735044,2 11 5 20 1 13 17 6 3 19 9 24 7 18 23 14 16 12 8 4 22 25 10 21 15
225,Instances_lowcost_H6/abs5n25,3,25,2355.0,2284.0,1.0310858143607706,0.06761485042735044,2 11 5 20 1 13 17 6 3 19 9 24 7 18 23 14 16 12 8 4 22 25 10 21 15
225,Instances_lowcost_H6/abs5n25,4,25,2355.0,2284.0,1.0310858143607706,0.06761485042735044,2 11 5 20 1 13 17 6 3 19 9 24 7 18 23 14 16 12 8 4 22 25 10 21 15
225,Instances_lowcost_H6/abs5n25,5,25,2355.0,2284.0,1.0310858143607706,0.06761485042735044,2 11 5 20 1 13 17 6 3 19 9 24 7 18 23 14 16 12 8 4 22 25 10 21 15
225,Instances_lowcost_H6/abs5n30,0,0,0.0,0.0,nan,nan,
225,Instances_lowcost_H6/abs5n30,1,15,1861.0,1742.0,1.0683122847301951,0.07469911041339614,10 1 24 11 28 30 27 2 29 4 9 8 19 25 16
225,Instances_lowcost_H6/abs5n30,2,30,2551.0,2221.0,1.1485817199459702,0.04171622343211525,1 26 24 20 3 11 28 7 10 23 16 14 8 13 4 22 29 21 2 9 18 5 12 27 15 17 30 6 25 19
225,Instances_lowcost_H6/abs5n30,3,30,2573.0,2221.0,1.1584871679423683,0.03485664468719434,1 26 24 10 7 28 11 3 20 5 18 2 13 4 22 29 21 9 8 14 16 25 19 6 17 15 30 12 27 23
225,Instances_lowcost_H6/abs5n30,4,30,2573.0,2221.0,1.1584871679423683,0.03485664468719434,1 26 24 10 7 28 11 3 20 5 18 2 13 4 22 29 21 9 8 14 16 25 19 6 17 15 30 12 27 23
225,Instances_lowcost_H6/abs5n30,5,30,2573.0,2221.0,1.1584871679423683,0.03485664468719434,1 26 24 10 7 28 11 3 20 5 18 2 13 4 22 29 21 9 8 14 16 25 19 6 17 15 30 12 27 23
225,Instances_lowcost_H6/abs5n5,0,0,0.0,0.0,nan,nan,
225,Instances_lowcost_H6/abs5n5,1,1,278.0,278.0,1.0,nan,4
225,Instances_lowcost_H6/abs5n5,2,5,1010.0,865.0,1.1676300578034682,0.08333333333333333,3 5 4 1 2
225,Instances_lowcost_H6/abs5n5,3,5,1010.0,865.0,1.1676300578034682,0.08333333333333333,3 5 4 1 2
225,Instances_lowcost_H6/abs5n5,4,5,1010.0,865.0,1.1676300578034682,0.08333333333333333,3 5 4 1 2
225,Instances_lowcost_H6/abs5n5,5,5,1010.0,865.0,1.1676300578034682,0.08333333333333333,3 5 4 1 2
250,Instances_highcost_H3/abs5n10,0,0,0.0,0.0,nan,nan,
250,Instances_highcost_H3/abs5n10,1,5,1184.0,1184.0,1.0,0.0,8 6 4 10 7
250,Instances_highcost_H3/abs5n10,2,10,1479.0,1480.0,0.9993243243243243,0.06234567901234568,8 9 7 2 10 3 1 4 5 6
250,Instances_highcost_H3/abs5n15,0,0,0.0,0.0,nan,nan,
250,Instances_highcost_H3/abs5n15,1,9,1254.0,1221.0,1.027027027027027,0.0,9 15 3 1 6 5 2 13 8
250,Instances_highcost_H3/abs5n15,2,15,1765.0,1469.0,1.201497617426821,0.11071428571428572,10 7 8 12 11 13 2 5 4 6 3 9 15 1 14
250,Instances_highcost_H3/abs5n20,0,0,0.0,0.0,nan,nan,
250,Instances_highcost_H3/abs5n20,1,11,1588.0,1535.0,1.0345276872964169,0.13333333333333333,19 14 18 8 3 1 20 12 11 10 4
250,Instances_highcost_H3/abs5n20,2,20,2345.0,2221.0,1.0558307068887889,0.047104941841783945,19 17 5 18 8 13 7 15 12 20 1 3 4 16 14 2 6 11 10 9
250,Instances_highcost_H3/abs5n25,0,0,0.0,0.0,nan,nan,
250,Instances_highcost_H3/abs5n25,1,11,1401.0,1325.0,1.0573584905660378,0.05,13 5 21 15 16 14 7 24 9 3 6
250,Instances_highcost_H3/abs5n25,2,25,2490.0,2284.0,1.0901926444833625,0.09296233790719084,17 13 5 2 11 20 1 6 3 19 9 24 7 18 8 4 12 14 23 16 15 22 25 10 21
250,Instances_highcost_H3/abs5n30,0,0,0.0,0.0,nan,nan,
250,Instances_highcost_H3/abs5n30,1,15,1856.0,1742.0,1.0654420206659012,0.08387445887445888,1 24 10 11 28 30 27 2 4 29 9 8 19 25 16
250,Instances_highcost_H3/abs5n30,2,30,2642.0,2221.0,1.189554254840162,0.06104959789276353,1 26 20 24 3 5 21 22 4 13 29 2 9 8 14 16 25 19 6 17 15 12 18 27 30 7 28 11 10 23
250,Instances_highcost_H3/abs5n35,0,0,0.0,0.0,nan,nan,
250,Instances_highcost_H3/abs5n35,1,17,2221.0,2125.0,1.0451764705882354,0.08572677322677323,28 32 35 14 20 25 6 3 30 22 24 5 11 23 4 34 19
250,Instances_highcost_H3/abs5n35,2,35,2967.0,2679.0,1.1075027995520716,0.045826001341814006,16 31 14 20 7 25 6 3 30 26 29 22 35 27 32 24 17 12 11 23 9 4 34 15 19 8 2 13 33 21 18 1 28 10 5
250,Instances_highcost_H3/abs5n40,0,0,0.0,0.0,nan,nan,
250,Instances_highcost_H3/abs5n40,1,20,2414.0,2058.0,1.1729834791059282,0.10052390510472636,6 18 30 34 27 35 23 29 40 33 15 20 9 19 25 39 17 14 37 1
250,Instances_highcost_H3/abs5n40,2,40,2698.0,2647.0,1.0192670948243294,0.03316700895886416,18 6 4 30 31 13 19 3 38 9 32 15 33 24 40 5 10 23 35 28 36 21 27 11 16 29 7 20 2 1 12 37 14 22 26 39 17 8 25 34
250,Instances_highcost_H3/abs5n45,0,0,0.0,0.0,nan,nan,
250,Instances_highcost_H3/abs5n45,1,25,2388.0,2092.0,1.1414913957934991,0.11258857783457325,28 13 20 35 37 29 12 25 1 18 24 34 4 15 39 43 38 41 30 14 22 32 10 45 9
250,Instances_highcost_H3/abs5n45,2,45,3001.0,2475.0,1.2125252525252526,0.05524567345040014,33 6 27 40 21 13 25 20 8 35 37 29 12 1 28 9 14 5 36 41 23 3 38 42 30 22 32 10 43 45 19 2 31 26 7 18 11 24 44 17 34 16 15 4 39
250,Instances_highcost_H3/abs5n5,0,0,0.0,0.0,nan,nan,
250,Instances_highcost_H3/abs5n5,1,1,278.0,278.0,1.0,nan,4
250,Instances_highcost_H3/abs5n5,2,5,1010.0,865.0,1.1676300578034682,0.08333333333333333,3 5 4 1 2
250,Instances_highcost_H3/abs5n50,0,0,0.0,0.0,nan,nan,
250,Instances_highcost_H3/abs5n50,1,27,2260.0,2275.0,0.9934065934065934,0.024097617869944615,33 32 44 4 13 20 36 5 10 25 7 34 27 24 40 8 19 29 15 46 38 47 9 17 30 23 50
250,Instances_highcost_H3/abs5n50,2,50,3498.0,3165.0,1.1052132701421802,0.06328054013667377,45 26 31 44 4 49 13 42 20 48 12 36 22 38 18 5 39 14 25 7 34 10 6 46 3 15 11 29 2 16 21 19 27 24 1 40 8 23 41 33 32 50 37 28 35 43 9 47 17 30
250,Instances_highcost_H6/abs5n10,0,0,0.0,0.0,nan,nan,
250,Instances_highcost_H6/abs5n10,1,5,1184.0,1184.0,1.0,0.0,8 6 4 10 7
250,Instances_highcost_H6/abs5n10,2,10,1479.0,1480.0,0.9993243243243243,0.06234567901234568,8 9 7 2 10 3 1 4 5 6
250,Instances_highcost_H6/abs5n10,3,10,1368.0,1480.0,0.9243243243243243,0.10493827160493827,8 6 5 4 1 3 10 7 9 2
250,Instances_highcost_H6/abs5n10,4,10,1519.0,1480.0,1.0263513513513514,0.040123456790123455,8 9 7 2 3 10 1 4 5 6
250,Instances_highcost_H6/abs5n10,5,10,1368.0,1480.0,0.9243243243243243,0.10493827160493827,8 6 5 4 1 3 10 7 9 2
250,Instances_highcost_H6/abs5n15,0,0,0.0,0.0,nan,nan,
250,Instances_highcost_H6/abs5n15,1,9,1254.0,1221.0,1.027027027027027,0.0,9 15 3 1 6 5 2 13 8
250,Instances_highcost_H6/abs5n15,2,15,1765.0,1469.0,1.201497617426821,0.11071428571428572,10 7 8 12 11 13 2 5 4 6 3 9 15 1 14
250,Instances_highcost_H6/abs5n15,3,15,1748.0,1469.0,1.189925119128659,0.08690476190476192,10 7 8 12 11 13 2 5 4 6 3 15 9 1 14
250,Instances_highcost_H6/abs5n15,4,15,1748.0,1469.0,1.189925119128659,0.08690476190476192,10 7 8 12 11 13 2 5 4 6 3 15 9 1 14
250,Instances_highcost_H6/abs5n15,5,15,1748.0,1469.0,1.189925119128659,0.08690476190476192,10 7 8 12 11 13 2 5 4 6 3 15 9 1 14
250,Instances_highcost_H6/abs5n20,0,0,0.0,0.0,nan,nan,
250,Instances_highcost_H6/abs5n20,1,11,1588.0,1535.0,1.0345276872964169,0.13333333333333333,19 14 18 8 3 1 20 12 11 10 4
250,Instances_highcost_H6/abs5n20,2,20,2345.0,2221.0,1.0558307068887889,0.047104941841783945,19 17 5 18 8 13 7 15 12 20 1 3 4 16 14 2 6 11 10 9
250,Instances_highcost_H6/abs5n20,3,20,2406.0,2221.0,1.0832958126969834,0.09475962633857371,19 17 5 18 13 8 14 16 2 6 9 10 20 15 7 12 1 3 11 4
250,Instances_highcost_H6/abs5n20,4,20,2406.0,2221.0,1.0832958126969834,0.09475962633857371,19 17 5 18 13 8 14 16 2 6 9 10 20 15 7 12 1 3 11 4
250,Instances_highcost_H6/abs5n20,5,20,2406.0,2221.0,1.0832958126969834,0.09475962633857371,19 17 5 18 13 8 14 16 2 6 9 10 20 15 7 12 1 3 11 4
250,Instances_highcost_H6/abs5n25,0,0,0.0,0.0,nan,nan,
250,Instances_highcost_H6/abs5n25,1,11,1401.0,1325.0,1.0573584905660378,0.05,13 5 21 15 16 14 7 24 9 3 6
250,Instances_highcost_H6/abs5n25,2,25,2490.0,2284.0,1.0901926444833625,0.09296233790719084,17 13 5 2 11 20 1 6 3 19 9 24 7 18 8 4 12 14 23 16 15 22 25 10 21
250,Instances_highcost_H6/abs5n25,3,25,2534.0,2284.0,1.1094570928196148,0.09638047138047139,2 11 5 20 13 17 19 9 3 23 24 7 18 8 4 12 14 16 6 1 15 22 25 10 21
250,Instances_highcost_H6/abs5n25,4,25,2524.0,2284.0,1.1050788091068302,0.07536017223517223,2 11 5 20 13 17 19 9 24 7 18 8 4 22 25 10 21 15 12 14 23 3 6 16 1
250,Instances_highcost_H6/abs5n25,5,25,2524.0,2284.0,1.1050788091068302,0.07536017223517223,2 11 5 20 13 17 19 9 24 7 18 8 4 22 25 10 21 15 12 14 23 3 6 16 1
250,Instances_highcost_H6/abs5n30,0,0,0.0,0.0,nan,nan,
250,Instances_highcost_H6/abs5n30,1,15,1856.0,1742.0,1.0654420206659012,0.08387445887445888,1 24 10 11 28 30 27 2 4 29 9 8 19 25 16
250,Instances_highcost_H6/abs5n30,2,30,2469.0,2221.0,1.1116614137775778,0.08175293669955061,1 26 20 24 3 5 21 22 4 13 29 2 9 8 14 16 25 19 6 27 18 12 15 17 30 28 11 7 23 10
250,Instances_highcost_H6/abs5n30,3,30,2479.0,2221.0,1.1161638901395767,0.050747422118486346,1 26 24 20 3 11 28 7 10 23 16 14 8 13 4 29 22 21 2 9 18 5 12 27 15 17 6 25 19 30
250,Instances_highcost_H6/abs5n30,4,30,2479.0,2221.0,1.1161638901395767,0.050747422118486346,1 26 24 20 3 11 28 7 10 23 16 14 8 13 4 29 22 21 2 9 18 5 12 27 15 17 6 25 19 30
250,Instances_highcost_H6/abs5n30,5,30,2479.0,2221.0,1.1161638901395767,0.050747422118486346,1 26 24 20 3 11 28 7 10 23 16 14 8 13 4 29 22 21 2 9 18 5 12 27 15 17 6 25 19 30
250,Instances_highcost_H6/abs5n5,0,0,0.0,0.0,nan,nan,
250,Instances_highcost_H6/abs5n5,1,1,278.0,278.0,1.0,nan,4
250,Instances_highcost_H6/abs5n5,2,5,1010.0,865.0,1.1676300578034682,0.08333333333333333,3 5 4 1 2
250,Instances_highcost_H6/abs5n5,3,5,1010.0,865.0,1.1676300578034682,0.08333333333333333,3 5 4 1 2
250,Instances_highcost_H6/abs5n5,4,5,1010.0,865.0,1.1676300578034682,0.08333333333333333,3 5 4 1 2
250,Instances_highcost_H6/abs5n5,5,5,1010.0,865.0,1.1676300578034682,0.08333333333333333,3 5 4 1 2
250,Instances_lowcost_H3/abs5n10,0,0,0.0,0.0,nan,nan,
250,Instances_lowcost_H3/abs5n10,1,5,1184.0,1184.0,1.0,0.0,8 6 4 10 7
250,Instances_lowcost_H3/abs5n10,2,10,1479.0,1480.0,0.9993243243243243,0.06234567901234568,8 9 7 2 10 3 1 4 5 6
250,Instances_lowcost_H3/abs5n15,0,0,0.0,0.0,nan,nan,
250,Instances_lowcost_H3/abs5n15,1,9,1254.0,1221.0,1.027027027027027,0.0,9 15 3 1 6 5 2 13 8
250,Instances_lowcost_H3/abs5n15,2,15,1765.0,1469.0,1.201497617426821,0.11071428571428572,10 7 8 12 11 13 2 5 4 6 3 9 15 1 14
250,Instances_lowcost_H3/abs5n20,0,0,0.0,0.0,nan,nan,
250,Instances_lowcost_H3/abs5n20,1,11,1588.0,1535.0,1.0345276872964169,0.13333333333333333,19 14 18 8 3 1 20 12 11 10 4
250,Instances_lowcost_H3/abs5n20,2,20,2345.0,2221.0,1.0558307068887889,0.047104941841783945,19 17 5 18 8 13 7 15 12 20 1 3 4 16 14 2 6 11 10 9
250,Instances_lowcost_H3/abs5n25,0,0,0.0,0.0,nan,nan,
250,Instances_lowcost_H3/abs5n25,1,11,1401.0,1325.0,1.0573584905660378,0.05,13 5 21 15 16 14 7 24 9 3 6
250,Instances_lowcost_H3/abs5n25,2,25,2490.0,2284.0,1.0901926444833625,0.09296233790719084,17 13 5 2 11 20 1 6 3 19 9 24 7 18 8 4 12 14 23 16 15 22 25 10 21
250,Instances_lowcost_H3/abs5n30,0,0,0.0,0.0,nan,nan,
250,Instances_lowcost_H3/abs5n30,1,15,1856.0,1742.0,1.0654420206659012,0.08387445887445888,1 24 10 11 28 30 27 2 4 29 9 8 19 25 16
250,Instances_lowcost_H3/abs5n30,2,30,2642.0,2221.0,1.189554254840162,0.06104959789276353,1 26 20 24 3 5 21 22 4 13 29 2 9 8 14 16 25 19 6 17 15 12 18 27 30 7 28 11 10 23
250,Instances_lowcost_H3/abs5n35,0,0,0.0,0.0,nan,nan,
250,Instances_lowcost_H3/abs5n35,1,17,2221.0,2125.0,1.0451764705882354,0.08572677322677323,28 32 35 14 20 25 6 3 30 22 24 5 11 23 4 34 19
250,Instances_lowcost_H3/abs5n35,2,35,2967.0,2679.0,1.1075027995520716,0.045826001341814006,16 31 14 20 7 25 6 3 30 26 29 22 35 27 32 24 17 12 11 23 9 4 34 15 19 8 2 13 33 21 18 1 28 10 5
250,Instances_lowcost_H3/abs5n40,0,0,0.0,0.0,nan,nan,
250,Instances_lowcost_H3/abs5n40,1,20,2414.0,2058.0,1.1729834791059282,0.10052390510472636,6 18 30 34 27 35 23 29 40 33 15 20 9 19 25 39 17 14 37 1
250,Instances_lowcost_H3/abs5n40,2,40,2698.0,2647.0,1.0192670948243294,0.03316700895886416,18 6 4 30 31 13 19 3 38 9 32 15 33 24 40 5 10 23 35 28 36 21 27 11 16 29 7 20 2 1 12 37 14 22 26 39 17 8 25 34
250,Instances_lowcost_H3/abs5n45,0,0,0.0,0.0,nan,nan,
250,Instances_lowcost_H3/abs5n45,1,25,2388.0,2092.0,1.1414913957934991,0.11258857783457325,28 13 20 35 37 29 12 25 1 18 24 34 4 15 39 43 38 41 30 14 22 32 10 45 9
250,Instances_lowcost_H3/abs5n45,2,45,3001.0,2475.0,1.2125252525252526,0.05524567345040014,33 6 27 40 21 13 25 20 8 35 37 29 12 1 28 9 14 5 36 41 23 3 38 42 30 22 32 10 43 45 19 2 31 26 7 18 11 24 44 17 34 16 15 4 39
250,Instances_lowcost_H3/abs5n5,0,0,0.0,0.0,nan,nan,
250,Instances_lowcost_H3/abs5n5,1,1,278.0,278.0,1.0,nan,4
250,Instances_lowcost_H3/abs5n5,2,5,1010.0,865.0,1.1676300578034682,0.08333333333333333,3 5 4 1 2
250,Instances_lowcost_H3/abs5n50,0,0,0.0,0.0,nan,nan,
250,Instances_lowcost_H3/abs5n50,1,27,2260.0,2275.0,0.9934065934065934,0.024097617869944615,33 32 44 4 13 20 36 5 10 25 7 34 27 24 40 8 19 29 15 46 38 47 9 17 30 23 50
250,Instances_lowcost_H3/abs5n50,2,50,3498.0,3165.0,1.1052132701421802,0.06328054013667377,45 26 31 44 4 49 13 42 20 48 12 36 22 38 18 5 39 14 25 7 34 10 6 46 3 15 11 29 2 16 21 19 27 24 1 40 8 23 41 33 32 50 37 28 35 43 9 47 17 30
250,Instances_lowcost_H6/abs5n10,0,0,0.0,0.0,nan,nan,
250,Instances_lowcost_H6/abs5n10,1,5,1184.0,1184.0,1.0,0.0,8 6 4 10 7
250,Instances_lowcost_H6/abs5n10,2,10,1479.0,1480.0,0.9993243243243243,0.06234567901234568,8 9 7 2 10 3 1 4 5 6
250,Instances_lowcost_H6/abs5n10,3,10,1368.0,1480.0,0.9243243243243243,0.10493827160493827,8 6 5 4 1 3 10 7 9 2
250,Instances_lowcost_H6/abs5n10,4,10,1519.0,1480.0,1.0263513513513514,0.040123456790123455,8 9 7 2 3 10 1 4 5 6
250,Instances_lowcost_H6/abs5n10,5,10,1368.0,1480.0,0.9243243243243243,0.10493827160493827,8 6 5 4 1 3 10 7 9 2
250,Instances_lowcost_H6/abs5n15,0,0,0.0,0.0,nan,nan,
250,Instances_lowcost_H6/abs5n15,1,9,1254.0,1221.0,1.027027027027027,0.0,9 15 3 1 6 5 2 13 8
250,Instances_lowcost_H6/abs5n15,2,15,1765.0,1469.0,1.201497617426821,0.11071428571428572,10 7 8 12 11 13 2 5 4 6 3 9 15 1 14
250,Instances_lowcost_H6/abs5n15,3,15,1748.0,1469.0,1.189925119128659,0.08690476190476192,10 7 8 12 11 13 2 5 4 6 3 15 9 1 14
250,Instances_lowcost_H6/abs5n15,4,15,1748.0,1469.0,1.189925119128659,0.08690476190476192,10 7 8 12 11 13 2 5 4 6 3 15 9 1 14
250,Instances_lowcost_H6/abs5n15,5,15,1748.0,1469.0,1.189925119128659,0.08690476190476192,10 7 8 12 11 13 2 5 4 6 3 15 9 1 14
250,Instances_lowcost_H6/abs5n20,0,0,0.0,0.0,nan,nan,
250,Instances_lowcost_H6/abs5n20,1,11,1588.0,1535.0,1.0345276872964169,0.13333333333333333,19 14 18 8 3 1 20 12 11 10 4
250,Instances_lowcost_H6/abs5n20,2,20,2345.0,2221.0,1.0558307068887889,0.047104941841783945,19 17 5 18 8 13 7 15 12 20 1 3 4 16 14 2 6 11 10 9
250,Instances_lowcost_H6/abs5n20,3,20,2406.0,2221.0,1.0832958126969834,0.09475962633857371,19 17 5 18 13 8 14 16 2 6 9 10 20 15 7 12 1 3 11 4
250,Instances_lowcost_H6/abs5n20,4,20,2406.0,2221.0,1.0832958126969834,0.09475962633857371,19 17 5 18 13 8 14 16 2 6 9 10 20 15 7 12 1 3 11 4
250,Instances_lowcost_H6/abs5n20,5,20,2406.0,2221.0,1.0832958126969834,0.09475962633857371,19 17 5 18 13 8 14 16 2 6 9 10 20 15 7 12 1 3 11 4
250,Instances_lowcost_H6/abs5n25,0,0,0.0,0.0,nan,nan,
250,Instances_lowcost_H6/abs5n25,1,11,1401.0,1325.0,1.0573584905660378,0.05,13 5 21 15 16 14 7 24 9 3 6
250,Instances_lowcost_H6/abs5n25,2,25,2490.0,2284.0,1.0901926444833625,0.09296233790719084,17 13 5 2 11 20 1 6 3 19 9 24 7 18 8 4 12 14 23 16 15 22 25 10 21
250,Instances_lowcost_H6/abs5n25,3,25,2534.0,2284.0,1.1094570928196148,0.09638047138047139,2 11 5 20 13 17 19 9 3 23 24 7 18 8 4 12 14 16 6 1 15 22 25 10 21
250,Instances_lowcost_H6/abs5n25,4,25,2524.0,2284.0,1.1050788091068302,0.07536017223517223,2 11 5 20 13 17 19 9 24 7 18 8 4 22 25 10 21 15 12 14 23 3 6 16 1
250,Instances_lowcost_H6/abs5n25,5,25,2524.0,2284.0,1.1050788091068302,0.07536017223517223,2 11 5 20 13 17 19 9 24 7 18 8 4 22 25 10 21 15 12 14 23 3 6 16 1
250,Instances_lowcost_H6/abs5n30,0,0,0.0,0.0,nan,nan,
250,Instances_lowcost_H6/abs5n30,1,15,1856.0,1742.0,1.0654420206659012,0.08387445887445888,1 24 10 11 28 30 27 2 4 29 9 8 19 25 16
250,Instances_lowcost_H6/abs5n30,2,30,2469.0,2221.0,1.1116614137775778,0.08175293669955061,1 26 20 24 3 5 21 22 4 13 29 2 9 8 14 16 25 19 6 27 18 12 15 17 30 28 11 7 23 10
250,Instances_lowcost_H6/abs5n30,3,30,2479.0,2221.0,1.1161638901395767,0.050747422118486346,1 26 24 20 3 11 28 7 10 23 16 14 8 13 4 29 22 21 2 9 18 5 12 27 15 17 6 25 19 30
250,Instances_lowcost_H6/abs5n30,4,30,2479.0,2221.0,1.1161638901395767,0.050747422118486346,1 26 24 20 3 11 28 7 10 23 16 14 8 13 4 29 22 21 2 9 18 5 12 27 15 17 6 25 19 30
250,Instances_lowcost_H6/abs5n30,5,30,2479.0,2221.0,1.1161638901395767,0.050747422118486346,1 26 24 20 3 11 28 7 10 23 16 14 8 13 4 29 22 21 2 9 18 5 12 27 15 17 6 25 19 30
250,Instances_lowcost_H6/abs5n5,0,0,0.0,0.0,nan,nan,
250,Instances_lowcost_H6/abs5n5,1,1,278.0,278.0,1.0,nan,4
250,Instances_lowcost_H6/abs5n5,2,5,1010.0,865.0,1.1676300578034682,0.08333333333333333,3 5 4 1 2
250,Instances_lowcost_H6/abs5n5,3,5,1010.0,865.0,1.1676300578034682,0.08333333333333333,3 5 4 1 2
250,Instances_lowcost_H6/abs5n5,4,5,1010.0,865.0,1.1676300578034682,0.08333333333333333,3 5 4 1 2
250,Instances_lowcost_H6/abs5n5,5,5,1010.0,865.0,1.1676300578034682,0.08333333333333333,3 5 4 1 2
275,Instances_highcost_H3/abs5n10,0,0,0.0,0.0,nan,nan,
275,Instances_highcost_H3/abs5n10,1,5,1303.0,1184.0,1.1005067567567568,0.125,8 6 7 10 4
275,Instances_highcost_H3/abs5n10,2,10,1498.0,1480.0,1.0121621621621621,0.07407407407407407,9 7 2 3 10 1 4 5 6 8
275,Instances_highcost_H3/abs5n15,0,0,0.0,0.0,nan,nan,
275,Instances_highcost_H3/abs5n15,1,9,1349.0,1221.0,1.1048321048321048,0.025,9 15 3 6 1 5 2 13 8
275,Instances_highcost_H3/abs5n15,2,15,1641.0,1469.0,1.1170864533696392,0.05714285714285715,10 7 8 12 11 13 2 5 4 6 14 3 15 9 1
275,Instances_highcost_H3/abs5n20,0,0,0.0,0.0,nan,nan,
275,Instances_highcost_H3/abs5n20,1,14,2117.0,1837.0,1.1524224278715296,0.02692307692307692,19 14 18 13 8 3 1 20 11 10 4 12 15 7
275,Instances_highcost_H3/abs5n20,2,20,2732.0,2221.0,1.230076542098154,0.08734014523488207,19 17 5 18 13 8 3 1 20 11 6 2 9 10 4 16 14 12 15 7
275,Instances_highcost_H3/abs5n25,0,0,0.0,0.0,nan,nan,
275,Instances_highcost_H3/abs5n25,1,11,1401.0,1325.0,1.0573584905660378,0.05,13 5 21 15 16 14 7 24 9 3 6
275,Instances_highcost_H3/abs5n25,2,25,2786.0,2284.0,1.2197898423817863,0.08221192185007975,2 11 20 5 10 25 22 4 8 18 7 24 19 9 23 3 17 13 1 15 12 14 16 6 21
275,Instances_highcost_H3/abs5n30,0,0,0.0,0.0,nan,nan,
275,Instances_highcost_H3/abs5n30,1,15,1881.0,1742.0,1.0797933409873708,0.1135727367870225,10 24 1 11 28 30 25 16 19 8 9 29 4 2 27
275,Instances_highcost_H3/abs5n30,2,30,2894.0,2221.0,1.3030166591625394,0.11098316827133453,7 10 23 16 14 19 6 17 15 30 28 11 3 20 26 1 24 12 5 21 22 4 13 29 2 18 9 8 27 25
275,Instances_highcost_H3/abs5n35,0,0,0.0,0.0,nan,nan,
275,Instances_highcost_H3/abs5n35,1,17,2205.0,2125.0,1.0376470588235294,0.03849431818181818,28 19 34 4 23 3 6 25 20 14 22 35 32 24 5 11 30
275,Instances_highcost_H3/abs5n35,2,35,3216.0,2679.0,1.200447928331467,0.11938043934151199,28 1 18 21 8 19 34 4 15 9 23 12 17 29 10 33 2 13 11 3 6 25 7 20 14 31 16 27 35 26 22 30 32 24 5
275,Instances_highcost_H3/abs5n40,0,0,0.0,0.0,nan,nan,
275,Instances_highcost_H3/abs5n40,1,20,2179.0,2058.0,1.0587949465500486,0.05868077751734261,30 6 18 34 17 39 25 19 9 15 33 40 29 1 20 37 14 23 35 27
275,Instances_highcost_H3/abs5n40,2,40,3642.0,2647.0,1.375897242160937,0.11888673225656718,4 30 31 13 3 38 19 32 15 33 24 40 5 10 23 35 28 36 21 27 11 16 6 18 8 25 2 9 34 17 22 26 39 12 7 29 1 20 37 14
275,Instances_highcost_H3/abs5n45,0,0,0.0,0.0,nan,nan,
275,Instances_highcost_H3/abs5n45,1,30,2422.0,2139.0,1.1323048153342683,0.05333854745398973,28 40 27 21 6 13 8 35 37 24 34 15 4 39 38 41 10 43 45 32 22 30 14 9 25 29 20 12 1 18
275,Instances_highcost_H3/abs5n45,2,45,3288.0,2475.0,1.3284848484848484,0.064069495233166,33 6 27 13 21 40 9 16 15 4 3 23 41 36 5 30 14 22 42 34 17 44 24 11 7 31 39 38 10 43 45 32 19 2 28 1 12 25 20 29 8 35 37 18 26
275,Instances_highcost_H3/abs5n5,0,0,0.0,0.0,nan,nan,
275,Instances_highcost_H3/abs5n5,1,1,278.0,278.0,1.0,nan,4
275,Instances_highcost_H3/abs5n5,2,5,865.0,865.0,1.0,0.3333333333333333,3 5 2 4 1
275,Instances_highcost_H3/abs5n50,0,0,0.0,0.0,nan,nan,
275,Instances_highcost_H3/abs5n50,1,27,2354.0,2275.0,1.0347252747252746,0.046247804128238916,33 32 50 44 4 13 20 36 5 10 25 7 34 27 24 40 8 19 23 30 17 9 47 38 46 15 29
275,Instances_highcost_H3/abs5n50,2,50,4037.0,3165.0,1.2755134281200633,0.09219897358912164,45 33 41 26 44 31 4 37 1 40 8 24 19 21 16 2 29 11 3 18 22 42 20 48 12 36 5 39 14 25 6 10 46 34 7 27 15 38 13 49 35 28 50 32 43 23 30 17 9 47
275,Instances_highcost_H6/abs5n10,0,0,0.0,0.0,nan,nan,
275,Instances_highcost_H6/abs5n10,1,5,1303.0,1184.0,1.1005067567567568,0.125,8 6 7 10 4
275,Instances_highcost_H6/abs5n10,2,10,1498.0,1480.0,1.0121621621621621,0.07407407407407407,9 7 2 3 10 1 4 5 6 8
275,Instances_highcost_H6/abs5n10,3,10,1460.0,1480.0,0.9864864864864865,0.013888888888888888,2 7 9 8 6 5 4 1 3 10
275,Instances_highcost_H6/abs5n10,4,10,1460.0,1480.0,0.9864864864864865,0.013888888888888888,2 7 9 8 6 5 4 1 3 10
275,Instances_highcost_H6/abs5n10,5,10,1460.0,1480.0,0.9864864864864865,0.013888888888888888,2 7 9 8 6 5 4 1 3 10
275,Instances_highcost_H6/abs5n15,0,0,0.0,0.0,nan,nan,
275,Instances_highcost_H6/abs5n15,1,9,1349.0,1221.0,1.1048321048321048,0.025,9 15 3 6 1 5 2 13 8
275,Instances_highcost_H6/abs5n15,2,15,1641.0,1469.0,1.1170864533696392,0.05714285714285715,10 7 8 12 11 13 2 5 4 6 14 3 15 9 1
275,Instances_highcost_H6/abs5n15,3,15,1641.0,1469.0,1.1170864533696392,0.05714285714285715,10 7 8 12 11 13 2 5 4 6 14 3 15 9 1
275,Instances_highcost_H6/abs5n15,4,15,1636.0,1469.0,1.1136827773995917,0.05037105751391465,9 15 3 6 4 14 1 5 2 11 13 12 8 7 10
275,Instances_highcost_H6/abs5n15,5,15,1641.0,1469.0,1.1170864533696392,0.05714285714285715,10 7 8 12 11 13 2 5 4 6 14 3 15 9 1
275,Instances_highcost_H6/abs5n20,0,0,0.0,0.0,nan,nan,
275,Instances_highcost_H6/abs5n20,1,14,2117.0,1837.0,1.1524224278715296,0.02692307692307692,19 14 18 13 8 3 1 20 11 10 4 12 15 7
275,Instances_highcost_H6/abs5n20,2,20,2471.0,2221.0,1.1125619090499774,0.14119433198380565,19 17 5 18 8 13 7 15 12 20 11 6 2 9 10 4 16 14 1 3
275,Instances_highcost_H6/abs5n20,3,20,2703.0,2221.0,1.2170193606483566,0.059967792785130244,19 2 9 10 6 16 14 17 5 18 13 8 3 1 20 11 4 12 15 7
275,Instances_highcost_H6/abs5n20,4,20,2342.0,2221.0,1.0544799639801892,0.062150530068486726,19 14 17 18 8 13 5 16 2 6 9 10 11 20 12 15 7 3 1 4
275,Instances_highcost_H6/abs5n20,5,20,2676.0,2221.0,1.204862674470959,0.05199331112643806,19 2 9 10 6 16 14 5 17 18 13 8 3 1 20 11 4 12 15 7
275,Instances_highcost_H6/abs5n25,0,0,0.0,0.0,nan,nan,
275,Instances_highcost_H6/abs5n25,1,11,1401.0,1325.0,1.0573584905660378,0.05,13 5 21 15 16 14 7 24 9 3 6
275,Instances_highcost_H6/abs5n25,2,25,2786.0,2284.0,1.2197898423817863,0.08221192185007975,2 11 20 5 10 25 22 4 8 18 7 24 19 9 23 3 17 13 1 15 12 14 16 6 21
275,Instances_highcost_H6/abs5n25,3,25,2478.0,2284.0,1.084938704028021,0.07598317736185384,2 11 20 5 17 13 1 21 10 25 22 4 8 18 7 24 19 9 23 3 6 16 12 14 15
275,Instances_highcost_H6/abs5n25,4,25,2455.0,2284.0,1.0748686514886165,0.07525373931623931,2 11 5 20 1 13 17 6 3 19 9 24 7 18 8 4 25 22 10 21 15 12 14 16 23
275,Instances_highcost_H6/abs5n25,5,25,2569.0,2284.0,1.1247810858143608,0.10127659649718473,2 11 5 20 1 13 17 19 9 23 24 7 18 8 4 25 10 21 22 12 14 16 15 6 3
275,Instances_highcost_H6/abs5n30,0,0,0.0,0.0,nan,nan,
275,Instances_highcost_H6/abs5n30,1,15,1881.0,1742.0,1.0797933409873708,0.1135727367870225,10 24 1 11 28 30 25 16 19 8 9 29 4 2 27
275,Instances_highcost_H6/abs5n30,2,30,2894.0,2221.0,1.3030166591625394,0.11098316827133453,7 10 23 16 14 19 6 17 15 30 28 11 3 20 26 1 24 12 5 21 22 4 13 29 2 18 9 8 27 25
275,Instances_highcost_H6/abs5n30,3,30,2836.0,2221.0,1.2769022962629446,0.07355562451721269,10 7 23 16 14 8 13 22 4 29 21 18 2 9 5 12 27 6 17 15 30 28 11 24 26 1 20 3 19 25
275,Instances_highcost_H6/abs5n30,4,30,2619.0,2221.0,1.1791985592075642,0.0505846154330102,10 7 23 16 14 19 25 6 17 30 15 28 11 24 1 26 20 3 12 27 18 2 29 4 13 22 21 9 8 5
275,Instances_highcost_H6/abs5n30,5,30,2643.0,2221.0,1.190004502476362,0.0829375563583097,10 7 23 16 14 8 13 4 22 21 29 2 18 9 27 12 5 3 24 26 1 20 11 28 17 6 25 19 15 30
275,Instances_highcost_H6/abs5n5,0,0,0.0,0.0,nan,nan,
275,Instances_highcost_H6/abs5n5,1,1,278.0,278.0,1.0,nan,4
275,Instances_highcost_H6/abs5n5,2,5,865.0,865.0,1.0,0.3333333333333333,3 5 2 4 1
275,Instances_highcost_H6/abs5n5,3,5,1010.0,865.0,1.1676300578034682,0.08333333333333333,3 5 4 1 2
275,Instances_highcost_H6/abs5n5,4,5,1010.0,865.0,1.1676300578034682,0.08333333333333333,3 5 4 1 2
275,Instances_highcost_H6/abs5n5,5,5,1010.0,865.0,1.1676300578034682,0.08333333333333333,3 5 4 1 2
275,Instances_lowcost_H3/abs5n10,0,0,0.0,0.0,nan,nan,
275,Instances_lowcost_H3/abs5n10,1,5,1303.0,1184.0,1.1005067567567568,0.125,8 6 7 10 4
275,Instances_lowcost_H3/abs5n10,2,10,1498.0,1480.0,1.0121621621621621,0.07407407407407407,9 7 2 3 10 1 4 5 6 8
275,Instances_lowcost_H3/abs5n15,0,0,0.0,0.0,nan,nan,
275,Instances_lowcost_H3/abs5n15,1,9,1349.0,1221.0,1.1048321048321048,0.025,9 15 3 6 1 5 2 13 8
275,Instances_lowcost_H3/abs5n15,2,15,1641.0,1469.0,1.1170864533696392,0.05714285714285715,10 7 8 12 11 13 2 5 4 6 14 3 15 9 1
275,Instances_lowcost_H3/abs5n20,0,0,0.0,0.0,nan,nan,
275,Instances_lowcost_H3/abs5n20,1,14,2117.0,1837.0,1.1524224278715296,0.02692307692307692,19 14 18 13 8 3 1 20 11 10 4 12 15 7
275,Instances_lowcost_H3/abs5n20,2,20,2732.0,2221.0,1.230076542098154,0.08734014523488207,19 17 5 18 13 8 3 1 20 11 6 2 9 10 4 16 14 12 15 7
275,Instances_lowcost_H3/abs5n25,0,0,0.0,0.0,nan,nan,
275,Instances_lowcost_H3/abs5n25,1,11,1401.0,1325.0,1.0573584905660378,0.05,13 5 21 15 16 14 7 24 9 3 6
275,Instances_lowcost_H3/abs5n25,2,25,2786.0,2284.0,1.2197898423817863,0.08221192185007975,2 11 20 5 10 25 22 4 8 18 7 24 19 9 23 3 17 13 1 15 12 14 16 6 21
275,Instances_lowcost_H3/abs5n30,0,0,0.0,0.0,nan,nan,
275,Instances_lowcost_H3/abs5n30,1,15,1881.0,1742.0,1.0797933409873708,0.1135727367870225,10 24 1 11 28 30 25 16 19 8 9 29 4 2 27
275,Instances_lowcost_H3/abs5n30,2,30,2894.0,2221.0,1.3030166591625394,0.11098316827133453,7 10 23 16 14 19 6 17 15 30 28 11 3 20 26 1 24 12 5 21 22 4 13 29 2 18 9 8 27 25
275,Instances_lowcost_H3/abs5n35,0,0,0.0,0.0,nan,nan,
275,Instances_lowcost_H3/abs5n35,1,17,2205.0,2125.0,1.0376470588235294,0.03849431818181818,28 19 34 4 23 3 6 25 20 14 22 35 32 24 5 11 30
275,Instances_lowcost_H3/abs5n35,2,35,3216.0,2679.0,1.200447928331467,0.11938043934151199,28 1 18 21 8 19 34 4 15 9 23 12 17 29 10 33 2 13 11 3 6 25 7 20 14 31 16 27 35 26 22 30 32 24 5
275,Instances_lowcost_H3/abs5n40,0,0,0.0,0.0,nan,nan,
275,Instances_lowcost_H3/abs5n40,1,20,2179.0,2058.0,1.0587949465500486,0.05868077751734261,30 6 18 34 17 39 25 19 9 15 33 40 29 1 20 37 14 23 35 27
275,Instances_lowcost_H3/abs5n40,2,40,3642.0,2647.0,1.375897242160937,0.11888673225656718,4 30 31 13 3 38 19 32 15 33 24 40 5 10 23 35 28 36 21 27 11 16 6 18 8 25 2 9 34 17 22 26 39 12 7 29 1 20 37 14
275,Instances_lowcost_H3/abs5n45,0,0,0.0,0.0,nan,nan,
275,Instances_lowcost_H3/abs5n45,1,30,2422.0,2139.0,1.1323048153342683,0.05333854745398973,28 40 27 21 6 13 8 35 37 24 34 15 4 39 38 41 10 43 45 32 22 30 14 9 25 29 20 12 1 18
275,Instances_lowcost_H3/abs5n45,2,45,3288.0,2475.0,1.3284848484848484,0.064069495233166,33 6 27 13 21 40 9 16 15 4 3 23 41 36 5 30 14 22 42 34 17 44 24 11 7 31 39 38 10 43 45 32 19 2 28 1 12 25 20 29 8 35 37 18 26
275,Instances_lowcost_H3/abs5n5,0,0,0.0,0.0,nan,nan,
275,Instances_lowcost_H3/abs5n5,1,1,278.0,278.0,1.0,nan,4
275,Instances_lowcost_H3/abs5n5,2,5,865.0,865.0,1.0,0.3333333333333333,3 5 2 4 1
275,Instances_lowcost_H3/abs5n50,0,0,0.0,0.0,nan,nan,
275,Instances_lowcost_H3/abs5n50,1,27,2354.0,2275.0,1.0347252747252746,0.046247804128238916,33 32 50 44 4 13 20 36 5 10 25 7 34 27 24 40 8 19 23 30 17 9 47 38 46 15 29
275,Instances_lowcost_H3/abs5n50,2,50,4037.0,3165.0,1.2755134281200633,0.09219897358912164,45 33 41 26 44 31 4 37 1 40 8 24 19 21 16 2 29 11 3 18 22 42 20 48 12 36 5 39 14 25 6 10 46 34 7 27 15 38 13 49 35 28 50 32 43 23 30 17 9 47
275,Instances_lowcost_H6/abs5n10,0,0,0.0,0.0,nan,nan,
275,Instances_lowcost_H6/abs5n10,1,5,1303.0,1184.0,1.1005067567567568,0.125,8 6 7 10 4
275,Instances_lowcost_H6/abs5n10,2,10,1498.0,1480.0,1.0121621621621621,0.07407407407407407,9 7 2 3 10 1 4 5 6 8
275,Instances_lowcost_H6/abs5n10,3,10,1460.0,1480.0,0.9864864864864865,0.013888888888888888,2 7 9 8 6 5 4 1 3 10
275,Instances_lowcost_H6/abs5n10,4,10,1460.0,1480.0,0.9864864864864865,0.013888888888888888,2 7 9 8 6 5 4 1 3 10
275,Instances_lowcost_H6/abs5n10,5,10,1460.0,1480.0,0.9864864864864865,0.013888888888888888,2 7 9 8 6 5 4 1 3 10
275,Instances_lowcost_H6/abs5n15,0,0,0.0,0.0,nan,nan,
275,Instances_lowcost_H6/abs5n15,1,9,1349.0,1221.0,1.1048321048321048,0.025,9 15 3 6 1 5 2 13 8
275,Instances_lowcost_H6/abs5n15,2,15,1641.0,1469.0,1.1170864533696392,0.05714285714285715,10 7 8 12 11 13 2 5 4 6 14 3 15 9 1
275,Instances_lowcost_H6/abs5n15,3,15,1641.0,1469.0,1.1170864533696392,0.05714285714285715,10 7 8 12 11 13 2 5 4 6 14 3 15 9 1
275,Instances_lowcost_H6/abs5n15,4,15,1636.0,1469.0,1.1136827773995917,0.05037105751391465,9 15 3 6 4 14 1 5 2 11 13 12 8 7 10
275,Instances_lowcost_H6/abs5n15,5,15,1641.0,1469.0,1.1170864533696392,0.05714285714285715,10 7 8 12 11 13 2 5 4 6 14 3 15 9 1
275,Instances_lowcost_H6/abs5n20,0,0,0.0,0.0,nan,nan,
275,Instances_lowcost_H6/abs5n20,1,14,2117.0,1837.0,1.1524224278715296,0.02692307692307692,19 14 18 13 8 3 1 20 11 10 4 12 15 7
275,Instances_lowcost_H6/abs5n20,2,20,2471.0,2221.0,1.1125619090499774,0.14119433198380565,19 17 5 18 8 13 7 15 12 20 11 6 2 9 10 4 16 14 1 3
275,Instances_lowcost_H6/abs5n20,3,20,2703.0,2221.0,1.2170193606483566,0.059967792785130244,19 2 9 10 6 16 14 17 5 18 13 8 3 1 20 11 4 12 15 7
275,Instances_lowcost_H6/abs5n20,4,20,2342.0,2221.0,1.0544799639801892,0.062150530068486726,19 14 17 18 8 13 5 16 2 6 9 10 11 20 12 15 7 3 1 4
275,Instances_lowcost_H6/abs5n20,5,20,2676.0,2221.0,1.204862674470959,0.05199331112643806,19 2 9 10 6 16 14 5 17 18 13 8 3 1 20 11 4 12 15 7
275,Instances_lowcost_H6/abs5n25,0,0,0.0,0.0,nan,nan,
275,Instances_lowcost_H6/abs5n25,1,11,1401.0,1325.0,1.0573584905660378,0.05,13 5 21 15 16 14 7 24 9 3 6
275,Instances_lowcost_H6/abs5n25,2,25,2786.0,2284.0,1.2197898423817863,0.08221192185007975,2 11 20 5 10 25 22 4 8 18 7 24 19 9 23 3 17 13 1 15 12 14 16 6 21
275,Instances_lowcost_H6/abs5n25,3,25,2478.0,2284.0,1.084938704028021,0.07598317736185384,2 11 20 5 17 13 1 21 10 25 22 4 8 18 7 24 19 9 23 3 6 16 12 14 15
275,Instances_lowcost_H6/abs5n25,4,25,2455.0,2284.0,1.0748686514886165,0.07525373931623931,2 11 5 20 1 13 17 6 3 19 9 24 7 18 8 4 25 22 10 21 15 12 14 16 23
275,Instances_lowcost_H6/abs5n25,5,25,2569.0,2284.0,1.1247810858143608,0.10127659649718473,2 11 5 20 1 13 17 19 9 23 24 7 18 8 4 25 10 21 22 12 14 16 15 6 3
275,Instances_lowcost_H6/abs5n30,0,0,0.0,0.0,nan,nan,
275,Instances_lowcost_H6/abs5n30,1,15,1881.0,1742.0,1.0797933409873708,0.1135727367870225,10 24 1 11 28 30 25 16 19 8 9 29 4 2 27
275,Instances_lowcost_H6/abs5n30,2,30,2894.0,2221.0,1.3030166591625394,0.11098316827133453,7 10 23 16 14 19 6 17 15 30 28 11 3 20 26 1 24 12 5 21 22 4 13 29 2 18 9 8 27 25
275,Instances_lowcost_H6/abs5n30,3,30,2836.0,2221.0,1.2769022962629446,0.07355562451721269,10 7 23 16 14 8 13 22 4 29 21 18 2 9 5 12 27 6 17 15 30 28 11 24 26 1 20 3 19 25
275,Instances_lowcost_H6/abs5n30,4,30,2619.0,2221.0,1.1791985592075642,0.0505846154330102,10 7 23 16 14 19 25 6 17 30 15 28 11 24 1 26 20 3 12 27 18 2 29 4 13 22 21 9 8 5
275,Instances_lowcost_H6/abs5n30,5,30,2643.0,2221.0,1.190004502476362,0.0829375563583097,10 7 23 16 14 8 13 4 22 21 29 2 18 9 27 12 5 3 24 26 1 20 11 28 17 6 25 19 15 30
275,Instances_lowcost_H6/abs5n5,0,0,0.0,0.0,nan,nan,
275,Instances_lowcost_H6/abs5n5,1,1,278.0,278.0,1.0,nan,4
275,Instances_lowcost_H6/abs5n5,2,5,865.0,865.0,1.0,0.3333333333333333,3 5 2 4 1
275,Instances_lowcost_H6/abs5n5,3,5,1010.0,865.0,1.1676300578034682,0.08333333333333333,3 5 4 1 2
275,Instances_lowcost_H6/abs5n5,4,5,1010.0,865.0,1.1676300578034682,0.08333333333333333,3 5 4 1 2
275,Instances_lowcost_H6/abs5n5,5,5,1010.0,865.0,1.1676300578034682,0.08333333333333333,3 5 4 1 2
300,Instances_highcost_H3/abs5n10,0,0,0.0,0.0,nan,nan,
300,Instances_highcost_H3/abs5n10,1,5,1184.0,1184.0,1.0,0.0,8 6 4 10 7
300,Instances_highcost_H3/abs5n10,2,10,1431.0,1480.0,0.9668918918918918,0.032407407407407406,2 7 9 10 3 1 4 5 6 8
300,Instances_highcost_H3/abs5n15,0,0,0.0,0.0,nan,nan,
300,Instances_highcost_H3/abs5n15,1,9,1349.0,1221.0,1.1048321048321048,0.025,9 15 3 6 1 5 2 13 8
300,Instances_highcost_H3/abs5n15,2,15,1641.0,1469.0,1.1170864533696392,0.05714285714285715,10 7 8 12 11 13 2 5 4 6 14 3 15 9 1
300,Instances_highcost_H3/abs5n20,0,0,0.0,0.0,nan,nan,
300,Instances_highcost_H3/abs5n20,1,14,1959.0,1837.0,1.0664126292868807,0.12307692307692308,19 14 18 13 8 7 15 12 20 10 11 4 1 3
300,Instances_highcost_H3/abs5n20,2,20,2614.0,2221.0,1.1769473210265646,0.04796957428536376,19 17 5 18 8 13 14 16 2 6 9 10 11 20 1 3 4 12 15 7
300,Instances_highcost_H3/abs5n25,0,0,0.0,0.0,nan,nan,
300,Instances_highcost_H3/abs5n25,1,11,1441.0,1325.0,1.0875471698113208,0.024285714285714285,5 13 6 3 9 24 7 14 16 15 21
300,Instances_highcost_H3/abs5n25,2,25,2563.0,2284.0,1.12215411558669,0.09274357769423558,2 11 5 20 1 17 13 6 23 24 7 18 8 4 12 14 16 22 25 10 21 15 3 19 9
300,Instances_highcost_H3/abs5n30,0,0,0.0,0.0,nan,nan,
300,Instances_highcost_H3/abs5n30,1,15,1846.0,1742.0,1.0597014925373134,0.12410387231815802,10 1 24 11 28 30 25 16 19 8 9 29 4 2 27
300,Instances_highcost_H3/abs5n30,2,30,2423.0,2221.0,1.0909500225123818,0.09179200797421859,26 1 20 24 10 7 23 16 14 8 9 13 4 22 29 21 2 18 5 12 15 17 6 25 19 27 30 28 3 11
300,Instances_highcost_H3/abs5n35,0,0,0.0,0.0,nan,nan,
300,Instances_highcost_H3/abs5n35,1,17,2142.0,2125.0,1.008,0.020265151515151514,28 19 34 4 23 3 6 25 30 11 5 24 32 35 22 20 14
300,Instances_highcost_H3/abs5n35,2,35,2902.0,2679.0,1.0832400149309445,0.0450224683950029,28 1 18 21 8 19 34 4 15 9 23 3 6 25 29 26 7 20 14 31 16 27 35 22 30 17 12 11 13 2 33 10 32 24 5
300,Instances_highcost_H3/abs5n40,0,0,0.0,0.0,nan,nan,
300,Instances_highcost_H3/abs5n40,1,20,2311.0,2058.0,1.1229348882410106,0.06595201505173805,30 6 18 34 17 25 19 9 15 33 40 20 1 29 37 14 39 27 35 23
300,Instances_highcost_H3/abs5n40,2,40,3128.0,2647.0,1.1817151492255384,0.0698466527897966,4 30 31 13 19 3 38 25 8 18 6 34 17 26 22 39 12 7 24 15 33 40 5 10 23 35 28 21 27 36 11 14 37 2 32 9 20 1 29 16
300,Instances_highcost_H3/abs5n45,0,0,0.0,0.0,nan,nan,
300,Instances_highcost_H3/abs5n45,1,32,2610.0,2173.0,1.2011044638748274,0.10929769221958525,33 6 27 21 40 13 8 35 11 24 34 15 4 39 38 41 30 14 22 32 10 43 45 9 28 1 18 37 29 20 12 25
300,Instances_highcost_H3/abs5n45,2,45,2864.0,2475.0,1.157171717171717,0.037224549486401165,2 19 38 23 41 36 5 14 30 22 42 32 3 10 43 45 4 15 16 39 31 34 24 44 17 11 7 26 18 37 35 8 20 29 12 1 28 33 9 6 27 13 21 40 25
300,Instances_highcost_H3/abs5n5,0,0,0.0,0.0,nan,nan,
300,Instances_highcost_H3/abs5n5,1,1,278.0,278.0,1.0,nan,4
300,Instances_highcost_H3/abs5n5,2,5,896.0,865.0,1.0358381502890173,0.3333333333333333,3 5 4 2 1
300,Instances_highcost_H3/abs5n50,0,0,0.0,0.0,nan,nan,
300,Instances_highcost_H3/abs5n50,1,27,2367.0,2275.0,1.0404395604395604,0.04881190669234148,33 32 50 44 4 13 20 36 5 10 25 34 7 27 24 40 8 19 23 30 17 9 47 38 46 15 29
300,Instances_highcost_H3/abs5n50,2,50,3369.0,3165.0,1.0644549763033175,0.03429755380818153,45 33 41 26 31 44 4 49 13 20 42 48 12 36 22 38 18 3 15 2 16 21 19 8 1 40 24 34 7 27 25 14 39 6 10 5 46 11 29 17 43 28 37 50 32 35 9 47 30 23
300,Instances_highcost_H6/abs5n10,0,0,0.0,0.0,nan,nan,
300,Instances_highcost_H6/abs5n10,1,5,1184.0,1184.0,1.0,0.0,8 6 4 10 7
300,Instances_highcost_H6/abs5n10,2,10,1431.0,1480.0,0.9668918918918918,0.032407407407407406,2 7 9 10 3 1 4 5 6 8
300,Instances_highcost_H6/abs5n10,3,10,1752.0,1480.0,1.1837837837837837,0.07314814814814814,2 7 9 3 1 4 5 6 8 10
300,Instances_highcost_H6/abs5n10,4,10,1431.0,1480.0,0.9668918918918918,0.032407407407407406,2 7 9 10 3 1 4 5 6 8
300,Instances_highcost_H6/abs5n10,5,10,1526.0,1480.0,1.031081081081081,0.05092592592592592,2 7 9 3 10 1 4 5 6 8
300,Instances_highcost_H6/abs5n15,0,0,0.0,0.0,nan,nan,
300,Instances_highcost_H6/abs5n15,1,9,1349.0,1221.0,1.1048321048321048,0.025,9 15 3 6 1 5 2 13 8
300,Instances_highcost_H6/abs5n15,2,15,1641.0,1469.0,1.1170864533696392,0.05714285714285715,10 7 8 12 11 13 2 5 4 6 14 3 15 9 1
300,Instances_highcost_H6/abs5n15,3,15,1748.0,1469.0,1.189925119128659,0.08690476190476192,10 7 8 12 11 13 2 5 4 6 3 15 9 1 14
300,Instances_highcost_H6/abs5n15,4,15,1714.0,1469.0,1.1667801225323349,0.044333642547928265,9 15 3 6 4 14 5 2 11 13 12 8 7 10 1
300,Instances_highcost_H6/abs5n15,5,15,1748.0,1469.0,1.189925119128659,0.08690476190476192,10 7 8 12 11 13 2 5 4 6 3 15 9 1 14
300,Instances_highcost_H6/abs5n20,0,0,0.0,0.0,nan,nan,
300,Instances_highcost_H6/abs5n20,1,14,1959.0,1837.0,1.0664126292868807,0.12307692307692308,19 14 18 13 8 7 15 12 20 10 11 4 1 3
300,Instances_highcost_H6/abs5n20,2,20,2614.0,2221.0,1.1769473210265646,0.04796957428536376,19 17 5 18 8 13 14 16 2 6 9 10 11 20 1 3 4 12 15 7
300,Instances_highcost_H6/abs5n20,3,20,2304.0,2221.0,1.0373705538045925,0.08879892037786774,19 17 5 18 13 8 16 2 6 9 10 11 20 12 15 7 1 3 4 14
300,Instances_highcost_H6/abs5n20,4,20,2451.0,2221.0,1.1035569563259793,0.0703778677462888,19 17 5 18 8 13 14 16 4 2 6 9 10 11 20 1 3 12 15 7
300,Instances_highcost_H6/abs5n20,5,20,2380.0,2221.0,1.0715893741557856,0.08879892037786774,19 17 5 18 13 8 16 2 6 9 10 11 20 15 7 12 1 3 4 14
300,Instances_highcost_H6/abs5n25,0,0,0.0,0.0,nan,nan,
300,Instances_highcost_H6/abs5n25,1,11,1441.0,1325.0,1.0875471698113208,0.024285714285714285,5 13 6 3 9 24 7 14 16 15 21
300,Instances_highcost_H6/abs5n25,2,25,2563.0,2284.0,1.12215411558669,0.09274357769423558,2 11 5 20 1 17 13 6 23 24 7 18 8 4 12 14 16 22 25 10 21 15 3 19 9
300,Instances_highcost_H6/abs5n25,3,25,2356.0,2284.0,1.031523642732049,0.08834072596649996,2 11 5 20 1 10 21 25 22 4 8 18 7 24 23 9 19 3 12 14 16 15 6 17 13
300,Instances_highcost_H6/abs5n25,4,25,2230.0,2284.0,0.9763572679509632,0.07849846303793673,2 11 5 20 1 21 10 25 22 4 8 18 7 24 9 19 3 23 14 16 12 15 6 13 17
300,Instances_highcost_H6/abs5n25,5,25,2390.0,2284.0,1.0464098073555166,0.1109101704109444,2 11 5 20 1 10 21 25 22 4 8 18 7 24 23 19 9 3 12 14 16 15 6 17 13
300,Instances_highcost_H6/abs5n30,0,0,0.0,0.0,nan,nan,
300,Instances_highcost_H6/abs5n30,1,15,1846.0,1742.0,1.0597014925373134,0.12410387231815802,10 1 24 11 28 30 25 16 19 8 9 29 4 2 27
300,Instances_highcost_H6/abs5n30,2,30,2423.0,2221.0,1.0909500225123818,0.09179200797421859,26 1 20 24 10 7 23 16 14 8 9 13 4 22 29 21 2 18 5 12 15 17 6 25 19 27 30 28 3 11
300,Instances_highcost_H6/abs5n30,3,30,2674.0,2221.0,1.2039621791985593,0.09919247002701646,10 7 23 16 14 8 13 4 22 21 29 18 2 9 19 25 6 17 15 30 28 11 24 1 26 20 3 12 5 27
300,Instances_highcost_H6/abs5n30,4,30,2494.0,2221.0,1.1229176046825755,0.10704515680734468,10 7 23 16 14 8 9 13 4 29 22 21 2 18 27 19 25 6 17 30 28 11 24 1 26 20 3 15 12 5
300,Instances_highcost_H6/abs5n30,5,30,2942.0,2221.0,1.324628545700135,0.07677864670575212,10 7 23 16 14 8 13 22 21 4 29 18 2 9 12 27 6 17 15 30 28 11 24 1 26 20 3 5 19 25
300,Instances_highcost_H6/abs5n5,0,0,0.0,0.0,nan,nan,
300,Instances_highcost_H6/abs5n5,1,1,278.0,278.0,1.0,nan,4
300,Instances_highcost_H6/abs5n5,2,5,896.0,865.0,1.0358381502890173,0.3333333333333333,3 5 4 2 1
300,Instances_highcost_H6/abs5n5,3,5,896.0,865.0,1.0358381502890173,0.3333333333333333,3 5 4 2 1
300,Instances_highcost_H6/abs5n5,4,5,896.0,865.0,1.0358381502890173,0.3333333333333333,3 5 4 2 1
300,Instances_highcost_H6/abs5n5,5,5,896.0,865.0,1.0358381502890173,0.3333333333333333,3 5 4 2 1
300,Instances_lowcost_H3/abs5n10,0,0,0.0,0.0,nan,nan,
300,Instances_lowcost_H3/abs5n10,1,5,1184.0,1184.0,1.0,0.0,8 6 4 10 7
300,Instances_lowcost_H3/abs5n10,2,10,1431.0,1480.0,0.9668918918918918,0.032407407407407406,2 7 9 10 3 1 4 5 6 8
300,Instances_lowcost_H3/abs5n15,0,0,0.0,0.0,nan,nan,
300,Instances_lowcost_H3/abs5n15,1,9,1349.0,1221.0,1.1048321048321048,0.025,9 15 3 6 1 5 2 13 8
300,Instances_lowcost_H3/abs5n15,2,15,1641.0,1469.0,1.1170864533696392,0.05714285714285715,10 7 8 12 11 13 2 5 4 6 14 3 15 9 1
300,Instances_lowcost_H3/abs5n20,0,0,0.0,0.0,nan,nan,
300,Instances_lowcost_H3/abs5n20,1,14,1959.0,1837.0,1.0664126292868807,0.12307692307692308,19 14 18 13 8 7 15 12 20 10 11 4 1 3
300,Instances_lowcost_H3/abs5n20,2,20,2614.0,2221.0,1.1769473210265646,0.04796957428536376,19 17 5 18 8 13 14 16 2 6 9 10 11 20 1 3 4 12 15 7
300,Instances_lowcost_H3/abs5n25,0,0,0.0,0.0,nan,nan,
300,Instances_lowcost_H3/abs5n25,1,11,1441.0,1325.0,1.0875471698113208,0.024285714285714285,5 13 6 3 9 24 7 14 16 15 21
300,Instances_lowcost_H3/abs5n25,2,25,2563.0,2284.0,1.12215411558669,0.09274357769423558,2 11 5 20 1 17 13 6 23 24 7 18 8 4 12 14 16 22 25 10 21 15 3 19 9
300,Instances_lowcost_H3/abs5n30,0,0,0.0,0.0,nan,nan,
300,Instances_lowcost_H3/abs5n30,1,15,1846.0,1742.0,1.0597014925373134,0.12410387231815802,10 1 24 11 28 30 25 16 19 8 9 29 4 2 27
300,Instances_lowcost_H3/abs5n30,2,30,2423.0,2221.0,1.0909500225123818,0.09179200797421859,26 1 20 24 10 7 23 16 14 8 9 13 4 22 29 21 2 18 5 12 15 17 6 25 19 27 30 28 3 11
300,Instances_lowcost_H3/abs5n35,0,0,0.0,0.0,nan,nan,
300,Instances_lowcost_H3/abs5n35,1,17,2142.0,2125.0,1.008,0.020265151515151514,28 19 34 4 23 3 6 25 30 11 5 24 32 35 22 20 14
300,Instances_lowcost_H3/abs5n35,2,35,2902.0,2679.0,1.0832400149309445,0.0450224683950029,28 1 18 21 8 19 34 4 15 9 23 3 6 25 29 26 7 20 14 31 16 27 35 22 30 17 12 11 13 2 33 10 32 24 5
300,Instances_lowcost_H3/abs5n40,0,0,0.0,0.0,nan,nan,
300,Instances_lowcost_H3/abs5n40,1,20,2311.0,2058.0,1.1229348882410106,0.06595201505173805,30 6 18 34 17 25 19 9 15 33 40 20 1 29 37 14 39 27 35 23
300,Instances_lowcost_H3/abs5n40,2,40,3128.0,2647.0,1.1817151492255384,0.0698466527897966,4 30 31 13 19 3 38 25 8 18 6 34 17 26 22 39 12 7 24 15 33 40 5 10 23 35 28 21 27 36 11 14 37 2 32 9 20 1 29 16
300,Instances_lowcost_H3/abs5n45,0,0,0.0,0.0,nan,nan,
300,Instances_lowcost_H3/abs5n45,1,32,2610.0,2173.0,1.2011044638748274,0.10929769221958525,33 6 27 21 40 13 8 35 11 24 34 15 4 39 38 41 30 14 22 32 10 43 45 9 28 1 18 37 29 20 12 25
300,Instances_lowcost_H3/abs5n45,2,45,2864.0,2475.0,1.157171717171717,0.037224549486401165,2 19 38 23 41 36 5 14 30 22 42 32 3 10 43 45 4 15 16 39 31 34 24 44 17 11 7 26 18 37 35 8 20 29 12 1 28 33 9 6 27 13 21 40 25
300,Instances_lowcost_H3/abs5n5,0,0,0.0,0.0,nan,nan,
300,Instances_lowcost_H3/abs5n5,1,1,278.0,278.0,1.0,nan,4
300,Instances_lowcost_H3/abs5n5,2,5,896.0,865.0,1.0358381502890173,0.3333333333333333,3 5 4 2 1
300,Instances_lowcost_H3/abs5n50,0,0,0.0,0.0,nan,nan,
300,Instances_lowcost_H3/abs5n50,1,27,2367.0,2275.0,1.0404395604395604,0.04881190669234148,33 32 50 44 4 13 20 36 5 10 25 34 7 27 24 40 8 19 23 30 17 9 47 38 46 15 29
300,Instances_lowcost_H3/abs5n50,2,50,3369.0,3165.0,1.0644549763033175,0.03429755380818153,45 33 41 26 31 44 4 49 13 20 42 48 12 36 22 38 18 3 15 2 16 21 19 8 1 40 24 34 7 27 25 14 39 6 10 5 46 11 29 17 43 28 37 50 32 35 9 47 30 23
300,Instances_lowcost_H6/abs5n10,0,0,0.0,0.0,nan,nan,
300,Instances_lowcost_H6/abs5n10,1,5,1184.0,1184.0,1.0,0.0,8 6 4 10 7
300,Instances_lowcost_H6/abs5n10,2,10,1431.0,1480.0,0.9668918918918918,0.032407407407407406,2 7 9 10 3 1 4 5 6 8
300,Instances_lowcost_H6/abs5n10,3,10,1752.0,1480.0,1.1837837837837837,0.07314814814814814,2 7 9 3 1 4 5 6 8 10
300,Instances_lowcost_H6/abs5n10,4,10,1431.0,1480.0,0.9668918918918918,0.032407407407407406,2 7 9 10 3 1 4 5 6 8
300,Instances_lowcost_H6/abs5n10,5,10,1526.0,1480.0,1.031081081081081,0.05092592592592592,2 7 9 3 10 1 4 5 6 8
300,Instances_lowcost_H6/abs5n15,0,0,0.0,0.0,nan,nan,
300,Instances_lowcost_H6/abs5n15,1,9,1349.0,1221.0,1.1048321048321048,0.025,9 15 3 6 1 5 2 13 8
300,Instances_lowcost_H6/abs5n15,2,15,1641.0,1469.0,1.1170864533696392,0.05714285714285715,10 7 8 12 11 13 2 5 4 6 14 3 15 9 1
300,Instances_lowcost_H6/abs5n15,3,15,1748.0,1469.0,1.189925119128659,0.08690476190476192,10 7 8 12 11 13 2 5 4 6 3 15 9 1 14
300,Instances_lowcost_H6/abs5n15,4,15,1714.0,1469.0,1.1667801225323349,0.044333642547928265,9 15 3 6 4 14 5 2 11 13 12 8 7 10 1
300,Instances_lowcost_H6/abs5n15,5,15,1748.0,1469.0,1.189925119128659,0.08690476190476192,10 7 8 12 11 13 2 5 4 6 3 15 9 1 14
300,Instances_lowcost_H6/abs5n20,0,0,0.0,0.0,nan,nan,
300,Instances_lowcost_H6/abs5n20,1,14,1959.0,1837.0,1.0664126292868807,0.12307692307692308,19 14 18 13 8 7 15 12 20 10 11 4 1 3
300,Instances_lowcost_H6/abs5n20,2,20,2614.0,2221.0,1.1769473210265646,0.04796957428536376,19 17 5 18 8 13 14 16 2 6 9 10 11 20 1 3 4 12 15 7
300,Instances_lowcost_H6/abs5n20,3,20,2304.0,2221.0,1.0373705538045925,0.08879892037786774,19 17 5 18 13 8 16 2 6 9 10 11 20 12 15 7 1 3 4 14
300,Instances_lowcost_H6/abs5n20,4,20,2451.0,2221.0,1.1035569563259793,0.0703778677462888,19 17 5 18 8 13 14 16 4 2 6 9 10 11 20 1 3 12 15 7
300,Instances_lowcost_H6/abs5n20,5,20,2380.0,2221.0,1.0715893741557856,0.08879892037786774,19 17 5 18 13 8 16 2 6 9 10 11 20 15 7 12 1 3 4 14
300,Instances_lowcost_H6/abs5n25,0,0,0.0,0.0,nan,nan,
300,Instances_lowcost_H6/abs5n25,1,11,1441.0,1325.0,1.0875471698113208,0.024285714285714285,5 13 6 3 9 24 7 14 16 15 21
300,Instances_lowcost_H6/abs5n25,2,25,2563.0,2284.0,1.12215411558669,0.09274357769423558,2 11 5 20 1 17 13 6 23 24 7 18 8 4 12 14 16 22 25 10 21 15 3 19 9
300,Instances_lowcost_H6/abs5n25,3,25,2356.0,2284.0,1.031523642732049,0.08834072596649996,2 11 5 20 1 10 21 25 22 4 8 18 7 24 23 9 19 3 12 14 16 15 6 17 13
300,Instances_lowcost_H6/abs5n25,4,25,2230.0,2284.0,0.9763572679509632,0.07849846303793673,2 11 5 20 1 21 10 25 22 4 8 18 7 24 9 19 3 23 14 16 12 15 6 13 17
300,Instances_lowcost_H6/abs5n25,5,25,2390.0,2284.0,1.0464098073555166,0.1109101704109444,2 11 5 20 1 10 21 25 22 4 8 18 7 24 23 19 9 3 12 14 16 15 6 17 13
300,Instances_lowcost_H6/abs5n30,0,0,0.0,0.0,nan,nan,
300,Instances_lowcost_H6/abs5n30,1,15,1846.0,1742.0,1.0597014925373134,0.12410387231815802,10 1 24 11 28 30 25 16 19 8 9 29 4 2 27
300,Instances_lowcost_H6/abs5n30,2,30,2423.0,2221.0,1.0909500225123818,0.09179200797421859,26 1 20 24 10 7 23 16 14 8 9 13 4 22 29 21 2 18 5 12 15 17 6 25 19 27 30 28 3 11
300,Instances_lowcost_H6/abs5n30,3,30,2674.0,2221.0,1.2039621791985593,0.09919247002701646,10 7 23 16 14 8 13 4 22 21 29 18 2 9 19 25 6 17 15 30 28 11 24 1 26 20 3 12 5 27
300,Instances_lowcost_H6/abs5n30,4,30,2494.0,2221.0,1.1229176046825755,0.10704515680734468,10 7 23 16 14 8 9 13 4 29 22 21 2 18 27 19 25 6 17 30 28 11 24 1 26 20 3 15 12 5
300,Instances_lowcost_H6/abs5n30,5,30,2942.0,2221.0,1.324628545700135,0.07677864670575212,10 7 23 16 14 8 13 22 21 4 29 18 2 9 12 27 6 17 15 30 28 11 24 1 26 20 3 5 19 25
300,Instances_lowcost_H6/abs5n5,0,0,0.0,0.0,nan,nan,
300,Instances_lowcost_H6/abs5n5,1,1,278.0,278.0,1.0,nan,4
300,Instances_lowcost_H6/abs5n5,2,5,896.0,865.0,1.0358381502890173,0.3333333333333333,3 5 4 2 1
300,Instances_lowcost_H6/abs5n5,3,5,896.0,865.0,1.0358381502890173,0.3333333333333333,3 5 4 2 1
300,Instances_lowcost_H6/abs5n5,4,5,896.0,865.0,1.0358381502890173,0.3333333333333333,3 5 4 2 1
300,Instances_lowcost_H6/abs5n5,5,5,896.0,865.0,1.0358381502890173,0.3333333333333333,3 5 4 2 1
325,Instances_highcost_H3/abs5n10,0,0,0.0,0.0,nan,nan,
325,Instances_highcost_H3/abs5n10,1,5,1184.0,1184.0,1.0,0.0,8 6 4 10 7
325,Instances_highcost_H3/abs5n10,2,10,1499.0,1480.0,1.0128378378378378,0.02976190476190476,2 7 10 3 1 4 5 6 8 9
325,Instances_highcost_H3/abs5n15,0,0,0.0,0.0,nan,nan,
325,Instances_highcost_H3/abs5n15,1,9,1254.0,1221.0,1.027027027027027,0.0,9 15 3 1 6 5 2 13 8
325,Instances_highcost_H3/abs5n15,2,15,1502.0,1469.0,1.0224642614023145,0.04081632653061224,9 15 3 1 6 4 14 5 2 11 13 12 8 7 10
325,Instances_highcost_H3/abs5n20,0,0,0.0,0.0,nan,nan,
325,Instances_highcost_H3/abs5n20,1,11,1740.0,1535.0,1.1335504885993486,0.1,19 14 18 8 3 1 4 11 10 20 12
325,Instances_highcost_H3/abs5n20,2,20,2445.0,2221.0,1.1008554705087799,0.04954300085879033,19 17 5 18 14 16 2 6 9 10 11 4 1 3 20 12 15 7 13 8
325,Instances_highcost_H3/abs5n25,0,0,0.0,0.0,nan,nan,
325,Instances_highcost_H3/abs5n25,1,11,1553.0,1325.0,1.1720754716981132,0.05,5 13 6 16 14 7 24 9 3 15 21
325,Instances_highcost_H3/abs5n25,2,25,2359.0,2284.0,1.0328371278458843,0.0707902209159949,2 11 20 5 1 10 21 25 22 4 8 18 7 24 23 9 19 3 14 12 16 15 6 17 13
325,Instances_highcost_H3/abs5n30,0,0,0.0,0.0,nan,nan,
325,Instances_highcost_H3/abs5n30,1,15,1881.0,1742.0,1.0797933409873708,0.1135727367870225,10 24 1 11 28 30 25 16 19 8 9 29 4 2 27
325,Instances_highcost_H3/abs5n30,2,30,2615.0,2221.0,1.1773975686627645,0.06143996191208893,10 7 23 16 14 8 9 13 4 29 22 21 18 2 27 12 15 17 6 25 19 30 28 11 3 24 20 26 1 5
325,Instances_highcost_H3/abs5n35,0,0,0.0,0.0,nan,nan,
325,Instances_highcost_H3/abs5n35,1,17,2434.0,2125.0,1.1454117647058824,0.029166666666666667,28 32 24 5 11 23 4 34 19 3 6 25 30 22 35 14 20
325,Instances_highcost_H3/abs5n35,2,35,2853.0,2679.0,1.0649496080627099,0.031664774721792924,28 1 18 21 8 19 34 4 15 9 23 3 6 25 30 29 17 12 11 13 2 33 10 32 27 31 16 14 20 7 26 22 35 24 5
325,Instances_highcost_H3/abs5n40,0,0,0.0,0.0,nan,nan,
325,Instances_highcost_H3/abs5n40,1,20,2303.0,2058.0,1.119047619047619,0.09226780452542226,30 6 18 34 17 25 19 9 15 33 40 20 1 29 37 14 39 35 23 27
325,Instances_highcost_H3/abs5n40,2,40,3211.0,2647.0,1.213071401586702,0.07383948750661322,4 30 31 13 3 19 38 9 32 15 33 24 40 5 29 20 2 7 1 16 37 12 8 25 18 6 34 17 22 26 39 14 11 36 28 21 27 35 10 23
325,Instances_highcost_H3/abs5n45,0,0,0.0,0.0,nan,nan,
325,Instances_highcost_H3/abs5n45,1,25,2422.0,2092.0,1.1577437858508604,0.10112159378463727,45 41 30 14 22 32 38 10 43 4 15 39 34 24 37 35 20 29 12 1 28 9 13 25 18
325,Instances_highcost_H3/abs5n45,2,45,2921.0,2475.0,1.1802020202020203,0.031196891112163914,2 19 3 23 41 36 5 30 14 22 42 38 10 32 43 45 4 15 16 39 31 26 7 34 17 44 24 11 37 8 35 18 1 28 33 9 6 40 21 27 13 25 12 29 20
325,Instances_highcost_H3/abs5n5,0,0,0.0,0.0,nan,nan,
325,Instances_highcost_H3/abs5n5,1,1,278.0,278.0,1.0,nan,4
325,Instances_highcost_H3/abs5n5,2,5,865.0,865.0,1.0,0.3333333333333333,3 5 2 4 1
325,Instances_highcost_H3/abs5n50,0,0,0.0,0.0,nan,nan,
325,Instances_highcost_H3/abs5n50,1,27,2714.0,2275.0,1.192967032967033,0.08562325710663307,33 32 50 44 4 13 20 36 38 47 9 23 30 17 8 40 24 34 7 25 27 19 29 15 46 5 10
325,Instances_highcost_H3/abs5n50,2,50,3803.0,3165.0,1.2015797788309637,0.05519897959698317,45 26 31 44 4 49 13 42 20 48 12 36 22 37 50 32 33 41 28 35 43 23 30 17 9 47 11 29 21 19 8 1 40 24 34 7 27 16 2 3 18 38 15 46 6 10 39 14 25 5
325,Instances_highcost_H6/abs5n10,0,0,0.0,0.0,nan,nan,
325,Instances_highcost_H6/abs5n10,1,5,1184.0,1184.0,1.0,0.0,8 6 4 10 7
325,Instances_highcost_H6/abs5n10,2,10,1499.0,1480.0,1.0128378378378378,0.02976190476190476,2 7 10 3 1 4 5 6 8 9
325,Instances_highcost_H6/abs5n10,3,10,1431.0,1480.0,0.9668918918918918,0.032407407407407406,2 7 9 10 3 1 4 5 6 8
325,Instances_highcost_H6/abs5n10,4,10,1431.0,1480.0,0.9668918918918918,0.032407407407407406,2 7 9 10 3 1 4 5 6 8
325,Instances_highcost_H6/abs5n10,5,10,1431.0,1480.0,0.9668918918918918,0.032407407407407406,2 7 9 10 3 1 4 5 6 8
325,Instances_highcost_H6/abs5n15,0,0,0.0,0.0,nan,nan,
325,Instances_highcost_H6/abs5n15,1,9,1254.0,1221.0,1.027027027027027,0.0,9 15 3 1 6 5 2 13 8
325,Instances_highcost_H6/abs5n15,2,15,1502.0,1469.0,1.0224642614023145,0.04081632653061224,9 15 3 1 6 4 14 5 2 11 13 12 8 7 10
325,Instances_highcost_H6/abs5n15,3,15,1907.0,1469.0,1.2981620149761743,0.03540507111935683,9 15 3 6 4 14 1 10 7 8 12 11 13 2 5
325,Instances_highcost_H6/abs5n15,4,15,1891.0,1469.0,1.2872702518720218,0.04730983302411874,9 15 3 6 4 14 1 10 7 8 12 13 11 2 5
325,Instances_highcost_H6/abs5n15,5,15,1502.0,1469.0,1.0224642614023145,0.04081632653061224,9 15 3 1 6 4 14 5 2 11 13 12 8 7 10
325,Instances_highcost_H6/abs5n20,0,0,0.0,0.0,nan,nan,
325,Instances_highcost_H6/abs5n20,1,11,1740.0,1535.0,1.1335504885993486,0.1,19 14 18 8 3 1 4 11 10 20 12
325,Instances_highcost_H6/abs5n20,2,20,2445.0,2221.0,1.1008554705087799,0.04954300085879033,19 17 5 18 14 16 2 6 9 10 11 4 1 3 20 12 15 7 13 8
325,Instances_highcost_H6/abs5n20,3,20,2514.0,2221.0,1.1319225574065737,0.06267942583732057,19 17 5 18 13 8 14 16 2 6 9 10 11 4 3 1 20 12 15 7
325,Instances_highcost_H6/abs5n20,4,20,2666.0,2221.0,1.20036019810896,0.046153846153846156,19 17 5 18 14 16 2 6 4 11 10 9 20 1 3 8 13 7 15 12
325,Instances_highcost_H6/abs5n20,5,20,2514.0,2221.0,1.1319225574065737,0.06267942583732057,19 17 5 18 13 8 14 16 2 6 9 10 11 4 3 1 20 12 15 7
325,Instances_highcost_H6/abs5n25,0,0,0.0,0.0,nan,nan,
325,Instances_highcost_H6/abs5n25,1,11,1553.0,1325.0,1.1720754716981132,0.05,5 13 6 16 14 7 24 9 3 15 21
325,Instances_highcost_H6/abs5n25,2,25,2359.0,2284.0,1.0328371278458843,0.0707902209159949,2 11 20 5 1 10 21 25 22 4 8 18 7 24 23 9 19 3 14 12 16 15 6 17 13
325,Instances_highcost_H6/abs5n25,3,25,2234.0,2284.0,0.978108581436077,0.059054018593492276,2 11 5 20 1 21 10 25 22 4 8 18 7 24 9 19 3 23 14 12 16 15 6 17 13
325,Instances_highcost_H6/abs5n25,4,25,2256.0,2284.0,0.9877408056042032,0.0994475371120108,2 11 5 20 1 21 10 25 22 4 8 18 7 24 23 9 19 3 14 12 16 15 6 13 17
325,Instances_highcost_H6/abs5n25,5,25,2234.0,2284.0,0.978108581436077,0.059054018593492276,2 11 5 20 1 21 10 25 22 4 8 18 7 24 9 19 3 23 14 12 16 15 6 17 13
325,Instances_highcost_H6/abs5n30,0,0,0.0,0.0,nan,nan,
325,Instances_highcost_H6/abs5n30,1,15,1881.0,1742.0,1.0797933409873708,0.1135727367870225,10 24 1 11 28 30 25 16 19 8 9 29 4 2 27
325,Instances_highcost_H6/abs5n30,2,30,2615.0,2221.0,1.1773975686627645,0.06143996191208893,10 7 23 16 14 8 9 13 4 29 22 21 18 2 27 12 15 17 6 25 19 30 28 11 3 24 20 26 1 5
325,Instances_highcost_H6/abs5n30,3,30,2482.0,2221.0,1.1175146330481764,0.05569172097115022,10 7 23 16 14 8 9 13 4 29 22 21 2 18 27 6 25 19 17 15 30 28 11 3 24 1 26 20 5 12
325,Instances_highcost_H6/abs5n30,4,30,2430.0,2221.0,1.094101755965781,0.068402573337175,10 7 23 16 14 8 9 13 4 29 22 21 2 18 27 19 25 6 17 15 30 28 11 24 1 26 20 3 12 5
325,Instances_highcost_H6/abs5n30,5,30,2430.0,2221.0,1.094101755965781,0.05748303310728995,10 7 23 16 14 8 9 13 4 29 22 21 2 18 27 19 25 6 17 15 30 28 11 3 24 1 26 20 5 12
325,Instances_highcost_H6/abs5n5,0,0,0.0,0.0,nan,nan,
325,Instances_highcost_H6/abs5n5,1,1,278.0,278.0,1.0,nan,4
325,Instances_highcost_H6/abs5n5,2,5,865.0,865.0,1.0,0.3333333333333333,3 5 2 4 1
325,Instances_highcost_H6/abs5n5,3,5,1010.0,865.0,1.1676300578034682,0.08333333333333333,3 5 4 1 2
325,Instances_highcost_H6/abs5n5,4,5,896.0,865.0,1.0358381502890173,0.3333333333333333,3 5 4 2 1
325,Instances_highcost_H6/abs5n5,5,5,1010.0,865.0,1.1676300578034682,0.08333333333333333,3 5 4 1 2
325,Instances_lowcost_H3/abs5n10,0,0,0.0,0.0,nan,nan,
325,Instances_lowcost_H3/abs5n10,1,5,1184.0,1184.0,1.0,0.0,8 6 4 10 7
325,Instances_lowcost_H3/abs5n10,2,10,1499.0,1480.0,1.0128378378378378,0.02976190476190476,2 7 10 3 1 4 5 6 8 9
325,Instances_lowcost_H3/abs5n15,0,0,0.0,0.0,nan,nan,
325,Instances_lowcost_H3/abs5n15,1,9,1254.0,1221.0,1.027027027027027,0.0,9 15 3 1 6 5 2 13 8
325,Instances_lowcost_H3/abs5n15,2,15,1502.0,1469.0,1.0224642614023145,0.04081632653061224,9 15 3 1 6 4 14 5 2 11 13 12 8 7 10
325,Instances_lowcost_H3/abs5n20,0,0,0.0,0.0,nan,nan,
325,Instances_lowcost_H3/abs5n20,1,11,1740.0,1535.0,1.1335504885993486,0.1,19 14 18 8 3 1 4 11 10 20 12
325,Instances_lowcost_H3/abs5n20,2,20,2445.0,2221.0,1.1008554705087799,0.04954300085879033,19 17 5 18 14 16 2 6 9 10 11 4 1 3 20 12 15 7 13 8
325,Instances_lowcost_H3/abs5n25,0,0,0.0,0.0,nan,nan,
325,Instances_lowcost_H3/abs5n25,1,11,1553.0,1325.0,1.1720754716981132,0.05,5 13 6 16 14 7 24 9 3 15 21
325,Instances_lowcost_H3/abs5n25,2,25,2359.0,2284.0,1.0328371278458843,0.0707902209159949,2 11 20 5 1 10 21 25 22 4 8 18 7 24 23 9 19 3 14 12 16 15 6 17 13
325,Instances_lowcost_H3/abs5n30,0,0,0.0,0.0,nan,nan,
325,Instances_lowcost_H3/abs5n30,1,15,1881.0,1742.0,1.0797933409873708,0.1135727367870225,10 24 1 11 28 30 25 16 19 8 9 29 4 2 27
325,Instances_lowcost_H3/abs5n30,2,30,2615.0,2221.0,1.1773975686627645,0.06143996191208893,10 7 23 16 14 8 9 13 4 29 22 21 18 2 27 12 15 17 6 25 19 30 28 11 3 24 20 26 1 5
325,Instances_lowcost_H3/abs5n35,0,0,0.0,0.0,nan,nan,
325,Instances_lowcost_H3/abs5n35,1,17,2434.0,2125.0,1.1454117647058824,0.029166666666666667,28 32 24 5 11 23 4 34 19 3 6 25 30 22 35 14 20
325,Instances_lowcost_H3/abs5n35,2,35,2853.0,2679.0,1.0649496080627099,0.031664774721792924,28 1 18 21 8 19 34 4 15 9 23 3 6 25 30 29 17 12 11 13 2 33 10 32 27 31 16 14 20 7 26 22 35 24 5
325,Instances_lowcost_H3/abs5n40,0,0,0.0,0.0,nan,nan,
325,Instances_lowcost_H3/abs5n40,1,20,2303.0,2058.0,1.119047619047619,0.09226780452542226,30 6 18 34 17 25 19 9 15 33 40 20 1 29 37 14 39 35 23 27
325,Instances_lowcost_H3/abs5n40,2,40,3211.0,2647.0,1.213071401586702,0.07383948750661322,4 30 31 13 3 19 38 9 32 15 33 24 40 5 29 20 2 7 1 16 37 12 8 25 18 6 34 17 22 26 39 14 11 36 28 21 27 35 10 23
325,Instances_lowcost_H3/abs5n45,0,0,0.0,0.0,nan,nan,
325,Instances_lowcost_H3/abs5n45,1,25,2422.0,2092.0,1.1577437858508604,0.10112159378463727,45 41 30 14 22 32 38 10 43 4 15 39 34 24 37 35 20 29 12 1 28 9 13 25 18
325,Instances_lowcost_H3/abs5n45,2,45,2921.0,2475.0,1.1802020202020203,0.031196891112163914,2 19 3 23 41 36 5 30 14 22 42 38 10 32 43 45 4 15 16 39 31 26 7 34 17 44 24 11 37 8 35 18 1 28 33 9 6 40 21 27 13 25 12 29 20
325,Instances_lowcost_H3/abs5n5,0,0,0.0,0.0,nan,nan,
325,Instances_lowcost_H3/abs5n5,1,1,278.0,278.0,1.0,nan,4
325,Instances_lowcost_H3/abs5n5,2,5,865.0,865.0,1.0,0.3333333333333333,3 5 2 4 1
325,Instances_lowcost_H3/abs5n50,0,0,0.0,0.0,nan,nan,
325,Instances_lowcost_H3/abs5n50,1,27,2714.0,2275.0,1.192967032967033,0.08562325710663307,33 32 50 44 4 13 20 36 38 47 9 23 30 17 8 40 24 34 7 25 27 19 29 15 46 5 10
325,Instances_lowcost_H3/abs5n50,2,50,3803.0,3165.0,1.2015797788309637,0.05519897959698317,45 26 31 44 4 49 13 42 20 48 12 36 22 37 50 32 33 41 28 35 43 23 30 17 9 47 11 29 21 19 8 1 40 24 34 7 27 16 2 3 18 38 15 46 6 10 39 14 25 5
325,Instances_lowcost_H6/abs5n10,0,0,0.0,0.0,nan,nan,
325,Instances_lowcost_H6/abs5n10,1,5,1184.0,1184.0,1.0,0.0,8 6 4 10 7
325,Instances_lowcost_H6/abs5n10,2,10,1499.0,1480.0,1.0128378378378378,0.02976190476190476,2 7 10 3 1 4 5 6 8 9
325,Instances_lowcost_H6/abs5n10,3,10,1431.0,1480.0,0.9668918918918918,0.032407407407407406,2 7 9 10 3 1 4 5 6 8
325,Instances_lowcost_H6/abs5n10,4,10,1431.0,1480.0,0.9668918918918918,0.032407407407407406,2 7 9 10 3 1 4 5 6 8
325,Instances_lowcost_H6/abs5n10,5,10,1431.0,1480.0,0.9668918918918918,0.032407407407407406,2 7 9 10 3 1 4 5 6 8
325,Instances_lowcost_H6/abs5n15,0,0,0.0,0.0,nan,nan,
325,Instances_lowcost_H6/abs5n15,1,9,1254.0,1221.0,1.027027027027027,0.0,9 15 3 1 6 5 2 13 8
325,Instances_lowcost_H6/abs5n15,2,15,1502.0,1469.0,1.0224642614023145,0.04081632653061224,9 15 3 1 6 4 14 5 2 11 13 12 8 7 10
325,Instances_lowcost_H6/abs5n15,3,15,1907.0,1469.0,1.2981620149761743,0.03540507111935683,9 15 3 6 4 14 1 10 7 8 12 11 13 2 5
325,Instances_lowcost_H6/abs5n15,4,15,1891.0,1469.0,1.2872702518720218,0.04730983302411874,9 15 3 6 4 14 1 10 7 8 12 13 11 2 5
325,Instances_lowcost_H6/abs5n15,5,15,1502.0,1469.0,1.0224642614023145,0.04081632653061224,9 15 3 1 6 4 14 5 2 11 13 12 8 7 10
325,Instances_lowcost_H6/abs5n20,0,0,0.0,0.0,nan,nan,
325,Instances_lowcost_H6/abs5n20,1,11,1740.0,1535.0,1.1335504885993486,0.1,19 14 18 8 3 1 4 11 10 20 12
325,Instances_lowcost_H6/abs5n20,2,20,2445.0,2221.0,1.1008554705087799,0.04954300085879033,19 17 5 18 14 16 2 6 9 10 11 4 1 3 20 12 15 7 13 8
325,Instances_lowcost_H6/abs5n20,3,20,2514.0,2221.0,1.1319225574065737,0.06267942583732057,19 17 5 18 13 8 14 16 2 6 9 10 11 4 3 1 20 12 15 7
325,Instances_lowcost_H6/abs5n20,4,20,2666.0,2221.0,1.20036019810896,0.046153846153846156,19 17 5 18 14 16 2 6 4 11 10 9 20 1 3 8 13 7 15 12
325,Instances_lowcost_H6/abs5n20,5,20,2514.0,2221.0,1.1319225574065737,0.06267942583732057,19 17 5 18 13 8 14 16 2 6 9 10 11 4 3 1 20 12 15 7
325,Instances_lowcost_H6/abs5n25,0,0,0.0,0.0,nan,nan,
325,Instances_lowcost_H6/abs5n25,1,11,1553.0,1325.0,1.1720754716981132,0.05,5 13 6 16 14 7 24 9 3 15 21
325,Instances_lowcost_H6/abs5n25,2,25,2359.0,2284.0,1.0328371278458843,0.0707902209159949,2 11 20 5 1 10 21 25 22 4 8 18 7 24 23 9 19 3 14 12 16 15 6 17 13
325,Instances_lowcost_H6/abs5n25,3,25,2234.0,2284.0,0.978108581436077,0.059054018593492276,2 11 5 20 1 21 10 25 22 4 8 18 7 24 9 19 3 23 14 12 16 15 6 17 13
325,Instances_lowcost_H6/abs5n25,4,25,2256.0,2284.0,0.9877408056042032,0.0994475371120108,2 11 5 20 1 21 10 25 22 4 8 18 7 24 23 9 19 3 14 12 16 15 6 13 17
325,Instances_lowcost_H6/abs5n25,5,25,2234.0,2284.0,0.978108581436077,0.059054018593492276,2 11 5 20 1 21 10 25 22 4 8 18 7 24 9 19 3 23 14 12 16 15 6 17 13
325,Instances_lowcost_H6/abs5n30,0,0,0.0,0.0,nan,nan,
325,Instances_lowcost_H6/abs5n30,1,15,1881.0,1742.0,1.0797933409873708,0.1135727367870225,10 24 1 11 28 30 25 16 19 8 9 29 4 2 27
325,Instances_lowcost_H6/abs5n30,2,30,2615.0,2221.0,1.1773975686627645,0.06143996191208893,10 7 23 16 14 8 9 13 4 29 22 21 18 2 27 12 15 17 6 25 19 30 28 11 3 24 20 26 1 5
325,Instances_lowcost_H6/abs5n30,3,30,2482.0,2221.0,1.1175146330481764,0.05569172097115022,10 7 23 16 14 8 9 13 4 29 22 21 2 18 27 6 25 19 17 15 30 28 11 3 24 1 26 20 5 12
325,Instances_lowcost_H6/abs5n30,4,30,2430.0,2221.0,1.094101755965781,0.068402573337175,10 7 23 16 14 8 9 13 4 29 22 21 2 18 27 19 25 6 17 15 30 28 11 24 1 26 20 3 12 5
325,Instances_lowcost_H6/abs5n30,5,30,2430.0,2221.0,1.094101755965781,0.05748303310728995,10 7 23 16 14 8 9 13 4 29 22 21 2 18 27 19 25 6 17 15 30 28 11 3 24 1 26 20 5 12
325,Instances_lowcost_H6/abs5n5,0,0,0.0,0.0,nan,nan,
325,Instances_lowcost_H6/abs5n5,1,1,278.0,278.0,1.0,nan,4
325,Instances_lowcost_H6/abs5n5,2,5,865.0,865.0,1.0,0.3333333333333333,3 5 2 4 1
325,Instances_lowcost_H6/abs5n5,3,5,1010.0,865.0,1.1676300578034682,0.08333333333333333,3 5 4 1 2
325,Instances_lowcost_H6/abs5n5,4,5,896.0,865.0,1.0358381502890173,0.3333333333333333,3 5 4 2 1
325,Instances_lowcost_H6/abs5n5,5,5,1010.0,865.0,1.1676300578034682,0.08333333333333333,3 5 4 1 2
350,Instances_highcost_H3/abs5n10,0,0,0.0,0.0,nan,nan,
350,Instances_highcost_H3/abs5n10,1,5,1184.0,1184.0,1.0,0.0,8 6 4 10 7
350,Instances_highcost_H3/abs5n10,2,10,1460.0,1480.0,0.9864864864864865,0.013888888888888888,2 7 9 8 6 5 4 1 3 10
350,Instances_highcost_H3/abs5n15,0,0,0.0,0.0,nan,nan,
350,Instances_highcost_H3/abs5n15,1,9,1254.0,1221.0,1.027027027027027,0.0,9 15 3 1 6 5 2 13 8
350,Instances_highcost_H3/abs5n15,2,15,1786.0,1469.0,1.215793056501021,0.03928571428571429,10 7 8 12 11 13 2 5 4 6 3 1 15 9 14
350,Instances_highcost_H3/abs5n20,0,0,0.0,0.0,nan,nan,
350,Instances_highcost_H3/abs5n20,1,11,1834.0,1535.0,1.1947882736156352,0.05,19 14 18 8 3 1 20 11 10 4 12
350,Instances_highcost_H3/abs5n20,2,20,2524.0,2221.0,1.1364250337685726,0.07803331859059412,19 17 18 8 13 7 15 12 20 11 4 16 14 5 2 6 9 10 1 3
350,Instances_highcost_H3/abs5n25,0,0,0.0,0.0,nan,nan,
350,Instances_highcost_H3/abs5n25,1,11,1441.0,1325.0,1.0875471698113208,0.024285714285714285,5 13 6 3 9 24 7 14 16 15 21
350,Instances_highcost_H3/abs5n25,2,25,2423.0,2284.0,1.0608581436077058,0.07597703222703223,2 11 5 20 13 17 19 9 3 23 24 7 18 8 4 25 22 10 21 15 12 14 16 6 1
350,Instances_highcost_H3/abs5n30,0,0,0.0,0.0,nan,nan,
350,Instances_highcost_H3/abs5n30,1,15,1918.0,1742.0,1.1010332950631458,0.11705913134484562,24 1 10 28 11 30 27 9 8 4 29 2 19 25 16
350,Instances_highcost_H3/abs5n30,2,30,2504.0,2221.0,1.1274200810445745,0.07429551235332167,24 20 26 1 3 11 28 7 10 30 15 17 23 16 14 8 9 13 4 22 29 21 2 18 5 12 27 6 19 25
350,Instances_highcost_H3/abs5n35,0,0,0.0,0.0,nan,nan,
350,Instances_highcost_H3/abs5n35,1,17,2360.0,2125.0,1.1105882352941177,0.09523809523809523,28 32 35 22 20 14 24 5 11 3 6 25 30 23 4 34 19
350,Instances_highcost_H3/abs5n35,2,35,2906.0,2679.0,1.0847331093691677,0.02360927293791744,10 28 1 18 21 33 2 13 15 9 23 3 6 25 7 20 14 31 16 27 35 22 26 29 30 17 12 11 5 24 32 8 19 34 4
350,Instances_highcost_H3/abs5n40,0,0,0.0,0.0,nan,nan,
350,Instances_highcost_H3/abs5n40,1,20,2225.0,2058.0,1.0811467444120506,0.028844839371155163,18 6 30 19 9 15 33 40 20 29 1 37 14 39 17 25 34 27 35 23
350,Instances_highcost_H3/abs5n40,2,40,2755.0,2647.0,1.0408009066868154,0.02778401839487812,4 30 31 13 3 19 38 9 32 15 33 24 40 5 10 23 35 28 36 21 27 11 16 29 7 1 20 2 37 12 14 22 26 39 17 8 25 18 6 34
350,Instances_highcost_H3/abs5n45,0,0,0.0,0.0,nan,nan,
350,Instances_highcost_H3/abs5n45,1,25,2167.0,2092.0,1.03585086042065,0.08285226405935787,28 9 14 30 22 41 38 10 43 45 32 39 15 4 34 24 35 37 20 29 13 25 12 1 18
350,Instances_highcost_H3/abs5n45,2,45,3115.0,2475.0,1.2585858585858587,0.040134836419084254,33 6 27 13 21 40 20 29 8 35 37 11 44 24 17 34 31 2 19 10 36 41 23 3 38 32 5 30 14 22 42 45 43 39 4 15 16 7 26 18 1 25 12 28 9
350,Instances_highcost_H3/abs5n5,0,0,0.0,0.0,nan,nan,
350,Instances_highcost_H3/abs5n5,1,1,278.0,278.0,1.0,nan,4
350,Instances_highcost_H3/abs5n5,2,5,1010.0,865.0,1.1676300578034682,0.08333333333333333,3 5 4 1 2
350,Instances_highcost_H3/abs5n50,0,0,0.0,0.0,nan,nan,
350,Instances_highcost_H3/abs5n50,1,27,2389.0,2275.0,1.0501098901098902,0.044691027571462365,33 32 50 44 4 13 20 36 5 10 25 34 7 27 24 40 8 19 30 23 17 9 47 38 46 15 29
350,Instances_highcost_H3/abs5n50,2,50,3631.0,3165.0,1.1472353870458136,0.07144663425556064,45 33 32 26 44 31 4 49 13 42 48 12 36 20 22 38 18 5 39 14 25 7 34 27 16 21 19 8 40 1 24 30 43 37 28 50 41 23 17 35 9 47 11 3 46 6 10 15 2 29
350,Instances_highcost_H6/abs5n10,0,0,0.0,0.0,nan,nan,
350,Instances_highcost_H6/abs5n10,1,5,1184.0,1184.0,1.0,0.0,8 6 4 10 7
350,Instances_highcost_H6/abs5n10,2,10,1460.0,1480.0,0.9864864864864865,0.013888888888888888,2 7 9 8 6 5 4 1 3 10
350,Instances_highcost_H6/abs5n10,3,10,1460.0,1480.0,0.9864864864864865,0.013888888888888888,2 7 9 8 6 5 4 1 3 10
350,Instances_highcost_H6/abs5n10,4,10,1368.0,1480.0,0.9243243243243243,0.10493827160493827,8 6 5 4 1 3 10 7 9 2
350,Instances_highcost_H6/abs5n10,5,10,1466.0,1480.0,0.9905405405405405,0.125,2 7 9 8 6 5 4 1 10 3
350,Instances_highcost_H6/abs5n15,0,0,0.0,0.0,nan,nan,
350,Instances_highcost_H6/abs5n15,1,9,1254.0,1221.0,1.027027027027027,0.0,9 15 3 1 6 5 2 13 8
350,Instances_highcost_H6/abs5n15,2,15,1786.0,1469.0,1.215793056501021,0.03928571428571429,10 7 8 12 11 13 2 5 4 6 3 1 15 9 14
350,Instances_highcost_H6/abs5n15,3,15,1786.0,1469.0,1.215793056501021,0.03928571428571429,10 7 8 12 11 13 2 5 4 6 3 1 15 9 14
350,Instances_highcost_H6/abs5n15,4,15,1618.0,1469.0,1.10142954390742,0.04285714285714286,10 7 8 12 11 13 2 5 4 14 6 3 15 9 1
350,Instances_highcost_H6/abs5n15,5,15,1786.0,1469.0,1.215793056501021,0.03928571428571429,10 7 8 12 11 13 2 5 4 6 3 1 15 9 14
350,Instances_highcost_H6/abs5n20,0,0,0.0,0.0,nan,nan,
350,Instances_highcost_H6/abs5n20,1,11,1834.0,1535.0,1.1947882736156352,0.05,19 14 18 8 3 1 20 11 10 4 12
350,Instances_highcost_H6/abs5n20,2,20,2524.0,2221.0,1.1364250337685726,0.07803331859059412,19 17 18 8 13 7 15 12 20 11 4 16 14 5 2 6 9 10 1 3
350,Instances_highcost_H6/abs5n20,3,20,2386.0,2221.0,1.0742908599729852,0.05769269430260142,19 14 5 17 18 13 8 16 2 6 9 10 11 20 1 3 7 15 12 4
350,Instances_highcost_H6/abs5n20,4,20,2735.0,2221.0,1.2314272850067538,0.07456140350877193,19 17 5 18 8 13 3 1 20 11 4 2 6 9 10 16 14 12 15 7
350,Instances_highcost_H6/abs5n20,5,20,2407.0,2221.0,1.0837460603331832,0.12959973463069438,19 14 5 17 18 8 13 7 15 12 20 11 6 2 9 10 4 16 1 3
350,Instances_highcost_H6/abs5n25,0,0,0.0,0.0,nan,nan,
350,Instances_highcost_H6/abs5n25,1,11,1441.0,1325.0,1.0875471698113208,0.024285714285714285,5 13 6 3 9 24 7 14 16 15 21
350,Instances_highcost_H6/abs5n25,2,25,2423.0,2284.0,1.0608581436077058,0.07597703222703223,2 11 5 20 13 17 19 9 3 23 24 7 18 8 4 25 22 10 21 15 12 14 16 6 1
350,Instances_highcost_H6/abs5n25,3,25,2414.0,2284.0,1.0569176882661997,0.07503258247743542,2 11 5 20 13 17 1 6 3 19 9 23 24 7 18 8 4 22 25 10 21 15 12 14 16
350,Instances_highcost_H6/abs5n25,4,25,2552.0,2284.0,1.117338003502627,0.0862163061611591,2 11 20 5 17 13 1 6 3 19 9 24 7 18 8 4 25 22 10 21 15 12 14 16 23
350,Instances_highcost_H6/abs5n25,5,25,2464.0,2284.0,1.0788091068301227,0.07873811607427335,2 5 11 20 13 17 1 6 3 19 9 23 24 7 18 8 4 22 25 10 21 15 12 14 16
350,Instances_highcost_H6/abs5n30,0,0,0.0,0.0,nan,nan,
350,Instances_highcost_H6/abs5n30,1,15,1918.0,1742.0,1.1010332950631458,0.11705913134484562,24 1 10 28 11 30 27 9 8 4 29 2 19 25 16
350,Instances_highcost_H6/abs5n30,2,30,2504.0,2221.0,1.1274200810445745,0.07429551235332167,24 20 26 1 3 11 28 7 10 30 15 17 23 16 14 8 9 13 4 22 29 21 2 18 5 12 27 6 19 25
350,Instances_highcost_H6/abs5n30,3,30,2451.0,2221.0,1.1035569563259793,0.053869014512763845,24 1 26 20 3 11 28 7 10 30 17 23 16 14 8 9 13 4 22 29 21 2 18 5 12 27 6 25 19 15
350,Instances_highcost_H6/abs5n30,4,30,2497.0,2221.0,1.1242683475911752,0.061409146662493884,20 26 1 24 3 11 28 10 7 23 16 14 8 13 4 29 22 21 2 9 18 27 12 30 17 15 6 25 19 5
350,Instances_highcost_H6/abs5n30,5,30,2654.0,2221.0,1.194957226474561,0.061389430129131485,24 1 26 20 3 11 7 10 28 30 17 23 16 14 8 13 4 22 21 29 2 18 9 27 12 15 6 25 19 5
350,Instances_highcost_H6/abs5n5,0,0,0.0,0.0,nan,nan,
350,Instances_highcost_H6/abs5n5,1,1,278.0,278.0,1.0,nan,4
350,Instances_highcost_H6/abs5n5,2,5,1010.0,865.0,1.1676300578034682,0.08333333333333333,3 5 4 1 2
350,Instances_highcost_H6/abs5n5,3,5,1010.0,865.0,1.1676300578034682,0.08333333333333333,3 5 4 1 2
350,Instances_highcost_H6/abs5n5,4,5,1010.0,865.0,1.1676300578034682,0.08333333333333333,3 5 4 1 2
350,Instances_highcost_H6/abs5n5,5,5,896.0,865.0,1.0358381502890173,0.3333333333333333,3 5 4 2 1
350,Instances_lowcost_H3/abs5n10,0,0,0.0,0.0,nan,nan,
350,Instances_lowcost_H3/abs5n10,1,5,1184.0,1184.0,1.0,0.0,8 6 4 10 7
350,Instances_lowcost_H3/abs5n10,2,10,1460.0,1480.0,0.9864864864864865,0.013888888888888888,2 7 9 8 6 5 4 1 3 10
350,Instances_lowcost_H3/abs5n15,0,0,0.0,0.0,nan,nan,
350,Instances_lowcost_H3/abs5n15,1,9,1254.0,1221.0,1.027027027027027,0.0,9 15 3 1 6 5 2 13 8
350,Instances_lowcost_H3/abs5n15,2,15,1786.0,1469.0,1.215793056501021,0.03928571428571429,10 7 8 12 11 13 2 5 4 6 3 1 15 9 14
350,Instances_lowcost_H3/abs5n20,0,0,0.0,0.0,nan,nan,
350,Instances_lowcost_H3/abs5n20,1,11,1834.0,1535.0,1.1947882736156352,0.05,19 14 18 8 3 1 20 11 10 4 12
350,Instances_lowcost_H3/abs5n20,2,20,2524.0,2221.0,1.1364250337685726,0.07803331859059412,19 17 18 8 13 7 15 12 20 11 4 16 14 5 2 6 9 10 1 3
350,Instances_lowcost_H3/abs5n25,0,0,0.0,0.0,nan,nan,
350,Instances_lowcost_H3/abs5n25,1,11,1441.0,1325.0,1.0875471698113208,0.024285714285714285,5 13 6 3 9 24 7 14 16 15 21
350,Instances_lowcost_H3/abs5n25,2,25,2423.0,2284.0,1.0608581436077058,0.07597703222703223,2 11 5 20 13 17 19 9 3 23 24 7 18 8 4 25 22 10 21 15 12 14 16 6 1
350,Instances_lowcost_H3/abs5n30,0,0,0.0,0.0,nan,nan,
350,Instances_lowcost_H3/abs5n30,1,15,1918.0,1742.0,1.1010332950631458,0.11705913134484562,24 1 10 28 11 30 27 9 8 4 29 2 19 25 16
350,Instances_lowcost_H3/abs5n30,2,30,2504.0,2221.0,1.1274200810445745,0.07429551235332167,24 20 26 1 3 11 28 7 10 30 15 17 23 16 14 8 9 13 4 22 29 21 2 18 5 12 27 6 19 25
350,Instances_lowcost_H3/abs5n35,0,0,0.0,0.0,nan,nan,
350,Instances_lowcost_H3/abs5n35,1,17,2360.0,2125.0,1.1105882352941177,0.09523809523809523,28 32 35 22 20 14 24 5 11 3 6 25 30 23 4 34 19
350,Instances_lowcost_H3/abs5n35,2,35,2906.0,2679.0,1.0847331093691677,0.02360927293791744,10 28 1 18 21 33 2 13 15 9 23 3 6 25 7 20 14 31 16 27 35 22 26 29 30 17 12 11 5 24 32 8 19 34 4
350,Instances_lowcost_H3/abs5n40,0,0,0.0,0.0,nan,nan,
350,Instances_lowcost_H3/abs5n40,1,20,2225.0,2058.0,1.0811467444120506,0.028844839371155163,18 6 30 19 9 15 33 40 20 29 1 37 14 39 17 25 34 27 35 23
350,Instances_lowcost_H3/abs5n40,2,40,2755.0,2647.0,1.0408009066868154,0.02778401839487812,4 30 31 13 3 19 38 9 32 15 33 24 40 5 10 23 35 28 36 21 27 11 16 29 7 1 20 2 37 12 14 22 26 39 17 8 25 18 6 34
350,Instances_lowcost_H3/abs5n45,0,0,0.0,0.0,nan,nan,
350,Instances_lowcost_H3/abs5n45,1,25,2167.0,2092.0,1.03585086042065,0.08285226405935787,28 9 14 30 22 41 38 10 43 45 32 39 15 4 34 24 35 37 20 29 13 25 12 1 18
350,Instances_lowcost_H3/abs5n45,2,45,3115.0,2475.0,1.2585858585858587,0.040134836419084254,33 6 27 13 21 40 20 29 8 35 37 11 44 24 17 34 31 2 19 10 36 41 23 3 38 32 5 30 14 22 42 45 43 39 4 15 16 7 26 18 1 25 12 28 9
350,Instances_lowcost_H3/abs5n5,0,0,0.0,0.0,nan,nan,
350,Instances_lowcost_H3/abs5n5,1,1,278.0,278.0,1.0,nan,4
350,Instances_lowcost_H3/abs5n5,2,5,1010.0,865.0,1.1676300578034682,0.08333333333333333,3 5 4 1 2
350,Instances_lowcost_H3/abs5n50,0,0,0.0,0.0,nan,nan,
350,Instances_lowcost_H3/abs5n50,1,27,2389.0,2275.0,1.0501098901098902,0.044691027571462365,33 32 50 44 4 13 20 36 5 10 25 34 7 27 24 40 8 19 30 23 17 9 47 38 46 15 29
350,Instances_lowcost_H3/abs5n50,2,50,3631.0,3165.0,1.1472353870458136,0.07144663425556064,45 33 32 26 44 31 4 49 13 42 48 12 36 20 22 38 18 5 39 14 25 7 34 27 16 21 19 8 40 1 24 30 43 37 28 50 41 23 17 35 9 47 11 3 46 6 10 15 2 29
350,Instances_lowcost_H6/abs5n10,0,0,0.0,0.0,nan,nan,
350,Instances_lowcost_H6/abs5n10,1,5,1184.0,1184.0,1.0,0.0,8 6 4 10 7
350,Instances_lowcost_H6/abs5n10,2,10,1460.0,1480.0,0.9864864864864865,0.013888888888888888,2 7 9 8 6 5 4 1 3 10
350,Instances_lowcost_H6/abs5n10,3,10,1460.0,1480.0,0.9864864864864865,0.013888888888888888,2 7 9 8 6 5 4 1 3 10
350,Instances_lowcost_H6/abs5n10,4,10,1368.0,1480.0,0.9243243243243243,0.10493827160493827,8 6 5 4 1 3 10 7 9 2
350,Instances_lowcost_H6/abs5n10,5,10,1466.0,1480.0,0.9905405405405405,0.125,2 7 9 8 6 5 4 1 10 3
350,Instances_lowcost_H6/abs5n15,0,0,0.0,0.0,nan,nan,
350,Instances_lowcost_H6/abs5n15,1,9,1254.0,1221.0,1.027027027027027,0.0,9 15 3 1 6 5 2 13 8
350,Instances_lowcost_H6/abs5n15,2,15,1786.0,1469.0,1.215793056501021,0.03928571428571429,10 7 8 12 11 13 2 5 4 6 3 1 15 9 14
350,Instances_lowcost_H6/abs5n15,3,15,1786.0,1469.0,1.215793056501021,0.03928571428571429,10 7 8 12 11 13 2 5 4 6 3 1 15 9 14
350,Instances_lowcost_H6/abs5n15,4,15,1618.0,1469.0,1.10142954390742,0.04285714285714286,10 7 8 12 11 13 2 5 4 14 6 3 15 9 1
350,Instances_lowcost_H6/abs5n15,5,15,1786.0,1469.0,1.215793056501021,0.03928571428571429,10 7 8 12 11 13 2 5 4 6 3 1 15 9 14
350,Instances_lowcost_H6/abs5n20,0,0,0.0,0.0,nan,nan,
350,Instances_lowcost_H6/abs5n20,1,11,1834.0,1535.0,1.1947882736156352,0.05,19 14 18 8 3 1 20 11 10 4 12
350,Instances_lowcost_H6/abs5n20,2,20,2524.0,2221.0,1.1364250337685726,0.07803331859059412,19 17 18 8 13 7 15 12 20 11 4 16 14 5 2 6 9 10 1 3
350,Instances_lowcost_H6/abs5n20,3,20,2386.0,2221.0,1.0742908599729852,0.05769269430260142,19 14 5 17 18 13 8 16 2 6 9 10 11 20 1 3 7 15 12 4
350,Instances_lowcost_H6/abs5n20,4,20,2735.0,2221.0,1.2314272850067538,0.07456140350877193,19 17 5 18 8 13 3 1 20 11 4 2 6 9 10 16 14 12 15 7
350,Instances_lowcost_H6/abs5n20,5,20,2407.0,2221.0,1.0837460603331832,0.12959973463069438,19 14 5 17 18 8 13 7 15 12 20 11 6 2 9 10 4 16 1 3
350,Instances_lowcost_H6/abs5n25,0,0,0.0,0.0,nan,nan,
350,Instances_lowcost_H6/abs5n25,1,11,1441.0,1325.0,1.0875471698113208,0.024285714285714285,5 13 6 3 9 24 7 14 16 15 21
350,Instances_lowcost_H6/abs5n25,2,25,2423.0,2284.0,1.0608581436077058,0.07597703222703223,2 11 5 20 13 17 19 9 3 23 24 7 18 8 4 25 22 10 21 15 12 14 16 6 1
350,Instances_lowcost_H6/abs5n25,3,25,2414.0,2284.0,1.0569176882661997,0.07503258247743542,2 11 5 20 13 17 1 6 3 19 9 23 24 7 18 8 4 22 25 10 21 15 12 14 16
350,Instances_lowcost_H6/abs5n25,4,25,2552.0,2284.0,1.117338003502627,0.0862163061611591,2 11 20 5 17 13 1 6 3 19 9 24 7 18 8 4 25 22 10 21 15 12 14 16 23
350,Instances_lowcost_H6/abs5n25,5,25,2464.0,2284.0,1.0788091068301227,0.07873811607427335,2 5 11 20 13 17 1 6 3 19 9 23 24 7 18 8 4 22 25 10 21 15 12 14 16
350,Instances_lowcost_H6/abs5n30,0,0,0.0,0.0,nan,nan,
350,Instances_lowcost_H6/abs5n30,1,15,1918.0,1742.0,1.1010332950631458,0.11705913134484562,24 1 10 28 11 30 27 9 8 4 29 2 19 25 16
350,Instances_lowcost_H6/abs5n30,2,30,2504.0,2221.0,1.1274200810445745,0.07429551235332167,24 20 26 1 3 11 28 7 10 30 15 17 23 16 14 8 9 13 4 22 29 21 2 18 5 12 27 6 19 25
350,Instances_lowcost_H6/abs5n30,3,30,2451.0,2221.0,1.1035569563259793,0.053869014512763845,24 1 26 20 3 11 28 7 10 30 17 23 16 14 8 9 13 4 22 29 21 2 18 5 12 27 6 25 19 15
350,Instances_lowcost_H6/abs5n30,4,30,2497.0,2221.0,1.1242683475911752,0.061409146662493884,20 26 1 24 3 11 28 10 7 23 16 14 8 13 4 29 22 21 2 9 18 27 12 30 17 15 6 25 19 5
350,Instances_lowcost_H6/abs5n30,5,30,2654.0,2221.0,1.194957226474561,0.061389430129131485,24 1 26 20 3 11 7 10 28 30 17 23 16 14 8 13 4 22 21 29 2 18 9 27 12 15 6 25 19 5
350,Instances_lowcost_H6/abs5n5,0,0,0.0,0.0,nan,nan,
350,Instances_lowcost_H6/abs5n5,1,1,278.0,278.0,1.0,nan,4
350,Instances_lowcost_H6/abs5n5,2,5,1010.0,865.0,1.1676300578034682,0.08333333333333333,3 5 4 1 2
350,Instances_lowcost_H6/abs5n5,3,5,1010.0,865.0,1.1676300578034682,0.08333333333333333,3 5 4 1 2
350,Instances_lowcost_H6/abs5n5,4,5,1010.0,865.0,1.1676300578034682,0.08333333333333333,3 5 4 1 2
350,Instances_lowcost_H6/abs5n5,5,5,896.0,865.0,1.0358381502890173,0.3333333333333333,3 5 4 2 1
375,Instances_highcost_H3/abs5n10,0,0,0.0,0.0,nan,nan,
375,Instances_highcost_H3/abs5n10,1,5,1184.0,1184.0,1.0,0.0,8 6 4 10 7
375,Instances_highcost_H3/abs5n10,2,10,1491.0,1480.0,1.0074324324324324,0.015873015873015872,2 3 1 4 5 6 8 9 7 10
375,Instances_highcost_H3/abs5n15,0,0,0.0,0.0,nan,nan,
375,Instances_highcost_H3/abs5n15,1,9,1221.0,1221.0,1.0,0.020833333333333332,9 15 1 3 6 5 2 13 8
375,Instances_highcost_H3/abs5n15,2,15,1523.0,1469.0,1.0367597004765146,0.021428571428571432,10 7 8 12 11 13 2 5 4 6 14 3 1 15 9
375,Instances_highcost_H3/abs5n20,0,0,0.0,0.0,nan,nan,
375,Instances_highcost_H3/abs5n20,1,11,1631.0,1535.0,1.062540716612378,0.06666666666666667,19 14 18 8 3 1 11 10 20 12 4
375,Instances_highcost_H3/abs5n20,2,20,2406.0,2221.0,1.0832958126969834,0.033625730994152045,19 2 6 9 10 11 20 1 3 4 16 14 5 17 18 8 13 7 15 12
375,Instances_highcost_H3/abs5n25,0,0,0.0,0.0,nan,nan,
375,Instances_highcost_H3/abs5n25,1,11,1441.0,1325.0,1.0875471698113208,0.024285714285714285,5 13 6 3 9 24 7 14 16 15 21
375,Instances_highcost_H3/abs5n25,2,25,2690.0,2284.0,1.1777583187390543,0.04093331777155306,2 11 5 20 17 13 1 10 21 25 22 4 8 12 14 23 9 19 3 6 16 15 18 7 24
375,Instances_highcost_H3/abs5n30,0,0,0.0,0.0,nan,nan,
375,Instances_highcost_H3/abs5n30,1,15,1851.0,1742.0,1.0625717566016073,0.07196969696969698,1 24 10 11 28 30 27 2 29 4 9 8 19 25 16
375,Instances_highcost_H3/abs5n30,2,30,2487.0,2221.0,1.119765871229176,0.1031006029332297,1 26 20 24 10 7 23 17 15 30 28 11 3 5 18 21 22 4 13 29 2 9 8 14 16 25 6 19 12 27
375,Instances_highcost_H3/abs5n35,0,0,0.0,0.0,nan,nan,
375,Instances_highcost_H3/abs5n35,1,17,2335.0,2125.0,1.0988235294117648,0.08630952380952381,28 32 35 22 20 14 24 5 11 30 6 25 3 23 4 34 19
375,Instances_highcost_H3/abs5n35,2,35,2821.0,2679.0,1.0530048525569242,0.03712705709609734,10 28 1 18 21 33 2 8 19 34 4 15 9 23 3 6 25 30 29 26 7 20 14 31 16 27 35 32 24 5 17 12 11 13 22
375,Instances_highcost_H3/abs5n40,0,0,0.0,0.0,nan,nan,
375,Instances_highcost_H3/abs5n40,1,20,2179.0,2058.0,1.0587949465500486,0.06090497140684529,6 18 30 19 9 15 33 40 29 1 20 37 14 39 17 34 27 35 23 25
375,Instances_highcost_H3/abs5n40,2,40,2969.0,2647.0,1.1216471477143937,0.038733393861598985,4 30 31 3 13 19 38 6 18 8 25 17 26 22 39 34 27 21 28 36 35 10 23 11 14 12 7 1 29 16 5 40 24 33 15 32 9 2 20 37
375,Instances_highcost_H3/abs5n45,0,0,0.0,0.0,nan,nan,
375,Instances_highcost_H3/abs5n45,1,25,2211.0,2092.0,1.0568833652007648,0.03608999854709237,28 9 22 30 14 41 38 10 43 45 32 39 15 4 34 24 37 35 20 29 12 1 18 25 13
375,Instances_highcost_H3/abs5n45,2,45,2860.0,2475.0,1.1555555555555554,0.0566361971004582,2 19 10 3 23 41 36 5 30 14 22 42 32 38 43 45 39 16 15 4 31 34 17 44 24 11 37 35 8 20 29 12 1 26 7 18 25 21 6 40 27 13 33 9 28
375,Instances_highcost_H3/abs5n5,0,0,0.0,0.0,nan,nan,
375,Instances_highcost_H3/abs5n5,1,1,278.0,278.0,1.0,nan,4
375,Instances_highcost_H3/abs5n5,2,5,1010.0,865.0,1.1676300578034682,0.08333333333333333,3 5 4 1 2
375,Instances_highcost_H3/abs5n50,0,0,0.0,0.0,nan,nan,
375,Instances_highcost_H3/abs5n50,1,27,2312.0,2275.0,1.0162637362637363,0.06515806053849532,33 32 50 44 4 13 20 36 5 10 25 34 7 27 24 40 8 19 29 15 46 38 47 9 23 30 17
375,Instances_highcost_H3/abs5n50,2,50,3438.0,3165.0,1.086255924170616,0.047842238074074686,33 45 26 44 31 4 49 13 42 20 48 12 36 22 38 18 3 15 2 16 21 19 24 1 40 8 23 41 32 50 28 37 35 43 30 17 11 29 27 34 25 14 7 6 10 39 5 46 47 9
375,Instances_highcost_H6/abs5n10,0,0,0.0,0.0,nan,nan,
375,Instances_highcost_H6/abs5n10,1,5,1184.0,1184.0,1.0,0.0,8 6 4 10 7
375,Instances_highcost_H6/abs5n10,2,10,1491.0,1480.0,1.0074324324324324,0.015873015873015872,2 3 1 4 5 6 8 9 7 10
375,Instances_highcost_H6/abs5n10,3,10,1460.0,1480.0,0.9864864864864865,0.013888888888888888,2 7 9 8 6 5 4 1 3 10
375,Instances_highcost_H6/abs5n10,4,10,1368.0,1480.0,0.9243243243243243,0.10493827160493827,8 6 5 4 1 3 10 7 9 2
375,Instances_highcost_H6/abs5n10,5,10,1460.0,1480.0,0.9864864864864865,0.013888888888888888,2 7 9 8 6 5 4 1 3 10
375,Instances_highcost_H6/abs5n15,0,0,0.0,0.0,nan,nan,
375,Instances_highcost_H6/abs5n15,1,9,1221.0,1221.0,1.0,0.020833333333333332,9 15 1 3 6 5 2 13 8
375,Instances_highcost_H6/abs5n15,2,15,1523.0,1469.0,1.0367597004765146,0.021428571428571432,10 7 8 12 11 13 2 5 4 6 14 3 1 15 9
375,Instances_highcost_H6/abs5n15,3,15,1523.0,1469.0,1.0367597004765146,0.021428571428571432,10 7 8 12 11 13 2 5 4 6 14 3 1 15 9
375,Instances_highcost_H6/abs5n15,4,15,1786.0,1469.0,1.215793056501021,0.03928571428571429,10 7 8 12 11 13 2 5 4 6 3 1 15 9 14
375,Instances_highcost_H6/abs5n15,5,15,1523.0,1469.0,1.0367597004765146,0.021428571428571432,10 7 8 12 11 13 2 5 4 6 14 3 1 15 9
375,Instances_highcost_H6/abs5n20,0,0,0.0,0.0,nan,nan,
375,Instances_highcost_H6/abs5n20,1,11,1631.0,1535.0,1.062540716612378,0.06666666666666667,19 14 18 8 3 1 11 10 20 12 4
375,Instances_highcost_H6/abs5n20,2,20,2406.0,2221.0,1.0832958126969834,0.033625730994152045,19 2 6 9 10 11 20 1 3 4 16 14 5 17 18 8 13 7 15 12
375,Instances_highcost_H6/abs5n20,3,20,2475.0,2221.0,1.1143628995947772,0.10781119465329991,19 2 6 9 10 11 20 15 7 12 1 3 16 5 17 18 13 8 14 4
375,Instances_highcost_H6/abs5n20,4,20,2583.0,2221.0,1.1629896443043675,0.05743461045318631,19 2 10 9 6 4 11 20 12 15 7 1 3 8 18 17 5 14 16 13
375,Instances_highcost_H6/abs5n20,5,20,2458.0,2221.0,1.1067086897793788,0.08171798961272646,19 2 6 9 10 11 16 5 17 18 8 13 3 7 15 12 20 1 4 14
375,Instances_highcost_H6/abs5n25,0,0,0.0,0.0,nan,nan,
375,Instances_highcost_H6/abs5n25,1,11,1441.0,1325.0,1.0875471698113208,0.024285714285714285,5 13 6 3 9 24 7 14 16 15 21
375,Instances_highcost_H6/abs5n25,2,25,2690.0,2284.0,1.1777583187390543,0.04093331777155306,2 11 5 20 17 13 1 10 21 25 22 4 8 12 14 23 9 19 3 6 16 15 18 7 24
375,Instances_highcost_H6/abs5n25,3,25,2523.0,2284.0,1.1046409807355517,0.11373003573080974,2 11 20 5 1 10 21 25 22 4 8 18 7 24 9 19 3 23 14 12 16 15 17 13 6
375,Instances_highcost_H6/abs5n25,4,25,2510.0,2284.0,1.0989492119089317,0.0720059046345811,2 11 5 20 13 17 1 21 10 25 22 4 8 18 7 24 23 9 19 3 6 16 14 15 12
375,Instances_highcost_H6/abs5n25,5,25,2523.0,2284.0,1.1046409807355517,0.11373003573080974,2 11 20 5 1 10 21 25 22 4 8 18 7 24 9 19 3 23 14 12 16 15 17 13 6
375,Instances_highcost_H6/abs5n30,0,0,0.0,0.0,nan,nan,
375,Instances_highcost_H6/abs5n30,1,15,1851.0,1742.0,1.0625717566016073,0.07196969696969698,1 24 10 11 28 30 27 2 29 4 9 8 19 25 16
375,Instances_highcost_H6/abs5n30,2,30,2487.0,2221.0,1.119765871229176,0.1031006029332297,1 26 20 24 10 7 23 17 15 30 28 11 3 5 18 21 22 4 13 29 2 9 8 14 16 25 6 19 12 27
375,Instances_highcost_H6/abs5n30,3,30,3017.0,2221.0,1.3583971184151282,0.0660563351845728,26 1 20 3 7 10 24 11 23 17 15 6 25 14 8 9 13 4 22 21 29 2 18 5 12 27 30 28 19 16
375,Instances_highcost_H6/abs5n30,4,30,2510.0,2221.0,1.130121566861774,0.07154020333505907,10 24 1 26 20 11 28 7 30 17 23 16 14 8 9 13 4 29 22 21 2 18 27 19 25 6 15 12 5 3
375,Instances_highcost_H6/abs5n30,5,30,2798.0,2221.0,1.259792886087348,0.09529634241646642,26 1 20 3 7 10 24 11 23 17 15 6 12 5 18 21 22 4 13 29 2 9 8 14 16 25 19 30 28 27
375,Instances_highcost_H6/abs5n5,0,0,0.0,0.0,nan,nan,
375,Instances_highcost_H6/abs5n5,1,1,278.0,278.0,1.0,nan,4
375,Instances_highcost_H6/abs5n5,2,5,1010.0,865.0,1.1676300578034682,0.08333333333333333,3 5 4 1 2
375,Instances_highcost_H6/abs5n5,3,5,1010.0,865.0,1.1676300578034682,0.08333333333333333,3 5 4 1 2
375,Instances_highcost_H6/abs5n5,4,5,896.0,865.0,1.0358381502890173,0.3333333333333333,3 5 4 2 1
375,Instances_highcost_H6/abs5n5,5,5,1010.0,865.0,1.1676300578034682,0.08333333333333333,3 5 4 1 2
375,Instances_lowcost_H3/abs5n10,0,0,0.0,0.0,nan,nan,
375,Instances_lowcost_H3/abs5n10,1,5,1184.0,1184.0,1.0,0.0,8 6 4 10 7
375,Instances_lowcost_H3/abs5n10,2,10,1491.0,1480.0,1.0074324324324324,0.015873015873015872,2 3 1 4 5 6 8 9 7 10
375,Instances_lowcost_H3/abs5n15,0,0,0.0,0.0,nan,nan,
375,Instances_lowcost_H3/abs5n15,1,9,1221.0,1221.0,1.0,0.020833333333333332,9 15 1 3 6 5 2 13 8
375,Instances_lowcost_H3/abs5n15,2,15,1523.0,1469.0,1.0367597004765146,0.021428571428571432,10 7 8 12 11 13 2 5 4 6 14 3 1 15 9
375,Instances_lowcost_H3/abs5n20,0,0,0.0,0.0,nan,nan,
375,Instances_lowcost_H3/abs5n20,1,11,1631.0,1535.0,1.062540716612378,0.06666666666666667,19 14 18 8 3 1 11 10 20 12 4
375,Instances_lowcost_H3/abs5n20,2,20,2406.0,2221.0,1.0832958126969834,0.033625730994152045,19 2 6 9 10 11 20 1 3 4 16 14 5 17 18 8 13 7 15 12
375,Instances_lowcost_H3/abs5n25,0,0,0.0,0.0,nan,nan,
375,Instances_lowcost_H3/abs5n25,1,11,1441.0,1325.0,1.0875471698113208,0.024285714285714285,5 13 6 3 9 24 7 14 16 15 21
375,Instances_lowcost_H3/abs5n25,2,25,2690.0,2284.0,1.1777583187390543,0.04093331777155306,2 11 5 20 17 13 1 10 21 25 22 4 8 12 14 23 9 19 3 6 16 15 18 7 24
375,Instances_lowcost_H3/abs5n30,0,0,0.0,0.0,nan,nan,
375,Instances_lowcost_H3/abs5n30,1,15,1851.0,1742.0,1.0625717566016073,0.07196969696969698,1 24 10 11 28 30 27 2 29 4 9 8 19 25 16
375,Instances_lowcost_H3/abs5n30,2,30,2487.0,2221.0,1.119765871229176,0.1031006029332297,1 26 20 24 10 7 23 17 15 30 28 11 3 5 18 21 22 4 13 29 2 9 8 14 16 25 6 19 12 27
375,Instances_lowcost_H3/abs5n35,0,0,0.0,0.0,nan,nan,
375,Instances_lowcost_H3/abs5n35,1,17,2335.0,2125.0,1.0988235294117648,0.08630952380952381,28 32 35 22 20 14 24 5 11 30 6 25 3 23 4 34 19
375,Instances_lowcost_H3/abs5n35,2,35,2821.0,2679.0,1.0530048525569242,0.03712705709609734,10 28 1 18 21 33 2 8 19 34 4 15 9 23 3 6 25 30 29 26 7 20 14 31 16 27 35 32 24 5 17 12 11 13 22
375,Instances_lowcost_H3/abs5n40,0,0,0.0,0.0,nan,nan,
375,Instances_lowcost_H3/abs5n40,1,20,2179.0,2058.0,1.0587949465500486,0.06090497140684529,6 18 30 19 9 15 33 40 29 1 20 37 14 39 17 34 27 35 23 25
375,Instances_lowcost_H3/abs5n40,2,40,2969.0,2647.0,1.1216471477143937,0.038733393861598985,4 30 31 3 13 19 38 6 18 8 25 17 26 22 39 34 27 21 28 36 35 10 23 11 14 12 7 1 29 16 5 40 24 33 15 32 9 2 20 37
375,Instances_lowcost_H3/abs5n45,0,0,0.0,0.0,nan,nan,
375,Instances_lowcost_H3/abs5n45,1,25,2211.0,2092.0,1.0568833652007648,0.03608999854709237,28 9 22 30 14 41 38 10 43 45 32 39 15 4 34 24 37 35 20 29 12 1 18 25 13
375,Instances_lowcost_H3/abs5n45,2,45,2860.0,2475.0,1.1555555555555554,0.0566361971004582,2 19 10 3 23 41 36 5 30 14 22 42 32 38 43 45 39 16 15 4 31 34 17 44 24 11 37 35 8 20 29 12 1 26 7 18 25 21 6 40 27 13 33 9 28
375,Instances_lowcost_H3/abs5n5,0,0,0.0,0.0,nan,nan,
375,Instances_lowcost_H3/abs5n5,1,1,278.0,278.0,1.0,nan,4
375,Instances_lowcost_H3/abs5n5,2,5,1010.0,865.0,1.1676300578034682,0.08333333333333333,3 5 4 1 2
375,Instances_lowcost_H3/abs5n50,0,0,0.0,0.0,nan,nan,
375,Instances_lowcost_H3/abs5n50,1,27,2312.0,2275.0,1.0162637362637363,0.06515806053849532,33 32 50 44 4 13 20 36 5 10 25 34 7 27 24 40 8 19 29 15 46 38 47 9 23 30 17
375,Instances_lowcost_H3/abs5n50,2,50,3438.0,3165.0,1.086255924170616,0.047842238074074686,33 45 26 44 31 4 49 13 42 20 48 12 36 22 38 18 3 15 2 16 21 19 24 1 40 8 23 41 32 50 28 37 35 43 30 17 11 29 27 34 25 14 7 6 10 39 5 46 47 9
375,Instances_lowcost_H6/abs5n10,0,0,0.0,0.0,nan,nan,
375,Instances_lowcost_H6/abs5n10,1,5,1184.0,1184.0,1.0,0.0,8 6 4 10 7
375,Instances_lowcost_H6/abs5n10,2,10,1491.0,1480.0,1.0074324324324324,0.015873015873015872,2 3 1 4 5 6 8 9 7 10
375,Instances_lowcost_H6/abs5n10,3,10,1460.0,1480.0,0.9864864864864865,0.013888888888888888,2 7 9 8 6 5 4 1 3 10
375,Instances_lowcost_H6/abs5n10,4,10,1368.0,1480.0,0.9243243243243243,0.10493827160493827,8 6 5 4 1 3 10 7 9 2
375,Instances_lowcost_H6/abs5n10,5,10,1460.0,1480.0,0.9864864864864865,0.013888888888888888,2 7 9 8 6 5 4 1 3 10
375,Instances_lowcost_H6/abs5n15,0,0,0.0,0.0,nan,nan,
375,Instances_lowcost_H6/abs5n15,1,9,1221.0,1221.0,1.0,0.020833333333333332,9 15 1 3 6 5 2 13 8
375,Instances_lowcost_H6/abs5n15,2,15,1523.0,1469.0,1.0367597004765146,0.021428571428571432,10 7 8 12 11 13 2 5 4 6 14 3 1 15 9
375,Instances_lowcost_H6/abs5n15,3,15,1523.0,1469.0,1.0367597004765146,0.021428571428571432,10 7 8 12 11 13 2 5 4 6 14 3 1 15 9
375,Instances_lowcost_H6/abs5n15,4,15,1786.0,1469.0,1.215793056501021,0.03928571428571429,10 7 8 12 11 13 2 5 4 6 3 1 15 9 14
375,Instances_lowcost_H6/abs5n15,5,15,1523.0,1469.0,1.0367597004765146,0.021428571428571432,10 7 8 12 11 13 2 5 4 6 14 3 1 15 9
375,Instances_lowcost_H6/abs5n20,0,0,0.0,0.0,nan,nan,
375,Instances_lowcost_H6/abs5n20,1,11,1631.0,1535.0,1.062540716612378,0.06666666666666667,19 14 18 8 3 1 11 10 20 12 4
375,Instances_lowcost_H6/abs5n20,2,20,2406.0,2221.0,1.0832958126969834,0.033625730994152045,19 2 6 9 10 11 20 1 3 4 16 14 5 17 18 8 13 7 15 12
375,Instances_lowcost_H6/abs5n20,3,20,2475.0,2221.0,1.1143628995947772,0.10781119465329991,19 2 6 9 10 11 20 15 7 12 1 3 16 5 17 18 13 8 14 4
375,Instances_lowcost_H6/abs5n20,4,20,2583.0,2221.0,1.1629896443043675,0.05743461045318631,19 2 10 9 6 4 11 20 12 15 7 1 3 8 18 17 5 14 16 13
375,Instances_lowcost_H6/abs5n20,5,20,2458.0,2221.0,1.1067086897793788,0.08171798961272646,19 2 6 9 10 11 16 5 17 18 8 13 3 7 15 12 20 1 4 14
375,Instances_lowcost_H6/abs5n25,0,0,0.0,0.0,nan,nan,
375,Instances_lowcost_H6/abs5n25,1,11,1441.0,1325.0,1.0875471698113208,0.024285714285714285,5 13 6 3 9 24 7 14 16 15 21
375,Instances_lowcost_H6/abs5n25,2,25,2690.0,2284.0,1.1777583187390543,0.04093331777155306,2 11 5 20 17 13 1 10 21 25 22 4 8 12 14 23 9 19 3 6 16 15 18 7 24
375,Instances_lowcost_H6/abs5n25,3,25,2523.0,2284.0,1.1046409807355517,0.11373003573080974,2 11 20 5 1 10 21 25 22 4 8 18 7 24 9 19 3 23 14 12 16 15 17 13 6
375,Instances_lowcost_H6/abs5n25,4,25,2510.0,2284.0,1.0989492119089317,0.0720059046345811,2 11 5 20 13 17 1 21 10 25 22 4 8 18 7 24 23 9 19 3 6 16 14 15 12
375,Instances_lowcost_H6/abs5n25,5,25,2523.0,2284.0,1.1046409807355517,0.11373003573080974,2 11 20 5 1 10 21 25 22 4 8 18 7 24 9 19 3 23 14 12 16 15 17 13 6
375,Instances_lowcost_H6/abs5n30,0,0,0.0,0.0,nan,nan,
375,Instances_lowcost_H6/abs5n30,1,15,1851.0,1742.0,1.0625717566016073,0.07196969696969698,1 24 10 11 28 30 27 2 29 4 9 8 19 25 16
375,Instances_lowcost_H6/abs5n30,2,30,2487.0,2221.0,1.119765871229176,0.1031006029332297,1 26 20 24 10 7 23 17 15 30 28 11 3 5 18 21 22 4 13 29 2 9 8 14 16 25 6 19 12 27
375,Instances_lowcost_H6/abs5n30,3,30,3017.0,2221.0,1.3583971184151282,0.0660563351845728,26 1 20 3 7 10 24 11 23 17 15 6 25 14 8 9 13 4 22 21 29 2 18 5 12 27 30 28 19 16
375,Instances_lowcost_H6/abs5n30,4,30,2510.0,2221.0,1.130121566861774,0.07154020333505907,10 24 1 26 20 11 28 7 30 17 23 16 14 8 9 13 4 29 22 21 2 18 27 19 25 6 15 12 5 3
375,Instances_lowcost_H6/abs5n30,5,30,2798.0,2221.0,1.259792886087348,0.09529634241646642,26 1 20 3 7 10 24 11 23 17 15 6 12 5 18 21 22 4 13 29 2 9 8 14 16 25 19 30 28 27
375,Instances_lowcost_H6/abs5n5,0,0,0.0,0.0,nan,nan,
375,Instances_lowcost_H6/abs5n5,1,1,278.0,278.0,1.0,nan,4
375,Instances_lowcost_H6/abs5n5,2,5,1010.0,865.0,1.1676300578034682,0.08333333333333333,3 5 4 1 2
375,Instances_lowcost_H6/abs5n5,3,5,1010.0,865.0,1.1676300578034682,0.08333333333333333,3 5 4 1 2
375,Instances_lowcost_H6/abs5n5,4,5,896.0,865.0,1.0358381502890173,0.3333333333333333,3 5 4 2 1
375,Instances_lowcost_H6/abs5n5,5,5,1010.0,865.0,1.1676300578034682,0.08333333333333333,3 5 4 1 2
400,Instances_highcost_H3/abs5n10,0,0,0.0,0.0,nan,nan,
400,Instances_highcost_H3/abs5n10,1,5,1184.0,1184.0,1.0,0.0,8 6 4 10 7
400,Instances_highcost_H3/abs5n10,2,10,1527.0,1480.0,1.0317567567567567,0.08703703703703704,5 4 1 3 10 7 9 2 8 6
400,Instances_highcost_H3/abs5n15,0,0,0.0,0.0,nan,nan,
400,Instances_highcost_H3/abs5n15,1,9,1254.0,1221.0,1.027027027027027,0.0,9 15 3 1 6 5 2 13 8
400,Instances_highcost_H3/abs5n15,2,15,1523.0,1469.0,1.0367597004765146,0.021428571428571432,10 7 8 12 11 13 2 5 4 6 14 3 1 15 9
400,Instances_highcost_H3/abs5n20,0,0,0.0,0.0,nan,nan,
400,Instances_highcost_H3/abs5n20,1,11,1631.0,1535.0,1.062540716612378,0.06666666666666667,19 14 18 8 3 1 11 10 20 12 4
400,Instances_highcost_H3/abs5n20,2,20,2272.0,2221.0,1.0229626294461953,0.06578947368421052,19 2 6 9 10 11 20 12 15 7 1 3 4 16 14 5 17 18 8 13
400,Instances_highcost_H3/abs5n25,0,0,0.0,0.0,nan,nan,
400,Instances_highcost_H3/abs5n25,1,11,1441.0,1325.0,1.0875471698113208,0.024285714285714285,5 13 6 3 9 24 7 14 16 15 21
400,Instances_highcost_H3/abs5n25,2,25,2368.0,2284.0,1.0367775831873904,0.08888062169312168,2 11 5 20 1 13 17 6 3 19 9 23 24 7 18 8 4 22 25 10 21 15 16 12 14
400,Instances_highcost_H3/abs5n30,0,0,0.0,0.0,nan,nan,
400,Instances_highcost_H3/abs5n30,1,15,1861.0,1742.0,1.0683122847301951,0.07469911041339614,10 1 24 11 28 30 27 2 29 4 9 8 19 25 16
400,Instances_highcost_H3/abs5n30,2,30,2563.0,2221.0,1.153984691580369,0.05321719744910293,1 26 20 24 10 7 28 11 3 5 21 22 4 13 29 2 18 9 8 14 16 23 17 15 30 12 27 6 25 19
400,Instances_highcost_H3/abs5n35,0,0,0.0,0.0,nan,nan,
400,Instances_highcost_H3/abs5n35,1,17,2449.0,2125.0,1.1524705882352941,0.0675595238095238,28 32 35 22 20 14 24 5 11 30 3 6 25 4 34 19 23
400,Instances_highcost_H3/abs5n35,2,35,2957.0,2679.0,1.1037700634565135,0.030395384129276264,28 1 18 21 33 10 32 27 16 31 14 20 7 26 22 35 24 5 17 29 30 3 6 25 11 12 13 2 8 19 34 4 15 9 23
400,Instances_highcost_H3/abs5n40,0,0,0.0,0.0,nan,nan,
400,Instances_highcost_H3/abs5n40,1,20,2179.0,2058.0,1.0587949465500486,0.06090497140684529,6 18 30 19 9 15 33 40 29 1 20 37 14 39 17 34 27 35 23 25
400,Instances_highcost_H3/abs5n40,2,40,2879.0,2647.0,1.0876463921420476,0.04726106289818949,6 4 30 31 13 3 19 38 18 34 17 39 26 22 8 25 2 9 32 15 33 24 40 5 10 23 35 28 36 21 27 11 14 12 37 7 20 1 29 16
400,Instances_highcost_H3/abs5n45,0,0,0.0,0.0,nan,nan,
400,Instances_highcost_H3/abs5n45,1,25,2284.0,2092.0,1.0917782026768643,0.07973176311992101,28 1 18 24 34 37 35 20 29 12 25 13 9 22 30 14 41 38 10 43 45 32 39 15 4
400,Instances_highcost_H3/abs5n45,2,45,2930.0,2475.0,1.183838383838384,0.02852999417528722,2 19 43 3 23 41 36 5 30 14 22 42 32 38 10 45 39 16 15 4 34 17 44 24 11 37 35 8 20 29 12 1 26 7 31 18 25 21 40 6 9 33 28 27 13
400,Instances_highcost_H3/abs5n5,0,0,0.0,0.0,nan,nan,
400,Instances_highcost_H3/abs5n5,1,1,278.0,278.0,1.0,nan,4
400,Instances_highcost_H3/abs5n5,2,5,1010.0,865.0,1.1676300578034682,0.08333333333333333,3 5 4 1 2
400,Instances_highcost_H3/abs5n50,0,0,0.0,0.0,nan,nan,
400,Instances_highcost_H3/abs5n50,1,27,2232.0,2275.0,0.9810989010989011,0.02669652207695686,33 32 50 44 4 13 20 36 5 10 25 34 7 27 24 40 8 19 29 15 46 38 47 9 17 30 23
400,Instances_highcost_H3/abs5n50,2,50,3496.0,3165.0,1.1045813586097946,0.06901855042608762,33 45 26 32 41 50 28 37 43 23 30 17 19 24 1 40 8 21 16 27 34 7 25 14 39 6 10 5 46 3 15 2 29 11 18 38 22 48 42 20 12 36 47 35 9 13 49 31 44 4
400,Instances_highcost_H6/abs5n10,0,0,0.0,0.0,nan,nan,
400,Instances_highcost_H6/abs5n10,1,5,1184.0,1184.0,1.0,0.0,8 6 4 10 7
400,Instances_highcost_H6/abs5n10,2,10,1527.0,1480.0,1.0317567567567567,0.08703703703703704,5 4 1 3 10 7 9 2 8 6
400,Instances_highcost_H6/abs5n10,3,10,1460.0,1480.0,0.9864864864864865,0.013888888888888888,2 7 9 8 6 5 4 1 3 10
400,Instances_highcost_H6/abs5n10,4,10,1368.0,1480.0,0.9243243243243243,0.10493827160493827,8 6 5 4 1 3 10 7 9 2
400,Instances_highcost_H6/abs5n10,5,10,1460.0,1480.0,0.9864864864864865,0.013888888888888888,2 7 9 8 6 5 4 1 3 10
400,Instances_highcost_H6/abs5n15,0,0,0.0,0.0,nan,nan,
400,Instances_highcost_H6/abs5n15,1,9,1254.0,1221.0,1.027027027027027,0.0,9 15 3 1 6 5 2 13 8
400,Instances_highcost_H6/abs5n15,2,15,1523.0,1469.0,1.0367597004765146,0.021428571428571432,10 7 8 12 11 13 2 5 4 6 14 3 1 15 9
400,Instances_highcost_H6/abs5n15,3,15,1523.0,1469.0,1.0367597004765146,0.021428571428571432,10 7 8 12 11 13 2 5 4 6 14 3 1 15 9
400,Instances_highcost_H6/abs5n15,4,15,1523.0,1469.0,1.0367597004765146,0.021428571428571432,10 7 8 12 11 13 2 5 4 6 14 3 1 15 9
400,Instances_highcost_H6/abs5n15,5,15,1500.0,1469.0,1.0211027910142954,0.0071428571428571435,10 7 8 12 11 13 2 5 4 14 6 3 1 15 9
400,Instances_highcost_H6/abs5n20,0,0,0.0,0.0,nan,nan,
400,Instances_highcost_H6/abs5n20,1,11,1631.0,1535.0,1.062540716612378,0.06666666666666667,19 14 18 8 3 1 11 10 20 12 4
400,Instances_highcost_H6/abs5n20,2,20,2272.0,2221.0,1.0229626294461953,0.06578947368421052,19 2 6 9 10 11 20 12 15 7 1 3 4 16 14 5 17 18 8 13
400,Instances_highcost_H6/abs5n20,3,20,2422.0,2221.0,1.090499774876182,0.059314954051796154,19 2 6 9 10 20 11 4 16 14 5 17 18 8 13 3 1 7 15 12
400,Instances_highcost_H6/abs5n20,4,20,2272.0,2221.0,1.0229626294461953,0.06578947368421052,19 2 6 9 10 11 20 12 15 7 1 3 4 16 14 5 17 18 8 13
400,Instances_highcost_H6/abs5n20,5,20,2346.0,2221.0,1.0562809545249887,0.07330827067669173,19 2 6 9 10 11 20 12 15 7 1 3 16 14 5 17 18 8 13 4
400,Instances_highcost_H6/abs5n25,0,0,0.0,0.0,nan,nan,
400,Instances_highcost_H6/abs5n25,1,11,1441.0,1325.0,1.0875471698113208,0.024285714285714285,5 13 6 3 9 24 7 14 16 15 21
400,Instances_highcost_H6/abs5n25,2,25,2368.0,2284.0,1.0367775831873904,0.08888062169312168,2 11 5 20 1 13 17 6 3 19 9 23 24 7 18 8 4 22 25 10 21 15 16 12 14
400,Instances_highcost_H6/abs5n25,3,25,2722.0,2284.0,1.191768826619965,0.10275151261993366,2 11 20 5 1 10 25 22 4 8 12 14 23 24 7 18 16 15 21 17 13 6 3 19 9
400,Instances_highcost_H6/abs5n25,4,25,2421.0,2284.0,1.0599824868651488,0.08217455542823189,2 11 5 20 13 17 1 21 10 25 22 4 8 18 7 24 9 19 3 23 14 16 15 12 6
400,Instances_highcost_H6/abs5n25,5,25,2722.0,2284.0,1.191768826619965,0.10275151261993366,2 11 20 5 1 10 25 22 4 8 12 14 23 24 7 18 16 15 21 17 13 6 3 19 9
400,Instances_highcost_H6/abs5n30,0,0,0.0,0.0,nan,nan,
400,Instances_highcost_H6/abs5n30,1,15,1861.0,1742.0,1.0683122847301951,0.07469911041339614,10 1 24 11 28 30 27 2 29 4 9 8 19 25 16
400,Instances_highcost_H6/abs5n30,2,30,2563.0,2221.0,1.153984691580369,0.05321719744910293,1 26 20 24 10 7 28 11 3 5 21 22 4 13 29 2 18 9 8 14 16 23 17 15 30 12 27 6 25 19
400,Instances_highcost_H6/abs5n30,3,30,2460.0,2221.0,1.1076091850517784,0.062351153492651704,10 7 23 17 15 30 28 11 24 26 1 20 3 12 5 18 21 22 4 13 29 2 9 8 14 16 25 19 6 27
400,Instances_highcost_H6/abs5n30,4,30,2647.0,2221.0,1.1918054930211617,0.08744862589715945,10 1 26 24 20 11 28 7 23 17 30 15 12 27 18 2 29 4 13 22 21 9 8 14 16 25 19 6 3 5
400,Instances_highcost_H6/abs5n30,5,30,2770.0,2221.0,1.2471859522737505,0.06279328281706403,1 26 20 3 24 10 7 23 17 15 30 28 11 12 6 25 19 14 8 9 13 4 22 29 21 2 18 5 27 16
400,Instances_highcost_H6/abs5n5,0,0,0.0,0.0,nan,nan,
400,Instances_highcost_H6/abs5n5,1,1,278.0,278.0,1.0,nan,4
400,Instances_highcost_H6/abs5n5,2,5,1010.0,865.0,1.1676300578034682,0.08333333333333333,3 5 4 1 2
400,Instances_highcost_H6/abs5n5,3,5,1010.0,865.0,1.1676300578034682,0.08333333333333333,3 5 4 1 2
400,Instances_highcost_H6/abs5n5,4,5,1010.0,865.0,1.1676300578034682,0.08333333333333333,3 5 4 1 2
400,Instances_highcost_H6/abs5n5,5,5,896.0,865.0,1.0358381502890173,0.3333333333333333,3 5 4 2 1
400,Instances_lowcost_H3/abs5n10,0,0,0.0,0.0,nan,nan,
400,Instances_lowcost_H3/abs5n10,1,5,1184.0,1184.0,1.0,0.0,8 6 4 10 7
400,Instances_lowcost_H3/abs5n10,2,10,1527.0,1480.0,1.0317567567567567,0.08703703703703704,5 4 1 3 10 7 9 2 8 6
400,Instances_lowcost_H3/abs5n15,0,0,0.0,0.0,nan,nan,
400,Instances_lowcost_H3/abs5n15,1,9,1254.0,1221.0,1.027027027027027,0.0,9 15 3 1 6 5 2 13 8
400,Instances_lowcost_H3/abs5n15,2,15,1523.0,1469.0,1.0367597004765146,0.021428571428571432,10 7 8 12 11 13 2 5 4 6 14 3 1 15 9
400,Instances_lowcost_H3/abs5n20,0,0,0.0,0.0,nan,nan,
400,Instances_lowcost_H3/abs5n20,1,11,1631.0,1535.0,1.062540716612378,0.06666666666666667,19 14 18 8 3 1 11 10 20 12 4
400,Instances_lowcost_H3/abs5n20,2,20,2272.0,2221.0,1.0229626294461953,0.06578947368421052,19 2 6 9 10 11 20 12 15 7 1 3 4 16 14 5 17 18 8 13
400,Instances_lowcost_H3/abs5n25,0,0,0.0,0.0,nan,nan,
400,Instances_lowcost_H3/abs5n25,1,11,1441.0,1325.0,1.0875471698113208,0.024285714285714285,5 13 6 3 9 24 7 14 16 15 21
400,Instances_lowcost_H3/abs5n25,2,25,2368.0,2284.0,1.0367775831873904,0.08888062169312168,2 11 5 20 1 13 17 6 3 19 9 23 24 7 18 8 4 22 25 10 21 15 16 12 14
400,Instances_lowcost_H3/abs5n30,0,0,0.0,0.0,nan,nan,
400,Instances_lowcost_H3/abs5n30,1,15,1861.0,1742.0,1.0683122847301951,0.07469911041339614,10 1 24 11 28 30 27 2 29 4 9 8 19 25 16
400,Instances_lowcost_H3/abs5n30,2,30,2563.0,2221.0,1.153984691580369,0.05321719744910293,1 26 20 24 10 7 28 11 3 5 21 22 4 13 29 2 18 9 8 14 16 23 17 15 30 12 27 6 25 19
400,Instances_lowcost_H3/abs5n35,0,0,0.0,0.0,nan,nan,
400,Instances_lowcost_H3/abs5n35,1,17,2449.0,2125.0,1.1524705882352941,0.0675595238095238,28 32 35 22 20 14 24 5 11 30 3 6 25 4 34 19 23
400,Instances_lowcost_H3/abs5n35,2,35,2957.0,2679.0,1.1037700634565135,0.030395384129276264,28 1 18 21 33 10 32 27 16 31 14 20 7 26 22 35 24 5 17 29 30 3 6 25 11 12 13 2 8 19 34 4 15 9 23
400,Instances_lowcost_H3/abs5n40,0,0,0.0,0.0,nan,nan,
400,Instances_lowcost_H3/abs5n40,1,20,2179.0,2058.0,1.0587949465500486,0.06090497140684529,6 18 30 19 9 15 33 40 29 1 20 37 14 39 17 34 27 35 23 25
400,Instances_lowcost_H3/abs5n40,2,40,2879.0,2647.0,1.0876463921420476,0.04726106289818949,6 4 30 31 13 3 19 38 18 34 17 39 26 22 8 25 2 9 32 15 33 24 40 5 10 23 35 28 36 21 27 11 14 12 37 7 20 1 29 16
400,Instances_lowcost_H3/abs5n45,0,0,0.0,0.0,nan,nan,
400,Instances_lowcost_H3/abs5n45,1,25,2284.0,2092.0,1.0917782026768643,0.07973176311992101,28 1 18 24 34 37 35 20 29 12 25 13 9 22 30 14 41 38 10 43 45 32 39 15 4
400,Instances_lowcost_H3/abs5n45,2,45,2930.0,2475.0,1.183838383838384,0.02852999417528722,2 19 43 3 23 41 36 5 30 14 22 42 32 38 10 45 39 16 15 4 34 17 44 24 11 37 35 8 20 29 12 1 26 7 31 18 25 21 40 6 9 33 28 27 13
400,Instances_lowcost_H3/abs5n5,0,0,0.0,0.0,nan,nan,
400,Instances_lowcost_H3/abs5n5,1,1,278.0,278.0,1.0,nan,4
400,Instances_lowcost_H3/abs5n5,2,5,1010.0,865.0,1.1676300578034682,0.08333333333333333,3 5 4 1 2
400,Instances_lowcost_H3/abs5n50,0,0,0.0,0.0,nan,nan,
400,Instances_lowcost_H3/abs5n50,1,27,2232.0,2275.0,0.9810989010989011,0.02669652207695686,33 32 50 44 4 13 20 36 5 10 25 34 7 27 24 40 8 19 29 15 46 38 47 9 17 30 23
400,Instances_lowcost_H3/abs5n50,2,50,3496.0,3165.0,1.1045813586097946,0.06901855042608762,33 45 26 32 41 50 28 37 43 23 30 17 19 24 1 40 8 21 16 27 34 7 25 14 39 6 10 5 46 3 15 2 29 11 18 38 22 48 42 20 12 36 47 35 9 13 49 31 44 4
400,Instances_lowcost_H6/abs5n10,0,0,0.0,0.0,nan,nan,
400,Instances_lowcost_H6/abs5n10,1,5,1184.0,1184.0,1.0,0.0,8 6 4 10 7
400,Instances_lowcost_H6/abs5n10,2,10,1527.0,1480.0,1.0317567567567567,0.08703703703703704,5 4 1 3 10 7 9 2 8 6
400,Instances_lowcost_H6/abs5n10,3,10,1460.0,1480.0,0.9864864864864865,0.013888888888888888,2 7 9 8 6 5 4 1 3 10
400,Instances_lowcost_H6/abs5n10,4,10,1368.0,1480.0,0.9243243243243243,0.10493827160493827,8 6 5 4 1 3 10 7 9 2
400,Instances_lowcost_H6/abs5n10,5,10,1460.0,1480.0,0.9864864864864865,0.013888888888888888,2 7 9 8 6 5 4 1 3 10
400,Instances_lowcost_H6/abs5n15,0,0,0.0,0.0,nan,nan,
400,Instances_lowcost_H6/abs5n15,1,9,1254.0,1221.0,1.027027027027027,0.0,9 15 3 1 6 5 2 13 8
400,Instances_lowcost_H6/abs5n15,2,15,1523.0,1469.0,1.0367597004765146,0.021428571428571432,10 7 8 12 11 13 2 5 4 6 14 3 1 15 9
400,Instances_lowcost_H6/abs5n15,3,15,1523.0,1469.0,1.0367597004765146,0.021428571428571432,10 7 8 12 11 13 2 5 4 6 14 3 1 15 9
400,Instances_lowcost_H6/abs5n15,4,15,1523.0,1469.0,1.0367597004765146,0.021428571428571432,10 7 8 12 11 13 2 5 4 6 14 3 1 15 9
400,Instances_lowcost_H6/abs5n15,5,15,1500.0,1469.0,1.0211027910142954,0.0071428571428571435,10 7 8 12 11 13 2 5 4 14 6 3 1 15 9
400,Instances_lowcost_H6/abs5n20,0,0,0.0,0.0,nan,nan,
400,Instances_lowcost_H6/abs5n20,1,11,1631.0,1535.0,1.062540716612378,0.06666666666666667,19 14 18 8 3 1 11 10 20 12 4
400,Instances_lowcost_H6/abs5n20,2,20,2272.0,2221.0,1.0229626294461953,0.06578947368421052,19 2 6 9 10 11 20 12 15 7 1 3 4 16 14 5 17 18 8 13
400,Instances_lowcost_H6/abs5n20,3,20,2422.0,2221.0,1.090499774876182,0.059314954051796154,19 2 6 9 10 20 11 4 16 14 5 17 18 8 13 3 1 7 15 12
400,Instances_lowcost_H6/abs5n20,4,20,2272.0,2221.0,1.0229626294461953,0.06578947368421052,19 2 6 9 10 11 20 12 15 7 1 3 4 16 14 5 17 18 8 13
400,Instances_lowcost_H6/abs5n20,5,20,2346.0,2221.0,1.0562809545249887,0.07330827067669173,19 2 6 9 10 11 20 12 15 7 1 3 16 14 5 17 18 8 13 4
400,Instances_lowcost_H6/abs5n25,0,0,0.0,0.0,nan,nan,
400,Instances_lowcost_H6/abs5n25,1,11,1441.0,1325.0,1.0875471698113208,0.024285714285714285,5 13 6 3 9 24 7 14 16 15 21
400,Instances_lowcost_H6/abs5n25,2,25,2368.0,2284.0,1.0367775831873904,0.08888062169312168,2 11 5 20 1 13 17 6 3 19 9 23 24 7 18 8 4 22 25 10 21 15 16 12 14
400,Instances_lowcost_H6/abs5n25,3,25,2722.0,2284.0,1.191768826619965,0.10275151261993366,2 11 20 5 1 10 25 22 4 8 12 14 23 24 7 18 16 15 21 17 13 6 3 19 9
400,Instances_lowcost_H6/abs5n25,4,25,2421.0,2284.0,1.0599824868651488,0.08217455542823189,2 11 5 20 13 17 1 21 10 25 22 4 8 18 7 24 9 19 3 23 14 16 15 12 6
400,Instances_lowcost_H6/abs5n25,5,25,2722.0,2284.0,1.191768826619965,0.10275151261993366,2 11 20 5 1 10 25 22 4 8 12 14 23 24 7 18 16 15 21 17 13 6 3 19 9
400,Instances_lowcost_H6/abs5n30,0,0,0.0,0.0,nan,nan,
400,Instances_lowcost_H6/abs5n30,1,15,1861.0,1742.0,1.0683122847301951,0.07469911041339614,10 1 24 11 28 30 27 2 29 4 9 8 19 25 16
400,Instances_lowcost_H6/abs5n30,2,30,2563.0,2221.0,1.153984691580369,0.05321719744910293,1 26 20 24 10 7 28 11 3 5 21 22 4 13 29 2 18 9 8 14 16 23 17 15 30 12 27 6 25 19
400,Instances_lowcost_H6/abs5n30,3,30,2460.0,2221.0,1.1076091850517784,0.062351153492651704,10 7 23 17 15 30 28 11 24 26 1 20 3 12 5 18 21 22 4 13 29 2 9 8 14 16 25 19 6 27
400,Instances_lowcost_H6/abs5n30,4,30,2647.0,2221.0,1.1918054930211617,0.08744862589715945,10 1 26 24 20 11 28 7 23 17 30 15 12 27 18 2 29 4 13 22 21 9 8 14 16 25 19 6 3 5
400,Instances_lowcost_H6/abs5n30,5,30,2770.0,2221.0,1.2471859522737505,0.06279328281706403,1 26 20 3 24 10 7 23 17 15 30 28 11 12 6 25 19 14 8 9 13 4 22 29 21 2 18 5 27 16
400,Instances_lowcost_H6/abs5n5,0,0,0.0,0.0,nan,nan,
400,Instances_lowcost_H6/abs5n5,1,1,278.0,278.0,1.0,nan,4
400,Instances_lowcost_H6/abs5n5,2,5,1010.0,865.0,1.1676300578034682,0.08333333333333333,3 5 4 1 2
400,Instances_lowcost_H6/abs5n5,3,5,1010.0,865.0,1.1676300578034682,0.08333333333333333,3 5 4 1 2
400,Instances_lowcost_H6/abs5n5,4,5,1010.0,865.0,1.1676300578034682,0.08333333333333333,3 5 4 1 2
400,Instances_lowcost_H6/abs5n5,5,5,896.0,865.0,1.0358381502890173,0.3333333333333333,3 5 4 2 1
425,Instances_highcost_H3/abs5n10,0,0,0.0,0.0,nan,nan,
425,Instances_highcost_H3/abs5n10,1,5,1184.0,1184.0,1.0,0.0,8 6 4 10 7
425,Instances_highcost_H3/abs5n10,2,10,1460.0,1480.0,0.9864864864864865,0.013888888888888888,2 7 9 8 6 5 4 1 3 10
425,Instances_highcost_H3/abs5n15,0,0,0.0,0.0,nan,nan,
425,Instances_highcost_H3/abs5n15,1,9,1254.0,1221.0,1.027027027027027,0.0,9 15 3 1 6 5 2 13 8
425,Instances_highcost_H3/abs5n15,2,15,1502.0,1469.0,1.0224642614023145,0.04081632653061224,9 15 3 1 6 4 14 5 2 11 13 12 8 7 10
425,Instances_highcost_H3/abs5n20,0,0,0.0,0.0,nan,nan,
425,Instances_highcost_H3/abs5n20,1,11,1849.0,1535.0,1.2045602605863193,0.1,19 14 18 8 3 1 11 20 10 4 12
425,Instances_highcost_H3/abs5n20,2,20,2614.0,2221.0,1.1769473210265646,0.04796957428536376,19 17 5 18 8 13 14 16 2 6 9 10 11 20 1 3 4 12 15 7
425,Instances_highcost_H3/abs5n25,0,0,0.0,0.0,nan,nan,
425,Instances_highcost_H3/abs5n25,1,11,1441.0,1325.0,1.0875471698113208,0.024285714285714285,5 13 6 3 9 24 7 14 16 15 21
425,Instances_highcost_H3/abs5n25,2,25,2455.0,2284.0,1.0748686514886165,0.10696061066126855,2 11 5 20 1 17 13 6 3 19 9 24 7 18 8 4 22 25 10 21 15 12 14 23 16
425,Instances_highcost_H3/abs5n30,0,0,0.0,0.0,nan,nan,
425,Instances_highcost_H3/abs5n30,1,15,1970.0,1742.0,1.1308840413318024,0.1313448456305599,24 1 10 28 11 30 27 9 8 16 25 19 2 29 4
425,Instances_highcost_H3/abs5n30,2,30,2955.0,2221.0,1.330481764970734,0.06566875074060977,20 26 1 24 3 11 28 7 10 17 6 25 14 16 23 19 15 30 12 27 18 2 13 4 29 22 21 5 9 8
425,Instances_highcost_H3/abs5n35,0,0,0.0,0.0,nan,nan,
425,Instances_highcost_H3/abs5n35,1,17,2494.0,2125.0,1.1736470588235295,0.08779761904761904,28 32 35 22 20 14 24 5 11 23 4 34 19 3 6 25 30
425,Instances_highcost_H3/abs5n35,2,35,2684.0,2679.0,1.001866368047779,0.063387561297778,10 28 1 18 21 33 2 8 19 34 4 15 9 23 3 6 25 30 29 26 7 20 14 31 16 27 35 22 32 24 5 17 12 11 13
425,Instances_highcost_H3/abs5n40,0,0,0.0,0.0,nan,nan,
425,Instances_highcost_H3/abs5n40,1,20,2181.0,2058.0,1.0597667638483965,0.0661995745098238,30 6 18 34 17 39 25 19 9 15 33 40 20 1 29 37 14 23 35 27
425,Instances_highcost_H3/abs5n40,2,40,3216.0,2647.0,1.2149603324518323,0.058991663001727514,4 30 31 13 3 19 38 9 32 15 33 24 40 5 29 7 20 2 1 16 12 37 14 22 26 39 8 25 18 6 34 17 11 36 28 21 27 35 10 23
425,Instances_highcost_H3/abs5n45,0,0,0.0,0.0,nan,nan,
425,Instances_highcost_H3/abs5n45,1,25,2146.0,2092.0,1.025812619502868,0.07084274579983962,28 9 22 30 14 41 38 10 43 32 45 4 15 39 34 24 35 37 18 1 25 13 20 29 12
425,Instances_highcost_H3/abs5n45,2,45,3125.0,2475.0,1.2626262626262625,0.031332386514656946,33 9 22 5 36 23 41 3 38 10 43 32 42 30 14 45 19 39 15 16 4 2 31 26 7 17 44 24 11 34 18 1 28 6 40 21 27 13 25 12 29 20 8 35 37
425,Instances_highcost_H3/abs5n5,0,0,0.0,0.0,nan,nan,
425,Instances_highcost_H3/abs5n5,1,1,278.0,278.0,1.0,nan,4
425,Instances_highcost_H3/abs5n5,2,5,896.0,865.0,1.0358381502890173,0.3333333333333333,3 5 4 2 1
425,Instances_highcost_H3/abs5n50,0,0,0.0,0.0,nan,nan,
425,Instances_highcost_H3/abs5n50,1,27,2450.0,2275.0,1.0769230769230769,0.057511540391975174,33 32 50 44 4 13 20 36 5 10 25 34 7 27 24 40 8 19 30 23 17 9 47 29 15 46 38
425,Instances_highcost_H3/abs5n50,2,50,3618.0,3165.0,1.143127962085308,0.03894167959470376,45 33 26 44 31 4 49 13 42 20 48 12 36 22 35 37 32 41 50 28 43 23 30 17 9 47 11 3 18 38 46 6 39 14 25 34 7 27 24 1 40 8 19 21 16 2 29 15 10 5
425,Instances_highcost_H6/abs5n10,0,0,0.0,0.0,nan,nan,
425,Instances_highcost_H6/abs5n10,1,5,1184.0,1184.0,1.0,0.0,8 6 4 10 7
425,Instances_highcost_H6/abs5n10,2,10,1460.0,1480.0,0.9864864864864865,0.013888888888888888,2 7 9 8 6 5 4 1 3 10
425,Instances_highcost_H6/abs5n10,3,10,1431.0,1480.0,0.9668918918918918,0.032407407407407406,2 7 9 10 3 1 4 5 6 8
425,Instances_highcost_H6/abs5n10,4,10,1431.0,1480.0,0.9668918918918918,0.032407407407407406,2 7 9 10 3 1 4 5 6 8
425,Instances_highcost_H6/abs5n10,5,10,1460.0,1480.0,0.9864864864864865,0.013888888888888888,2 7 9 8 6 5 4 1 3 10
425,Instances_highcost_H6/abs5n15,0,0,0.0,0.0,nan,nan,
425,Instances_highcost_H6/abs5n15,1,9,1254.0,1221.0,1.027027027027027,0.0,9 15 3 1 6 5 2 13 8
425,Instances_highcost_H6/abs5n15,2,15,1502.0,1469.0,1.0224642614023145,0.04081632653061224,9 15 3 1 6 4 14 5 2 11 13 12 8 7 10
425,Instances_highcost_H6/abs5n15,3,15,1748.0,1469.0,1.189925119128659,0.08690476190476192,10 7 8 12 11 13 2 5 4 6 3 15 9 1 14
425,Instances_highcost_H6/abs5n15,4,15,1748.0,1469.0,1.189925119128659,0.08690476190476192,10 7 8 12 11 13 2 5 4 6 3 15 9 1 14
425,Instances_highcost_H6/abs5n15,5,15,1748.0,1469.0,1.189925119128659,0.08690476190476192,10 7 8 12 11 13 2 5 4 6 3 15 9 1 14
425,Instances_highcost_H6/abs5n20,0,0,0.0,0.0,nan,nan,
425,Instances_highcost_H6/abs5n20,1,11,1849.0,1535.0,1.2045602605863193,0.1,19 14 18 8 3 1 11 20 10 4 12
425,Instances_highcost_H6/abs5n20,2,20,2614.0,2221.0,1.1769473210265646,0.04796957428536376,19 17 5 18 8 13 14 16 2 6 9 10 11 20 1 3 4 12 15 7
425,Instances_highcost_H6/abs5n20,3,20,2361.0,2221.0,1.0630346690679875,0.04223057644110275,19 2 6 9 10 11 20 1 3 16 14 5 17 18 8 13 7 15 12 4
425,Instances_highcost_H6/abs5n20,4,20,2577.0,2221.0,1.160288158487168,0.028637770897832822,19 14 17 5 18 8 13 3 1 11 20 10 9 6 2 4 16 12 15 7
425,Instances_highcost_H6/abs5n20,5,20,2361.0,2221.0,1.0630346690679875,0.04223057644110275,19 2 6 9 10 11 20 1 3 16 14 5 17 18 8 13 7 15 12 4
425,Instances_highcost_H6/abs5n25,0,0,0.0,0.0,nan,nan,
425,Instances_highcost_H6/abs5n25,1,11,1441.0,1325.0,1.0875471698113208,0.024285714285714285,5 13 6 3 9 24 7 14 16 15 21
425,Instances_highcost_H6/abs5n25,2,25,2455.0,2284.0,1.0748686514886165,0.10696061066126855,2 11 5 20 1 17 13 6 3 19 9 24 7 18 8 4 22 25 10 21 15 12 14 23 16
425,Instances_highcost_H6/abs5n25,3,25,2482.0,2284.0,1.0866900175131349,0.10666156759906759,2 11 20 5 1 13 17 6 3 19 9 24 7 18 8 4 22 25 10 21 15 12 14 23 16
425,Instances_highcost_H6/abs5n25,4,25,2406.0,2284.0,1.053415061295972,0.042091299903799895,2 11 5 20 1 13 17 6 3 9 24 7 18 8 4 22 25 10 21 15 16 14 12 23 19
425,Instances_highcost_H6/abs5n25,5,25,2482.0,2284.0,1.0866900175131349,0.10666156759906759,2 11 20 5 1 13 17 6 3 19 9 24 7 18 8 4 22 25 10 21 15 12 14 23 16
425,Instances_highcost_H6/abs5n30,0,0,0.0,0.0,nan,nan,
425,Instances_highcost_H6/abs5n30,1,15,1970.0,1742.0,1.1308840413318024,0.1313448456305599,24 1 10 28 11 30 27 9 8 16 25 19 2 29 4
425,Instances_highcost_H6/abs5n30,2,30,2955.0,2221.0,1.330481764970734,0.06566875074060977,20 26 1 24 3 11 28 7 10 17 6 25 14 16 23 19 15 30 12 27 18 2 13 4 29 22 21 5 9 8
425,Instances_highcost_H6/abs5n30,3,30,2615.0,2221.0,1.1773975686627645,0.04932468010027527,24 1 26 20 3 11 28 7 10 23 6 25 14 16 19 17 15 30 12 27 18 2 13 4 22 29 21 9 8 5
425,Instances_highcost_H6/abs5n30,4,30,2710.0,2221.0,1.220171094101756,0.06085134365533639,24 1 26 10 7 28 11 3 20 5 27 18 2 29 4 13 9 8 14 16 25 19 6 23 17 30 15 12 21 22
425,Instances_highcost_H6/abs5n30,5,30,2615.0,2221.0,1.1773975686627645,0.04932468010027527,24 1 26 20 3 11 28 7 10 23 6 25 14 16 19 17 15 30 12 27 18 2 13 4 22 29 21 9 8 5
425,Instances_highcost_H6/abs5n5,0,0,0.0,0.0,nan,nan,
425,Instances_highcost_H6/abs5n5,1,1,278.0,278.0,1.0,nan,4
425,Instances_highcost_H6/abs5n5,2,5,896.0,865.0,1.0358381502890173,0.3333333333333333,3 5 4 2 1
425,Instances_highcost_H6/abs5n5,3,5,896.0,865.0,1.0358381502890173,0.3333333333333333,3 5 4 2 1
425,Instances_highcost_H6/abs5n5,4,5,896.0,865.0,1.0358381502890173,0.3333333333333333,3 5 4 2 1
425,Instances_highcost_H6/abs5n5,5,5,896.0,865.0,1.0358381502890173,0.3333333333333333,3 5 4 2 1
425,Instances_lowcost_H3/abs5n10,0,0,0.0,0.0,nan,nan,
425,Instances_lowcost_H3/abs5n10,1,5,1184.0,1184.0,1.0,0.0,8 6 4 10 7
425,Instances_lowcost_H3/abs5n10,2,10,1460.0,1480.0,0.9864864864864865,0.013888888888888888,2 7 9 8 6 5 4 1 3 10
425,Instances_lowcost_H3/abs5n15,0,0,0.0,0.0,nan,nan,
425,Instances_lowcost_H3/abs5n15,1,9,1254.0,1221.0,1.027027027027027,0.0,9 15 3 1 6 5 2 13 8
425,Instances_lowcost_H3/abs5n15,2,15,1502.0,1469.0,1.0224642614023145,0.04081632653061224,9 15 3 1 6 4 14 5 2 11 13 12 8 7 10
425,Instances_lowcost_H3/abs5n20,0,0,0.0,0.0,nan,nan,
425,Instances_lowcost_H3/abs5n20,1,11,1849.0,1535.0,1.2045602605863193,0.1,19 14 18 8 3 1 11 20 10 4 12
425,Instances_lowcost_H3/abs5n20,2,20,2614.0,2221.0,1.1769473210265646,0.04796957428536376,19 17 5 18 8 13 14 16 2 6 9 10 11 20 1 3 4 12 15 7
425,Instances_lowcost_H3/abs5n25,0,0,0.0,0.0,nan,nan,
425,Instances_lowcost_H3/abs5n25,1,11,1441.0,1325.0,1.0875471698113208,0.024285714285714285,5 13 6 3 9 24 7 14 16 15 21
425,Instances_lowcost_H3/abs5n25,2,25,2455.0,2284.0,1.0748686514886165,0.10696061066126855,2 11 5 20 1 17 13 6 3 19 9 24 7 18 8 4 22 25 10 21 15 12 14 23 16
425,Instances_lowcost_H3/abs5n30,0,0,0.0,0.0,nan,nan,
425,Instances_lowcost_H3/abs5n30,1,15,1970.0,1742.0,1.1308840413318024,0.1313448456305599,24 1 10 28 11 30 27 9 8 16 25 19 2 29 4
425,Instances_lowcost_H3/abs5n30,2,30,2955.0,2221.0,1.330481764970734,0.06566875074060977,20 26 1 24 3 11 28 7 10 17 6 25 14 16 23 19 15 30 12 27 18 2 13 4 29 22 21 5 9 8
425,Instances_lowcost_H3/abs5n35,0,0,0.0,0.0,nan,nan,
425,Instances_lowcost_H3/abs5n35,1,17,2494.0,2125.0,1.1736470588235295,0.08779761904761904,28 32 35 22 20 14 24 5 11 23 4 34 19 3 6 25 30
425,Instances_lowcost_H3/abs5n35,2,35,2684.0,2679.0,1.001866368047779,0.063387561297778,10 28 1 18 21 33 2 8 19 34 4 15 9 23 3 6 25 30 29 26 7 20 14 31 16 27 35 22 32 24 5 17 12 11 13
425,Instances_lowcost_H3/abs5n40,0,0,0.0,0.0,nan,nan,
425,Instances_lowcost_H3/abs5n40,1,20,2181.0,2058.0,1.0597667638483965,0.0661995745098238,30 6 18 34 17 39 25 19 9 15 33 40 20 1 29 37 14 23 35 27
425,Instances_lowcost_H3/abs5n40,2,40,3216.0,2647.0,1.2149603324518323,0.058991663001727514,4 30 31 13 3 19 38 9 32 15 33 24 40 5 29 7 20 2 1 16 12 37 14 22 26 39 8 25 18 6 34 17 11 36 28 21 27 35 10 23
425,Instances_lowcost_H3/abs5n45,0,0,0.0,0.0,nan,nan,
425,Instances_lowcost_H3/abs5n45,1,25,2146.0,2092.0,1.025812619502868,0.07084274579983962,28 9 22 30 14 41 38 10 43 32 45 4 15 39 34 24 35 37 18 1 25 13 20 29 12
425,Instances_lowcost_H3/abs5n45,2,45,3125.0,2475.0,1.2626262626262625,0.031332386514656946,33 9 22 5 36 23 41 3 38 10 43 32 42 30 14 45 19 39 15 16 4 2 31 26 7 17 44 24 11 34 18 1 28 6 40 21 27 13 25 12 29 20 8 35 37
425,Instances_lowcost_H3/abs5n5,0,0,0.0,0.0,nan,nan,
425,Instances_lowcost_H3/abs5n5,1,1,278.0,278.0,1.0,nan,4
425,Instances_lowcost_H3/abs5n5,2,5,896.0,865.0,1.0358381502890173,0.3333333333333333,3 5 4 2 1
425,Instances_lowcost_H3/abs5n50,0,0,0.0,0.0,nan,nan,
425,Instances_lowcost_H3/abs5n50,1,27,2450.0,2275.0,1.0769230769230769,0.057511540391975174,33 32 50 44 4 13 20 36 5 10 25 34 7 27 24 40 8 19 30 23 17 9 47 29 15 46 38
425,Instances_lowcost_H3/abs5n50,2,50,3618.0,3165.0,1.143127962085308,0.03894167959470376,45 33 26 44 31 4 49 13 42 20 48 12 36 22 35 37 32 41 50 28 43 23 30 17 9 47 11 3 18 38 46 6 39 14 25 34 7 27 24 1 40 8 19 21 16 2 29 15 10 5
425,Instances_lowcost_H6/abs5n10,0,0,0.0,0.0,nan,nan,
425,Instances_lowcost_H6/abs5n10,1,5,1184.0,1184.0,1.0,0.0,8 6 4 10 7
425,Instances_lowcost_H6/abs5n10,2,10,1460.0,1480.0,0.9864864864864865,0.013888888888888888,2 7 9 8 6 5 4 1 3 10
425,Instances_lowcost_H6/abs5n10,3,10,1431.0,1480.0,0.9668918918918918,0.032407407407407406,2 7 9 10 3 1 4 5 6 8
425,Instances_lowcost_H6/abs5n10,4,10,1431.0,1480.0,0.9668918918918918,0.032407407407407406,2 7 9 10 3 1 4 5 6 8
425,Instances_lowcost_H6/abs5n10,5,10,1460.0,1480.0,0.9864864864864865,0.013888888888888888,2 7 9 8 6 5 4 1 3 10
425,Instances_lowcost_H6/abs5n15,0,0,0.0,0.0,nan,nan,
425,Instances_lowcost_H6/abs5n15,1,9,1254.0,1221.0,1.027027027027027,0.0,9 15 3 1 6 5 2 13 8
425,Instances_lowcost_H6/abs5n15,2,15,1502.0,1469.0,1.0224642614023145,0.04081632653061224,9 15 3 1 6 4 14 5 2 11 13 12 8 7 10
425,Instances_lowcost_H6/abs5n15,3,15,1748.0,1469.0,1.189925119128659,0.08690476190476192,10 7 8 12 11 13 2 5 4 6 3 15 9 1 14
425,Instances_lowcost_H6/abs5n15,4,15,1748.0,1469.0,1.189925119128659,0.08690476190476192,10 7 8 12 11 13 2 5 4 6 3 15 9 1 14
425,Instances_lowcost_H6/abs5n15,5,15,1748.0,1469.0,1.189925119128659,0.08690476190476192,10 7 8 12 11 13 2 5 4 6 3 15 9 1 14
425,Instances_lowcost_H6/abs5n20,0,0,0.0,0.0,nan,nan,
425,Instances_lowcost_H6/abs5n20,1,11,1849.0,1535.0,1.2045602605863193,0.1,19 14 18 8 3 1 11 20 10 4 12
425,Instances_lowcost_H6/abs5n20,2,20,2614.0,2221.0,1.1769473210265646,0.04796957428536376,19 17 5 18 8 13 14 16 2 6 9 10 11 20 1 3 4 12 15 7
425,Instances_lowcost_H6/abs5n20,3,20,2361.0,2221.0,1.0630346690679875,0.04223057644110275,19 2 6 9 10 11 20 1 3 16 14 5 17 18 8 13 7 15 12 4
425,Instances_lowcost_H6/abs5n20,4,20,2577.0,2221.0,1.160288158487168,0.028637770897832822,19 14 17 5 18 8 13 3 1 11 20 10 9 6 2 4 16 12 15 7
425,Instances_lowcost_H6/abs5n20,5,20,2361.0,2221.0,1.0630346690679875,0.04223057644110275,19 2 6 9 10 11 20 1 3 16 14 5 17 18 8 13 7 15 12 4
425,Instances_lowcost_H6/abs5n25,0,0,0.0,0.0,nan,nan,
425,Instances_lowcost_H6/abs5n25,1,11,1441.0,1325.0,1.0875471698113208,0.024285714285714285,5 13 6 3 9 24 7 14 16 15 21
425,Instances_lowcost_H6/abs5n25,2,25,2455.0,2284.0,1.0748686514886165,0.10696061066126855,2 11 5 20 1 17 13 6 3 19 9 24 7 18 8 4 22 25 10 21 15 12 14 23 16
425,Instances_lowcost_H6/abs5n25,3,25,2482.0,2284.0,1.0866900175131349,0.10666156759906759,2 11 20 5 1 13 17 6 3 19 9 24 7 18 8 4 22 25 10 21 15 12 14 23 16
425,Instances_lowcost_H6/abs5n25,4,25,2406.0,2284.0,1.053415061295972,0.042091299903799895,2 11 5 20 1 13 17 6 3 9 24 7 18 8 4 22 25 10 21 15 16 14 12 23 19
425,Instances_lowcost_H6/abs5n25,5,25,2482.0,2284.0,1.0866900175131349,0.10666156759906759,2 11 20 5 1 13 17 6 3 19 9 24 7 18 8 4 22 25 10 21 15 12 14 23 16
425,Instances_lowcost_H6/abs5n30,0,0,0.0,0.0,nan,nan,
425,Instances_lowcost_H6/abs5n30,1,15,1970.0,1742.0,1.1308840413318024,0.1313448456305599,24 1 10 28 11 30 27 9 8 16 25 19 2 29 4
425,Instances_lowcost_H6/abs5n30,2,30,2955.0,2221.0,1.330481764970734,0.06566875074060977,20 26 1 24 3 11 28 7 10 17 6 25 14 16 23 19 15 30 12 27 18 2 13 4 29 22 21 5 9 8
425,Instances_lowcost_H6/abs5n30,3,30,2615.0,2221.0,1.1773975686627645,0.04932468010027527,24 1 26 20 3 11 28 7 10 23 6 25 14 16 19 17 15 30 12 27 18 2 13 4 22 29 21 9 8 5
425,Instances_lowcost_H6/abs5n30,4,30,2710.0,2221.0,1.220171094101756,0.06085134365533639,24 1 26 10 7 28 11 3 20 5 27 18 2 29 4 13 9 8 14 16 25 19 6 23 17 30 15 12 21 22
425,Instances_lowcost_H6/abs5n30,5,30,2615.0,2221.0,1.1773975686627645,0.04932468010027527,24 1 26 20 3 11 28 7 10 23 6 25 14 16 19 17 15 30 12 27 18 2 13 4 22 29 21 9 8 5
425,Instances_lowcost_H6/abs5n5,0,0,0.0,0.0,nan,nan,
425,Instances_lowcost_H6/abs5n5,1,1,278.0,278.0,1.0,nan,4
425,Instances_lowcost_H6/abs5n5,2,5,896.0,865.0,1.0358381502890173,0.3333333333333333,3 5 4 2 1
425,Instances_lowcost_H6/abs5n5,3,5,896.0,865.0,1.0358381502890173,0.3333333333333333,3 5 4 2 1
425,Instances_lowcost_H6/abs5n5,4,5,896.0,865.0,1.0358381502890173,0.3333333333333333,3 5 4 2 1
425,Instances_lowcost_H6/abs5n5,5,5,896.0,865.0,1.0358381502890173,0.3333333333333333,3 5 4 2 1
450,Instances_highcost_H3/abs5n10,0,0,0.0,0.0,nan,nan,
450,Instances_highcost_H3/abs5n10,1,5,1184.0,1184.0,1.0,0.0,8 6 4 10 7
450,Instances_highcost_H3/abs5n10,2,10,1460.0,1480.0,0.9864864864864865,0.013888888888888888,2 7 9 8 6 5 4 1 3 10
450,Instances_highcost_H3/abs5n15,0,0,0.0,0.0,nan,nan,
450,Instances_highcost_H3/abs5n15,1,9,1254.0,1221.0,1.027027027027027,0.0,9 15 3 1 6 5 2 13 8
450,Instances_highcost_H3/abs5n15,2,15,1748.0,1469.0,1.189925119128659,0.08690476190476192,10 7 8 12 11 13 2 5 4 6 3 15 9 1 14
450,Instances_highcost_H3/abs5n20,0,0,0.0,0.0,nan,nan,
450,Instances_highcost_H3/abs5n20,1,11,1784.0,1535.0,1.162214983713355,0.0,19 14 18 8 3 1 20 11 4 10 12
450,Instances_highcost_H3/abs5n20,2,20,2349.0,2221.0,1.0576316974335884,0.10818713450292397,19 2 6 9 10 11 20 12 15 7 3 1 4 16 14 17 18 5 8 13
450,Instances_highcost_H3/abs5n25,0,0,0.0,0.0,nan,nan,
450,Instances_highcost_H3/abs5n25,1,11,1441.0,1325.0,1.0875471698113208,0.024285714285714285,5 13 6 3 9 24 7 14 16 15 21
450,Instances_highcost_H3/abs5n25,2,25,2443.0,2284.0,1.069614711033275,0.1047676282051282,2 11 5 20 1 13 17 6 3 19 9 24 7 18 8 4 22 25 10 21 15 12 14 23 16
450,Instances_highcost_H3/abs5n30,0,0,0.0,0.0,nan,nan,
450,Instances_highcost_H3/abs5n30,1,15,1834.0,1742.0,1.0528128587830081,0.04971219256933542,24 1 10 28 11 30 27 2 29 4 9 8 19 25 16
450,Instances_highcost_H3/abs5n30,2,30,2384.0,2221.0,1.0733903647005854,0.04901001190901906,24 1 26 20 3 11 28 7 10 23 16 14 8 9 13 4 22 29 21 2 18 5 12 27 15 17 6 25 19 30
450,Instances_highcost_H3/abs5n35,0,0,0.0,0.0,nan,nan,
450,Instances_highcost_H3/abs5n35,1,17,2453.0,2125.0,1.1543529411764706,0.07589285714285715,28 32 35 22 20 14 24 5 11 30 6 25 3 4 34 19 23
450,Instances_highcost_H3/abs5n35,2,35,2587.0,2679.0,0.965658827920866,0.037729274050267964,10 28 1 18 21 8 19 34 4 15 9 23 3 6 25 30 29 26 7 20 14 31 16 27 35 22 32 24 5 17 11 12 13 2 33
450,Instances_highcost_H3/abs5n40,0,0,0.0,0.0,nan,nan,
450,Instances_highcost_H3/abs5n40,1,20,2223.0,2058.0,1.0801749271137027,0.018796992481203006,18 6 30 19 9 15 33 40 29 1 20 37 14 39 17 25 34 27 35 23
450,Instances_highcost_H3/abs5n40,2,40,2982.0,2647.0,1.1265583679637325,0.0718515295664617,4 30 31 13 3 19 38 6 18 25 8 2 9 32 15 33 24 40 5 10 23 35 28 36 21 27 34 17 39 22 26 11 14 12 37 7 20 1 29 16
450,Instances_highcost_H3/abs5n45,0,0,0.0,0.0,nan,nan,
450,Instances_highcost_H3/abs5n45,1,25,2173.0,2092.0,1.0387189292543022,0.09247558707277377,28 9 14 30 22 32 38 41 10 43 45 39 15 4 34 24 35 37 18 12 29 20 13 25 1
450,Instances_highcost_H3/abs5n45,2,45,2855.0,2475.0,1.1535353535353536,0.06795286156145633,33 9 6 40 27 13 20 8 35 37 44 24 17 11 34 31 2 19 38 3 23 41 36 5 14 30 22 42 32 10 43 45 39 16 15 4 7 26 18 12 29 25 21 1 28
450,Instances_highcost_H3/abs5n5,0,0,0.0,0.0,nan,nan,
450,Instances_highcost_H3/abs5n5,1,1,278.0,278.0,1.0,nan,4
450,Instances_highcost_H3/abs5n5,2,5,896.0,865.0,1.0358381502890173,0.3333333333333333,3 5 4 2 1
450,Instances_highcost_H3/abs5n50,0,0,0.0,0.0,nan,nan,
450,Instances_highcost_H3/abs5n50,1,27,2389.0,2275.0,1.0501098901098902,0.044691027571462365,33 32 50 44 4 13 20 36 5 10 25 34 7 27 24 40 8 19 30 23 17 9 47 38 46 15 29
450,Instances_highcost_H3/abs5n50,2,50,3325.0,3165.0,1.0505529225908372,0.042315811416631106,33 45 26 44 31 4 49 13 20 42 48 12 36 5 39 14 25 34 7 27 16 21 19 24 1 40 8 23 41 32 50 28 37 35 43 30 17 9 47 11 29 2 15 3 18 46 6 10 38 22
450,Instances_highcost_H6/abs5n10,0,0,0.0,0.0,nan,nan,
450,Instances_highcost_H6/abs5n10,1,5,1184.0,1184.0,1.0,0.0,8 6 4 10 7
450,Instances_highcost_H6/abs5n10,2,10,1460.0,1480.0,0.9864864864864865,0.013888888888888888,2 7 9 8 6 5 4 1 3 10
450,Instances_highcost_H6/abs5n10,3,10,1460.0,1480.0,0.9864864864864865,0.013888888888888888,2 7 9 8 6 5 4 1 3 10
450,Instances_highcost_H6/abs5n10,4,10,1460.0,1480.0,0.9864864864864865,0.013888888888888888,2 7 9 8 6 5 4 1 3 10
450,Instances_highcost_H6/abs5n10,5,10,1460.0,1480.0,0.9864864864864865,0.013888888888888888,2 7 9 8 6 5 4 1 3 10
450,Instances_highcost_H6/abs5n15,0,0,0.0,0.0,nan,nan,
450,Instances_highcost_H6/abs5n15,1,9,1254.0,1221.0,1.027027027027027,0.0,9 15 3 1 6 5 2 13 8
450,Instances_highcost_H6/abs5n15,2,15,1748.0,1469.0,1.189925119128659,0.08690476190476192,10 7 8 12 11 13 2 5 4 6 3 15 9 1 14
450,Instances_highcost_H6/abs5n15,3,15,1748.0,1469.0,1.189925119128659,0.08690476190476192,10 7 8 12 11 13 2 5 4 6 3 15 9 1 14
450,Instances_highcost_H6/abs5n15,4,15,1786.0,1469.0,1.215793056501021,0.03928571428571429,10 7 8 12 11 13 2 5 4 6 3 1 15 9 14
450,Instances_highcost_H6/abs5n15,5,15,1748.0,1469.0,1.189925119128659,0.08690476190476192,10 7 8 12 11 13 2 5 4 6 3 15 9 1 14
450,Instances_highcost_H6/abs5n20,0,0,0.0,0.0,nan,nan,
450,Instances_highcost_H6/abs5n20,1,11,1784.0,1535.0,1.162214983713355,0.0,19 14 18 8 3 1 20 11 4 10 12
450,Instances_highcost_H6/abs5n20,2,20,2349.0,2221.0,1.0576316974335884,0.10818713450292397,19 2 6 9 10 11 20 12 15 7 3 1 4 16 14 17 18 5 8 13
450,Instances_highcost_H6/abs5n20,3,20,2349.0,2221.0,1.0576316974335884,0.10818713450292397,19 2 6 9 10 11 20 12 15 7 3 1 4 16 14 17 18 5 8 13
450,Instances_highcost_H6/abs5n20,4,20,2459.0,2221.0,1.1071589374155786,0.037385129490392646,19 2 6 9 10 20 11 4 16 14 17 5 18 8 13 3 1 12 15 7
450,Instances_highcost_H6/abs5n20,5,20,2315.0,2221.0,1.0423232778027915,0.059314954051796154,19 2 6 9 10 20 11 4 16 14 5 17 18 8 13 7 15 12 1 3
450,Instances_highcost_H6/abs5n25,0,0,0.0,0.0,nan,nan,
450,Instances_highcost_H6/abs5n25,1,11,1441.0,1325.0,1.0875471698113208,0.024285714285714285,5 13 6 3 9 24 7 14 16 15 21
450,Instances_highcost_H6/abs5n25,2,25,2443.0,2284.0,1.069614711033275,0.1047676282051282,2 11 5 20 1 13 17 6 3 19 9 24 7 18 8 4 22 25 10 21 15 12 14 23 16
450,Instances_highcost_H6/abs5n25,3,25,2443.0,2284.0,1.069614711033275,0.1047676282051282,2 11 5 20 1 13 17 6 3 19 9 24 7 18 8 4 22 25 10 21 15 12 14 23 16
450,Instances_highcost_H6/abs5n25,4,25,2443.0,2284.0,1.069614711033275,0.1047676282051282,2 11 5 20 1 13 17 6 3 19 9 24 7 18 8 4 22 25 10 21 15 12 14 23 16
450,Instances_highcost_H6/abs5n25,5,25,2443.0,2284.0,1.069614711033275,0.1047676282051282,2 11 5 20 1 13 17 6 3 19 9 24 7 18 8 4 22 25 10 21 15 12 14 23 16
450,Instances_highcost_H6/abs5n30,0,0,0.0,0.0,nan,nan,
450,Instances_highcost_H6/abs5n30,1,15,1834.0,1742.0,1.0528128587830081,0.04971219256933542,24 1 10 28 11 30 27 2 29 4 9 8 19 25 16
450,Instances_highcost_H6/abs5n30,2,30,2384.0,2221.0,1.0733903647005854,0.04901001190901906,24 1 26 20 3 11 28 7 10 23 16 14 8 9 13 4 22 29 21 2 18 5 12 27 15 17 6 25 19 30
450,Instances_highcost_H6/abs5n30,3,30,2344.0,2221.0,1.0553804592525888,0.06855024179407654,24 1 26 20 3 11 28 7 10 23 16 14 8 9 13 4 22 29 21 2 18 5 12 27 6 25 19 17 15 30
450,Instances_highcost_H6/abs5n30,4,30,2467.0,2221.0,1.1107609185051779,0.04010196593200757,24 1 26 20 3 11 28 7 10 23 16 14 8 9 13 4 22 29 21 2 18 27 12 5 15 17 30 6 25 19
450,Instances_highcost_H6/abs5n30,5,30,2628.0,2221.0,1.1832507879333634,0.02736461965137101,24 1 26 20 3 11 28 7 10 23 6 25 19 14 8 9 13 4 22 29 21 2 18 5 12 27 15 17 30 16
450,Instances_highcost_H6/abs5n5,0,0,0.0,0.0,nan,nan,
450,Instances_highcost_H6/abs5n5,1,1,278.0,278.0,1.0,nan,4
450,Instances_highcost_H6/abs5n5,2,5,896.0,865.0,1.0358381502890173,0.3333333333333333,3 5 4 2 1
450,Instances_highcost_H6/abs5n5,3,5,896.0,865.0,1.0358381502890173,0.3333333333333333,3 5 4 2 1
450,Instances_highcost_H6/abs5n5,4,5,896.0,865.0,1.0358381502890173,0.3333333333333333,3 5 4 2 1
450,Instances_highcost_H6/abs5n5,5,5,896.0,865.0,1.0358381502890173,0.3333333333333333,3 5 4 2 1
450,Instances_lowcost_H3/abs5n10,0,0,0.0,0.0,nan,nan,
450,Instances_lowcost_H3/abs5n10,1,5,1184.0,1184.0,1.0,0.0,8 6 4 10 7
450,Instances_lowcost_H3/abs5n10,2,10,1460.0,1480.0,0.9864864864864865,0.013888888888888888,2 7 9 8 6 5 4 1 3 10
450,Instances_lowcost_H3/abs5n15,0,0,0.0,0.0,nan,nan,
450,Instances_lowcost_H3/abs5n15,1,9,1254.0,1221.0,1.027027027027027,0.0,9 15 3 1 6 5 2 13 8
450,Instances_lowcost_H3/abs5n15,2,15,1748.0,1469.0,1.189925119128659,0.08690476190476192,10 7 8 12 11 13 2 5 4 6 3 15 9 1 14
450,Instances_lowcost_H3/abs5n20,0,0,0.0,0.0,nan,nan,
450,Instances_lowcost_H3/abs5n20,1,11,1784.0,1535.0,1.162214983713355,0.0,19 14 18 8 3 1 20 11 4 10 12
450,Instances_lowcost_H3/abs5n20,2,20,2349.0,2221.0,1.0576316974335884,0.10818713450292397,19 2 6 9 10 11 20 12 15 7 3 1 4 16 14 17 18 5 8 13
450,Instances_lowcost_H3/abs5n25,0,0,0.0,0.0,nan,nan,
450,Instances_lowcost_H3/abs5n25,1,11,1441.0,1325.0,1.0875471698113208,0.024285714285714285,5 13 6 3 9 24 7 14 16 15 21
450,Instances_lowcost_H3/abs5n25,2,25,2443.0,2284.0,1.069614711033275,0.1047676282051282,2 11 5 20 1 13 17 6 3 19 9 24 7 18 8 4 22 25 10 21 15 12 14 23 16
450,Instances_lowcost_H3/abs5n30,0,0,0.0,0.0,nan,nan,
450,Instances_lowcost_H3/abs5n30,1,15,1834.0,1742.0,1.0528128587830081,0.04971219256933542,24 1 10 28 11 30 27 2 29 4 9 8 19 25 16
450,Instances_lowcost_H3/abs5n30,2,30,2384.0,2221.0,1.0733903647005854,0.04901001190901906,24 1 26 20 3 11 28 7 10 23 16 14 8 9 13 4 22 29 21 2 18 5 12 27 15 17 6 25 19 30
450,Instances_lowcost_H3/abs5n35,0,0,0.0,0.0,nan,nan,
450,Instances_lowcost_H3/abs5n35,1,17,2453.0,2125.0,1.1543529411764706,0.07589285714285715,28 32 35 22 20 14 24 5 11 30 6 25 3 4 34 19 23
450,Instances_lowcost_H3/abs5n35,2,35,2587.0,2679.0,0.965658827920866,0.037729274050267964,10 28 1 18 21 8 19 34 4 15 9 23 3 6 25 30 29 26 7 20 14 31 16 27 35 22 32 24 5 17 11 12 13 2 33
450,Instances_lowcost_H3/abs5n40,0,0,0.0,0.0,nan,nan,
450,Instances_lowcost_H3/abs5n40,1,20,2223.0,2058.0,1.0801749271137027,0.018796992481203006,18 6 30 19 9 15 33 40 29 1 20 37 14 39 17 25 34 27 35 23
450,Instances_lowcost_H3/abs5n40,2,40,2982.0,2647.0,1.1265583679637325,0.0718515295664617,4 30 31 13 3 19 38 6 18 25 8 2 9 32 15 33 24 40 5 10 23 35 28 36 21 27 34 17 39 22 26 11 14 12 37 7 20 1 29 16
450,Instances_lowcost_H3/abs5n45,0,0,0.0,0.0,nan,nan,
450,Instances_lowcost_H3/abs5n45,1,25,2173.0,2092.0,1.0387189292543022,0.09247558707277377,28 9 14 30 22 32 38 41 10 43 45 39 15 4 34 24 35 37 18 12 29 20 13 25 1
450,Instances_lowcost_H3/abs5n45,2,45,2855.0,2475.0,1.1535353535353536,0.06795286156145633,33 9 6 40 27 13 20 8 35 37 44 24 17 11 34 31 2 19 38 3 23 41 36 5 14 30 22 42 32 10 43 45 39 16 15 4 7 26 18 12 29 25 21 1 28
450,Instances_lowcost_H3/abs5n5,0,0,0.0,0.0,nan,nan,
450,Instances_lowcost_H3/abs5n5,1,1,278.0,278.0,1.0,nan,4
450,Instances_lowcost_H3/abs5n5,2,5,896.0,865.0,1.0358381502890173,0.3333333333333333,3 5 4 2 1
450,Instances_lowcost_H3/abs5n50,0,0,0.0,0.0,nan,nan,
450,Instances_lowcost_H3/abs5n50,1,27,2389.0,2275.0,1.0501098901098902,0.044691027571462365,33 32 50 44 4 13 20 36 5 10 25 34 7 27 24 40 8 19 30 23 17 9 47 38 46 15 29
450,Instances_lowcost_H3/abs5n50,2,50,3325.0,3165.0,1.0505529225908372,0.042315811416631106,33 45 26 44 31 4 49 13 20 42 48 12 36 5 39 14 25 34 7 27 16 21 19 24 1 40 8 23 41 32 50 28 37 35 43 30 17 9 47 11 29 2 15 3 18 46 6 10 38 22
450,Instances_lowcost_H6/abs5n10,0,0,0.0,0.0,nan,nan,
450,Instances_lowcost_H6/abs5n10,1,5,1184.0,1184.0,1.0,0.0,8 6 4 10 7
450,Instances_lowcost_H6/abs5n10,2,10,1460.0,1480.0,0.9864864864864865,0.013888888888888888,2 7 9 8 6 5 4 1 3 10
450,Instances_lowcost_H6/abs5n10,3,10,1460.0,1480.0,0.9864864864864865,0.013888888888888888,2 7 9 8 6 5 4 1 3 10
450,Instances_lowcost_H6/abs5n10,4,10,1460.0,1480.0,0.9864864864864865,0.013888888888888888,2 7 9 8 6 5 4 1 3 10
450,Instances_lowcost_H6/abs5n10,5,10,1460.0,1480.0,0.9864864864864865,0.013888888888888888,2 7 9 8 6 5 4 1 3 10
450,Instances_lowcost_H6/abs5n15,0,0,0.0,0.0,nan,nan,
450,Instances_lowcost_H6/abs5n15,1,9,1254.0,1221.0,1.027027027027027,0.0,9 15 3 1 6 5 2 13 8
450,Instances_lowcost_H6/abs5n15,2,15,1748.0,1469.0,1.189925119128659,0.08690476190476192,10 7 8 12 11 13 2 5 4 6 3 15 9 1 14
450,Instances_lowcost_H6/abs5n15,3,15,1748.0,1469.0,1.189925119128659,0.08690476190476192,10 7 8 12 11 13 2 5 4 6 3 15 9 1 14
450,Instances_lowcost_H6/abs5n15,4,15,1786.0,1469.0,1.215793056501021,0.03928571428571429,10 7 8 12 11 13 2 5 4 6 3 1 15 9 14
450,Instances_lowcost_H6/abs5n15,5,15,1748.0,1469.0,1.189925119128659,0.08690476190476192,10 7 8 12 11 13 2 5 4 6 3 15 9 1 14
450,Instances_lowcost_H6/abs5n20,0,0,0.0,0.0,nan,nan,
450,Instances_lowcost_H6/abs5n20,1,11,1784.0,1535.0,1.162214983713355,0.0,19 14 18 8 3 1 20 11 4 10 12
450,Instances_lowcost_H6/abs5n20,2,20,2349.0,2221.0,1.0576316974335884,0.10818713450292397,19 2 6 9 10 11 20 12 15 7 3 1 4 16 14 17 18 5 8 13
450,Instances_lowcost_H6/abs5n20,3,20,2349.0,2221.0,1.0576316974335884,0.10818713450292397,19 2 6 9 10 11 20 12 15 7 3 1 4 16 14 17 18 5 8 13
450,Instances_lowcost_H6/abs5n20,4,20,2459.0,2221.0,1.1071589374155786,0.037385129490392646,19 2 6 9 10 20 11 4 16 14 17 5 18 8 13 3 1 12 15 7
450,Instances_lowcost_H6/abs5n20,5,20,2315.0,2221.0,1.0423232778027915,0.059314954051796154,19 2 6 9 10 20 11 4 16 14 5 17 18 8 13 7 15 12 1 3
450,Instances_lowcost_H6/abs5n25,0,0,0.0,0.0,nan,nan,
450,Instances_lowcost_H6/abs5n25,1,11,1441.0,1325.0,1.0875471698113208,0.024285714285714285,5 13 6 3 9 24 7 14 16 15 21
450,Instances_lowcost_H6/abs5n25,2,25,2443.0,2284.0,1.069614711033275,0.1047676282051282,2 11 5 20 1 13 17 6 3 19 9 24 7 18 8 4 22 25 10 21 15 12 14 23 16
450,Instances_lowcost_H6/abs5n25,3,25,2443.0,2284.0,1.069614711033275,0.1047676282051282,2 11 5 20 1 13 17 6 3 19 9 24 7 18 8 4 22 25 10 21 15 12 14 23 16
450,Instances_lowcost_H6/abs5n25,4,25,2443.0,2284.0,1.069614711033275,0.1047676282051282,2 11 5 20 1 13 17 6 3 19 9 24 7 18 8 4 22 25 10 21 15 12 14 23 16
450,Instances_lowcost_H6/abs5n25,5,25,2443.0,2284.0,1.069614711033275,0.1047676282051282,2 11 5 20 1 13 17 6 3 19 9 24 7 18 8 4 22 25 10 21 15 12 14 23 16
450,Instances_lowcost_H6/abs5n30,0,0,0.0,0.0,nan,nan,
450,Instances_lowcost_H6/abs5n30,1,15,1834.0,1742.0,1.0528128587830081,0.04971219256933542,24 1 10 28 11 30 27 2 29 4 9 8 19 25 16
450,Instances_lowcost_H6/abs5n30,2,30,2384.0,2221.0,1.0733903647005854,0.04901001190901906,24 1 26 20 3 11 28 7 10 23 16 14 8 9 13 4 22 29 21 2 18 5 12 27 15 17 6 25 19 30
450,Instances_lowcost_H6/abs5n30,3,30,2344.0,2221.0,1.0553804592525888,0.06855024179407654,24 1 26 20 3 11 28 7 10 23 16 14 8 9 13 4 22 29 21 2 18 5 12 27 6 25 19 17 15 30
450,Instances_lowcost_H6/abs5n30,4,30,2467.0,2221.0,1.1107609185051779,0.04010196593200757,24 1 26 20 3 11 28 7 10 23 16 14 8 9 13 4 22 29 21 2 18 27 12 5 15 17 30 6 25 19
450,Instances_lowcost_H6/abs5n30,5,30,2628.0,2221.0,1.1832507879333634,0.02736461965137101,24 1 26 20 3 11 28 7 10 23 6 25 19 14 8 9 13 4 22 29 21 2 18 5 12 27 15 17 30 16
450,Instances_lowcost_H6/abs5n5,0,0,0.0,0.0,nan,nan,
450,Instances_lowcost_H6/abs5n5,1,1,278.0,278.0,1.0,nan,4
450,Instances_lowcost_H6/abs5n5,2,5,896.0,865.0,1.0358381502890173,0.3333333333333333,3 5 4 2 1
450,Instances_lowcost_H6/abs5n5,3,5,896.0,865.0,1.0358381502890173,0.3333333333333333,3 5 4 2 1
450,Instances_lowcost_H6/abs5n5,4,5,896.0,865.0,1.0358381502890173,0.3333333333333333,3 5 4 2 1
450,Instances_lowcost_H6/abs5n5,5,5,896.0,865.0,1.0358381502890173,0.3333333333333333,3 5 4 2 1
475,Instances_highcost_H3/abs5n10,0,0,0.0,0.0,nan,nan,
475,Instances_highcost_H3/abs5n10,1,5,1184.0,1184.0,1.0,0.0,8 6 4 10 7
475,Instances_highcost_H3/abs5n10,2,10,1460.0,1480.0,0.9864864864864865,0.013888888888888888,2 7 9 8 6 5 4 1 3 10
475,Instances_highcost_H3/abs5n15,0,0,0.0,0.0,nan,nan,
475,Instances_highcost_H3/abs5n15,1,9,1349.0,1221.0,1.1048321048321048,0.025,9 15 3 6 1 5 2 13 8
475,Instances_highcost_H3/abs5n15,2,15,1724.0,1469.0,1.1735874744724302,0.07537105751391467,9 15 3 6 4 14 1 5 2 13 11 12 7 8 10
475,Instances_highcost_H3/abs5n20,0,0,0.0,0.0,nan,nan,
475,Instances_highcost_H3/abs5n20,1,11,1631.0,1535.0,1.062540716612378,0.06666666666666667,19 14 18 8 3 1 11 10 20 12 4
475,Instances_highcost_H3/abs5n20,2,20,2450.0,2221.0,1.1031067086897794,0.035919928025191186,19 2 6 9 10 11 4 16 14 17 5 18 8 13 3 1 20 12 15 7
475,Instances_highcost_H3/abs5n25,0,0,0.0,0.0,nan,nan,
475,Instances_highcost_H3/abs5n25,1,11,1441.0,1325.0,1.0875471698113208,0.024285714285714285,5 13 6 3 9 24 7 14 16 15 21
475,Instances_highcost_H3/abs5n25,2,25,2288.0,2284.0,1.001751313485114,0.04030910609857978,2 11 5 20 1 21 10 25 22 4 8 12 18 7 24 23 9 19 3 6 16 14 15 13 17
475,Instances_highcost_H3/abs5n30,0,0,0.0,0.0,nan,nan,
475,Instances_highcost_H3/abs5n30,1,15,1775.0,1742.0,1.0189437428243397,0.10131475667189951,10 1 24 11 28 30 25 19 16 8 9 29 4 2 27
475,Instances_highcost_H3/abs5n30,2,30,2583.0,2221.0,1.1629896443043675,0.0545273680826594,10 7 23 16 14 8 9 13 4 22 29 21 2 18 5 12 27 15 17 30 28 11 24 1 26 20 3 6 25 19
475,Instances_highcost_H3/abs5n35,0,0,0.0,0.0,nan,nan,
475,Instances_highcost_H3/abs5n35,1,17,2247.0,2125.0,1.0574117647058823,0.029193722943722945,28 19 34 4 23 3 6 25 30 22 35 32 24 5 11 20 14
475,Instances_highcost_H3/abs5n35,2,35,2569.0,2679.0,0.9589399029488616,0.035586343349243904,28 1 18 21 8 19 34 4 15 9 23 3 6 25 30 29 26 7 20 14 31 16 27 35 22 32 24 5 11 17 12 13 2 33 10
475,Instances_highcost_H3/abs5n40,0,0,0.0,0.0,nan,nan,
475,Instances_highcost_H3/abs5n40,1,20,2343.0,2058.0,1.1384839650145773,0.05106281837583777,6 30 18 34 17 25 19 9 15 33 40 29 1 20 37 14 39 27 35 23
475,Instances_highcost_H3/abs5n40,2,40,2861.0,2647.0,1.0808462410275783,0.04878017909692117,4 30 31 13 3 38 19 9 32 15 33 24 40 5 10 23 35 28 36 21 27 34 6 18 25 8 17 39 22 26 14 12 37 2 20 7 1 29 16 11
475,Instances_highcost_H3/abs5n45,0,0,0.0,0.0,nan,nan,
475,Instances_highcost_H3/abs5n45,1,25,2225.0,2092.0,1.0635755258126196,0.05510531845250516,28 9 14 30 22 32 38 41 10 43 45 4 15 39 34 24 37 35 18 1 12 25 29 20 13
475,Instances_highcost_H3/abs5n45,2,45,2749.0,2475.0,1.1107070707070708,0.024201202701519497,2 19 38 3 23 41 36 5 30 14 22 42 32 10 43 45 4 15 16 39 34 24 44 17 11 37 35 8 29 20 12 1 18 7 31 26 28 33 9 6 40 21 27 13 25
475,Instances_highcost_H3/abs5n5,0,0,0.0,0.0,nan,nan,
475,Instances_highcost_H3/abs5n5,1,1,278.0,278.0,1.0,nan,4
475,Instances_highcost_H3/abs5n5,2,5,896.0,865.0,1.0358381502890173,0.3333333333333333,3 5 4 2 1
475,Instances_highcost_H3/abs5n50,0,0,0.0,0.0,nan,nan,
475,Instances_highcost_H3/abs5n50,1,27,2457.0,2275.0,1.08,0.03284632034632035,33 40 24 8 19 27 34 7 25 10 5 46 15 29 17 23 32 50 44 4 13 20 36 38 47 9 30
475,Instances_highcost_H3/abs5n50,2,50,3421.0,3165.0,1.0808846761453397,0.04945569614271728,33 45 26 44 31 4 49 13 20 42 48 12 36 5 39 14 25 34 7 27 24 1 40 8 19 21 16 2 29 11 47 35 37 50 32 41 23 28 43 30 17 9 22 38 18 3 15 46 6 10
475,Instances_highcost_H6/abs5n10,0,0,0.0,0.0,nan,nan,
475,Instances_highcost_H6/abs5n10,1,5,1184.0,1184.0,1.0,0.0,8 6 4 10 7
475,Instances_highcost_H6/abs5n10,2,10,1460.0,1480.0,0.9864864864864865,0.013888888888888888,2 7 9 8 6 5 4 1 3 10
475,Instances_highcost_H6/abs5n10,3,10,1460.0,1480.0,0.9864864864864865,0.013888888888888888,2 7 9 8 6 5 4 1 3 10
475,Instances_highcost_H6/abs5n10,4,10,1460.0,1480.0,0.9864864864864865,0.013888888888888888,2 7 9 8 6 5 4 1 3 10
475,Instances_highcost_H6/abs5n10,5,10,1460.0,1480.0,0.9864864864864865,0.013888888888888888,2 7 9 8 6 5 4 1 3 10
475,Instances_highcost_H6/abs5n15,0,0,0.0,0.0,nan,nan,
475,Instances_highcost_H6/abs5n15,1,9,1349.0,1221.0,1.1048321048321048,0.025,9 15 3 6 1 5 2 13 8
475,Instances_highcost_H6/abs5n15,2,15,1724.0,1469.0,1.1735874744724302,0.07537105751391467,9 15 3 6 4 14 1 5 2 13 11 12 7 8 10
475,Instances_highcost_H6/abs5n15,3,15,1724.0,1469.0,1.1735874744724302,0.07537105751391467,9 15 3 6 4 14 1 5 2 13 11 12 7 8 10
475,Instances_highcost_H6/abs5n15,4,15,1748.0,1469.0,1.189925119128659,0.08690476190476192,10 7 8 12 11 13 2 5 4 6 3 15 9 1 14
475,Instances_highcost_H6/abs5n15,5,15,1748.0,1469.0,1.189925119128659,0.08690476190476192,10 7 8 12 11 13 2 5 4 6 3 15 9 1 14
475,Instances_highcost_H6/abs5n20,0,0,0.0,0.0,nan,nan,
475,Instances_highcost_H6/abs5n20,1,11,1631.0,1535.0,1.062540716612378,0.06666666666666667,19 14 18 8 3 1 11 10 20 12 4
475,Instances_highcost_H6/abs5n20,2,20,2450.0,2221.0,1.1031067086897794,0.035919928025191186,19 2 6 9 10 11 4 16 14 17 5 18 8 13 3 1 20 12 15 7
475,Instances_highcost_H6/abs5n20,3,20,2450.0,2221.0,1.1031067086897794,0.035919928025191186,19 2 6 9 10 11 4 16 14 17 5 18 8 13 3 1 20 12 15 7
475,Instances_highcost_H6/abs5n20,4,20,2459.0,2221.0,1.1071589374155786,0.037385129490392646,19 2 6 9 10 20 11 4 16 14 17 5 18 8 13 3 1 12 15 7
475,Instances_highcost_H6/abs5n20,5,20,2485.0,2221.0,1.1188653759567762,0.04211386308909529,19 2 9 10 6 4 16 14 5 17 18 13 8 3 1 11 20 12 15 7
475,Instances_highcost_H6/abs5n25,0,0,0.0,0.0,nan,nan,
475,Instances_highcost_H6/abs5n25,1,11,1441.0,1325.0,1.0875471698113208,0.024285714285714285,5 13 6 3 9 24 7 14 16 15 21
475,Instances_highcost_H6/abs5n25,2,25,2288.0,2284.0,1.001751313485114,0.04030910609857978,2 11 5 20 1 21 10 25 22 4 8 12 18 7 24 23 9 19 3 6 16 14 15 13 17
475,Instances_highcost_H6/abs5n25,3,25,2335.0,2284.0,1.0223292469352014,0.08386971215918586,2 11 20 5 1 21 10 25 22 4 8 12 18 7 24 23 9 19 3 6 16 14 15 17 13
475,Instances_highcost_H6/abs5n25,4,25,2354.0,2284.0,1.0306479859894921,0.09383093149540517,2 11 5 20 1 21 10 25 22 4 8 12 14 16 15 6 23 24 7 18 9 19 3 13 17
475,Instances_highcost_H6/abs5n25,5,25,2261.0,2284.0,0.9899299474605955,0.08075824029771399,2 11 5 20 1 21 10 25 22 4 8 12 14 18 7 24 23 9 19 3 6 16 15 17 13
475,Instances_highcost_H6/abs5n30,0,0,0.0,0.0,nan,nan,
475,Instances_highcost_H6/abs5n30,1,15,1775.0,1742.0,1.0189437428243397,0.10131475667189951,10 1 24 11 28 30 25 19 16 8 9 29 4 2 27
475,Instances_highcost_H6/abs5n30,2,30,2583.0,2221.0,1.1629896443043675,0.0545273680826594,10 7 23 16 14 8 9 13 4 22 29 21 2 18 5 12 27 15 17 30 28 11 24 1 26 20 3 6 25 19
475,Instances_highcost_H6/abs5n30,3,30,2532.0,2221.0,1.140027014858172,0.06216532399647739,10 7 23 16 14 8 9 13 4 22 29 21 2 18 5 27 12 30 28 11 24 1 26 20 3 15 17 6 25 19
475,Instances_highcost_H6/abs5n30,4,30,2506.0,2221.0,1.1283205763169744,0.05963260767065761,10 7 23 16 14 8 9 13 4 29 22 21 2 18 27 12 5 3 24 1 26 20 11 28 17 30 15 6 25 19
475,Instances_highcost_H6/abs5n30,5,30,2409.0,2221.0,1.084646555605583,0.10372459749287055,10 7 23 17 30 28 11 24 1 26 20 3 15 6 25 19 16 14 8 9 13 4 22 29 21 2 18 5 27 12
475,Instances_highcost_H6/abs5n5,0,0,0.0,0.0,nan,nan,
475,Instances_highcost_H6/abs5n5,1,1,278.0,278.0,1.0,nan,4
475,Instances_highcost_H6/abs5n5,2,5,896.0,865.0,1.0358381502890173,0.3333333333333333,3 5 4 2 1
475,Instances_highcost_H6/abs5n5,3,5,896.0,865.0,1.0358381502890173,0.3333333333333333,3 5 4 2 1
475,Instances_highcost_H6/abs5n5,4,5,896.0,865.0,1.0358381502890173,0.3333333333333333,3 5 4 2 1
475,Instances_highcost_H6/abs5n5,5,5,865.0,865.0,1.0,0.3333333333333333,3 5 2 4 1
475,Instances_lowcost_H3/abs5n10,0,0,0.0,0.0,nan,nan,
475,Instances_lowcost_H3/abs5n10,1,5,1184.0,1184.0,1.0,0.0,8 6 4 10 7
475,Instances_lowcost_H3/abs5n10,2,10,1460.0,1480.0,0.9864864864864865,0.013888888888888888,2 7 9 8 6 5 4 1 3 10
475,Instances_lowcost_H3/abs5n15,0,0,0.0,0.0,nan,nan,
475,Instances_lowcost_H3/abs5n15,1,9,1349.0,1221.0,1.1048321048321048,0.025,9 15 3 6 1 5 2 13 8
475,Instances_lowcost_H3/abs5n15,2,15,1724.0,1469.0,1.1735874744724302,0.07537105751391467,9 15 3 6 4 14 1 5 2 13 11 12 7 8 10
475,Instances_lowcost_H3/abs5n20,0,0,0.0,0.0,nan,nan,
475,Instances_lowcost_H3/abs5n20,1,11,1631.0,1535.0,1.062540716612378,0.06666666666666667,19 14 18 8 3 1 11 10 20 12 4
475,Instances_lowcost_H3/abs5n20,2,20,2450.0,2221.0,1.1031067086897794,0.035919928025191186,19 2 6 9 10 11 4 16 14 17 5 18 8 13 3 1 20 12 15 7
475,Instances_lowcost_H3/abs5n25,0,0,0.0,0.0,nan,nan,
475,Instances_lowcost_H3/abs5n25,1,11,1441.0,1325.0,1.0875471698113208,0.024285714285714285,5 13 6 3 9 24 7 14 16 15 21
475,Instances_lowcost_H3/abs5n25,2,25,2288.0,2284.0,1.001751313485114,0.04030910609857978,2 11 5 20 1 21 10 25 22 4 8 12 18 7 24 23 9 19 3 6 16 14 15 13 17
475,Instances_lowcost_H3/abs5n30,0,0,0.0,0.0,nan,nan,
475,Instances_lowcost_H3/abs5n30,1,15,1775.0,1742.0,1.0189437428243397,0.10131475667189951,10 1 24 11 28 30 25 19 16 8 9 29 4 2 27
475,Instances_lowcost_H3/abs5n30,2,30,2583.0,2221.0,1.1629896443043675,0.0545273680826594,10 7 23 16 14 8 9 13 4 22 29 21 2 18 5 12 27 15 17 30 28 11 24 1 26 20 3 6 25 19
475,Instances_lowcost_H3/abs5n35,0,0,0.0,0.0,nan,nan,
475,Instances_lowcost_H3/abs5n35,1,17,2247.0,2125.0,1.0574117647058823,0.029193722943722945,28 19 34 4 23 3 6 25 30 22 35 32 24 5 11 20 14
475,Instances_lowcost_H3/abs5n35,2,35,2569.0,2679.0,0.9589399029488616,0.035586343349243904,28 1 18 21 8 19 34 4 15 9 23 3 6 25 30 29 26 7 20 14 31 16 27 35 22 32 24 5 11 17 12 13 2 33 10
475,Instances_lowcost_H3/abs5n40,0,0,0.0,0.0,nan,nan,
475,Instances_lowcost_H3/abs5n40,1,20,2343.0,2058.0,1.1384839650145773,0.05106281837583777,6 30 18 34 17 25 19 9 15 33 40 29 1 20 37 14 39 27 35 23
475,Instances_lowcost_H3/abs5n40,2,40,2861.0,2647.0,1.0808462410275783,0.04878017909692117,4 30 31 13 3 38 19 9 32 15 33 24 40 5 10 23 35 28 36 21 27 34 6 18 25 8 17 39 22 26 14 12 37 2 20 7 1 29 16 11
475,Instances_lowcost_H3/abs5n45,0,0,0.0,0.0,nan,nan,
475,Instances_lowcost_H3/abs5n45,1,25,2225.0,2092.0,1.0635755258126196,0.05510531845250516,28 9 14 30 22 32 38 41 10 43 45 4 15 39 34 24 37 35 18 1 12 25 29 20 13
475,Instances_lowcost_H3/abs5n45,2,45,2749.0,2475.0,1.1107070707070708,0.024201202701519497,2 19 38 3 23 41 36 5 30 14 22 42 32 10 43 45 4 15 16 39 34 24 44 17 11 37 35 8 29 20 12 1 18 7 31 26 28 33 9 6 40 21 27 13 25
475,Instances_lowcost_H3/abs5n5,0,0,0.0,0.0,nan,nan,
475,Instances_lowcost_H3/abs5n5,1,1,278.0,278.0,1.0,nan,4
475,Instances_lowcost_H3/abs5n5,2,5,896.0,865.0,1.0358381502890173,0.3333333333333333,3 5 4 2 1
475,Instances_lowcost_H3/abs5n50,0,0,0.0,0.0,nan,nan,
475,Instances_lowcost_H3/abs5n50,1,27,2457.0,2275.0,1.08,0.03284632034632035,33 40 24 8 19 27 34 7 25 10 5 46 15 29 17 23 32 50 44 4 13 20 36 38 47 9 30
475,Instances_lowcost_H3/abs5n50,2,50,3421.0,3165.0,1.0808846761453397,0.04945569614271728,33 45 26 44 31 4 49 13 20 42 48 12 36 5 39 14 25 34 7 27 24 1 40 8 19 21 16 2 29 11 47 35 37 50 32 41 23 28 43 30 17 9 22 38 18 3 15 46 6 10
475,Instances_lowcost_H6/abs5n10,0,0,0.0,0.0,nan,nan,
475,Instances_lowcost_H6/abs5n10,1,5,1184.0,1184.0,1.0,0.0,8 6 4 10 7
475,Instances_lowcost_H6/abs5n10,2,10,1460.0,1480.0,0.9864864864864865,0.013888888888888888,2 7 9 8 6 5 4 1 3 10
475,Instances_lowcost_H6/abs5n10,3,10,1460.0,1480.0,0.9864864864864865,0.013888888888888888,2 7 9 8 6 5 4 1 3 10
475,Instances_lowcost_H6/abs5n10,4,10,1460.0,1480.0,0.9864864864864865,0.013888888888888888,2 7 9 8 6 5 4 1 3 10
475,Instances_lowcost_H6/abs5n10,5,10,1460.0,1480.0,0.9864864864864865,0.013888888888888888,2 7 9 8 6 5 4 1 3 10
475,Instances_lowcost_H6/abs5n15,0,0,0.0,0.0,nan,nan,
475,Instances_lowcost_H6/abs5n15,1,9,1349.0,1221.0,1.1048321048321048,0.025,9 15 3 6 1 5 2 13 8
475,Instances_lowcost_H6/abs5n15,2,15,1724.0,1469.0,1.1735874744724302,0.07537105751391467,9 15 3 6 4 14 1 5 2 13 11 12 7 8 10
475,Instances_lowcost_H6/abs5n15,3,15,1724.0,1469.0,1.1735874744724302,0.07537105751391467,9 15 3 6 4 14 1 5 2 13 11 12 7 8 10
475,Instances_lowcost_H6/abs5n15,4,15,1748.0,1469.0,1.189925119128659,0.08690476190476192,10 7 8 12 11 13 2 5 4 6 3 15 9 1 14
475,Instances_lowcost_H6/abs5n15,5,15,1748.0,1469.0,1.189925119128659,0.08690476190476192,10 7 8 12 11 13 2 5 4 6 3 15 9 1 14
475,Instances_lowcost_H6/abs5n20,0,0,0.0,0.0,nan,nan,
475,Instances_lowcost_H6/abs5n20,1,11,1631.0,1535.0,1.062540716612378,0.06666666666666667,19 14 18 8 3 1 11 10 20 12 4
475,Instances_lowcost_H6/abs5n20,2,20,2450.0,2221.0,1.1031067086897794,0.035919928025191186,19 2 6 9 10 11 4 16 14 17 5 18 8 13 3 1 20 12 15 7
475,Instances_lowcost_H6/abs5n20,3,20,2450.0,2221.0,1.1031067086897794,0.035919928025191186,19 2 6 9 10 11 4 16 14 17 5 18 8 13 3 1 20 12 15 7
475,Instances_lowcost_H6/abs5n20,4,20,2459.0,2221.0,1.1071589374155786,0.037385129490392646,19 2 6 9 10 20 11 4 16 14 17 5 18 8 13 3 1 12 15 7
475,Instances_lowcost_H6/abs5n20,5,20,2485.0,2221.0,1.1188653759567762,0.04211386308909529,19 2 9 10 6 4 16 14 5 17 18 13 8 3 1 11 20 12 15 7
475,Instances_lowcost_H6/abs5n25,0,0,0.0,0.0,nan,nan,
475,Instances_lowcost_H6/abs5n25,1,11,1441.0,1325.0,1.0875471698113208,0.024285714285714285,5 13 6 3 9 24 7 14 16 15 21
475,Instances_lowcost_H6/abs5n25,2,25,2288.0,2284.0,1.001751313485114,0.04030910609857978,2 11 5 20 1 21 10 25 22 4 8 12 18 7 24 23 9 19 3 6 16 14 15 13 17
475,Instances_lowcost_H6/abs5n25,3,25,2335.0,2284.0,1.0223292469352014,0.08386971215918586,2 11 20 5 1 21 10 25 22 4 8 12 18 7 24 23 9 19 3 6 16 14 15 17 13
475,Instances_lowcost_H6/abs5n25,4,25,2354.0,2284.0,1.0306479859894921,0.09383093149540517,2 11 5 20 1 21 10 25 22 4 8 12 14 16 15 6 23 24 7 18 9 19 3 13 17
475,Instances_lowcost_H6/abs5n25,5,25,2261.0,2284.0,0.9899299474605955,0.08075824029771399,2 11 5 20 1 21 10 25 22 4 8 12 14 18 7 24 23 9 19 3 6 16 15 17 13
475,Instances_lowcost_H6/abs5n30,0,0,0.0,0.0,nan,nan,
475,Instances_lowcost_H6/abs5n30,1,15,1775.0,1742.0,1.0189437428243397,0.10131475667189951,10 1 24 11 28 30 25 19 16 8 9 29 4 2 27
475,Instances_lowcost_H6/abs5n30,2,30,2583.0,2221.0,1.1629896443043675,0.0545273680826594,10 7 23 16 14 8 9 13 4 22 29 21 2 18 5 12 27 15 17 30 28 11 24 1 26 20 3 6 25 19
475,Instances_lowcost_H6/abs5n30,3,30,2532.0,2221.0,1.140027014858172,0.06216532399647739,10 7 23 16 14 8 9 13 4 22 29 21 2 18 5 27 12 30 28 11 24 1 26 20 3 15 17 6 25 19
475,Instances_lowcost_H6/abs5n30,4,30,2506.0,2221.0,1.1283205763169744,0.05963260767065761,10 7 23 16 14 8 9 13 4 29 22 21 2 18 27 12 5 3 24 1 26 20 11 28 17 30 15 6 25 19
475,Instances_lowcost_H6/abs5n30,5,30,2409.0,2221.0,1.084646555605583,0.10372459749287055,10 7 23 17 30 28 11 24 1 26 20 3 15 6 25 19 16 14 8 9 13 4 22 29 21 2 18 5 27 12
475,Instances_lowcost_H6/abs5n5,0,0,0.0,0.0,nan,nan,
475,Instances_lowcost_H6/abs5n5,1,1,278.0,278.0,1.0,nan,4
475,Instances_lowcost_H6/abs5n5,2,5,896.0,865.0,1.0358381502890173,0.3333333333333333,3 5 4 2 1
475,Instances_lowcost_H6/abs5n5,3,5,896.0,865.0,1.0358381502890173,0.3333333333333333,3 5 4 2 1
475,Instances_lowcost_H6/abs5n5,4,5,896.0,865.0,1.0358381502890173,0.3333333333333333,3 5 4 2 1
475,Instances_lowcost_H6/abs5n5,5,5,865.0,865.0,1.0,0.3333333333333333,3 5 2 4 1
500,Instances_highcost_H3/abs5n10,0,0,0.0,0.0,nan,nan,
500,Instances_highcost_H3/abs5n10,1,5,1184.0,1184.0,1.0,0.0,8 6 4 10 7
500,Instances_highcost_H3/abs5n10,2,10,1460.0,1480.0,0.9864864864864865,0.013888888888888888,2 7 9 8 6 5 4 1 3 10
500,Instances_highcost_H3/abs5n15,0,0,0.0,0.0,nan,nan,
500,Instances_highcost_H3/abs5n15,1,9,1221.0,1221.0,1.0,0.020833333333333332,9 15 1 3 6 5 2 13 8
500,Instances_highcost_H3/abs5n15,2,15,1523.0,1469.0,1.0367597004765146,0.021428571428571432,10 7 8 12 11 13 2 5 4 6 14 3 1 15 9
500,Instances_highcost_H3/abs5n20,0,0,0.0,0.0,nan,nan,
500,Instances_highcost_H3/abs5n20,1,11,1834.0,1535.0,1.1947882736156352,0.05,19 14 18 8 3 1 20 11 10 4 12
500,Instances_highcost_H3/abs5n20,2,20,2505.0,2221.0,1.1278703286807745,0.027218782249742,19 14 5 17 18 8 13 3 1 11 10 9 6 2 4 16 20 12 15 7
500,Instances_highcost_H3/abs5n25,0,0,0.0,0.0,nan,nan,
500,Instances_highcost_H3/abs5n25,1,11,1441.0,1325.0,1.0875471698113208,0.024285714285714285,5 13 6 3 9 24 7 14 16 15 21
500,Instances_highcost_H3/abs5n25,2,25,2503.0,2284.0,1.0958844133099825,0.09087873931623931,2 11 5 20 1 13 17 6 3 19 9 24 7 18 8 4 22 25 10 21 15 16 14 23 12
500,Instances_highcost_H3/abs5n30,0,0,0.0,0.0,nan,nan,
500,Instances_highcost_H3/abs5n30,1,15,1851.0,1742.0,1.0625717566016073,0.07196969696969698,1 24 10 11 28 30 27 2 29 4 9 8 19 25 16
500,Instances_highcost_H3/abs5n30,2,30,2622.0,2221.0,1.180549302116164,0.035992905671859296,1 26 24 20 3 11 28 7 10 23 17 30 15 6 25 19 14 8 9 13 4 29 22 21 2 18 5 12 27 16
500,Instances_highcost_H3/abs5n35,0,0,0.0,0.0,nan,nan,
500,Instances_highcost_H3/abs5n35,1,17,2247.0,2125.0,1.0574117647058823,0.029193722943722945,28 19 34 4 23 3 6 25 30 22 35 32 24 5 11 20 14
500,Instances_highcost_H3/abs5n35,2,35,2841.0,2679.0,1.0604703247480403,0.04373113972933441,28 1 18 21 10 33 2 13 15 9 23 3 6 25 30 29 26 7 20 14 31 16 27 35 22 32 24 5 17 11 12 4 34 19 8
500,Instances_highcost_H3/abs5n40,0,0,0.0,0.0,nan,nan,
500,Instances_highcost_H3/abs5n40,1,20,2213.0,2058.0,1.0753158406219632,0.050370528209863395,6 30 18 34 17 39 25 19 9 15 33 40 29 1 20 37 14 23 35 27
500,Instances_highcost_H3/abs5n40,2,40,2771.0,2647.0,1.0468454854552323,0.05012799056926307,6 4 30 31 3 13 19 38 18 34 17 39 26 22 14 12 37 7 20 32 15 33 24 40 5 10 23 35 28 36 21 27 11 16 29 1 2 9 8 25
500,Instances_highcost_H3/abs5n45,0,0,0.0,0.0,nan,nan,
500,Instances_highcost_H3/abs5n45,1,25,2241.0,2092.0,1.071223709369025,0.06899420734139404,28 9 14 30 22 32 38 41 10 43 45 4 15 39 34 24 37 35 18 1 12 29 20 25 13
500,Instances_highcost_H3/abs5n45,2,45,2990.0,2475.0,1.208080808080808,0.03395004200999984,28 33 9 14 5 36 41 23 3 38 10 32 42 30 22 45 43 19 39 15 16 4 34 24 44 17 11 37 35 8 20 29 12 1 26 31 7 18 25 21 40 6 27 13 2
500,Instances_highcost_H3/abs5n5,0,0,0.0,0.0,nan,nan,
500,Instances_highcost_H3/abs5n5,1,1,278.0,278.0,1.0,nan,4
500,Instances_highcost_H3/abs5n5,2,5,896.0,865.0,1.0358381502890173,0.3333333333333333,3 5 4 2 1
500,Instances_highcost_H3/abs5n50,0,0,0.0,0.0,nan,nan,
500,Instances_highcost_H3/abs5n50,1,27,2232.0,2275.0,0.9810989010989011,0.02669652207695686,33 32 50 44 4 13 20 36 5 10 25 34 7 27 24 40 8 19 29 15 46 38 47 9 17 30 23
500,Instances_highcost_H3/abs5n50,2,50,3185.0,3165.0,1.0063191153238547,0.037549847926939044,33 45 26 44 31 4 49 13 20 42 48 12 36 22 38 18 3 15 2 16 19 24 1 40 8 21 27 34 7 25 14 39 6 10 5 46 11 29 17 30 23 41 32 50 28 37 35 43 9 47
500,Instances_highcost_H6/abs5n10,0,0,0.0,0.0,nan,nan,
500,Instances_highcost_H6/abs5n10,1,5,1184.0,1184.0,1.0,0.0,8 6 4 10 7
500,Instances_highcost_H6/abs5n10,2,10,1460.0,1480.0,0.9864864864864865,0.013888888888888888,2 7 9 8 6 5 4 1 3 10
500,Instances_highcost_H6/abs5n10,3,10,1460.0,1480.0,0.9864864864864865,0.013888888888888888,2 7 9 8 6 5 4 1 3 10
500,Instances_highcost_H6/abs5n10,4,10,1460.0,1480.0,0.9864864864864865,0.013888888888888888,2 7 9 8 6 5 4 1 3 10
500,Instances_highcost_H6/abs5n10,5,10,1460.0,1480.0,0.9864864864864865,0.013888888888888888,2 7 9 8 6 5 4 1 3 10
500,Instances_highcost_H6/abs5n15,0,0,0.0,0.0,nan,nan,
500,Instances_highcost_H6/abs5n15,1,9,1221.0,1221.0,1.0,0.020833333333333332,9 15 1 3 6 5 2 13 8
500,Instances_highcost_H6/abs5n15,2,15,1523.0,1469.0,1.0367597004765146,0.021428571428571432,10 7 8 12 11 13 2 5 4 6 14 3 1 15 9
500,Instances_highcost_H6/abs5n15,3,15,1641.0,1469.0,1.1170864533696392,0.05714285714285715,10 7 8 12 11 13 2 5 4 6 14 3 15 9 1
500,Instances_highcost_H6/abs5n15,4,15,1523.0,1469.0,1.0367597004765146,0.021428571428571432,10 7 8 12 11 13 2 5 4 6 14 3 1 15 9
500,Instances_highcost_H6/abs5n15,5,15,1523.0,1469.0,1.0367597004765146,0.021428571428571432,10 7 8 12 11 13 2 5 4 6 14 3 1 15 9
500,Instances_highcost_H6/abs5n20,0,0,0.0,0.0,nan,nan,
500,Instances_highcost_H6/abs5n20,1,11,1834.0,1535.0,1.1947882736156352,0.05,19 14 18 8 3 1 20 11 10 4 12
500,Instances_highcost_H6/abs5n20,2,20,2505.0,2221.0,1.1278703286807745,0.027218782249742,19 14 5 17 18 8 13 3 1 11 10 9 6 2 4 16 20 12 15 7
500,Instances_highcost_H6/abs5n20,3,20,2505.0,2221.0,1.1278703286807745,0.027218782249742,19 14 5 17 18 8 13 3 1 11 10 9 6 2 4 16 20 12 15 7
500,Instances_highcost_H6/abs5n20,4,20,2507.0,2221.0,1.1287708239531742,0.035534915720674236,19 2 9 10 6 4 16 14 5 17 18 8 13 3 1 20 11 12 15 7
500,Instances_highcost_H6/abs5n20,5,20,2524.0,2221.0,1.1364250337685726,0.04914860681114551,19 14 5 17 18 8 13 3 1 20 11 10 9 6 2 4 16 7 15 12
500,Instances_highcost_H6/abs5n25,0,0,0.0,0.0,nan,nan,
500,Instances_highcost_H6/abs5n25,1,11,1441.0,1325.0,1.0875471698113208,0.024285714285714285,5 13 6 3 9 24 7 14 16 15 21
500,Instances_highcost_H6/abs5n25,2,25,2503.0,2284.0,1.0958844133099825,0.09087873931623931,2 11 5 20 1 13 17 6 3 19 9 24 7 18 8 4 22 25 10 21 15 16 14 23 12
500,Instances_highcost_H6/abs5n25,3,25,2503.0,2284.0,1.0958844133099825,0.09087873931623931,2 11 5 20 1 13 17 6 3 19 9 24 7 18 8 4 22 25 10 21 15 16 14 23 12
500,Instances_highcost_H6/abs5n25,4,25,2282.0,2284.0,0.999124343257443,0.039729614855388846,2 11 5 20 1 10 21 25 22 4 8 18 7 24 23 9 19 3 6 16 14 12 15 13 17
500,Instances_highcost_H6/abs5n25,5,25,2436.0,2284.0,1.0665499124343258,0.04921207264957265,2 11 5 20 1 13 17 6 3 19 9 24 7 18 8 4 22 25 10 21 15 16 14 12 23
500,Instances_highcost_H6/abs5n30,0,0,0.0,0.0,nan,nan,
500,Instances_highcost_H6/abs5n30,1,15,1851.0,1742.0,1.0625717566016073,0.07196969696969698,1 24 10 11 28 30 27 2 29 4 9 8 19 25 16
500,Instances_highcost_H6/abs5n30,2,30,2622.0,2221.0,1.180549302116164,0.035992905671859296,1 26 24 20 3 11 28 7 10 23 17 30 15 6 25 19 14 8 9 13 4 29 22 21 2 18 5 12 27 16
500,Instances_highcost_H6/abs5n30,3,30,2464.0,2221.0,1.1094101755965782,0.042862090127250646,1 26 24 20 3 11 28 7 10 23 17 15 30 12 5 18 2 13 4 29 22 21 9 8 14 16 25 19 6 27
500,Instances_highcost_H6/abs5n30,4,30,2820.0,2221.0,1.269698334083746,0.04674080430698492,10 1 26 24 20 3 11 7 28 30 17 15 6 25 19 14 8 13 4 22 29 21 2 9 18 5 12 27 23 16
500,Instances_highcost_H6/abs5n30,5,30,2622.0,2221.0,1.180549302116164,0.035992905671859296,1 26 24 20 3 11 28 7 10 23 17 30 15 6 25 19 14 8 9 13 4 29 22 21 2 18 5 12 27 16
500,Instances_highcost_H6/abs5n5,0,0,0.0,0.0,nan,nan,
500,Instances_highcost_H6/abs5n5,1,1,278.0,278.0,1.0,nan,4
500,Instances_highcost_H6/abs5n5,2,5,896.0,865.0,1.0358381502890173,0.3333333333333333,3 5 4 2 1
500,Instances_highcost_H6/abs5n5,3,5,896.0,865.0,1.0358381502890173,0.3333333333333333,3 5 4 2 1
500,Instances_highcost_H6/abs5n5,4,5,896.0,865.0,1.0358381502890173,0.3333333333333333,3 5 4 2 1
500,Instances_highcost_H6/abs5n5,5,5,896.0,865.0,1.0358381502890173,0.3333333333333333,3 5 4 2 1
500,Instances_lowcost_H3/abs5n10,0,0,0.0,0.0,nan,nan,
500,Instances_lowcost_H3/abs5n10,1,5,1184.0,1184.0,1.0,0.0,8 6 4 10 7
500,Instances_lowcost_H3/abs5n10,2,10,1460.0,1480.0,0.9864864864864865,0.013888888888888888,2 7 9 8 6 5 4 1 3 10
500,Instances_lowcost_H3/abs5n15,0,0,0.0,0.0,nan,nan,
500,Instances_lowcost_H3/abs5n15,1,9,1221.0,1221.0,1.0,0.020833333333333332,9 15 1 3 6 5 2 13 8
500,Instances_lowcost_H3/abs5n15,2,15,1523.0,1469.0,1.0367597004765146,0.021428571428571432,10 7 8 12 11 13 2 5 4 6 14 3 1 15 9
500,Instances_lowcost_H3/abs5n20,0,0,0.0,0.0,nan,nan,
500,Instances_lowcost_H3/abs5n20,1,11,1834.0,1535.0,1.1947882736156352,0.05,19 14 18 8 3 1 20 11 10 4 12
500,Instances_lowcost_H3/abs5n20,2,20,2505.0,2221.0,1.1278703286807745,0.027218782249742,19 14 5 17 18 8 13 3 1 11 10 9 6 2 4 16 20 12 15 7
500,Instances_lowcost_H3/abs5n25,0,0,0.0,0.0,nan,nan,
500,Instances_lowcost_H3/abs5n25,1,11,1441.0,1325.0,1.0875471698113208,0.024285714285714285,5 13 6 3 9 24 7 14 16 15 21
500,Instances_lowcost_H3/abs5n25,2,25,2503.0,2284.0,1.0958844133099825,0.09087873931623931,2 11 5 20 1 13 17 6 3 19 9 24 7 18 8 4 22 25 10 21 15 16 14 23 12
500,Instances_lowcost_H3/abs5n30,0,0,0.0,0.0,nan,nan,
500,Instances_lowcost_H3/abs5n30,1,15,1851.0,1742.0,1.0625717566016073,0.07196969696969698,1 24 10 11 28 30 27 2 29 4 9 8 19 25 16
500,Instances_lowcost_H3/abs5n30,2,30,2622.0,2221.0,1.180549302116164,0.035992905671859296,1 26 24 20 3 11 28 7 10 23 17 30 15 6 25 19 14 8 9 13 4 29 22 21 2 18 5 12 27 16
500,Instances_lowcost_H3/abs5n35,0,0,0.0,0.0,nan,nan,
500,Instances_lowcost_H3/abs5n35,1,17,2247.0,2125.0,1.0574117647058823,0.029193722943722945,28 19 34 4 23 3 6 25 30 22 35 32 24 5 11 20 14
500,Instances_lowcost_H3/abs5n35,2,35,2841.0,2679.0,1.0604703247480403,0.04373113972933441,28 1 18 21 10 33 2 13 15 9 23 3 6 25 30 29 26 7 20 14 31 16 27 35 22 32 24 5 17 11 12 4 34 19 8
500,Instances_lowcost_H3/abs5n40,0,0,0.0,0.0,nan,nan,
500,Instances_lowcost_H3/abs5n40,1,20,2213.0,2058.0,1.0753158406219632,0.050370528209863395,6 30 18 34 17 39 25 19 9 15 33 40 29 1 20 37 14 23 35 27
500,Instances_lowcost_H3/abs5n40,2,40,2771.0,2647.0,1.0468454854552323,0.05012799056926307,6 4 30 31 3 13 19 38 18 34 17 39 26 22 14 12 37 7 20 32 15 33 24 40 5 10 23 35 28 36 21 27 11 16 29 1 2 9 8 25
500,Instances_lowcost_H3/abs5n45,0,0,0.0,0.0,nan,nan,
500,Instances_lowcost_H3/abs5n45,1,25,2241.0,2092.0,1.071223709369025,0.06899420734139404,28 9 14 30 22 32 38 41 10 43 45 4 15 39 34 24 37 35 18 1 12 29 20 25 13
500,Instances_lowcost_H3/abs5n45,2,45,2990.0,2475.0,1.208080808080808,0.03395004200999984,28 33 9 14 5 36 41 23 3 38 10 32 42 30 22 45 43 19 39 15 16 4 34 24 44 17 11 37 35 8 20 29 12 1 26 31 7 18 25 21 40 6 27 13 2
500,Instances_lowcost_H3/abs5n5,0,0,0.0,0.0,nan,nan,
500,Instances_lowcost_H3/abs5n5,1,1,278.0,278.0,1.0,nan,4
500,Instances_lowcost_H3/abs5n5,2,5,896.0,865.0,1.0358381502890173,0.3333333333333333,3 5 4 2 1
500,Instances_lowcost_H3/abs5n50,0,0,0.0,0.0,nan,nan,
500,Instances_lowcost_H3/abs5n50,1,27,2232.0,2275.0,0.9810989010989011,0.02669652207695686,33 32 50 44 4 13 20 36 5 10 25 34 7 27 24 40 8 19 29 15 46 38 47 9 17 30 23
500,Instances_lowcost_H3/abs5n50,2,50,3185.0,3165.0,1.0063191153238547,0.037549847926939044,33 45 26 44 31 4 49 13 20 42 48 12 36 22 38 18 3 15 2 16 19 24 1 40 8 21 27 34 7 25 14 39 6 10 5 46 11 29 17 30 23 41 32 50 28 37 35 43 9 47
500,Instances_lowcost_H6/abs5n10,0,0,0.0,0.0,nan,nan,
500,Instances_lowcost_H6/abs5n10,1,5,1184.0,1184.0,1.0,0.0,8 6 4 10 7
500,Instances_lowcost_H6/abs5n10,2,10,1460.0,1480.0,0.9864864864864865,0.013888888888888888,2 7 9 8 6 5 4 1 3 10
500,Instances_lowcost_H6/abs5n10,3,10,1460.0,1480.0,0.9864864864864865,0.013888888888888888,2 7 9 8 6 5 4 1 3 10
500,Instances_lowcost_H6/abs5n10,4,10,1460.0,1480.0,0.9864864864864865,0.013888888888888888,2 7 9 8 6 5 4 1 3 10
500,Instances_lowcost_H6/abs5n10,5,10,1460.0,1480.0,0.9864864864864865,0.013888888888888888,2 7 9 8 6 5 4 1 3 10
500,Instances_lowcost_H6/abs5n15,0,0,0.0,0.0,nan,nan,
500,Instances_lowcost_H6/abs5n15,1,9,1221.0,1221.0,1.0,0.020833333333333332,9 15 1 3 6 5 2 13 8
500,Instances_lowcost_H6/abs5n15,2,15,1523.0,1469.0,1.0367597004765146,0.021428571428571432,10 7 8 12 11 13 2 5 4 6 14 3 1 15 9
500,Instances_lowcost_H6/abs5n15,3,15,1641.0,1469.0,1.1170864533696392,0.05714285714285715,10 7 8 12 11 13 2 5 4 6 14 3 15 9 1
500,Instances_lowcost_H6/abs5n15,4,15,1523.0,1469.0,1.0367597004765146,0.021428571428571432,10 7 8 12 11 13 2 5 4 6 14 3 1 15 9
500,Instances_lowcost_H6/abs5n15,5,15,1523.0,1469.0,1.0367597004765146,0.021428571428571432,10 7 8 12 11 13 2 5 4 6 14 3 1 15 9
500,Instances_lowcost_H6/abs5n20,0,0,0.0,0.0,nan,nan,
500,Instances_lowcost_H6/abs5n20,1,11,1834.0,1535.0,1.1947882736156352,0.05,19 14 18 8 3 1 20 11 10 4 12
500,Instances_lowcost_H6/abs5n20,2,20,2505.0,2221.0,1.1278703286807745,0.027218782249742,19 14 5 17 18 8 13 3 1 11 10 9 6 2 4 16 20 12 15 7
500,Instances_lowcost_H6/abs5n20,3,20,2505.0,2221.0,1.1278703286807745,0.027218782249742,19 14 5 17 18 8 13 3 1 11 10 9 6 2 4 16 20 12 15 7
500,Instances_lowcost_H6/abs5n20,4,20,2507.0,2221.0,1.1287708239531742,0.035534915720674236,19 2 9 10 6 4 16 14 5 17 18 8 13 3 1 20 11 12 15 7
500,Instances_lowcost_H6/abs5n20,5,20,2524.0,2221.0,1.1364250337685726,0.04914860681114551,19 14 5 17 18 8 13 3 1 20 11 10 9 6 2 4 16 7 15 12
500,Instances_lowcost_H6/abs5n25,0,0,0.0,0.0,nan,nan,
500,Instances_lowcost_H6/abs5n25,1,11,1441.0,1325.0,1.0875471698113208,0.024285714285714285,5 13 6 3 9 24 7 14 16 15 21
500,Instances_lowcost_H6/abs5n25,2,25,2503.0,2284.0,1.0958844133099825,0.09087873931623931,2 11 5 20 1 13 17 6 3 19 9 24 7 18 8 4 22 25 10 21 15 16 14 23 12
500,Instances_lowcost_H6/abs5n25,3,25,2503.0,2284.0,1.0958844133099825,0.09087873931623931,2 11 5 20 1 13 17 6 3 19 9 24 7 18 8 4 22 25 10 21 15 16 14 23 12
500,Instances_lowcost_H6/abs5n25,4,25,2282.0,2284.0,0.999124343257443,0.039729614855388846,2 11 5 20 1 10 21 25 22 4 8 18 7 24 23 9 19 3 6 16 14 12 15 13 17
500,Instances_lowcost_H6/abs5n25,5,25,2436.0,2284.0,1.0665499124343258,0.04921207264957265,2 11 5 20 1 13 17 6 3 19 9 24 7 18 8 4 22 25 10 21 15 16 14 12 23
500,Instances_lowcost_H6/abs5n30,0,0,0.0,0.0,nan,nan,
500,Instances_lowcost_H6/abs5n30,1,15,1851.0,1742.0,1.0625717566016073,0.07196969696969698,1 24 10 11 28 30 27 2 29 4 9 8 19 25 16
500,Instances_lowcost_H6/abs5n30,2,30,2622.0,2221.0,1.180549302116164,0.035992905671859296,1 26 24 20 3 11 28 7 10 23 17 30 15 6 25 19 14 8 9 13 4 29 22 21 2 18 5 12 27 16
500,Instances_lowcost_H6/abs5n30,3,30,2464.0,2221.0,1.1094101755965782,0.042862090127250646,1 26 24 20 3 11 28 7 10 23 17 15 30 12 5 18 2 13 4 29 22 21 9 8 14 16 25 19 6 27
500,Instances_lowcost_H6/abs5n30,4,30,2820.0,2221.0,1.269698334083746,0.04674080430698492,10 1 26 24 20 3 11 7 28 30 17 15 6 25 19 14 8 13 4 22 29 21 2 9 18 5 12 27 23 16
500,Instances_lowcost_H6/abs5n30,5,30,2622.0,2221.0,1.180549302116164,0.035992905671859296,1 26 24 20 3 11 28 7 10 23 17 30 15 6 25 19 14 8 9 13 4 29 22 21 2 18 5 12 27 16
500,Instances_lowcost_H6/abs5n5,0,0,0.0,0.0,nan,nan,
500,Instances_lowcost_H6/abs5n5,1,1,278.0,278.0,1.0,nan,4
500,Instances_lowcost_H6/abs5n5,2,5,896.0,865.0,1.0358381502890173,0.3333333333333333,3 5 4 2 1
500,Instances_lowcost_H6/abs5n5,3,5,896.0,865.0,1.0358381502890173,0.3333333333333333,3 5 4 2 1
500,Instances_lowcost_H6/abs5n5,4,5,896.0,865.0,1.0358381502890173,0.3333333333333333,3 5 4 2 1
500,Instances_lowcost_H6/abs5n5,5,5,896.0,865.0,1.0358381502890173,0.3333333333333333,3 5 4 2 1
