epoch,mean_r_inv,mean_r_vrp,mean_total_reward,mean_fill_fraction,mean_requested_fraction,mean_skip_rate,mean_visits_per_period,mean_tour_len,mean_tour_ref_len,mean_tour_ratio,mean_nn_rank,mean_logit_spread,mean_routing_advantage,mean_total_distance,mean_total_reference,policy_inv,policy_vrp,value,entropy,value_mean,value_explained_var,advantage_bias
1,-3301.0006852691167,-24108.010416666668,-27409.011101935783,0.5138131258658983,0.495193763066911,0.02341076940035273,23.211805555555554,6272.546875,2390.397569444445,2.4231075364348396,0.4969257375479987,0.0017413181169547082,-1.4231075364348396,24108.010416666668,9526.979166666666,-0.0014222973897100033,1.744566172361374,18.398884296417236,0.36667564511299133,-0.05054886266589165,1.3768672943115234e-05,0.3305135667324066
2,-3303.446330180139,-24095.864583333332,-27399.31091351347,0.514683166839585,0.49539939686656,0.02307705026455027,23.182291666666668,6248.105902777778,2379.71875,2.429438794857875,0.4931628092085489,0.010919096795717951,-1.4294387948578748,24095.864583333332,9500.895833333334,-0.0012663100005922967,1.7554495930671692,18.0345721244812,0.40809041261672974,0.093230701982975,0.004782557487487793,0.19103996455669403
3,-3305.658941465677,-24150.229166666668,-27455.888108132338,0.5167817292992652,0.4978680508728656,0.025482804232804235,23.09548611111111,6265.904513888888,2396.6822916666665,2.4217838211903833,0.4955201305704608,0.02848232531780645,-1.421783821190383,24150.229166666668,9552.864583333334,-0.00419610002897719,1.7416134178638458,17.17081069946289,0.4549637585878372,0.3156302571296692,0.034916043281555176,-0.024379152804613113
4,-3302.8216882276665,-24094.114583333332,-27396.93627156099,0.5138784176210527,0.4954509119399719,0.02929012345679012,23.100694444444446,6269.435763888888,2387.532986111111,2.423608076013225,0.49564411517629897,0.0133713792100396,-1.423608076013225,24094.114583333332,9516.75,-0.008378576927094095,1.7566656172275543,14.167271137237549,0.5892896503210068,0.6160992980003357,0.16542327404022217,-0.31131452322006226
5,-3300.1752389447206,-24006.604166666668,-27306.779405611393,0.5130602661352267,0.4923676318592496,0.02755759479717813,23.03125,6235.901041666667,2386.163194444445,2.4223091873054376,0.4938938576229961,0.026855301814386112,-1.4223091873054379,24006.604166666668,9510.0625,-0.00407594809722589,1.7434701025485992,12.465813636779785,0.6225757598876953,1.5325939655303955,0.3989641070365906,-1.2506657838821411
6,-3301.875812122253,-23887.854166666668,-27189.72997878891,0.5213109341962204,0.5030980057393512,0.024076554232804234,23.145833333333332,6203.90798611111,2382.815972222222,2.41316766022663,0.48927405531172935,0.06747054237628454,-1.4131676602266297,23887.854166666668,9504.260416666666,-0.004521531881905627,1.7276503145694733,13.340726852416992,0.6016017943620682,0.4852893352508545,0.3270770311355591,-0.190164253115654
7,-3303.5649485414706,-23480.90625,-26784.471198541465,0.5246667646506677,0.5104740316876106,0.026189925044091716,23.184027777777775,6112.206597222222,2381.737847222222,2.3746097348855066,0.47260282228609835,0.1577597884059184,-1.3746097348855066,23480.90625,9502.104166666666,-0.0021200544113231246,1.6829884350299835,13.554050922393799,0.5996331870555878,-0.2571718096733093,0.27295202016830444,0.5738467574119568
8,-3300.3206829451115,-22822.822916666668,-26123.143599611776,0.531805799382648,0.5155417680895577,0.024055610670194003,23.166666666666668,5928.803819444445,2381.3333333333335,2.3075113382745287,0.46211964747674367,0.26857794013565117,-1.307511338274529,22822.822916666668,9497.416666666666,-0.002378358804054015,1.6011119782924652,10.461265325546265,0.6240622997283936,0.7456636428833008,0.37538230419158936,-0.44620463252067566
9,-3304.2899517945166,-23096.59375,-26400.88370179453,0.5271184858557846,0.511753655400955,0.026300429894179897,23.114583333333332,5998.208333333333,2386.7291666666665,2.329871710916315,0.46798453852808847,0.1619825565144023,-1.3298717109163147,23096.59375,9525.489583333334,-0.006080872079385735,1.6292678713798523,9.05566930770874,0.6992245987057686,0.10767001658678055,0.4875144958496094,0.17582984268665314
10,-3303.5103379550487,-22601.8125,-25905.322837955053,0.5206296912369779,0.5042618675053947,0.03630373677248677,22.850694444444446,5862.425347222222,2370.272569444445,2.2971885179562737,0.4678689771445959,0.22856118189247954,-1.2971885179562737,22601.8125,9469.177083333334,-0.004914720261097849,1.5827840268611908,7.828569531440735,0.6440402567386627,0.7000530362129211,0.5533415079116821,-0.42350852489471436
11,-3300.4048710112347,-22788.135416666668,-26088.540287677915,0.5160264424500703,0.498003849811438,0.02237929894179894,23.194444444444446,5917.871527777777,2383.815972222222,2.303308024873196,0.4550807332412045,0.2377537658544736,-1.3033080248731956,22788.135416666668,9509.135416666666,-0.005563069718203195,1.6041575968265533,6.700741291046143,0.563969299197197,0.7859573364257812,0.6312369108200073,-0.4954710602760315
12,-3304.8277755575677,-22739.90625,-26044.73402555758,0.5269140306727292,0.5116701941523287,0.026472663139329805,23.083333333333332,5918.739583333333,2388.727430555555,2.2984869834251462,0.4517571064183213,0.21224569991327322,-1.2984869834251462,22739.90625,9531.541666666666,-0.002231852359590114,1.588806688785553,6.045604705810547,0.5175703018903732,-0.49144092202186584,0.6509778499603271,0.7978672981262207
13,-3303.487865287456,-22356.96875,-25660.456615287458,0.5331719026725951,0.5178518858220843,0.021069775132275134,23.21875,5798.114583333333,2392.086805555555,2.250734902371964,0.43517557644276317,0.29383744616176005,-1.250734902371964,22356.96875,9538.052083333334,-0.0011560257498969828,1.5379765331745148,5.203145265579224,0.4664394110441208,0.8857280611991882,0.7337816953659058,-0.610988199710846
14,-3301.133666087017,-21751.5625,-25052.69616608703,0.5361667176489155,0.5228696072267162,0.0223285934744268,23.243055555555554,5630.552083333333,2385.0069444444443,2.1977280858795534,0.4256043026488121,0.30947276854614747,-1.1977280858795532,21751.5625,9526.697916666666,-0.0024385225830947377,1.4688382148742676,5.470559239387512,0.4493453800678253,1.0302724838256836,0.728095531463623,-0.7392225861549377
15,-3303.1901659322552,-22528.739583333332,-25831.929749265586,0.5410690499625209,0.5285113076679409,0.02155946869488536,23.232638888888886,5852.18923611111,2393.28125,2.269684371453194,0.4489235504388301,0.24236278795710495,-1.2696843714531942,22528.739583333332,9547.40625,-0.0009379416312893518,1.5571647882461548,5.054305076599121,0.4155031144618988,-0.3883073329925537,0.7727199792861938,0.6934701800346375
16,-3304.632402268593,-22061.59375,-25366.2261522686,0.5381419074458504,0.5261240877831975,0.020623622134038802,23.25,5724.161458333333,2399.8055555555557,2.218029287632705,0.42724140098733,0.288474310510395,-1.2180292876327043,22061.59375,9565.5625,-0.0007325885987915851,1.4947958886623383,4.414185404777527,0.40773211419582367,1.1226327419281006,0.7769432663917542,-0.8372296690940857
17,-3304.707447522536,-22301.875,-25606.582447522534,0.5365752194037925,0.5251683586328809,0.019423500881834213,23.296875,5778.328125,2385.678819444444,2.2499945608676786,0.4332170033500051,0.24108748364132734,-1.2499945608676786,22301.875,9517.25,-0.0013213350718037642,1.5400294959545135,4.70879852771759,0.3741251081228256,1.227403998374939,0.7886878252029419,-0.9343144297599792
18,-3305.149373393464,-22044.25,-25349.399373393462,0.5319412308622566,0.5183003783846895,0.024088679453262787,23.243055555555557,5719.411458333333,2388.4982638888887,2.224284127941593,0.4286709800334177,0.2876223244008534,-1.224284127941593,22044.25,9526.8125,-0.0031273740201464006,1.5052026510238647,4.357568800449371,0.321635901927948,-0.7582608461380005,0.7614225149154663,1.0581692457199097
19,-3305.600800654474,-21480.822916666668,-24786.423717321126,0.5460437560440635,0.5359945775837535,0.017664241622574958,23.322916666666668,5544.88888888889,2399.2864583333335,2.156727500565485,0.4007426205016868,0.35048395324343623,-1.1567275005654851,21480.822916666668,9560.239583333334,-0.00016883269047252014,1.4189876317977905,5.012921392917633,0.27275271713733673,0.3922762870788574,0.8015048503875732,-0.10357251763343811
20,-3305.127590717706,-21723.208333333332,-25028.33592405103,0.5420773694506549,0.5298444958041526,0.017835372574955908,23.302083333333332,5632.770833333333,2397.1927083333335,2.1855114021422604,0.41221333413117617,0.28917499670506513,-1.1855114021422601,21723.208333333332,9568.46875,-0.0009992401092959735,1.4474167227745056,3.896529793739319,0.2888152450323105,0.44457313418388367,0.8045287132263184,-0.16457663476467133
21,-3304.3683899136627,-21277.9375,-24582.305889913663,0.5491860285834962,0.5403747289545006,0.016078869047619047,23.387152777777782,5521.963541666667,2399.0763888888887,2.146877626613144,0.4160599214539768,0.3592352430515069,-1.1468776266131437,21277.9375,9570.114583333334,-0.0022764481354808908,1.399343341588974,4.665155589580536,0.22185340523719788,-1.0139142274856567,0.7766882181167603,1.317230224609375
22,-3303.720056293141,-20951.885416666668,-24255.6054729598,0.5489361473410731,0.5379974213946196,0.017035108024691357,23.357638888888886,5428.317708333334,2392.954861111111,2.1163399126081424,0.38932326336985773,0.40262240903658714,-1.1163399126081428,20951.885416666668,9534.635416666666,-0.002234181034381111,1.3686980605125427,3.928408443927765,0.23031462728977203,0.7478258013725281,0.8062626123428345,-0.45205095410346985
23,-3301.7875647548753,-20806.083333333332,-24107.870898088204,0.5437865006661345,0.533128808459474,0.014614197530864197,23.395833333333332,5390.576388888889,2389.2118055555557,2.1048733946340636,0.38851665697819987,0.40309242457341643,-1.1048733946340639,20806.083333333332,9533.052083333334,0.00034750227742463835,1.3540771007537842,3.867916703224182,0.15586519241333008,1.0257635116577148,0.8158695101737976,-0.7415486574172974
24,-3304.710528600039,-21304.697916666668,-24609.408445266705,0.54971196645449,0.5398956336494949,0.015548941798941798,23.352430555555557,5512.196180555556,2397.6111111111113,2.137188796344116,0.39166248348793303,0.37342377361502077,-1.1371887963441158,21304.697916666668,9557.541666666666,-0.0016409475363689807,1.4084658920764923,4.0995482206344604,0.13363130390644073,-0.5312384963035583,0.804685115814209,0.831581711769104
25,-3303.5195299825923,-20536.041666666668,-23839.56119664926,0.552429712418688,0.5433297611048652,0.01745480599647266,23.355902777777775,5322.758680555556,2393.4166666666665,2.0758706517050065,0.38956350694776676,0.4462880630143389,-1.0758706517050065,20536.041666666668,9540.125,-0.00019029222187438855,1.3166900277137756,3.586228311061859,-0.010933995246887207,0.7654277086257935,0.8123661279678345,-0.4762822985649109
26,-3303.1918292876076,-20483.770833333332,-23786.96266262094,0.554358483252794,0.547007385848297,0.009501763668430335,23.482638888888886,5298.25,2397.609375,2.0652669133644688,0.3837038222025273,0.47651153633893034,-1.0652669133644685,20483.770833333332,9563.3125,-0.0004789048942237528,1.3075622022151947,3.822643995285034,0.018632560968399048,0.8713674545288086,0.8086556196212769,-0.5493261814117432
27,-3304.34619727682,-19863.854166666668,-23168.200363943488,0.5547259068295379,0.5475004442139632,0.015329861111111112,23.399305555555554,5143.824652777777,2392.4010416666665,2.0067035342181936,0.3598169613678377,0.5372406918882492,-1.0067035342181934,19863.854166666668,9542.583333333334,-0.0016056295320261427,1.2437917292118073,3.91500723361969,-0.007410407066345215,-0.44452735781669617,0.815514862537384,0.7102832794189453
28,-3304.318918880878,-19995.822916666668,-23300.141835547533,0.5479134161794825,0.5391729278489947,0.015203373015873012,23.368055555555554,5171.314236111111,2393.6770833333335,2.0200046373628773,0.3727356895429985,0.5178459270075301,-1.0200046373628773,19995.822916666668,9540.083333333334,-0.0010617115786780706,1.2588765323162079,3.492671549320221,0.08157879114151001,0.900080680847168,0.8190258145332336,-0.6177638173103333
29,-3303.257145082584,-19329.125,-22632.38214508258,0.553221429745726,0.5454971978647841,0.01812858245149912,23.333333333333332,4994.512152777777,2393.980902777778,1.956062840631442,0.35963775462309916,0.6133464574326828,-0.956062840631442,19329.125,9547.416666666666,0.00010726450406295385,1.1709072589874268,3.622824728488922,0.06952318549156189,0.9014877080917358,0.8203226327896118,-0.6134379506111145
30,-3299.820644732185,-19452.583333333332,-22752.403978065526,0.5438658301653748,0.533747619845801,0.017479883156966487,23.331597222222218,5029.1875,2388.25,1.97435108785358,0.3487129892930416,0.6140632173553476,-0.9743510878535799,19452.583333333332,9523.291666666666,-0.0016302145434594628,1.1977206468582153,3.7020938396453857,0.13012953102588654,-0.470915824174881,0.8252849578857422,0.771491527557373
31,-3303.488353865887,-19179.333333333332,-22482.821687199223,0.5491776269876575,0.5390772523565425,0.01656856261022928,23.37673611111111,4958.913194444444,2395.3125,1.9431809294783806,0.35307989217912333,0.6354115069375995,-0.9431809294783807,19179.333333333332,9546.114583333334,-0.0038175015555074188,1.1558853387832642,3.4005386233329773,0.16452766954898834,0.7582235336303711,0.8305715322494507,-0.4621509909629822
32,-3303.4078279115147,-18821.0625,-22124.47032791152,0.5348456642279587,0.5238828236340649,0.021529431216931214,23.270833333333332,4863.765625,2400.215277777778,1.9001626918993064,0.3412230349434422,0.6488046028988225,-0.9001626918993063,18821.0625,9564.78125,-0.0023101244575691737,1.1063257157802582,3.589409112930298,0.21573516726493835,0.9698252081871033,0.8267104029655457,-0.6837053298950195
33,-3301.9260319420277,-18904.239583333332,-22206.16561527536,0.5279748746447291,0.5138996142583588,0.02129243827160494,23.192708333333332,4872.100694444444,2385.921875,1.9154840218886167,0.3398016011172315,0.6516819187131802,-0.9154840218886168,18904.239583333332,9512.916666666666,-0.00195145185018486,1.1273087561130524,3.5836474299430847,0.28038039803504944,-0.4001976549625397,0.8394995927810669,0.654775083065033
34,-3298.0223087264476,-19721.729166666668,-23019.751475393117,0.531064341659882,0.5181335443630815,0.027600584215167544,23.142361111111114,5106.395833333333,2376.1041666666665,2.005237407313577,0.3659308044705691,0.5587484099151414,-1.0052374073135768,19721.729166666668,9477.229166666666,-0.0038624502356267576,1.2438404560089111,3.0911203622817993,0.28525401651859283,0.8245217204093933,0.835175096988678,-0.5315282344818115
35,-3299.697017372447,-19137.354166666668,-22437.051184039115,0.5286258093262256,0.5158326275025805,0.024147927689594357,23.107638888888886,4945.359375,2388.508680555555,1.9412987735490344,0.3447837860242909,0.5983095195633603,-0.9412987735490344,19137.354166666668,9523.635416666666,-0.010112531215065168,1.1558142006397247,3.650842785835266,0.30668579041957855,0.9960317015647888,0.8243091106414795,-0.7399136424064636
36,-3303.8616084251753,-18566.364583333332,-21870.226191758513,0.5236665508173837,0.50905701233488,0.02255704365079365,23.204861111111114,4790.89236111111,2382.921875,1.8907887459561687,0.3397921231266638,0.6907541554050619,-0.8907887459561689,18566.364583333332,9506.270833333334,-0.00036032316615974835,1.0918867588043213,3.3039116859436035,0.28781989216804504,-0.41162237524986267,0.8441475629806519,0.6805417537689209
37,-3303.9906825521357,-18368.927083333332,-21672.917765885464,0.5191854742258456,0.5038903517545097,0.029006834215167546,23.081597222222225,4746.730902777778,2389.484375,1.8674790520351419,0.3288215062756947,0.6922678752593899,-0.8674790520351422,18368.927083333332,9536.958333333334,-0.0008701815370315558,1.0661287903785706,3.124653398990631,0.29517173767089844,0.7962038516998291,0.8379080891609192,-0.5257613658905029
38,-3302.2253854398355,-18270.40625,-21572.63163543984,0.5218081816083825,0.5060317068515966,0.022909226190476195,23.20486111111111,4727.84375,2383.9635416666665,1.863887447495065,0.3288424793283948,0.7212951259470972,-0.8638874474950647,18270.40625,9507.447916666666,0.00014987031178376187,1.0575718581676483,3.169831693172455,0.2843519151210785,0.8563747406005859,0.8422147631645203,-0.5571078658103943
39,-3303.842765511274,-18535.21875,-21839.06151551128,0.5238735240501411,0.5096912481304673,0.02325176366843033,23.194444444444443,4802.263888888889,2389.4270833333335,1.889942493732172,0.3368854454145704,0.7056102014875171,-0.8899424937321722,18535.21875,9524.958333333334,-0.001064677158167271,1.0814645886421204,3.079639732837677,0.3141002357006073,-0.5337589383125305,0.8533538579940796,0.8329108357429504
40,-3300.0508743313876,-18493.40625,-21793.457124331384,0.520664271018132,0.5044289912200636,0.021477623456790124,23.152777777777782,4757.96875,2387.986111111111,1.8779965743037266,0.34109131673444876,0.7275647338474655,-0.8779965743037262,18493.40625,9526.260416666666,-8.245402673456859e-05,1.0717005133628845,2.8950632214546204,0.28568607568740845,0.7366650700569153,0.8564901351928711,-0.4552801251411438
41,-3304.2761649772383,-18421.520833333332,-21725.796998310554,0.522410100831368,0.5066068938726352,0.024588844797178128,23.125,4750.550347222222,2388.9131944444443,1.871408434397707,0.33583772834078945,0.7579925639759958,-0.8714084343977072,18421.520833333332,9523.885416666666,-1.5940102466416306e-05,1.0745798349380493,3.144168496131897,0.260411337018013,0.8872688412666321,0.8492016196250916,-0.6108950972557068
42,-3301.307333034641,-17830.84375,-21132.15108303465,0.5203194621231723,0.5044425019683937,0.025085978835978837,23.105902777777775,4588.026041666667,2385.399305555555,1.810795939854156,0.32108037496279435,0.8166697082853399,-0.810795939854156,17830.84375,9522.604166666666,3.547268332404485e-05,1.0017964541912079,2.9962539672851562,0.23650085926055908,-0.48897212743759155,0.8571966290473938,0.7652770280838013
43,-3304.867804726216,-17617.885416666668,-20922.753221392893,0.5162926574524241,0.4982428836325805,0.027050540123456788,23.092013888888886,4532.883680555556,2375.3125,1.7955473237116852,0.31904746741575973,0.8681005158648075,-0.7955473237116855,17617.885416666668,9465.197916666666,-0.0005130753327675652,0.9882560819387436,2.816199839115143,0.21359898149967194,0.7158870697021484,0.8600558042526245,-0.44849464297294617
44,-3299.044165667212,-17122.385416666668,-20421.42958233388,0.5170760684018477,0.5010179850893716,0.027806161816578485,23.065972222222225,4417.465277777777,2382.6197916666665,1.7506171792490672,0.3063547825622351,0.8935327274613479,-0.7506171792490673,17122.385416666668,9509.552083333334,-0.0001044983519848941,0.9252998679876328,2.8937371969223022,0.24532794952392578,0.8123445510864258,0.8566804528236389,-0.5220987200737
45,-3300.399818123342,-17260.6875,-20561.08731812335,0.5109753263391532,0.4936005137343374,0.023386794532627864,23.17361111111111,4444.97048611111,2400.175347222222,1.7501513286390413,0.2994898001350595,0.8892174128915156,-0.7501513286390414,17260.6875,9566.041666666666,-0.0014073740681537217,0.9213273227214813,2.9283193349838257,0.22816374897956848,-0.48087364435195923,0.8659880757331848,0.7606772780418396
46,-3303.9857899256926,-16926.145833333332,-20230.131623259025,0.5144207231465486,0.49815002471829456,0.03046875,22.994791666666668,4358.875,2388.498263888889,1.7253446446464586,0.3003419510766796,0.8948781663588058,-0.725344644646459,16926.145833333332,9532.510416666666,-3.629595668286356e-05,0.8917407989501953,2.6049821376800537,0.2429511398077011,0.8245936036109924,0.8713812828063965,-0.5558420419692993
47,-3298.094882912934,-17096.84375,-20394.93863291293,0.5153472863464454,0.49769896486153203,0.025199790564373895,23.133680555555557,4397.645833333333,2374.461805555555,1.746006793011664,0.30201211600946454,0.8976975898638425,-0.7460067930116642,17096.84375,9472.791666666666,-0.0005763838247123676,0.9266275316476822,2.9202444553375244,0.24617105722427368,0.7881646752357483,0.8585845232009888,-0.5282264947891235
48,-3302.234678042288,-16615.34375,-19917.57842804229,0.5164660250367913,0.5003196871322062,0.026540729717813048,23.097222222222218,4271.744791666667,2381.3663194444443,1.7023097584168116,0.29961029573011433,0.9450704584845822,-0.7023097584168116,16615.34375,9494.53125,-0.0015466748789714213,0.8575901240110397,2.879146099090576,0.20867453515529633,-0.41023752093315125,0.8676769137382507,0.6694096922874451
49,-3299.267449572006,-17191.708333333332,-20490.975782905338,0.5174997488204748,0.49923061905428767,0.02679039902998236,23.107638888888886,4434.092013888889,2379.0694444444443,1.7586026097685028,0.30467506855150667,0.9356365671726833,-0.7586026097685029,17191.708333333332,9491.40625,-0.00023107199553074054,0.9317891001701355,2.481508731842041,0.21244575083255768,0.8141905069351196,0.8748869895935059,-0.5497422814369202
50,-3296.9503850230035,-16841.84375,-20138.794135023,0.5062464305546449,0.48591726795873713,0.027024360670193998,23.111111111111114,4330.392361111111,2386.3125,1.715831525428816,0.29852554776665124,0.9469370097173527,-0.715831525428816,16841.84375,9526.0625,-0.002332469364663581,0.8831259310245514,2.798026978969574,0.2204587161540985,0.8303985595703125,0.8632345199584961,-0.5583450794219971
51,-3299.6732634502937,-16706.65625,-20006.32951345029,0.5157589821275518,0.49685690681346584,0.027644124779541448,23.097222222222225,4303.472222222222,2378.0208333333335,1.7128530343332222,0.3003548382300913,0.9772428214657416,-0.7128530343332221,16706.65625,9486.208333333334,0.00022957289411795756,0.8725576251745224,2.8086888194084167,0.23043511807918549,-0.3496488332748413,0.8710451126098633,0.6173709034919739
52,-3302.851829191672,-16562.770833333332,-19865.622662525002,0.522476881299191,0.5041281866789279,0.019656911375661376,23.234375,4267.302083333333,2386.5625,1.698264815046705,0.2922000287359086,1.02122104414508,-0.6982648150467049,16562.770833333332,9527.958333333334,-0.0019771124521739125,0.8524318337440491,2.618451952934265,0.22739383578300476,0.7685993313789368,0.8675060868263245,-0.49118754267692566
53,-3302.524917217924,-16178.625,-19481.149917217925,0.5126131978224598,0.49399799253377646,0.02815917107583774,23.052083333333332,4153.432291666667,2384.9947916666665,1.6498152887846576,0.2796241326936747,1.0572502473628616,-0.6498152887846577,16178.625,9510.114583333334,0.0003974379730120603,0.8063271641731262,2.779199779033661,0.2061740756034851,0.8626596331596375,0.8652403354644775,-0.5856140851974487
54,-3303.533537218164,-16000.34375,-19303.877287218158,0.5191281674614557,0.5018250388093294,0.02480461860670194,23.112847222222218,4110.868055555556,2380.710069444445,1.6348142429834855,0.26820655344687255,1.086385894969748,-0.6348142429834855,16000.34375,9500.520833333334,-0.004229246530531139,0.7904756218194962,2.8197975158691406,0.21949198842048645,-0.2679736316204071,0.8678960800170898,0.5607109069824219
55,-3299.4437049654844,-16062.197916666666,-19361.641621632163,0.5174478265819509,0.500979431801372,0.026560295414462077,23.0625,4117.585069444444,2395.043402777778,1.629409761825805,0.2728314316375639,1.090010060085054,-0.629409761825805,16062.197916666666,9543.614583333334,0.00047846051322930627,0.7883022874593735,2.633948266506195,0.25825053453445435,0.7932376265525818,0.861520528793335,-0.5217236280441284
56,-3300.4246836305406,-15785.489583333334,-19085.91426696388,0.5164727885696164,0.5003499338765525,0.030203648589065258,23.019097222222225,4055.6302083333335,2369.8888888888887,1.625132119503865,0.27308981324408443,1.1205175683063355,-0.6251321195038648,15785.489583333334,9458.71875,-0.003397868126583825,0.7738016545772552,3.00150865316391,0.23940034210681915,0.9884840846061707,0.8615386486053467,-0.717050313949585
57,-3301.909497777364,-15635.6875,-18937.59699777737,0.5163824488196797,0.49795603612437844,0.027073688271604935,23.052083333333332,4011.0208333333335,2384.253472222222,1.6006029889303204,0.2651802444805113,1.136458976772943,-0.6006029889303205,15635.6875,9506.229166666666,-5.008282121021779e-05,0.742843896150589,2.721533477306366,0.17416991293430328,-0.18126289546489716,0.8788661360740662,0.4450889229774475
58,-3302.033515578268,-15718.15625,-19020.18976557825,0.513800400538967,0.49572845413866967,0.02642361111111111,23.064236111111114,4034.65625,2376.5555555555557,1.6137543404808479,0.27265993818560014,1.1554049544596847,-0.6137543404808481,15718.15625,9492.552083333334,-0.00010793695406707826,0.7553151100873947,2.4689416885375977,0.1421373039484024,0.8907488584518433,0.8719544410705566,-0.5994901657104492
59,-3301.803295106467,-15615.572916666666,-18917.37621177314,0.5223704042218983,0.505536119091428,0.02455935846560846,23.157986111111114,4010.2204861111113,2385.3697916666665,1.598963597543368,0.2685111885322407,1.169699559907511,-0.598963597543368,15615.572916666666,9518.333333333334,-0.0003493642688768839,0.7431199848651886,2.8790417313575745,0.16798047721385956,0.8861083388328552,0.8619909882545471,-0.6109387874603271
60,-3301.2327299412627,-15810.729166666666,-19111.96189660793,0.5185300840334017,0.500833305840691,0.02497051366843034,23.133680555555554,4065.467013888889,2390.9982638888887,1.6146586527552975,0.2700982895405508,1.1499761723266968,-0.6146586527552979,15810.729166666666,9535.895833333334,-0.0005589387509088439,0.757371112704277,2.5902469158172607,0.1675613969564438,-0.27322104573249817,0.880711555480957,0.5610538125038147
61,-3299.692589347392,-15429.78125,-18729.473839347396,0.5145733420098247,0.49807025368014973,0.024146549823633155,23.147569444444446,3961.282986111111,2386.800347222222,1.580870763570914,0.26865686699497443,1.2248453227136913,-0.5808707635709144,15429.78125,9532.802083333334,-0.0009219655728865961,0.7128536701202393,2.529555022716522,0.17291100323200226,0.7874444723129272,0.8720840811729431,-0.5246195793151855
62,-3298.2871557776725,-15508.583333333334,-18806.870489111006,0.5136378896853281,0.4951640001187722,0.024938547178130512,23.125,3990.753472222222,2397.303819444445,1.5822876052669965,0.2598744163879339,1.2557121820832993,-0.5822876052669966,15508.583333333334,9549.385416666666,-0.0008074458690847663,0.7155246734619141,2.5725088119506836,0.2013939917087555,0.7936128377914429,0.8738712072372437,-0.5172082781791687
63,-3307.982063495639,-15305.135416666666,-18613.11748016231,0.5204224795820106,0.5047063212841749,0.026463018077601413,23.102430555555557,3917.921875,2391.576388888889,1.5625640491416224,0.2570892809559094,1.3175175941295374,-0.5625640491416223,15305.135416666666,9539.46875,-0.0012246590338307328,0.6942510455846786,2.636776924133301,0.25262269377708435,-0.3462895154953003,0.8750016689300537,0.6204192638397217
64,-3303.024860599568,-15536.65625,-18839.681110599566,0.5166483987967608,0.5008762777886456,0.02876763668430335,23.034722222222225,3988.5173611111113,2383.152777777778,1.5922357458565957,0.25415455033141515,1.2466700843319953,-0.5922357458565956,15536.65625,9506.90625,-0.0003962270504898058,0.7312093824148178,2.4177441000938416,0.34765303134918213,0.6526883244514465,0.8796884417533875,-0.3876754343509674
65,-3299.046036846325,-15460.010416666666,-18759.056453512992,0.5256042348968037,0.5091887758527366,0.02253995811287478,23.178819444444446,3975.331597222222,2388.1788194444443,1.585432038540141,0.2523354016490054,1.2066891920573168,-0.5854320385401409,15460.010416666666,9511.791666666666,-0.008248277370714485,0.7212171405553818,2.4396079778671265,0.3961716964840889,0.679221510887146,0.8775207996368408,-0.38545849919319153
66,-3300.4522949983098,-15443.270833333334,-18743.72312833164,0.5160534501026075,0.4959061318594548,0.032134865520282184,22.946180555555554,3976.350694444445,2376.46875,1.589833342454325,0.2669180578383374,1.204730243764262,-0.5898333424543247,15443.270833333334,9483.072916666666,-0.00016590647341807596,0.7258593738079071,2.439678728580475,0.4838600903749466,-0.30976495146751404,0.8758964538574219,0.6020530462265015
67,-3304.750785329658,-15319.385416666666,-18624.136201996327,0.5156919488049728,0.49693492986261845,0.03225308641975309,22.98611111111111,3924.850694444444,2380.329861111111,1.5681220722678928,0.2508029621115204,1.2437221813632802,-0.5681220722678928,15319.385416666666,9499.041666666666,-0.0026011537029078657,0.7059342861175537,2.4703851342201233,0.4365890994668007,0.5704926252365112,0.8720045685768127,-0.32476651668548584
68,-3303.858623587154,-15128.28125,-18432.139873587155,0.5021241060868088,0.4817419553486009,0.033093309082892416,22.961805555555554,3888.3159722222226,2386.203125,1.552426626455021,0.2566912765634907,1.2368520426520242,-0.5524266264550214,15128.28125,9519.28125,0.0008056083362787403,0.6834743618965149,2.5527636408805847,0.4267404228448868,0.8808999061584473,0.8798098564147949,-0.5870852470397949
69,-3301.857854758053,-14869.0,-18170.85785475805,0.5039894807242055,0.4829083540373378,0.0317554012345679,22.953125,3817.6892361111113,2381.831597222222,1.5285763195088162,0.23629576480891715,1.2856740646436473,-0.5285763195088165,14869.0,9493.916666666666,-0.003401653510706426,0.6574938297271729,2.528585135936737,0.44640738517045975,-0.30166155099868774,0.8786033987998962,0.5754072666168213
70,-3305.136980611283,-14514.739583333334,-17819.876563944617,0.49402356764666316,0.4702568773387206,0.039145171957671955,22.782986111111114,3720.319444444445,2368.515625,1.5040693480242797,0.23999070064582437,1.3202426277282948,-0.5040693480242798,14514.739583333334,9465.34375,-0.004955241908766117,0.6168164312839508,2.3546576499938965,0.4145883396267891,0.7292925119400024,0.8788976669311523,-0.45867523550987244
71,-3301.316043153154,-14533.052083333334,-17834.368126486483,0.4993839573108421,0.47783921255419654,0.03833471119929453,22.861111111111114,3725.0642361111113,2357.329861111111,1.5075151013519699,0.23063264394259977,1.3410624126247332,-0.5075151013519698,14533.052083333334,9419.989583333334,-0.0014813344254196448,0.6331361085176468,2.5513312816619873,0.42030224204063416,0.7856545448303223,0.87345951795578,-0.5082268118858337
72,-3298.9628426237073,-14595.15625,-17894.119092623714,0.5122892823663373,0.49435305403959423,0.030524415784832448,22.979166666666668,3738.637152777778,2377.8350694444443,1.501635754610831,0.24043688137439911,1.343769899859083,-0.5016357546108309,14595.15625,9482.479166666666,-0.0005344834971490187,0.6221643090248108,2.476306736469269,0.4382922202348709,-0.3156103789806366,0.8821007609367371,0.5851189494132996
73,-3301.2734730622255,-14452.708333333334,-17753.98180639556,0.5116160396040338,0.4913674743535618,0.031952711640211635,22.93923611111111,3711.2395833333335,2371.418402777778,1.4935259563237562,0.23385000207096496,1.403069463735884,-0.4935259563237564,14452.708333333334,9459.614583333334,-0.00325197364895069,0.6115785390138626,2.191516876220703,0.4237722158432007,0.6995583176612854,0.8890745639801025,-0.42269665002822876
74,-3302.8961141885047,-14425.989583333334,-17728.88569752184,0.5127602211824343,0.49293858935642576,0.029679508377425046,23.0,3688.913194444444,2384.9687500000005,1.4826089497352772,0.22327490138195497,1.3925727439355056,-0.4826089497352773,14425.989583333334,9512.135416666666,-0.0008995895720240732,0.6007673144340515,2.3513172268867493,0.3334261626005173,0.7512761950492859,0.8825153112411499,-0.48353877663612366
75,-3298.487566331958,-14382.625,-17681.112566331958,0.5087205964295548,0.4886547817538182,0.033987819664902996,23.012152777777782,3685.4045138888887,2385.253472222222,1.4769072823701646,0.22301756538715156,1.3702790331497612,-0.47690728237016433,14382.625,9522.4375,-0.0009860548899553734,0.592894583940506,2.378795027732849,0.297959566116333,-0.24414917826652527,0.8853670954704285,0.5077002048492432
76,-3302.806088515849,-14123.291666666666,-17426.09775518252,0.5109688954304586,0.4908093131768207,0.03109402557319224,22.991319444444443,3611.5052083333335,2388.0104166666665,1.4518127198204323,0.2085932764924642,1.4522131507127813,-0.4518127198204325,14123.291666666666,9529.010416666666,-0.002944162484103341,0.5578715354204178,2.2780531644821167,0.2906852811574936,0.690711498260498,0.8806388974189758,-0.42898982763290405
77,-3300.736116613071,-14193.333333333334,-17494.0694499464,0.5020152744403367,0.4806532578853269,0.03631558641975308,22.921875,3636.75,2386.022569444445,1.4576226113519546,0.20823148307658748,1.5486124948420936,-0.45762261135195464,14193.333333333334,9513.541666666666,-0.0036610840094239983,0.574483260512352,2.394100248813629,0.3086641803383827,0.8132737278938293,0.8843057155609131,-0.5690063834190369
78,-3303.2532031713376,-13987.125,-17290.378203171338,0.4947204132000897,0.47198356900157207,0.037838403880070544,22.828125,3584.328125,2373.800347222222,1.44656513957777,0.20480889963306037,1.561203485291135,-0.4465651395777699,13987.125,9485.614583333334,-0.0009018377432683522,0.5526135712862015,2.392268806695938,0.27970661222934723,-0.23588530719280243,0.8901960253715515,0.4800008237361908
79,-3299.828206537073,-13653.697916666666,-16953.526123203737,0.4907229182523216,0.4644520031805668,0.04030065035273369,22.739583333333332,3503.796875,2357.446180555555,1.4258706277365434,0.2019069852342821,1.6829939523179407,-0.42587062773654355,13653.697916666666,9410.947916666666,-0.001800779573092548,0.5250181257724762,2.131424069404602,0.20999182760715485,0.8298683762550354,0.8891223669052124,-0.5494098663330078
80,-3303.685309746393,-13432.729166666666,-16736.414476413065,0.48736794650540416,0.4603010813912583,0.04658289241622574,22.684027777777782,3432.451388888889,2368.9895833333335,1.3884461196883613,0.1896188252567347,1.715873647756827,-0.38844611968836135,13432.729166666666,9439.666666666666,-0.0018455675132709182,0.49609073996543884,2.4386250376701355,0.2077568918466568,0.8728603720664978,0.8846057057380676,-0.5991631150245667
81,-3302.122776745631,-13617.71875,-16919.841526745633,0.47834246522372487,0.4490606340114027,0.04619075176366843,22.682291666666668,3493.1128472222226,2359.0833333333335,1.4150231957175265,0.19578717931024636,1.7148534449007855,-0.41502319571752677,13617.71875,9414.34375,-0.002576046804968035,0.5250779837369919,2.4672656059265137,0.16804417967796326,-0.1745292842388153,0.8883617520332336,0.44278383255004883
82,-3301.9791040546393,-13801.822916666666,-17103.80202072131,0.47461697156764465,0.4443339292839584,0.050839947089947095,22.541666666666668,3537.0763888888887,2360.246527777778,1.4323454488936118,0.18912159093057102,1.7745957303829758,-0.432345448893612,13801.822916666666,9421.052083333334,-0.0009902265824488499,0.5432273149490356,2.1908764243125916,0.18194012343883514,0.9897711277008057,0.8903769850730896,-0.7396600842475891
83,-3303.039156467313,-13523.979166666666,-16827.018323133972,0.4669709194626071,0.4362474371316946,0.05709435626102293,22.498263888888886,3460.321180555556,2353.8298611111113,1.4090895855887118,0.1918613793850156,1.746598486899436,-0.40908958558871206,13523.979166666666,9390.28125,0.0006774676536833724,0.5158177465200424,2.390592396259308,0.1286994218826294,0.6635040640830994,0.8776990175247192,-0.42603594064712524
84,-3303.215810494292,-13770.229166666666,-17073.44497716095,0.46361900169007625,0.4293639730248187,0.05688299162257495,22.440972222222218,3520.861111111111,2357.194444444445,1.4297981360076193,0.19637186831804457,1.779034757075222,-0.42979813600761935,13770.229166666666,9418.322916666666,-0.0004489523425439401,0.5396894216537476,2.198552429676056,0.18606117367744446,-0.21305441856384277,0.8824456334114075,0.47272437810897827
85,-3299.727380007255,-13056.270833333334,-16355.998213340581,0.4740510222705705,0.4429148034089141,0.05237985008818342,22.369791666666668,3344.3854166666665,2355.725694444445,1.3635495829365263,0.17995943048860372,1.828035515518384,-0.36354958293652634,13056.270833333334,9402.416666666666,-0.00046165189651403704,0.46281374245882034,2.38034725189209,0.19093085825443268,0.36362573504447937,0.8823303580284119,-0.10879632085561752
86,-3303.372417474271,-13582.135416666666,-16885.507834140943,0.46836725821186365,0.4361976767217533,0.05784694664902998,22.355902777777775,3464.5121527777787,2354.203125,1.4133670099013045,0.18139212682394681,1.8474950187597923,-0.4133670099013044,13582.135416666666,9393.40625,-0.0028224996543333436,0.5192768722772598,2.2228431701660156,0.27346402406692505,0.6357375383377075,0.8927760720252991,-0.3873326778411865
87,-3298.5614424141513,-13604.375,-16902.936442414153,0.476906056225845,0.4455217416398227,0.05200920414462081,22.4375,3479.8784722222226,2353.7986111111113,1.415007979245967,0.18884405373078958,1.8992111905738713,-0.4150079792459673,13604.375,9402.770833333334,0.0003750656293839416,0.5252388417720795,2.2516285181045532,0.32839789241552353,-0.4235629737377167,0.8858557939529419,0.6627532243728638
88,-3302.2462106967782,-13350.989583333334,-16653.235794030104,0.4723436787617003,0.44011792990689474,0.05701030643738977,22.342013888888886,3424.157986111111,2345.644097222222,1.3990441142498014,0.17997923294388218,1.929517070469655,-0.3990441142498012,13350.989583333334,9355.072916666666,-0.004211113106746302,0.4989004135131836,2.2722557187080383,0.3592589199542999,0.51243656873703,0.89084792137146,-0.26044324040412903
89,-3302.5709441534623,-13810.46875,-17113.039694153467,0.4667968419637876,0.4322276070920957,0.06256365740740741,22.213541666666668,3543.2291666666665,2344.2725694444443,1.4425687611909197,0.1936474166144899,1.8993296715541172,-0.4425687611909199,13810.46875,9347.197916666666,-0.007488619586725864,0.5605501085519791,2.1612051725387573,0.30114639550447464,0.5822173357009888,0.890800952911377,-0.3433569073677063
90,-3302.658134000106,-14573.125,-17875.783134000103,0.4604801077409057,0.42276435112580657,0.06855847663139329,22.069444444444446,3729.2864583333335,2329.1927083333335,1.5149890616566293,0.2054726809159718,1.863902982741891,-0.5149890616566292,14573.125,9301.864583333334,-0.005822099934595482,0.6650098264217377,2.2161638140678406,0.1937500238418579,-0.37967196106910706,0.8898054361343384,0.611110508441925
91,-3302.33783092935,-14820.197916666666,-18122.53574759602,0.44728552791533566,0.40659651149892145,0.07219053130511463,22.024305555555554,3808.024305555556,2348.34375,1.5396893515906391,0.22232347726888502,1.7073086842625145,-0.539689351590639,14820.197916666666,9357.385416666666,-0.0004955597403824008,0.6826667189598083,2.1329397559165955,0.07265332341194153,0.5404604077339172,0.8939794898033142,-0.3005902171134949
92,-3301.3523029398857,-14286.697916666666,-17588.05021960655,0.44550653688571695,0.40270202130907107,0.06849619708994709,22.039930555555554,3667.774305555556,2339.887152777778,1.492136784961857,0.20276673264707046,1.7502217158365587,-0.49213678496185703,14286.697916666666,9355.864583333334,-0.0037890255031989284,0.6235749274492264,2.156055212020874,0.012190133333206177,0.6365391612052917,0.8923655152320862,-0.41003164649009705
93,-3302.6951174896935,-15376.385416666666,-18679.08053415636,0.4474136734308269,0.4076028507875485,0.0690051807760141,22.052083333333332,3945.784722222222,2336.993055555555,1.6005334015841417,0.2279396918398611,1.465513311290108,-0.600533401584142,15376.385416666666,9341.96875,0.0004668041381390431,0.7508512288331985,2.2635679244995117,0.22940926253795624,-0.33239901065826416,0.8874822854995728,0.5367801785469055
94,-3301.1800787475895,-15381.4375,-18682.617578747588,0.450949953093001,0.41231984044942593,0.06768628747795415,22.133680555555554,3945.9114583333335,2338.559027777778,1.5991838392038824,0.23250757431678423,1.3541715634565625,-0.5991838392038825,15381.4375,9343.520833333334,-0.0037468997561702633,0.7498719692230225,2.0284909307956696,0.2547474652528763,0.5279985666275024,0.8967000842094421,-0.3149453103542328
95,-3301.531228685654,-15428.697916666666,-18730.229145352325,0.4498993726324652,0.4096847122289344,0.07566550925925926,21.94027777777778,3953.415625,2341.5607638888887,1.6002091998271337,0.24795046942889673,1.2863779538248334,-0.6002091998271338,15428.697916666666,9339.697916666666,-0.0018591921505484166,0.7510233670473099,2.2654923796653748,0.19444794952869415,0.6790241003036499,0.8897523283958435,-0.4896107017993927
96,-3302.8319723512195,-15408.229166666666,-18711.061139017893,0.4518627692954184,0.41225364491240013,0.07874531525573193,21.927083333333332,3952.8802083333335,2329.4583333333335,1.6076573855295588,0.24713008770628417,1.1817310590212118,-0.607657385529559,15408.229166666666,9297.520833333334,0.0006316891045901052,0.7617822885513306,2.1381164491176605,0.25086934864521027,-0.31113049387931824,0.895555853843689,0.5270593166351318
97,-3300.8752048106035,-15253.135416666666,-18554.010621477264,0.4436687345353502,0.4002076329715136,0.07749366181657848,21.817708333333332,3911.0034722222226,2335.4947916666665,1.587332563009982,0.2537863362501782,1.1732911161455404,-0.5873325630099818,15253.135416666666,9315.364583333334,0.0019959277047711943,0.7346871793270111,2.113543540239334,0.05769026279449463,0.5858350396156311,0.8904016017913818,-0.3922043740749359
98,-3301.6913125265964,-15177.322916666666,-18479.01422919326,0.43230423970513115,0.38814517157152295,0.08323853615520281,21.67361111111111,3885.217013888889,2324.7118055555557,1.589878467512299,0.24900409105320417,1.1304237513772333,-0.5898784675122991,15177.322916666666,9276.958333333334,-0.001852136332397114,0.730568453669548,2.171394497156143,-0.01825776696205139,0.768950879573822,0.8974456787109375,-0.5853973031044006
99,-3303.810459231538,-15094.21875,-18398.029209231536,0.4444908637907514,0.4009978297787408,0.07399801587301587,21.979166666666668,3871.4704861111113,2337.2239583333335,1.5733303376890575,0.25076925069150474,1.1386877995345859,-0.5733303376890573,15094.21875,9343.604166666666,-0.0004965954839728504,0.7154760211706161,2.101341128349304,0.10798583924770355,-0.26796606183052063,0.8978256583213806,0.5019851922988892
100,-3298.3006840237354,-14511.947916666666,-17810.248600690404,0.4432485836995599,0.4001777144925048,0.07282765652557319,21.984375,3704.857638888889,2327.6684027777774,1.5173633364430428,0.2273560198094388,1.140081914024643,-0.5173633364430429,14511.947916666666,9301.322916666666,-0.0014310224388015547,0.6474266797304153,2.273822009563446,0.19934162497520447,0.6180347204208374,0.8831665515899658,-0.43190228939056396
101,-3303.2231620084785,-14414.895833333334,-17718.11899534181,0.4508081023189385,0.40939713913636905,0.06844879850088183,22.053819444444443,3686.0364583333335,2338.024305555555,1.504329530636899,0.23019796711796295,1.2551835288651905,-0.504329530636899,14414.895833333334,9343.447916666666,-0.0011063441331380375,0.6293093711137772,2.039469689130783,0.24012461304664612,0.6816712021827698,0.9018269777297974,-0.4850945472717285
102,-3301.1564822730347,-14185.947916666666,-17487.104398939697,0.45687821387123934,0.4164447677839133,0.07411265432098765,22.034722222222218,3618.934027777778,2338.8003472222226,1.4796873204503085,0.2207121417859109,1.3291422907467576,-0.47968732045030854,14185.947916666666,9337.6875,-0.00019686307378563583,0.5979065597057343,2.0931657552719116,0.32891635596752167,-0.4110663831233978,0.898632824420929,0.6218861937522888
103,-3303.7482826767105,-13928.385416666666,-17232.13369934339,0.46120108919447955,0.42337274890289534,0.06606784611992945,22.126736111111114,3562.2135416666665,2334.105902777778,1.4617524961094903,0.21459046694433237,1.3525669307866857,-0.46175249610949026,13928.385416666666,9323.197916666666,-0.0014271915477532815,0.5714025795459747,2.1217184960842133,0.3354865685105324,0.5474315881729126,0.8964719772338867,-0.32963812351226807
104,-3299.6779254289595,-13831.125,-17130.80292542896,0.4613442926469913,0.42290148762468666,0.07489858906525573,21.961805555555554,3528.982638888889,2329.625,1.45041223441813,0.2199948015319946,1.3337201813303017,-0.4504122344181303,13831.125,9315.020833333334,-0.0004606761001997306,0.5633077323436737,2.034962922334671,0.38778992742300034,0.6219772100448608,0.8989679217338562,-0.38848334550857544
105,-3301.9702762013258,-13752.697916666666,-17054.66819286799,0.4652062491417124,0.4280541600245568,0.06588238536155204,22.145833333333332,3511.8784722222226,2343.5329861111113,1.4381396602298269,0.21350043702413243,1.4521657312470102,-0.43813966022982687,13752.697916666666,9359.28125,-0.0008665558095960479,0.5448213666677475,2.214589774608612,0.3003649637103081,-0.40987011790275574,0.8920273184776306,0.624533474445343
106,-3298.915035951823,-13221.21875,-16520.133785951828,0.4619620905912753,0.427226789890685,0.06847167107583775,22.11111111111111,3370.7777777777774,2325.368055555555,1.392294997865867,0.1902072750834086,1.5223129349507776,-0.39229499786586697,13221.21875,9288.479166666666,-0.0032056303320904256,0.4952756017446518,2.004848062992096,0.27654197812080383,0.5668255090713501,0.900833010673523,-0.3603212237358093
107,-3299.702511831554,-13823.364583333334,-17123.067095164897,0.4595731862426702,0.4241674154893391,0.06801752645502646,22.064236111111114,3539.0625,2337.2274305555557,1.452122079065239,0.21494808745380356,1.388316923162006,-0.45212207906523877,13823.364583333334,9329.46875,-0.001706289628187252,0.5591984391212463,2.0909431874752045,0.1956242173910141,0.6010390520095825,0.8949266672134399,-0.37053224444389343
108,-3302.538506577874,-13431.541666666666,-16734.080173244532,0.45317767060071973,0.41485946565969956,0.07166473765432098,22.074652777777775,3439.689236111111,2319.4583333333335,1.4205158545661074,0.19969837772793286,1.4685328967885578,-0.42051585456610746,13431.541666666666,9262.447916666666,-0.0025516299385639485,0.5229905545711517,2.1971025466918945,0.16597391664981842,-0.3619648218154907,0.8894039988517761,0.5790332555770874
109,-3307.691159131138,-12811.583333333334,-16119.274492464472,0.45498841932708295,0.41443649277142763,0.07394675925925925,21.980902777777782,3269.321180555555,2331.696180555555,1.3520199808294757,0.18773239007667977,1.587279440492247,-0.35201998082947566,12811.583333333334,9297.822916666666,-0.0032978545982541158,0.4398024082183838,2.0888014137744904,0.08618611097335815,0.48888275027275085,0.8952357769012451,-0.27542078495025635
110,-3298.277278012691,-12598.447916666666,-15896.725194679357,0.4453855129345643,0.403331245502664,0.07432264109347443,21.975694444444446,3217.4670138888887,2328.7829861111113,1.3345699633983419,0.1830945693652394,1.669152795350218,-0.33456996339834194,12598.447916666666,9301.135416666666,0.0004903092659067632,0.41281770914793015,2.0393710136413574,-0.06608809530735016,0.668480634689331,0.8976390361785889,-0.4401322901248932
111,-3300.7706197162624,-12338.989583333334,-15639.760203049604,0.44465239098610704,0.40131866683562595,0.08121114417989418,21.838541666666668,3130.6996527777774,2336.9270833333335,1.297604974341086,0.17804849195430392,1.7179299496585319,-0.29760497434108607,12338.989583333334,9330.395833333334,-0.0001255481451352125,0.3755608946084976,2.0645646452903748,-0.08182193338871002,-0.29940223693847656,0.8989067077636719,0.46736499667167664
112,-3299.2873655773587,-12140.125,-15439.412365577375,0.44582565822259274,0.40286713057301116,0.07022238756613756,21.954861111111114,3088.199652777778,2334.359375,1.2820087532613909,0.17444480785093516,1.774914096747417,-0.28200875326139085,12140.125,9334.510416666666,-0.0014025063587310704,0.3508807197213173,1.944087415933609,-0.21152105927467346,0.4712405800819397,0.8957004547119141,-0.22632072865962982
113,-3301.612215097206,-12008.3125,-15309.9247150972,0.4434651506278057,0.39899752734022004,0.07935791446208112,21.802083333333332,3056.5659722222226,2325.295138888889,1.2755851019901725,0.1665719685821304,1.851102499358631,-0.2755851019901727,12008.3125,9292.0625,-0.00041175490461148323,0.34308044612407684,2.1770179271698,-0.2996615469455719,0.7639967799186707,0.895190417766571,-0.5428746342658997
114,-3299.3178454172576,-11826.6875,-15126.00534541726,0.4338024765202282,0.38898284746230477,0.08124476410934744,21.866319444444443,3010.267361111111,2323.777777777778,1.25825170600932,0.1575358004066222,1.9731519205415944,-0.25825170600931996,11826.6875,9278.541666666666,-0.0017783415499096344,0.3242623582482338,2.1917604506015778,-0.45990994572639465,-0.16703611612319946,0.890450656414032,0.37123411893844604
115,-3300.527074544088,-11568.791666666666,-14869.318741210753,0.4263061949048444,0.379205474552388,0.0815106922398589,21.746527777777775,2940.2777777777774,2316.5729166666665,1.2350564559631099,0.15316965952282766,2.0035133082816947,-0.23505645596310984,11568.791666666666,9270.135416666666,6.612371994330069e-05,0.29793286323547363,2.1567875146865845,-0.49934305250644684,0.26995849609375,0.8848600387573242,-0.05859192833304405
116,-3302.031620039366,-11185.104166666666,-14487.13578670603,0.43184008289453296,0.38411801230783266,0.08056189373897707,21.776041666666668,2836.513888888889,2332.659722222222,1.189503376731403,0.14163088745596195,2.2218319051749162,-0.18950337673140286,11185.104166666666,9289.572916666666,-0.0017645576415521447,0.2428455986082554,2.2368024587631226,-0.46159715950489044,0.6556137800216675,0.8915575742721558,-0.44434186816215515
117,-3300.8513226092145,-11054.947916666666,-14355.79923927588,0.43939387559766346,0.39498731429274714,0.07866925705467372,21.93576388888889,2810.486111111111,2324.246527777778,1.1827651034615525,0.13215035952752455,2.3202949001046957,-0.1827651034615525,11054.947916666666,9282.03125,-0.0014646099734083595,0.22828427702188492,2.1395684480667114,-0.4091733545064926,-0.18476876616477966,0.8818931579589844,0.4112415611743927
118,-3300.5977192736914,-10783.84375,-14084.44146927369,0.42972426433824823,0.3810425801202655,0.08273148148148148,21.76388888888889,2724.90625,2321.840277777778,1.1532507134331016,0.1253986975809075,2.422041140013246,-0.1532507134331017,10783.84375,9262.895833333334,9.944012877749486e-05,0.19668462127447128,2.163167417049408,-0.6357733085751534,0.16261936724185944,0.884285032749176,0.045174069702625275
119,-3305.8983020468354,-10725.8125,-14031.710802046831,0.42627030760111007,0.3775386847296936,0.07590718694885362,21.888888888888886,2708.3315972222226,2335.050347222222,1.1432066796653992,0.12026212479994093,2.608782785243435,-0.14320667966539932,10725.8125,9318.729166666666,-0.0034393337990317185,0.18077989295125008,2.2395302057266235,-0.8053944185376167,0.6937585473060608,0.8930149078369141,-0.4950779974460602
120,-3299.356699807268,-10485.21875,-13784.575449807264,0.41999835771053773,0.36852744038009805,0.07803488756613756,21.75,2646.366319444445,2325.7552083333335,1.1225719958167915,0.1121612986216019,2.743256259270858,-0.12257199581679135,10485.21875,9286.885416666666,-4.962070803138374e-07,0.1559850163757801,2.0969542860984802,-1.063583143055439,-0.21981213986873627,0.8924479484558105,0.4062640964984894
121,-3299.6630411259325,-10266.458333333334,-13566.121374459255,0.4081159167974335,0.35192609345540404,0.0949523258377425,21.456597222222218,2588.9635416666665,2315.5381944444443,1.1029989376567222,0.10912997039236033,2.8619178580711626,-0.10299893765672226,10266.458333333334,9259.15625,-0.007595200693667703,0.13552430272102356,2.050500988960266,-1.2728280127048492,0.2577483355998993,0.8920603394508362,-0.06493168324232101
122,-3297.9400404042276,-10212.53125,-13510.47129040423,0.40219272347586693,0.34295912806151635,0.0879811507936508,21.560763888888886,2577.421875,2316.9305555555557,1.0986606515146484,0.10872217785460969,3.006265330732217,-0.09866065151464849,10212.53125,9263.875,0.00011446277432072827,0.12616859003901482,2.188271999359131,-1.4959636479616165,0.6832547187805176,0.893471360206604,-0.4873555898666382
123,-3299.475782506736,-10025.010416666666,-13324.486199173405,0.40466774270374145,0.3468580667783196,0.09461888227513227,21.434027777777782,2524.388888888889,2311.796875,1.078477092332171,0.10453870597285936,3.2911345847074287,-0.078477092332171,10025.010416666666,9237.197916666666,-0.0012071836999987262,0.10877583175897598,2.291741967201233,-1.3747212588787079,-0.35576876997947693,0.8873769044876099,0.5293532609939575
124,-3298.632766688345,-10018.5,-13317.132766688339,0.4044037297436014,0.3490786392681507,0.09105324074074074,21.524305555555557,2526.506944444445,2315.361111111111,1.0741757826008806,0.10006583624045651,3.4833217590229695,-0.07417578260088059,10018.5,9248.104166666666,-0.005981027584339493,0.10888119973242283,2.1001092195510864,-1.2627221792936325,0.5431860685348511,0.8952915668487549,-0.34959205985069275
125,-3299.943407645577,-10130.5625,-13430.505907645582,0.4152568566626022,0.36037215831068653,0.08441330467372136,21.666666666666668,2554.3211805555557,2326.2638888888887,1.084927878342487,0.09694854006778257,3.765905638679867,-0.0849278783424869,10130.5625,9292.53125,-0.0009160591943135898,0.11705213226377964,2.2028645873069763,-1.1784215569496155,0.47406086325645447,0.888774573802948,-0.2806749939918518
126,-3298.787507470539,-10017.770833333334,-13316.558340803878,0.4096376915274968,0.35240852220966995,0.07787422839506172,21.71701388888889,2529.5260416666665,2320.0989583333335,1.0763198300845358,0.09276124160795078,3.938564672741735,-0.0763198300845357,10017.770833333334,9274.239583333334,-0.0007518749331909547,0.10454743914306164,2.0381553769111633,-1.4404112175107002,-0.31458067893981934,0.8963342905044556,0.4984583854675293
127,-3298.665882430911,-9765.822916666666,-13064.488799097577,0.4018560914365046,0.3422282706532213,0.09205109126984128,21.4375,2460.012152777778,2307.9045138888887,1.0531883385545742,0.08572503131872633,4.058439323174384,-0.05318833855457422,9765.822916666666,9235.572916666666,-0.002909680937811965,0.07837651669979095,2.1794345378875732,-1.487399347126484,0.5081703662872314,0.8918240666389465,-0.32764768600463867
128,-3296.2798615759834,-9914.322916666666,-13210.602778242652,0.4129058317270983,0.35651289167193073,0.08822503306878308,21.616319444444446,2503.828125,2328.144097222222,1.0604153786079575,0.0881855229167356,4.156460560271025,-0.06041537860795754,9914.322916666666,9309.833333333334,-0.0013717315077790282,0.09106064401566982,1.9626263976097107,-1.3948521167039871,0.4848898947238922,0.8990569114685059,-0.2914009392261505
129,-3298.8358790661023,-9707.177083333334,-13006.012962399434,0.4030016175163378,0.3437217666457097,0.09591572971781305,21.362847222222225,2449.6458333333335,2304.269097222222,1.0523772694451947,0.09103894539428403,4.317236782333839,-0.052377269445194476,9707.177083333334,9217.8125,0.004662004547579368,0.07391411624848843,2.1239907145500183,-1.6667748615145683,-0.2887178957462311,0.8889724016189575,0.48247841000556946
130,-3299.9546197719137,-9624.489583333334,-12924.444203105246,0.3951765658967596,0.3313676196978324,0.09450451940035272,21.473958333333332,2422.6944444444443,2294.274305555555,1.0459899416060436,0.08682942008152943,4.385054240372411,-0.04598994160604372,9624.489583333334,9176.333333333334,-0.0009887980002054597,0.0688236691057682,1.966453105211258,-1.8916270434856415,0.4588400423526764,0.8976213932037354,-0.28909286856651306
131,-3298.4055896959694,-9658.739583333334,-12957.145173029292,0.39173099900890634,0.3285806653245042,0.09089506172839507,21.456597222222218,2429.8888888888887,2307.496527777778,1.0427178985578236,0.08681261846346133,4.401932721912295,-0.042717898557823764,9658.739583333334,9238.09375,-0.0010583675398863068,0.06530526466667652,2.107500821352005,-2.023148588836193,0.5756360292434692,0.8943639993667603,-0.40068551898002625
132,-3299.1492123147545,-9561.791666666666,-12860.94087898142,0.3875730806881015,0.31936962321762824,0.09908564814814813,21.26736111111111,2405.6197916666665,2293.9618055555557,1.0401280143384308,0.0803576151829794,4.452616950751376,-0.04012801433843074,9561.791666666666,9182.177083333334,-0.0036624511209963906,0.05991910956799984,2.2384710013866425,-2.360329382121563,-0.2692408859729767,0.8929417133331299,0.42785999178886414
133,-3300.6045508521524,-9542.052083333334,-12842.656634185485,0.373265102635488,0.3008123692642483,0.10381035052910052,21.145833333333332,2405.001736111111,2289.5416666666665,1.041830036145669,0.08554157656158046,4.578798515669135,-0.04183003614566883,9542.052083333334,9173.40625,-0.004712796153858001,0.05982603970915079,1.8773780465126038,-2.6535689309239388,0.5697211027145386,0.9002066254615784,-0.40050366520881653
134,-3299.3658351280865,-9568.114583333334,-12867.480418461424,0.37685232349621955,0.3048734473607813,0.10112516534391536,21.309027777777782,2404.0208333333335,2288.7517361111113,1.038994164864399,0.08209319190087791,4.607066174986264,-0.03899416486439886,9568.114583333334,9179.354166666666,-0.0033717525216299116,0.06278360821306705,2.045067012310028,-2.8849044367671013,0.6260114908218384,0.8992344737052917,-0.47812414169311523
135,-3299.901889963135,-9440.59375,-12740.495639963141,0.3694870415235927,0.2940616385571452,0.10996555335097002,21.0,2370.234375,2284.414930555555,1.0304360494488052,0.08154851353645155,4.662539212415447,-0.03043604944880512,9440.59375,9153.4375,-0.003180927675772438,0.04803753271698952,1.9858162105083466,-2.8038392141461372,-0.15663136541843414,0.8968002200126648,0.2848187983036041
136,-3300.429983387272,-9558.34375,-12858.773733387274,0.3705642590561224,0.29559855732238954,0.10843970458553792,21.12326388888889,2403.930555555555,2290.2760416666665,1.0395522931111278,0.08526374916453909,4.781938499313532,-0.039552293111127644,9558.34375,9169.385416666666,0.0021555675649334027,0.061933149583637714,2.2411694526672363,-3.0644888281822205,0.015757068991661072,0.8839410543441772,0.1411435604095459
137,-3298.838209854628,-9504.083333333334,-12802.921543187966,0.36766685555604567,0.29129372293957406,0.11806272045855377,20.802083333333332,2391.0920138888887,2290.9201388888887,1.0342298398403884,0.09007554564283436,4.758045814172785,-0.03422983984038847,9504.083333333334,9146.0,-0.0008207212131402242,0.05789246689528227,2.012113004922867,-3.073930248618126,0.4104902148246765,0.9035979509353638,-0.27671536803245544
138,-3299.0970790542265,-9466.020833333334,-12765.117912387563,0.3663974900116993,0.29056753026735455,0.1176997905643739,20.90451388888889,2377.866319444445,2275.9704861111113,1.0343508820008094,0.07990803305872447,4.950705168880183,-0.034350882000809234,9466.020833333334,9125.291666666666,0.00038869645467976,0.05774287134408951,2.197153925895691,-3.224931076169014,0.7409634590148926,0.8895794153213501,-0.6037344336509705
139,-3300.0384814099402,-9524.583333333334,-12824.621814743268,0.3640643309089904,0.28519974385077757,0.11146356922398588,20.96527777777778,2391.4114583333335,2270.8211805555557,1.04308237726259,0.0817045896996348,5.03839178670287,-0.04308237726258976,9524.583333333334,9108.885416666666,-0.0003859465505596793,0.06469570472836494,2.0427826642990112,-3.323512353003025,-0.21195560693740845,0.8848482370376587,0.32990872859954834
140,-3297.9800408050255,-9465.677083333334,-12763.657124138359,0.3616524818359544,0.2816084950593196,0.11788056657848324,20.831597222222225,2375.34375,2268.9010416666665,1.0357738903137843,0.08247127925437088,4.937018526005093,-0.035773890313784425,9465.677083333334,9105.708333333334,-0.003030523025745885,0.059148780070245266,2.217820942401886,-3.3822704553604126,-0.006049435585737228,0.865303099155426,0.11321958154439926
141,-3300.2892258003153,-9457.104166666666,-12757.393392466978,0.3595507497090667,0.27790097025637,0.11747216710758378,20.791666666666668,2378.600694444445,2272.546875,1.0368985788531397,0.08710069809274994,4.84961884746496,-0.036898578853139644,9457.104166666666,9098.416666666666,0.001585637087107017,0.05940672103315592,2.0867289900779724,-3.542644165456295,-0.07320113480091095,0.8802551627159119,0.2093626707792282
142,-3296.7175244467476,-9503.614583333334,-12800.33210778008,0.3640379403737198,0.2869620994509508,0.11929535934744268,20.819444444444443,2389.390625,2275.956597222222,1.0391651672296138,0.08601263844312697,5.050835784324931,-0.03916516722961386,9503.614583333334,9129.90625,-0.002502899751304799,0.0606260122731328,2.1463949978351593,-3.275349609553814,0.7805864810943604,0.9018110036849976,-0.6671199798583984
143,-3295.1570813223134,-9527.0625,-12822.219581322313,0.36009535564921585,0.2806910537894712,0.12178819444444444,20.760416666666668,2391.5954861111113,2259.4427083333335,1.0441165391793887,0.08589917346669194,5.1432114097514265,-0.044116539179388736,9527.0625,9066.625,-0.0026092920899203065,0.0748938973993063,2.276752382516861,-3.2809419482946396,-0.1912839263677597,0.8990764021873474,0.28099632263183594
144,-3296.17337834468,-9639.15625,-12935.329628344683,0.3603641781533747,0.28136233505534214,0.12378802910052909,20.69097222222222,2435.887152777778,2270.7395833333335,1.0545823777284766,0.08753111712789856,5.277511645366279,-0.054582377728476565,9639.15625,9088.052083333334,0.0023367928230495494,0.08884654007852077,2.2678253650665283,-3.597953014075756,0.7896519899368286,0.8857917785644531,-0.6776339411735535
145,-3297.2538765913955,-9576.802083333334,-12874.055959924723,0.35573118055681024,0.2736644823000663,0.12421599426807761,20.64236111111111,2413.144097222222,2274.015625,1.0495148298207495,0.08997035220108522,5.070193094752966,-0.04951482982074951,9576.802083333334,9104.791666666666,0.00031158335677716753,0.07542723044753075,2.0413518249988556,-3.7350178584456444,0.010408998467028141,0.8863887786865234,0.10697890818119049
146,-3298.8698706054934,-9704.572916666666,-13003.442787272163,0.35008935957170334,0.26483907293166137,0.13078703703703703,20.505208333333332,2452.720486111111,2261.605902777778,1.0648925761990027,0.08937478170029782,5.387367355140142,-0.06489257619900256,9704.572916666666,9054.083333333334,-0.0004907370989024606,0.1006862111389637,2.0009093284606934,-4.055207654833794,-0.12121466547250748,0.8817298412322998,0.22490841150283813
147,-3299.415343774622,-9603.71875,-12903.134093774615,0.3504690765245455,0.2664648862167572,0.1312491732804233,20.449652777777775,2418.824652777778,2259.6024305555557,1.0550207209710376,0.09115966458835967,5.310388965492329,-0.0550207209710375,9603.71875,9034.010416666666,-0.0018792586949226697,0.08828592486679554,2.0750854909420013,-3.988498829305172,0.09116392582654953,0.8995043635368347,-0.026292016729712486
148,-3298.699763872501,-9535.552083333334,-12834.251847205835,0.3503021058020468,0.269011718285684,0.1339699074074074,20.401041666666668,2403.0954861111113,2257.491319444445,1.04857537585289,0.08504763070286898,5.26492923792296,-0.04857537585289001,9535.552083333334,9045.135416666666,-0.0038081890458918632,0.07968444190919399,1.8127565681934357,-3.9000212028622627,0.25458472967147827,0.903420627117157,-0.16976843774318695
149,-3298.897924387815,-9493.375,-12792.272924387813,0.3514110211243802,0.27156871343807626,0.1340388007054674,20.29513888888889,2389.881944444445,2249.5416666666665,1.0473250085296593,0.08816993969712596,5.122858450757416,-0.047325008529659096,9493.375,9016.59375,0.004049189503991357,0.0782103706151247,1.9596726894378662,-4.0254780277609825,-0.25453606247901917,0.8930920958518982,0.32967931032180786
150,-3299.452972395082,-9565.0,-12864.452972395078,0.34442391983156223,0.2610936363667457,0.14422646604938272,20.109375,2408.0677083333335,2245.454861111111,1.056367086217896,0.08994288988559214,5.074669773796072,-0.05636708621789588,9565.0,8999.229166666666,-0.0023919464003134827,0.08995473571121693,1.951790302991867,-4.043376326560974,0.20146054029464722,0.8962257504463196,-0.13828834891319275
151,-3298.762918277338,-9382.979166666666,-12681.742084944004,0.34675009194233963,0.2638997351621381,0.14505539021164024,20.083333333333332,2357.644097222222,2227.578125,1.044658806558535,0.08314399009416014,4.914189777621407,-0.04465880655853497,9382.979166666666,8935.197916666666,-0.0002868173619252623,0.07307694666087627,1.9008950889110565,-4.501383326947689,0.42948970198631287,0.9038071632385254,-0.390839546918869
152,-3298.881233237758,-9517.677083333334,-12816.558316571092,0.3442499625860484,0.2590057724672887,0.15913938492063492,19.921875,2395.9930555555557,2205.9392361111113,1.065739462998905,0.09136315889286721,5.110614459281579,-0.06573946299890486,9517.677083333334,8858.666666666666,-0.0009879967294199599,0.10325411893427372,1.8342540860176086,-4.368941925466061,-0.44601914286613464,0.9021835923194885,0.4650293290615082
153,-3301.0916984682276,-9509.9375,-12811.029198468228,0.341990146345082,0.2570782259184246,0.1614081790123457,19.81423611111111,2383.847222222222,2217.0173611111113,1.057318153152878,0.08987601858223082,5.111905020197241,-0.05731815315287788,9509.9375,8906.4375,-0.0018821890210740655,0.0960536077618599,1.7443704903125763,-4.4903916865587234,0.23596563935279846,0.9078357219696045,-0.24300600588321686
154,-3297.8330954724515,-9494.885416666666,-12792.718512139118,0.344548409258094,0.2612524872335295,0.15354800485008818,19.942708333333332,2381.4618055555557,2221.78125,1.0546807646760594,0.08805890438326708,4.949457957577623,-0.05468076467605918,9494.885416666666,8942.375,-0.002294725518019014,0.08915431797504425,2.038735717535019,-4.278025560081005,0.3604206144809723,0.8967559933662415,-0.34732794761657715
155,-3298.1068099621843,-9266.3125,-12564.419309962177,0.3402911775125134,0.255843923582385,0.1656836970899471,19.625,2325.5625,2197.128472222222,1.0448432493735094,0.07979051621555357,4.957663374335134,-0.04484324937350934,9266.3125,8818.458333333334,-0.003916124868526438,0.07795003056526184,1.8767966628074646,-4.46156270056963,-0.44462060928344727,0.900678277015686,0.4433361887931824
156,-3299.281990598356,-9381.833333333334,-12681.11532393169,0.3432991269270064,0.26391833835643613,0.16485229276895944,19.65798611111111,2355.373263888889,2201.298611111111,1.051883144780908,0.08541312044887017,5.044649032286402,-0.05188314478090814,9381.833333333334,8844.84375,-0.005356504338454915,0.08887618780136108,1.8199905157089233,-4.537486366927624,0.25957730412483215,0.9046838283538818,-0.2551771104335785
157,-3299.117408985505,-9438.645833333334,-12737.763242318842,0.34216306278828496,0.26025813080034116,0.1680357142857143,19.618055555555554,2375.5520833333335,2194.6197916666665,1.0636818535496018,0.08522367199893384,5.00887689216297,-0.06368185354960172,9438.645833333334,8808.729166666666,-0.005803405398366435,0.10111752897500992,1.7903992533683777,-4.480892449617386,0.36500638723373413,0.9067764282226562,-0.36242449283599854
158,-3299.1708932131837,-9324.458333333334,-12623.629226546514,0.3402835361061302,0.26073833271705854,0.16978064373897708,19.57708333333333,2347.2670138888893,2193.1847222222223,1.0518370225029783,0.08793656510104986,4.968062491359199,-0.051837022502978315,9324.458333333334,8797.59375,-0.001787895185228816,0.09034418873488903,1.7601857781410217,-4.610125385224819,-0.3717328608036041,0.9054234027862549,0.35982123017311096
159,-3301.685865925067,-9230.75,-12532.435865925074,0.3398801461180005,0.2576423933496699,0.17361496913580243,19.51909722222222,2313.7274305555557,2191.15625,1.042427080739774,0.0814808731634675,4.720629763648174,-0.04242708073977403,9230.75,8815.760416666666,-0.0039042863827858376,0.07316376268863678,1.7840152978897095,-4.796390235424042,0.22596383094787598,0.904135525226593,-0.24421271681785583
160,-3297.989280006433,-9419.135416666666,-12717.124696673105,0.3377155029782863,0.2562107784453676,0.1756836970899471,19.380208333333332,2367.144097222222,2179.8194444444443,1.0660168642633165,0.08587036616829329,4.844210666385426,-0.06601686426331654,9419.135416666666,8766.875,0.0026583552943786337,0.10748386941850185,1.8376207947731018,-4.952362485229969,0.3531191945075989,0.9047499299049377,-0.41018152236938477
161,-3297.5468065345267,-9197.5,-12495.046806534527,0.3298137942552939,0.24400997852596143,0.17591076940035275,19.385416666666668,2303.567708333333,2181.345486111111,1.0414812696292965,0.09091947408529448,4.637779835296739,-0.041481269629296526,9197.5,8780.15625,-0.004751590051161436,0.07364839315414429,1.9037589728832245,-5.124523766338825,-0.49838700890541077,0.8991507887840271,0.4443546235561371
162,-3297.7412466472456,-9327.666666666666,-12625.40791331391,0.33288483613340625,0.24981553736789566,0.18482611331569665,19.11111111111111,2343.1736111111113,2161.3802083333335,1.0643324701918964,0.09665056175310982,4.813135735382487,-0.06433247019189632,9327.666666666666,8691.541666666666,-0.0063550827908329666,0.10443677566945553,1.7976649105548859,-5.168553367257118,0.24163931608200073,0.9041858315467834,-0.27858930826187134
163,-3299.784550832363,-9343.239583333334,-12643.02413416569,0.33208009732511246,0.25193181024709094,0.19573550485008817,18.972222222222225,2348.315972222222,2155.9739583333335,1.0660516026563849,0.08475383868998736,4.791809527757042,-0.06605160265638492,9343.239583333334,8681.53125,-0.006140661623441623,0.10923883132636547,1.7585367262363434,-5.309862196445465,0.2714731693267822,0.9063000082969666,-0.3323553204536438
164,-3295.89105277831,-9154.0625,-12449.953552778314,0.3304213954248784,0.24974277757832572,0.196467151675485,18.93576388888889,2296.5538194444443,2149.793402777778,1.0510202032799814,0.09726852513688018,4.583275203611287,-0.05102020327998139,9154.0625,8647.875,-0.005201512180983636,0.08541352301836014,1.8293344676494598,-5.573876582086086,-0.4967198371887207,0.8993782997131348,0.42810678482055664
165,-3299.312904028877,-9279.572916666666,-12578.885820695541,0.3264727621764962,0.24278837576922443,0.20128554894179895,18.817708333333332,2321.4010416666665,2149.8958333333335,1.0587544902147847,0.09555407901697903,4.733144186182385,-0.058754490214784814,9279.572916666666,8666.21875,-0.003055943763518698,0.10315117798745632,1.6765751242637634,-5.547421216964722,0.11898833513259888,0.9102367758750916,-0.2075156569480896
166,-3297.9038575033715,-9345.09375,-12642.997607503368,0.32618502408932165,0.24340484555189812,0.1952391975308642,18.88888888888889,2348.798611111111,2145.9045138888887,1.069947875099938,0.08761292575347572,4.691703980791594,-0.06994787509993806,9345.09375,8635.197916666666,-0.005016320738988467,0.11864776909351349,1.8064917027950287,-5.960756100714207,0.2715573310852051,0.9036973118782043,-0.3499240279197693
167,-3298.153429052918,-9071.645833333334,-12369.799262386246,0.32889243786997574,0.2505422561403571,0.20562059082892417,18.54826388888889,2273.1892361111113,2131.2913194444445,1.0481838966471642,0.08361865806179558,4.642970467681201,-0.048183896647164236,9071.645833333334,8574.75,0.0015551786413510182,0.08883664757013321,1.8396746814250946,-5.851183712482452,-0.5119847655296326,0.8948644399642944,0.4027622938156128
168,-3298.3522620496187,-9012.90625,-12311.258512049617,0.3227410818640613,0.23915556423728254,0.22062665343915344,18.31388888888889,2254.367361111111,2108.5774305555556,1.0509327222797997,0.08725205099856297,4.602519287577363,-0.05093272227979965,9012.90625,8507.802083333334,0.004372014461415663,0.08811697922647,1.6566922068595886,-6.5224999114871025,0.08426487445831299,0.9072177410125732,-0.22575174272060394
169,-3297.542766117113,-9031.854166666666,-12329.396932783779,0.32243610213831936,0.23919340080788568,0.22121389991181659,18.305555555555554,2254.605902777778,2123.8298611111113,1.0421334626684178,0.08769371353140583,4.686138403412127,-0.042133462668417915,9031.854166666666,8553.71875,0.001631983241884738,0.0851115994155407,1.6304507553577423,-6.207543700933456,0.2133074253797531,0.9103785753250122,-0.35487160086631775
170,-3300.485553802841,-9003.052083333334,-12303.537637136176,0.3207548956175544,0.23705698582085058,0.22909391534391532,18.145833333333332,2249.8489583333335,2094.717013888889,1.0550259918796234,0.09103765270386288,4.613472759654695,-0.05502599187962342,9003.052083333334,8448.739583333334,-0.004433114268591276,0.09612592868506908,1.7025819718837738,-6.494080014526844,-0.5027351975440979,0.9028360247612,0.3320738673210144
171,-3298.1844162856046,-8935.708333333334,-12233.892749618937,0.3229231075145127,0.24190496306982823,0.23421020723104055,17.92673611111111,2235.9986111111107,2093.5774305555556,1.0469211388125983,0.0874537607942318,4.56822545893922,-0.04692113881259836,8935.708333333334,8433.1875,-0.004258330040046943,0.0930667519569397,1.588331788778305,-6.904651112854481,0.051655836403369904,0.9062961339950562,-0.2225242406129837
172,-3296.303708394534,-8754.4375,-12050.741208394533,0.31637180541591603,0.2295712080473701,0.26157490079365076,17.256597222222222,2187.1232638888887,2035.0868055555557,1.0523706655757403,0.08480812355430771,4.586156330379538,-0.05237066557574042,8754.4375,8206.833333333334,-0.0030129829055931534,0.09868554770946503,1.7186602354049683,-7.393511526286602,0.24788999557495117,0.9052081108093262,-0.49497270584106445
173,-3298.1793664804804,-8501.0,-11799.179366480474,0.31334068830040573,0.22532597878145885,0.26345789241622575,17.165625,2123.848611111111,2002.6506944444443,1.040380976589336,0.08557397858737024,4.463979515415325,-0.040380976589335954,8501.0,8084.90625,-0.007291194385463218,0.08031327463686466,1.6398669183254242,-7.7117893025279045,-0.6961793303489685,0.9055159091949463,0.4231064021587372
174,-3296.9936357780803,-8514.260416666666,-11811.254052444741,0.3156689871714514,0.22839957246065345,0.2802518738977073,16.94236111111111,2132.4204861111107,2000.7607638888887,1.0425874799829338,0.08721340307677534,4.53001777242956,-0.0425874799829337,8514.260416666666,8053.020833333333,-0.002383851027145667,0.0888659879565239,1.5170502066612244,-7.9066750556230545,0.040507759898900986,0.9076199531555176,-0.31098413467407227
175,-3297.0581742403824,-8411.739583333334,-11708.797757573717,0.31513255016289915,0.2283851057291031,0.29136160714285714,16.814930555555552,2112.396875,1984.8677083333332,1.0451223352189134,0.08939474190631379,4.437261740223488,-0.045122335218913456,8411.739583333334,7960.75,0.0022689794534587193,0.08368739858269691,1.564470797777176,-7.869489058852196,0.10887055099010468,0.9075281620025635,-0.4222523868083954
176,-3298.3376134936575,-8407.791666666666,-11706.129280160327,0.3157996429355419,0.23138869750740318,0.2923911485890653,16.802430555555556,2118.223263888889,1985.9906250000001,1.0467577549058171,0.0833379670899238,4.423077072107439,-0.04675775490581715,8407.791666666666,7942.427083333333,-0.0005436434246051114,0.08852397091686726,1.629511684179306,-7.939516931772232,-0.6679652333259583,0.9043638706207275,0.3685792088508606
177,-3298.3065895177224,-8302.802083333334,-11601.108672851056,0.31722280455295354,0.23427251793004364,0.2868664572310406,16.649305555555554,2071.7413194444443,1971.2951388888887,1.033526348479037,0.08727628265126132,4.586798699942011,-0.03352634847903689,8302.802083333334,7946.864583333333,-0.010796518354309725,0.07048370689153671,1.4753719866275787,-7.981398053467274,0.046788040548563004,0.9083145260810852,-0.36689379811286926
178,-3299.515239475704,-8260.59375,-11560.108989475704,0.3158197685192507,0.23354005496690255,0.2905632716049383,16.72361111111111,2073.3364583333337,1977.4659722222223,1.0296403747104443,0.09633601110774255,4.620443794031811,-0.029640374710444256,8260.59375,7932.84375,-0.007745403797610323,0.068131934851408,1.6566371321678162,-7.9828035607934,0.031283196061849594,0.899005651473999,-0.3486509621143341
179,-3297.6118475368007,-8288.6875,-11586.299347536804,0.31556290626283073,0.23097095081013527,0.29222415123456796,16.64270833333333,2083.288541666667,1971.7416666666668,1.0380098582528812,0.08543555910050028,4.694853213958903,-0.03800985825288112,8288.6875,7902.739583333333,-0.0070608607152327085,0.07732674106955528,1.5727300345897675,-8.214449517428875,-0.6810478568077087,0.9019989371299744,0.3668796122074127
180,-3297.3264698228654,-8201.958333333334,-11499.284803156195,0.31805810929653755,0.2387646532960288,0.29335179673721345,16.666666666666668,2057.879861111111,1975.511111111111,1.0261710552304144,0.08860352014414906,4.5600179040308815,-0.02617105523041432,8201.958333333334,7905.958333333333,-0.006974873221197164,0.06124186888337135,1.5360702574253082,-8.37571930885315,-0.08962251991033554,0.9069774150848389,-0.24893604218959808
181,-3297.505697910252,-8140.885416666667,-11438.391114576922,0.31685580277852626,0.2374267816226671,0.30316578483245155,16.51527777777778,2057.057986111111,1969.8868055555558,1.026715170497719,0.08584512390417869,4.614040902797192,-0.026715170497718915,8140.885416666667,7825.010416666667,-0.006326652929243171,0.0687929131090641,1.4735139906406403,-8.52923833578825,-0.10379037261009216,0.9063385725021362,-0.22462758421897888
182,-3296.7348611640386,-8002.802083333333,-11299.536944497368,0.3210431392992566,0.2451398777355078,0.30854993386243385,16.46701388888889,2038.2201388888889,1955.476736111111,1.028200793258144,0.09944023821853158,4.58281564347671,-0.02820079325814404,8002.802083333333,7723.635416666667,-0.003596142945091252,0.061708482913672924,1.2945802211761475,-8.694434389472008,-0.7924115657806396,0.9087279438972473,0.4229973554611206
183,-3301.7881617468743,-7997.28125,-11299.069411746876,0.31644920921190817,0.23513872747490594,0.3120031415343915,16.09548611111111,1996.6413194444442,1912.6107638888889,1.026783469843646,0.08895919594717534,4.617987483045806,-0.02678346984364609,7997.28125,7700.572916666667,-0.004512378519090476,0.06534338928759098,1.4853497445583344,-8.847625091671944,-0.27707913517951965,0.9061523675918579,-0.11348419636487961
184,-3298.551355604679,-7918.0,-11216.551355604679,0.31783108767601914,0.23729399017045374,0.3212150022045856,16.3375,2021.8475694444444,1943.3055555555554,1.0260226150432517,0.07613158180893813,4.784917669748226,-0.026022615043251613,7918.0,7660.520833333333,0.002904129472697581,0.05670233070850372,1.3447721600532532,-9.063046142458916,-0.1548309028148651,0.9107081890106201,-0.24013742804527283
185,-3298.071894432302,-7894.84375,-11192.9156444323,0.31402189984395656,0.22541239750636222,0.32169808201058203,16.293402777777775,2028.1499999999999,1937.458333333333,1.0302927783345017,0.0889458203055284,4.8481795233307095,-0.03029277833450174,7894.84375,7578.65625,0.0005584716322983851,0.06771712005138397,1.4439975023269653,-9.35778722167015,-0.814616858959198,0.8983177542686462,0.4176735281944275
186,-3298.4650859406343,-7769.833333333333,-11068.298419273966,0.3129662293026174,0.22659521104328126,0.338864914021164,16.02048611111111,2008.403125,1927.5916666666665,1.0273804930151471,0.08282407610471539,4.670529443209497,-0.02738049301514711,7769.833333333333,7491.677083333333,-0.011094901748377906,0.0611460879445076,1.4850223064422607,-9.533948086202145,-0.29564228653907776,0.896368145942688,-0.12602491676807404
187,-3298.2238767717276,-7718.03125,-11016.255126771726,0.3120573360105517,0.2233316873914898,0.33637869268077597,16.337152777777778,2022.0340277777777,1923.7621527777776,1.0327975541118943,0.0906913872819241,4.855623942689583,-0.03279755411189436,7718.03125,7369.15625,-0.0051284203267034645,0.07076780311763287,1.3116625547409058,-10.115782603621483,-0.060986604541540146,0.9107692241668701,-0.3893691599369049
188,-3298.5506059635572,-7607.65625,-10906.20685596356,0.31142344609644035,0.22228338304072773,0.3431762566137566,16.839583333333334,2075.4746527777775,1979.4888888888888,1.0311620220477076,0.0832986476510021,4.859397676620328,-0.03116202204770754,7607.65625,7299.4375,-0.006017719488355944,0.06714424304664135,1.3050593435764313,-10.293710000813007,-0.8380250334739685,0.9080541133880615,0.37970006465911865
189,-3300.3443614382963,-7582.125,-10882.469361438296,0.3095534659809936,0.2186174709576234,0.34467647707231036,16.147222222222222,1989.0128472222223,1901.909375,1.0285220493829776,0.077654930862888,5.0605201574222045,-0.02852204938297766,7582.125,7286.09375,-0.010605201355623817,0.06511374935507774,1.334518015384674,-10.687610276043415,-0.3212335407733917,0.8995369672775269,-0.14502884447574615
190,-3297.3589533484155,-7526.03125,-10823.39020334842,0.30948284855588826,0.21881819252060572,0.3523578042328042,16.591666666666665,2034.1836805555556,1930.1815972222223,1.0343631634599397,0.08566476679216166,5.071663203697386,-0.03436316345993986,7526.03125,7184.489583333333,-0.003913682235776483,0.07505137100815773,1.3805805444717407,-10.601378843188286,-0.09993024915456772,0.9030781388282776,-0.36614328622817993
191,-3297.0229608645564,-7417.916666666667,-10714.939627531223,0.3109937632271421,0.22239185769770606,0.35097690696649025,16.333333333333332,1996.3059027777779,1908.496875,1.0275639359344417,0.0830114992604336,4.925357917080411,-0.027563935934441657,7417.916666666667,7129.90625,-0.001467097230929415,0.06540064327418804,1.2963665127754211,-10.828578069806099,-0.8588369488716125,0.9039530158042908,0.3832469582557678
192,-3298.0092094785336,-7475.75,-10773.759209478534,0.3112268402604936,0.221904769118636,0.3543298059964726,16.458680555555556,2029.7694444444442,1926.0680555555555,1.0337045568026084,0.09181026329346809,5.024306039136952,-0.03370455680260834,7475.75,7128.28125,-0.0010411816524491524,0.07806682027876377,1.2962113618850708,-10.862281262874603,-0.35996994376182556,0.9016022682189941,-0.1165618896484375
193,-3298.1593044739657,-7335.395833333333,-10633.555137807294,0.30935082675349473,0.22237415089653548,0.355612323633157,17.137847222222224,2078.0135416666667,1984.6177083333334,1.0307512240868972,0.0907020100515334,4.935056799889996,-0.03075122408689718,7335.395833333333,7050.895833333333,-0.0008879769034919605,0.0650690495967865,1.2021785974502563,-11.041279718279839,-0.13602060079574585,0.912627100944519,-0.35669273138046265
194,-3297.973671672671,-7413.729166666667,-10711.702838339343,0.312262665329808,0.22677013124403964,0.359875992063492,16.777083333333334,2056.503472222222,1934.995486111111,1.0427816950812194,0.08065886168222243,5.105310032155761,-0.04278169508121935,7413.729166666667,7032.135416666667,-0.002059194018301902,0.08000148832798004,1.2515906393527985,-11.108821213245392,-0.9230076670646667,0.9068046808242798,0.429614394903183
195,-3297.649079878651,-7272.28125,-10569.930329878645,0.31361603818461353,0.22860510155927236,0.3577606922398589,18.003472222222225,2147.689236111111,2041.101736111111,1.0355303129603823,0.08216663654245838,4.961313192775939,-0.03553031296038243,7272.28125,6987.96875,-0.0009816717163888544,0.0653673056513071,1.1790078282356262,-11.325795739889145,-0.3201037347316742,0.9111091494560242,-0.1805305927991867
196,-3297.7995807747698,-7317.8125,-10615.612080774767,0.315617400575421,0.23177426771144383,0.3575110229276896,17.248958333333334,2086.904861111111,1987.9645833333332,1.0327037131224481,0.07743221098124575,4.986179857006047,-0.032703713122448165,7317.8125,7003.21875,-0.0012269190080744785,0.06994414702057838,1.1576657891273499,-11.29037207365036,-0.20084145665168762,0.9148865342140198,-0.2984391152858734
197,-3299.0316315055347,-7352.770833333333,-10651.80246483887,0.3142895213717259,0.22830360561622207,0.36429232804232803,17.32777777777778,2117.3663194444443,2008.546875,1.0353714481971712,0.08373493876296867,4.994090754068879,-0.03537144819717113,7352.770833333333,6997.71875,0.0003296362543054876,0.07816341519355774,1.2306566834449768,-11.711608037352562,-0.8850210309028625,0.909925103187561,0.3908449709415436
198,-3298.2839045440155,-7335.364583333333,-10633.648487877346,0.31112140427277085,0.22539822539773824,0.3652438822751322,17.654861111111114,2157.6499999999996,2025.8072916666667,1.044743011392006,0.08166368557307618,5.121135779015693,-0.044743011392006,7335.364583333333,6938.208333333333,-0.005482859485030023,0.08337334170937538,1.2202150225639343,-11.978924460709095,-0.25469672679901123,0.9139402508735657,-0.23865416646003723
199,-3296.7237053824915,-7275.958333333333,-10572.682038715828,0.312024602006278,0.2230141789736485,0.37214203042328037,17.973958333333332,2186.8944444444446,2044.3187499999997,1.0477997446008624,0.09125847203236837,5.1558300428197725,-0.047799744600862504,7275.958333333333,6875.083333333333,-0.0024631055468231633,0.08678250946104527,1.100605994462967,-11.853691063821316,-0.3241105377674103,0.9161811470985413,-0.17378221452236176
200,-3299.6169531450964,-7305.614583333333,-10605.231536478432,0.3118619765732085,0.22597869799452988,0.37351466049382714,16.93020833333333,2091.140277777778,1969.2177083333336,1.0402152913774838,0.08863925513894523,5.111020299425895,-0.040215291377483774,7305.614583333333,6942.416666666667,0.0007581245043166707,0.0816875509917736,1.2036487758159637,-11.85557272285223,-1.0513139963150024,0.913201093673706,0.5546173453330994
201,-3298.7880397316712,-7382.166666666667,-10680.954706398343,0.3108846654459383,0.22498507692540037,0.3694957010582011,16.811111111111114,2083.1881944444444,1956.498263888889,1.043117980469707,0.08783339297895575,5.021586463945314,-0.04311798046970716,7382.166666666667,6978.5,-0.0009066131032975377,0.08752376772463322,1.1584311723709106,-12.11337361484766,-0.20932257175445557,0.9165447950363159,-0.2866288423538208
202,-3297.6203565134274,-7254.197916666667,-10551.818273180097,0.31323417196230013,0.22950535183352058,0.3761990189594356,17.085069444444443,2098.702777777778,1976.7718750000001,1.0387585381956903,0.07691865342257619,5.157280643840736,-0.038758538195690424,7254.197916666667,6875.03125,-0.008798303037900662,0.08607521653175354,1.1816706955432892,-12.021244332194328,-0.2438700646162033,0.9102311730384827,-0.24144046008586884
203,-3297.8405560447513,-7233.135416666667,-10530.975972711423,0.3137237813482385,0.23166451455553116,0.3786009149029983,16.688888888888886,2052.039930555555,1943.6847222222223,1.0360795999243806,0.08786309771069956,4.973233874680411,-0.03607959992438057,7233.135416666667,6885.895833333333,-0.00018541681165884505,0.07671867124736309,1.1751259565353394,-12.207245461642742,-0.903468906879425,0.9169620871543884,0.41015616059303284
204,-3297.146224668588,-7273.59375,-10570.739974668582,0.3119787332197877,0.22825239724220917,0.37847911155202824,16.593055555555555,2063.706597222222,1939.634027777778,1.041476850010999,0.08250145506599636,4.774538428321236,-0.041476850010998885,7273.59375,6909.583333333333,-0.008726846925312226,0.08143051713705063,1.0983423292636871,-12.240283392369747,-0.20339158177375793,0.9189032316207886,-0.29459071159362793
205,-3297.917780946193,-7221.645833333333,-10519.563614279525,0.31227500562632876,0.22805043447361742,0.38443617724867724,16.99513888888889,2097.742361111111,1974.132986111111,1.0420748530739194,0.08704262313971711,4.7165817493230655,-0.04207485307391942,7221.645833333333,6853.65625,-0.006485370897941767,0.08166605047881603,1.1683577001094818,-12.534980617463589,-0.2175840139389038,0.9128292202949524,-0.2852615714073181
206,-3298.136210186225,-7192.114583333333,-10490.250793519563,0.31528964053370917,0.23764869046297257,0.38828345458553787,16.508680555555557,2060.8572916666667,1927.8013888888888,1.0449563092860785,0.08521538973004424,4.591999648578156,-0.044956309286078654,7192.114583333333,6778.958333333333,-0.0033082784220548334,0.0915128942579031,1.1458664536476135,-12.742792829871178,-0.9249110221862793,0.9157319068908691,0.4251536428928375
207,-3297.3439449395332,-7034.145833333333,-10331.489778272868,0.31674202091727177,0.23923519077975974,0.39107308201058194,17.19826388888889,2095.0104166666665,2013.5260416666667,1.0266605243333942,0.0813464744041321,4.731517445721917,-0.026660524333394057,7034.145833333333,6782.197916666667,-0.006114371687811371,0.061690677888691425,1.1336685121059418,-12.770996920764446,-0.2459738403558731,0.9131290316581726,-0.2956146001815796
208,-3299.127883390264,-7045.625,-10344.752883390267,0.3144227507381503,0.23222573173633365,0.3969755842151676,17.943402777777777,2196.625347222222,2053.847222222222,1.0486876871641397,0.08225061468037183,4.832056509230383,-0.04868768716413959,7045.625,6667.84375,-0.007066573694846756,0.08422132581472397,1.072935864329338,-13.007388524711132,-0.2860746681690216,0.9169756174087524,-0.23943132162094116
209,-3297.366306936035,-6995.0,-10292.366306936035,0.31504064279345195,0.23235110669015235,0.394021164021164,17.725694444444443,2146.6385416666667,2029.3270833333333,1.0393807406486029,0.08021799102247817,4.846006227568344,-0.03938074064860294,6995.0,6688.708333333333,-9.721618768487872e-05,0.0745720025151968,1.0682712197303772,-13.171455405652523,-0.984917402267456,0.9183671474456787,0.470672607421875
210,-3299.9473814503967,-7161.791666666667,-10461.73904811706,0.31373464581717153,0.22898017923742167,0.3874864969135802,18.40798611111111,2252.3878472222223,2097.2680555555557,1.0530132364948066,0.08224907460091828,4.845590533816082,-0.05301323649480649,7161.791666666667,6729.3125,-0.00198803085889937,0.09315845184028149,1.1192854940891266,-13.131693728268147,-0.34393879771232605,0.9178325533866882,-0.18931016325950623
211,-3299.166476526589,-6985.197916666667,-10284.364393193257,0.3124908351676247,0.22551140751521515,0.38948357583774246,18.26076388888889,2193.2288194444445,2073.7961805555556,1.0396035433178918,0.08353253104093457,4.820611515627455,-0.03960354331789175,6985.197916666667,6658.1875,-0.007810035929779913,0.07656130567193031,1.0897877514362335,-13.236513502895832,-0.3138304054737091,0.9145763516426086,-0.22625169157981873
212,-3299.4111926541677,-7041.822916666667,-10341.234109320834,0.31437722222014947,0.22994573633251192,0.39192239858906525,18.45798611111111,2227.0930555555556,2101.8131944444444,1.039360090195635,0.08550005164287999,4.804112151893373,-0.03936009019563511,7041.822916666667,6700.5,-0.0025456489520641057,0.08049566857516766,1.1500071287155151,-13.355562560260296,-0.9628254175186157,0.9167571663856506,0.4347151815891266
213,-3298.2271656809576,-7015.375,-10313.602165680963,0.3114133207756655,0.22145180292379033,0.393408840388007,17.870833333333334,2172.472222222222,2058.170486111111,1.0374751780327383,0.09193755254635427,4.602725026833759,-0.03747517803273832,7015.375,6728.875,0.0020478495794720164,0.07001998275518417,1.017606258392334,-13.335065566003323,-0.27537229657173157,0.9216511845588684,-0.2523259222507477
214,-3300.2569007380366,-7131.822916666667,-10432.079817404701,0.31107608532074105,0.22560077167549428,0.39262345679012345,17.587847222222223,2180.632291666667,2020.1475694444446,1.054003946572937,0.09278922522399434,4.718058614360121,-0.05400394657293672,7131.822916666667,6691.71875,-0.0006598177324213805,0.09788075461983681,1.0008218884468079,-13.19055786728859,-0.21695886552333832,0.9258785843849182,-0.3077006936073303
215,-3298.0839609708896,-6992.71875,-10290.802710970891,0.31296081212515797,0.22520671772427803,0.39819444444444446,17.76736111111111,2163.4246527777777,2025.0097222222223,1.0487485588129346,0.09311634499984105,4.657992430960122,-0.04874855881293481,6992.71875,6629.302083333333,0.0016648739827984649,0.08259825967252254,1.0992651730775833,-13.349995493888855,-1.0314913988113403,0.9165418148040771,0.5052025318145752
216,-3297.6703397243705,-7048.8125,-10346.48283972437,0.3132556104337014,0.22807603700978993,0.3963831018518518,17.740277777777777,2190.6145833333335,2044.4354166666665,1.0484113439427518,0.07953915058256984,4.739222404276592,-0.04841134394275189,7048.8125,6660.177083333333,-0.005540270132548875,0.08994778245687485,0.9870903939008713,-13.500078305602074,-0.34540581703186035,0.9306820631027222,-0.17909519374370575
217,-3299.8583047689754,-7124.6875,-10424.545804768977,0.31327321263595453,0.22519913294106828,0.4025823963844797,17.90625,2243.0968749999997,2061.360763888889,1.0616531230943786,0.09010351479241911,4.74341610980228,-0.06165312309437861,7124.6875,6631.114583333333,-0.0008164148596485621,0.10917287319898605,1.0216553807258606,-13.568160094320774,-0.2697652578353882,0.92331463098526,-0.24485866725444794
218,-3298.3808861319812,-6891.458333333333,-10189.839219465312,0.3109064673817757,0.22147858460407913,0.40098517416225743,17.93645833333333,2167.9385416666664,2048.4204861111107,1.0387445886478812,0.09027837160323764,4.6883276420669775,-0.038744588647881224,6891.458333333333,6586.708333333333,-0.0037762291630674127,0.07510997168719769,0.998993381857872,-13.729760006070137,-0.9987977743148804,0.9238294959068298,0.46216532588005066
219,-3298.646896495519,-7001.84375,-10300.490646495522,0.31135898201014156,0.2223618009561,0.40288525132275127,18.204861111111114,2247.85,2074.7336805555556,1.0589110525443945,0.0911805318817,4.858087912239231,-0.05891105254439457,7001.84375,6567.53125,-0.0042450923079888625,0.09889141470193863,0.9957317411899567,-13.974050872027874,-0.3172772228717804,0.9276055693626404,-0.21298952400684357
220,-3299.160885446629,-7093.875,-10393.035885446623,0.3113234056072438,0.22291568021076577,0.3955888999118165,18.616666666666664,2294.2840277777777,2103.4562499999997,1.0634102745266194,0.08626470688529742,4.965711484163684,-0.06341027452661942,7093.875,6599.760416666667,-0.005894659683249426,0.10998084582388401,0.9322408437728882,-14.049681566655636,-0.2932417392730713,0.9283615946769714,-0.22796711325645447
221,-3299.9509502887886,-6940.677083333333,-10240.628033622126,0.3107086553810717,0.22020579186856695,0.41004326499118166,18.48402777777778,2270.312847222222,2121.773611111111,1.0495464686106029,0.08992397045538152,5.176935047318033,-0.04954646861060267,6940.677083333333,6571.71875,-0.0016829114534591127,0.08906236290931702,1.0152784436941147,-14.3733274564147,-0.9335782527923584,0.9223402142524719,0.3917626738548279
222,-3298.436065267684,-7045.052083333333,-10343.488148601018,0.3114251295250468,0.22377214613435273,0.40340691137566137,18.840972222222224,2345.1850694444443,2141.254513888889,1.069108506393289,0.0846067473581677,5.206495462856443,-0.06910850639328904,7045.052083333333,6557.833333333333,-0.007432890797240854,0.10982200130820274,0.9769794344902039,-14.439233973622322,-0.32681864500045776,0.9309889674186707,-0.21303123235702515
223,-3298.69286097793,-7087.083333333333,-10385.776194311267,0.3119419468451294,0.2251784342127697,0.4134603725749559,18.385416666666668,2321.038194444445,2103.1854166666667,1.0741044545501879,0.09123092688013938,5.4040819802367395,-0.07410445455018781,7087.083333333333,6523.46875,-0.005254682164046454,0.1232263557612896,0.9851754754781723,-14.640136018395424,-0.31705012917518616,0.9251295328140259,-0.19701597094535828
224,-3299.861392951396,-7088.614583333333,-10388.475976284726,0.3126823810994897,0.22622130659712844,0.41343832671957664,18.48402777777778,2353.6552083333336,2098.8229166666665,1.0861233359180484,0.08673088182461193,5.318054079567377,-0.08612333591804845,7088.614583333333,6454.229166666667,-0.00366356116460842,0.13807854056358337,0.9691559970378876,-14.693210996687412,-1.0104870796203613,0.9268026351928711,0.49139097332954407
225,-3299.2146643876954,-7009.416666666667,-10308.631331054361,0.31271806383820794,0.22640285476841704,0.4159347442680776,18.561111111111114,2324.6034722222225,2108.037847222222,1.075436513040804,0.09228144714541475,5.145016953321817,-0.07543651304080394,7009.416666666667,6474.28125,-0.007599975238789192,0.11791353672742844,1.028834968805313,-14.777787663042545,-0.2555796205997467,0.9263865947723389,-0.2714335024356842
226,-3301.6862024068937,-7006.291666666667,-10307.97786907356,0.3137090745702787,0.22670691733461956,0.41766561948853614,18.279861111111114,2306.529861111111,2085.796527777778,1.0761511951890117,0.08784310316717658,4.933832963080003,-0.0761511951890117,7006.291666666667,6450.5625,-0.0016053612819475482,0.12246695905923843,0.9369806200265884,-14.826144017279148,-0.31883442401885986,0.9276658296585083,-0.2189520299434662
227,-3298.9250559914767,-6941.572916666667,-10240.497972658144,0.31429464089315545,0.23030053197645528,0.42299244929453256,18.246875,2294.9954861111114,2082.0750000000003,1.074256619005279,0.08780377077158623,4.783959616104848,-0.0742566190052787,6941.572916666667,6410.489583333333,0.0033712082958752276,0.11853737384080887,0.9482933431863785,-14.880654625594616,-0.9983552098274231,0.9304909110069275,0.46464988589286804
228,-3299.5880723946516,-7021.375,-10320.963072394652,0.3126179963580853,0.2254965802939195,0.4211665013227513,18.303472222222222,2319.883333333333,2102.003472222222,1.0733297421090684,0.08604997257025815,4.58088942384492,-0.07332974210906841,7021.375,6473.854166666667,0.010853533174447483,0.12332724221050739,0.9031171649694443,-15.16645061969757,-0.2610914707183838,0.9348157048225403,-0.2907971143722534
229,-3298.3349919482825,-7133.15625,-10431.49124194828,0.31318451271973075,0.22454539347220112,0.4168981481481482,18.052777777777777,2327.417361111111,2079.484027777778,1.0856786348026082,0.08950243688224079,4.530043916839175,-0.08567863480260819,7133.15625,6487.666666666667,0.020332086335096245,0.14208100736141205,0.8918977379798889,-14.55161713808775,-0.2961389422416687,0.9311783313751221,-0.25474369525909424
230,-3297.6906241507872,-7184.46875,-10482.159374150791,0.31311810614600477,0.22899786599090377,0.42188932980599647,17.84236111111111,2344.2600694444445,2063.022569444445,1.0995583587198985,0.09751460886037215,4.496454537273214,-0.09955835871989838,7184.46875,6425.833333333333,-0.00048813336491204673,0.1604100540280342,0.9392758905887604,-15.01799713820219,-1.010391116142273,0.9342631101608276,0.4907035529613495
231,-3296.7224351054556,-7356.1875,-10652.909935105457,0.312967403476574,0.2255468926854923,0.42041060405643743,17.729166666666668,2376.163194444445,2051.051041666667,1.1154387311994642,0.09722292425624081,4.45819419438084,-0.11543873119946417,7356.1875,6453.75,-0.004075824310991294,0.18764019384980202,0.8928416073322296,-14.884986706078053,-0.23562999069690704,0.9353777766227722,-0.2890809178352356
232,-3298.9595955994246,-7336.947916666667,-10635.907512266089,0.3128095136319254,0.23014396053945851,0.4259383267195768,18.28125,2453.5149305555556,2094.9576388888886,1.127104082056609,0.09699957756797412,4.38468622385583,-0.12710408205660897,7336.947916666667,6400.072916666667,-0.0006318273927635176,0.19675549492239952,0.8966065049171448,-14.919962145388126,-0.27934664487838745,0.932167112827301,-0.2450994998216629
233,-3298.2323717032264,-7967.875,-11266.107371703227,0.3122069310357906,0.22745057408206373,0.4189558531746032,18.220138888888886,2642.5375,2082.456597222222,1.2099817562438933,0.1217546326205316,3.9771202305162685,-0.20998175624389326,7967.875,6460.135416666667,-0.00245625235909408,0.2972940728068352,1.0010882765054703,-14.63355291634798,-0.9810659885406494,0.9304224252700806,0.48148539662361145
234,-3296.496489281954,-7252.145833333333,-10548.642322615284,0.3133514498360505,0.22844585938178677,0.42200038580246907,17.877430555555556,2366.9586805555555,2054.617708333333,1.1094488620537408,0.10256660357749621,4.0710030927711705,-0.10944886205374076,7252.145833333333,6431.666666666667,-0.004222400160741546,0.17883025482296944,0.9148449450731277,-14.68534617125988,-0.17846138775348663,0.9332635402679443,-0.3317122459411621
235,-3299.9894458720937,-7564.583333333333,-10864.57277920543,0.3130577931546692,0.2264878365171575,0.4211405974426807,18.07847222222222,2497.070138888889,2076.848611111111,1.156917604086136,0.11642800075901948,3.7624656688123714,-0.15691760408613614,7564.583333333333,6437.8125,-0.0021044534083980437,0.22799520567059517,0.8725748062133789,-14.441820621490479,-0.2941935360431671,0.9355599880218506,-0.22490856051445007
236,-3297.7781988034435,-7418.479166666667,-10716.257365470106,0.31122826930440245,0.22406920161059438,0.419300319664903,17.897569444444443,2418.1062500000003,2043.5718749999999,1.141794773451528,0.13581399536471453,3.6732739657033697,-0.14179477345152794,7418.479166666667,6414.770833333333,0.009953626687873474,0.20512384921312332,0.9452636390924454,-14.74778375774622,-1.0479693412780762,0.9302849173545837,0.5227432250976562
237,-3297.3523512139986,-7255.333333333333,-10552.685684547323,0.3144174894039243,0.22989988326217925,0.42553598985890656,18.103819444444444,2383.717013888889,2087.465625,1.1135375239180814,0.1284951364096182,3.3878857292180826,-0.11353752391808127,7255.333333333333,6456.677083333333,0.004171735481265149,0.16273454949259758,0.9321814030408859,-14.599565714597702,-0.2761404514312744,0.9388900995254517,-0.2673247456550598
238,-3297.863569222047,-7267.395833333333,-10565.25940255538,0.31080903265717125,0.22405999070098104,0.4256762566137566,17.63576388888889,2342.1111111111113,2041.7871527777777,1.1192893929467636,0.1353687711528333,3.1798326301765605,-0.1192893929467635,7267.395833333333,6430.1875,0.005673683768801396,0.1670297607779503,0.9218791872262955,-15.04820615798235,-0.39182883501052856,0.928213894367218,-0.14994503557682037
239,-3298.548195002344,-7207.604166666667,-10506.152361669008,0.31226153002173335,0.22625601184295696,0.4235956790123456,17.969791666666666,2366.0534722222224,2073.5600694444447,1.1162361214897272,0.13876711412471485,3.156686540116148,-0.11623612148972708,7207.604166666667,6404.958333333333,-0.004527552945849944,0.16009937971830368,0.947047084569931,-14.920848846435547,-0.9334655404090881,0.9299025535583496,0.38480210304260254
240,-3298.310090032712,-7024.875,-10323.18509003271,0.3129637116760258,0.2306600549054565,0.42695078262786595,17.82777777777778,2279.0215277777775,2047.9517361111111,1.0900273684185666,0.1230550612097318,3.171546622969195,-0.09002736841856668,7024.875,6379.177083333333,-5.5697216128081095e-06,0.13349728658795357,0.8981152176856995,-15.12240406125784,-0.31955182552337646,0.9325006604194641,-0.23829738795757294
241,-3296.950662762242,-7020.958333333333,-10317.908996095575,0.3130874389182245,0.2316696912279844,0.42303158068783064,17.912152777777777,2268.2246527777775,2067.365625,1.0769472195620342,0.11025175503824565,3.2246602702356726,-0.07694721956203439,7020.958333333333,6455.604166666667,0.010782257149306446,0.11862129531800747,0.9235186874866486,-14.83483300358057,-0.18516294658184052,0.9332765936851501,-0.3664271831512451
242,-3298.076112781487,-6905.802083333333,-10203.878196114825,0.31524767322197417,0.23320598317109723,0.4238158619929453,17.615972222222222,2219.7350694444444,2044.3125,1.0636021738004457,0.10412303992347467,3.3013625055754527,-0.06360217380044585,6905.802083333333,6457.90625,-0.0014776677517973624,0.09850183688104153,0.8616775572299957,-15.090772233903408,-1.0503063201904297,0.9380399584770203,0.49880915880203247
243,-3298.677527900278,-6902.708333333333,-10201.385861233608,0.3132673396609559,0.23360926960433268,0.42637841710758373,18.25034722222222,2267.4680555555556,2096.148263888889,1.0664701458415078,0.11789877156667843,3.4200198959026693,-0.06647014584150789,6902.708333333333,6440.375,-0.0025008059322253473,0.09628808312118053,0.9049718081951141,-15.048564225435257,-0.30473804473876953,0.9343650341033936,-0.26118361949920654
244,-3297.986483097711,-6828.354166666667,-10126.34064976438,0.31365782777062684,0.2322956171467215,0.42589065255731917,17.847222222222225,2216.826388888889,2066.448263888889,1.0550900795169385,0.10386546812481878,3.6194342969949336,-0.05509007951693836,6828.354166666667,6438.395833333333,0.002105221593566853,0.08565895073115826,0.7523451447486877,-15.245863191783428,-0.3633096218109131,0.9388242959976196,-0.19526547193527222
245,-3298.3506467647217,-6937.708333333333,-10236.05898009805,0.31320997727011024,0.23251650361635257,0.4207903439153439,17.825347222222224,2243.691666666667,2069.8399305555554,1.065847631062698,0.11337698945916459,3.8187925713097166,-0.06584763106269796,6937.708333333333,6473.020833333333,0.0027537603837852753,0.10103133507072926,0.9020325690507889,-15.033948048949242,-0.885560154914856,0.9274817705154419,0.32705238461494446
246,-3296.9621249188676,-6853.916666666667,-10150.878791585537,0.31337893066730776,0.23166064577122195,0.4237122464726631,17.73125,2208.8451388888884,2051.7024305555556,1.0611746017249322,0.1070146773214709,3.969994508715896,-0.06117460172493225,6853.916666666667,6425.083333333333,-0.0034875509333844867,0.09179774858057499,0.8359833657741547,-15.377355076372623,-0.4362121820449829,0.9341022968292236,-0.1285034865140915
247,-3297.2788059315358,-6750.65625,-10047.935055931539,0.3163668931551215,0.23518936194240167,0.4284700176366843,17.910069444444442,2202.3215277777776,2070.795833333333,1.0523966428229972,0.0995764413154973,4.096171673664422,-0.0523966428229972,6750.65625,6404.354166666667,-0.0050207316191077656,0.07526958733797073,0.8472740948200226,-15.631397023797035,-0.25764408707618713,0.9357813596725464,-0.30637142062187195
248,-3297.4145062675216,-6714.947916666667,-10012.362422934186,0.3156411072317454,0.2350864579380464,0.4306484237213404,17.651041666666668,2164.8395833333334,2043.651736111111,1.0480387385245,0.1139772320513946,4.280587602175897,-0.04803873852450008,6714.947916666667,6404.3125,-0.004360366297528451,0.06947661191225052,0.880067989230156,-15.827544070780277,-0.9785923957824707,0.9258005619049072,0.4019829332828522
249,-3297.87259947633,-6589.46875,-9887.341349476324,0.31510682958531033,0.23709107442927133,0.433653549382716,17.993055555555557,2177.1378472222223,2074.742361111111,1.037797928319976,0.09607444418520927,4.451139842726232,-0.03779792831997616,6589.46875,6354.395833333333,-0.004367496259745696,0.06043861620128155,0.7530779242515564,-15.92035487294197,-0.45597368478775024,0.9430451393127441,-0.10102180391550064
250,-3298.7017666108245,-6563.489583333333,-9862.191349944158,0.31571272441884957,0.24043609622943526,0.4314004629629629,18.15138888888889,2180.5534722222224,2087.759375,1.03522448087658,0.09882250611089283,4.454064391119858,-0.03522448087658006,6563.489583333333,6341.760416666667,-0.0030356442533445716,0.055872504599392414,0.8031990081071854,-16.149340718984604,-0.22206024825572968,0.937878429889679,-0.35084962844848633
251,-3297.87573927159,-6549.052083333333,-9846.927822604925,0.3164611550486131,0.24004683571143284,0.43498787477954143,17.868055555555554,2156.2527777777777,2066.1218750000003,1.0324629606262525,0.1095871689203241,4.5168230671210425,-0.0324629606262526,6549.052083333333,6317.65625,-0.003860226060343752,0.05818020738661289,0.8609723895788193,-16.29390788823366,-0.9722803235054016,0.9384152293205261,0.3995717763900757
252,-3299.7294634198206,-6617.479166666667,-9917.208630086485,0.31724489032183417,0.24214035196928307,0.4373928020282187,17.8125,2176.1135416666666,2064.7708333333335,1.0434256012200591,0.11054692141900906,4.743038033674984,-0.04342560122005912,6617.479166666667,6314.416666666667,-0.00533676161689467,0.06935161165893078,0.7278449386358261,-16.733097225427628,-0.23308975994586945,0.937121570110321,-0.33898356556892395
253,-3296.6026092002644,-6573.552083333333,-9870.154692533595,0.3161766866565791,0.2441976862941778,0.4397100970017636,17.733680555555555,2160.2937500000003,2057.8920138888884,1.0380349311971748,0.11088854931322634,4.757185308640347,-0.038034931197174784,6573.552083333333,6315.135416666667,-0.004351285717219655,0.06365284882485867,0.7689389586448669,-17.005514539778233,-0.297262579202652,0.940263032913208,-0.2581198513507843
254,-3297.9053317454236,-6571.958333333333,-9869.863665078754,0.31801372486681473,0.2488175020868463,0.44078924162257493,17.740277777777777,2176.6420138888884,2042.4378472222222,1.0533579760332328,0.1033198311504188,4.7781886248527705,-0.05335797603323263,6571.958333333333,6247.145833333333,-0.005079091305496775,0.07498262822628021,0.9280428737401962,-17.350343890488148,-0.9157673120498657,0.9064902663230896,0.35954320430755615
255,-3299.5234662525477,-6449.114583333333,-9748.638049585878,0.3186236602384325,0.25191369434631067,0.44939594356261026,17.820833333333333,2160.668055555556,2061.4489583333334,1.0379292832442957,0.10444894406263928,4.775198955757484,-0.037929283244295675,6449.114583333333,6224.010416666667,-0.0024004426056922767,0.06024532951414585,0.8302502334117889,-17.565441831946373,-0.6969675421714783,0.9292693138122559,0.14119312167167664
256,-3298.4006471266107,-6545.020833333333,-9843.421480459943,0.3177195983709918,0.24808210521910545,0.44178598985890655,17.59861111111111,2147.354513888889,2039.1381944444445,1.0387822051972837,0.0978972222188279,4.929380725467709,-0.03878220519728392,6545.020833333333,6266.302083333333,-0.004260822110503604,0.06810415722429752,0.6882224231958389,-17.478946678340435,-0.36499956250190735,0.9456626176834106,-0.20106267929077148
257,-3299.4468830657293,-6510.260416666667,-9809.707299732394,0.31759821534225946,0.2527625563428349,0.4422280092592592,18.056250000000002,2195.0052083333335,2080.5552083333337,1.0427196442521016,0.10486200760678553,4.916394338984347,-0.04271964425210165,6510.260416666667,6240.291666666667,-0.0035467421673614496,0.06573366187512875,0.6827000975608826,-17.635911338031292,-0.32294225692749023,0.9424216747283936,-0.2426161766052246
258,-3300.0867151399525,-6620.8125,-9920.899215139949,0.31703509181750106,0.25085839976802365,0.4416112764550264,17.74965277777778,2197.5881944444445,2059.355208333333,1.0527545379774947,0.10568424554227727,4.909714209429444,-0.05275453797749465,6620.8125,6267.3125,-0.0012293851506930409,0.08237169496715069,0.7541285753250122,-17.339401863515377,-1.0007532835006714,0.938835084438324,0.4424942433834076
259,-3296.6340538265026,-6552.791666666667,-9849.425720493165,0.31906821080121356,0.2552180382198357,0.4449206349206349,17.700347222222224,2176.4506944444443,2048.6385416666667,1.0468943061733025,0.1079985676626369,4.882679799068097,-0.04689430617330246,6552.791666666667,6236.28125,-0.0015243544808303255,0.07634615711867809,0.730960413813591,-17.11231591552496,-0.6173400282859802,0.9399721622467041,0.07574687153100967
260,-3298.5044849990677,-6617.802083333333,-9916.306568332402,0.3177782540995089,0.25113449735444093,0.4411852402998236,17.631944444444443,2175.8256944444443,2050.742361111111,1.0458529208771636,0.10124549688304464,4.864790414789364,-0.045852920877163604,6617.802083333333,6292.46875,-0.005760816291604964,0.07766970060765743,0.8353065848350525,-17.201137632131577,-0.5846983790397644,0.9453723430633545,0.026703480631113052
261,-3299.885209928962,-6610.958333333333,-9910.843543262303,0.32004406769812305,0.25227657308035606,0.44307870370370367,17.918402777777775,2212.188541666667,2071.586805555555,1.0502441100295306,0.09938900029341595,5.062003370140891,-0.050244110029530685,6610.958333333333,6283.947916666667,-0.0034420386043781948,0.07965002581477165,0.6858648806810379,-17.207609564065933,-0.20572176575660706,0.9437545537948608,-0.3446076810359955
262,-3299.379632838136,-6545.927083333333,-9845.306716171468,0.31782509201374265,0.253210988890108,0.4444436177248677,17.851041666666664,2177.1847222222223,2067.2194444444444,1.040620996643087,0.09309668261104294,4.95608966361119,-0.04062099664308705,6545.927083333333,6270.395833333333,-0.004133753669024909,0.06890877895057201,0.7070920914411545,-17.21735166758299,-0.3316866457462311,0.941653311252594,-0.240496426820755
263,-3298.735119136771,-6586.84375,-9885.578869136769,0.31829498263424877,0.255672283478715,0.44371334876543206,17.957291666666666,2206.885763888889,2072.5055555555555,1.0476780960684857,0.1046028302362464,4.89843755820771,-0.0476780960684857,6586.84375,6249.34375,-0.0028411158662751124,0.08003460988402367,0.6225097477436066,-17.502443581819534,-0.7645471096038818,0.9497547149658203,0.20672199130058289
264,-3298.301488307796,-6544.354166666667,-9842.655654974464,0.3196865631624472,0.2549511084054959,0.4463128306878306,17.87673611111111,2196.464236111111,2067.793402777778,1.046491291599949,0.09904440182552747,4.769578773752745,-0.046491291599948865,6544.354166666667,6241.854166666667,-0.004151435859379049,0.07430879026651382,0.6869822293519974,-17.6885901466012,-0.6464762687683105,0.9422488808631897,0.09553611278533936
265,-3297.6109644656044,-6500.645833333333,-9798.25679779894,0.3208109620045658,0.25903734178468263,0.44954916225749564,17.908333333333335,2187.375,2070.6579861111113,1.0439859759620065,0.09782909902796284,4.525966207806505,-0.04398597596200652,6500.645833333333,6232.322916666667,-0.00023952680651684322,0.06728681363165379,0.8882644474506378,-17.727914169430733,-0.548836886882782,0.937359094619751,0.0002605041954666376
266,-3299.2105584844453,-6466.395833333333,-9765.606391817784,0.320943918635566,0.2583657395492386,0.4460945767195767,17.65486111111111,2144.8854166666665,2051.0756944444443,1.032874068246772,0.09231525384220064,4.451717132205574,-0.03287406824677205,6466.395833333333,6246.958333333333,0.004766259678154583,0.058299052529037,1.12264746427536,-17.944918751716614,-0.05986294522881508,0.9360371232032776,-0.5056914687156677
267,-3301.2379089931524,-6418.270833333333,-9719.508742326487,0.3178903166568748,0.250568014127364,0.44446566358024686,17.684375,2133.6375,2061.6746527777777,1.0253295710450665,0.10188510705498455,4.263092248227637,-0.025329571045066553,6418.270833333333,6241.385416666667,-0.0014552235323463947,0.04895108658820391,0.885708823800087,-17.69891358911991,-1.029718279838562,0.9363290071487427,0.46816450357437134
268,-3297.219451394159,-6455.489583333333,-9752.709034727495,0.31926717435941027,0.25213662296947503,0.44453152557319225,17.77951388888889,2147.79375,2060.7625000000003,1.0319554052290811,0.09531665645100855,4.3262590591356975,-0.031955405229081114,6455.489583333333,6264.21875,-0.0001082550215043554,0.05189814884215593,0.7839216887950897,-18.130276776850224,-0.21720203757286072,0.9393062591552734,-0.35073360800743103
269,-3297.2790305131416,-6404.760416666667,-9702.039447179808,0.31850053088828073,0.2521405491182425,0.44530257936507933,17.76875,2130.056597222222,2057.0052083333335,1.0245606208516316,0.09161541336791329,4.298593389322369,-0.02456062085163162,6404.760416666667,6243.46875,0.00026080984198323387,0.04741531703621149,0.7390784323215485,-18.096610836684704,-0.874933660030365,0.9433671236038208,0.30037370324134827
270,-3299.861962715406,-6333.489583333333,-9633.35154604874,0.31946086728348416,0.2529475033952622,0.4496536044973545,17.519791666666666,2092.551041666667,2040.28125,1.0172333982765365,0.09935732342224524,4.2655074114752685,-0.017233398276536693,6333.489583333333,6225.0,0.0012986646250449096,0.03557253256440163,0.8542106002569199,-18.415623910725117,-0.4470798075199127,0.9271969795227051,-0.12547354400157928
271,-3298.7186124438667,-6322.166666666667,-9620.885279110533,0.3196072966704555,0.25558625389304424,0.4493061067019401,17.867708333333336,2127.245833333333,2067.2760416666665,1.01948827471116,0.08975932161064622,4.552213186262879,-0.01948827471115998,6322.166666666667,6192.614583333333,-0.003750039240049352,0.0400152076035738,0.8980780094861984,-18.516805179417133,-0.5373722910881042,0.9381985664367676,-0.03005124069750309
272,-3299.502588491337,-6310.729166666667,-9610.231755158004,0.31952240813777016,0.25326188388377585,0.45235807980599646,17.68159722222222,2101.847222222222,2054.538541666667,1.0140278862408212,0.09088268177330834,4.450333616155608,-0.014027886240821144,6310.729166666667,6207.916666666667,-0.003008369188679305,0.03604545909911394,0.9925772398710251,-18.95066513121128,-0.7363916039466858,0.9209446310997009,0.16569657623767853
273,-3300.3229979093053,-6300.416666666667,-9600.739664575975,0.3189867349855155,0.2542118950215,0.44958884479717814,17.808333333333334,2112.5333333333333,2067.2947916666667,1.0137957828594029,0.09263698705461672,4.380178872262104,-0.013795782859402882,6300.416666666667,6211.427083333333,0.0012620716953102296,0.032209260389208794,0.977514773607254,-19.115121692419052,-0.13075938820838928,0.9288994073867798,-0.4515514671802521
274,-3302.0685793034804,-6239.010416666667,-9541.078995970152,0.3195191831185277,0.2563788511615712,0.4531506283068783,17.717708333333334,2097.452083333333,2057.842708333333,1.0107563903185535,0.08396968915672327,4.490220728944849,-0.010756390318553521,6239.010416666667,6171.385416666667,-0.0015534399908667673,0.028162362053990364,0.677188441157341,-19.309782151132822,-0.7528842687606812,0.9413208961486816,0.18565762042999268
275,-3299.992238499873,-6272.260416666667,-9572.252655166538,0.31960519222281464,0.2537486650617211,0.4516873346560846,17.539583333333333,2079.0118055555554,2036.5517361111113,1.0092654346757846,0.08505159964290648,4.620423719130971,-0.009265434675784395,6272.260416666667,6181.208333333333,-0.0006678766326837504,0.03508245199918747,0.6460968554019928,-18.865006908774376,-0.6270567178726196,0.9401155114173889,0.057389821857213974
276,-3299.9537837370663,-6271.895833333333,-9571.849617070397,0.31977539563069673,0.2570912765562146,0.45305335097001764,17.758333333333336,2104.297916666667,2063.984375,1.0096712275447952,0.08440347801050081,4.5159114337350355,-0.009671227544795347,6271.895833333333,6195.34375,-0.002861052832385136,0.03053242899477482,0.6310971975326538,-19.30432790517807,-0.5877259969711304,0.9491713643074036,0.00951909925788641
277,-3300.142318980105,-6216.6875,-9516.829818980106,0.31864821801848614,0.2526650438707697,0.45030202821869486,17.78125,2078.1711805555556,2055.865972222222,1.0037125825534952,0.0917994554312106,4.4882191326470755,-0.0037125825534951563,6216.6875,6184.708333333333,-0.0018136376784607666,0.02076611015945673,0.7000644207000732,-19.081091701984406,-0.2679212987422943,0.937844455242157,-0.3149903118610382
278,-3299.872712656279,-6252.260416666667,-9552.133129322947,0.31774580161542104,0.24574124429960245,0.45132468033509704,17.786458333333332,2097.889583333333,2070.8947916666666,1.0036199904591092,0.08897922047630734,4.7162126334860615,-0.0036199904591093604,6252.260416666667,6229.364583333333,-0.003858017517639478,0.021161099895834923,0.5869055241346359,-19.34298837557435,-0.5077990293502808,0.9472848176956177,-0.05800013989210129
279,-3299.6690109774213,-6300.53125,-9600.200260977419,0.3190448486557555,0.24940392266257225,0.4488748346560847,17.811458333333334,2112.334375,2066.8614583333333,1.0142711139434182,0.0913151953425303,4.604611559303965,-0.01427111394341813,6300.53125,6235.916666666667,-0.004047646256624682,0.026898264419287443,0.5590686947107315,-19.29004353657365,-0.44798529148101807,0.9504162073135376,-0.1402750164270401
280,-3300.319042471996,-6248.104166666667,-9548.42320913866,0.31920995611824793,0.24817153177557175,0.4521908068783069,17.757291666666664,2094.1114583333333,2060.8260416666667,1.0078884382950661,0.08916505895988085,4.666779336442331,-0.007888438295066108,6248.104166666667,6185.864583333333,-0.004847267980692016,0.027651952113956213,0.5841510146856308,-19.3196819499135,-0.6800036430358887,0.9487348794937134,0.10126463323831558
281,-3298.920451542937,-6214.833333333333,-9513.75378487627,0.3193152362003058,0.25205327050611637,0.45400242504409166,17.713541666666668,2084.0791666666664,2058.459375,1.0043984946974673,0.08353160441654867,4.782340512963358,-0.004398494697467584,6214.833333333333,6169.46875,-0.005708856844446719,0.02524829190224409,0.6235489994287491,-19.58077183738351,-0.6006808876991272,0.946470320224762,0.033447328954935074
282,-3299.270194865254,-6251.666666666667,-9550.936861531916,0.3199648919197107,0.2537004520498966,0.45232197971781307,17.756249999999998,2098.0583333333334,2070.9354166666667,1.00515412240635,0.08588321993720283,4.838281050754146,-0.005154122406350042,6251.666666666667,6219.364583333333,-0.003281726997529155,0.02227402152493596,0.7723290175199509,-19.493931781500578,-0.9496204257011414,0.9393519163131714,0.3747533857822418
283,-3298.7560184294416,-6267.677083333333,-9566.433101762776,0.31883257993055786,0.2550220095330991,0.45130153218694885,17.692361111111108,2098.7322916666667,2055.5364583333335,1.0112680407955716,0.09306209016713185,4.810113330421506,-0.011268040795571643,6267.677083333333,6197.260416666667,0.00027921953005716205,0.0314510278403759,1.011265754699707,-20.013925924897194,-0.4451977014541626,0.9428223967552185,-0.1250760555267334
284,-3300.124583084276,-6305.96875,-9606.093333084274,0.317848812919355,0.25609785691914216,0.453007881393298,17.73229166666667,2131.453125,2058.261458333333,1.023550157075971,0.09173427178011455,5.4004728067431955,-0.023550157075971138,6305.96875,6166.885416666667,-0.0035134467626733723,0.04539082292467356,0.7223822176456451,-20.100789695978165,-0.7917085289955139,0.9554148316383362,0.23388829827308655
285,-3298.2840937645246,-6336.09375,-9634.377843764525,0.3193659946018167,0.2540301008395747,0.4546194334215167,17.727083333333333,2134.9562499999997,2062.6802083333337,1.020567824870069,0.08755881683648298,5.485198205054701,-0.020567824870068918,6336.09375,6190.229166666667,-0.002728240196111009,0.04827912896871567,0.9452051818370819,-20.087461583316326,-0.4793454706668854,0.9498944282531738,-0.0794789120554924
286,-3299.455224101866,-6310.4375,-9609.892724101863,0.31980015819129276,0.25542955139422296,0.4536703593474427,17.711458333333333,2123.59375,2057.245833333333,1.0178170964235185,0.09090558168947327,5.366891570627058,-0.017817096423518402,6310.4375,6169.197916666667,-0.003190565682976876,0.04612169601023197,0.9793273955583572,-20.13226942718029,-0.5595583915710449,0.9503688216209412,-0.0019830591045320034
287,-3299.041900073673,-6257.5,-9556.541900073673,0.32110152976190287,0.2628466566513655,0.45731426366843025,17.654166666666665,2112.765625,2048.860416666667,1.0161761813953982,0.08575078862335887,5.609819460125903,-0.01617618139539826,6257.5,6132.052083333333,-0.005674864600572427,0.04642867110669613,0.9819688349962234,-20.55068028718233,-0.46304240822792053,0.9278949499130249,-0.07942825555801392
288,-3299.7839559120603,-6293.833333333333,-9593.617289245394,0.3208090413881089,0.2629561169782796,0.45689373897707225,17.630208333333332,2121.9416666666666,2052.803125,1.0193637133385625,0.08680579209814925,5.642651688805086,-0.019363713338562346,6293.833333333333,6150.625,-0.0017646736413361452,0.049392606131732464,0.906552791595459,-20.883297875523567,-0.5321182608604431,0.9319542050361633,-0.022427396848797798
289,-3297.5263835565315,-6384.34375,-9681.87013355653,0.32205607662633556,0.263704118343109,0.45414682539682544,17.530555555555555,2143.464236111111,2044.9631944444445,1.031332840357034,0.09664741825892693,5.680709098183368,-0.03133284035703406,6384.34375,6161.635416666667,-0.003691811873013151,0.06354239955544472,0.9245734065771103,-20.792908638715744,-0.6445479989051819,0.9340821504592896,0.09414775669574738
290,-3298.125502606879,-6352.90625,-9651.03175260688,0.3227267919544404,0.2661506151893668,0.45640955687830687,17.684375,2147.4406249999997,2052.4125,1.0297938734075833,0.0907631588982899,5.80932979669619,-0.029793873407583327,6352.90625,6147.96875,-0.000330710551284627,0.059577771462500095,0.8902803808450699,-21.01234160363674,-0.40710288286209106,0.9316471219062805,-0.14474542438983917
291,-3298.573334171207,-6409.458333333333,-9708.031667504545,0.32097332931475137,0.2605065989733299,0.4536877204585538,17.698958333333334,2165.597916666667,2050.8770833333333,1.0379783804086355,0.09727265280999324,5.7987092134412315,-0.03797838040863557,6409.458333333333,6142.729166666667,-0.003110491170905394,0.07146190293133259,0.9398282021284103,-21.014642596244812,-0.7483535408973694,0.9328957200050354,0.1916341632604599
292,-3297.5092059965295,-6566.416666666667,-9863.925872663196,0.32233128045735077,0.26613858859976364,0.45405037477954147,17.692708333333332,2235.086458333333,2052.726041666667,1.0607701992922591,0.09514849573038903,5.922101086824147,-0.060770199292259276,6566.416666666667,6156.208333333333,-0.005498951258645857,0.1053184624761343,0.7660908699035645,-21.048307567834854,-0.27875256538391113,0.936016321182251,-0.2507396936416626
293,-3296.478536550719,-6608.427083333333,-9904.905619884048,0.3205610570840625,0.2612226153352013,0.45479221781305107,17.710416666666664,2243.8885416666667,2055.3760416666664,1.063553864769269,0.09860099295973641,5.901194998553923,-0.06355386476926898,6608.427083333333,6159.864583333333,-0.00402941148271907,0.11211606673896313,0.8431333750486374,-20.92965930700302,-1.0363695621490479,0.945850133895874,0.5107568502426147
294,-3298.283545120284,-6553.958333333333,-9852.241878453615,0.3226809535640475,0.2621425896949303,0.45691302910052917,17.635416666666668,2219.851041666667,2054.665625,1.053295538053972,0.09745773490856018,5.788639696278545,-0.05329553805397194,6553.958333333333,6160.3125,-0.0038017061282644704,0.10220224224030972,0.5886608958244324,-20.774346955120564,-0.2164720892906189,0.9557434916496277,-0.3185567259788513
295,-3299.4416450521435,-6542.833333333333,-9842.274978385472,0.3217061135761611,0.2646454435679415,0.4534129739858906,17.723958333333332,2215.9041666666667,2061.5375000000004,1.0491563980959777,0.09718635851430008,5.740212238276965,-0.04915639809597782,6542.833333333333,6185.1875,-0.008401540715971656,0.09384801797568798,0.5639979988336563,-20.483280636370182,-0.536048412322998,0.9540085196495056,-0.00047921171062625945
296,-3298.93910343875,-6577.59375,-9876.53285343875,0.3242145140753772,0.2684574728995762,0.4575950727513227,17.551041666666666,2224.5402777777776,2042.6545138888887,1.0605707934272355,0.09239859422621703,5.581661116262365,-0.060570793427235425,6577.59375,6143.635416666667,-0.001070345994326094,0.11092394962906837,0.7524252533912659,-20.59378506988287,-0.6178528666496277,0.953114926815033,0.107228584587574
297,-3300.801955436389,-6599.885416666667,-9900.687372103057,0.3225621175507621,0.2646865262544856,0.45682153880070553,17.447916666666668,2222.119097222222,2039.1451388888888,1.0603071776246729,0.09596261709694964,5.323907460697975,-0.06030717762467289,6599.885416666667,6163.635416666667,-0.0007334225223107893,0.1099798996001482,0.826540619134903,-20.120788536965847,-0.7703856825828552,0.9284005165100098,0.24892641603946686
298,-3298.806539440631,-6593.572916666667,-9892.379456107297,0.32510681167760835,0.26746077383318656,0.45964643959435625,17.572916666666668,2240.2177083333336,2052.2958333333336,1.0631496063112351,0.10142693077130116,5.242117519127272,-0.06314960631123497,6593.572916666667,6138.197916666667,5.6047777755807715e-05,0.11246299557387829,0.7849934101104736,-20.26786260306835,-0.15604981780052185,0.9463858008384705,-0.3607599139213562
299,-3299.318747382679,-6537.322916666667,-9836.641664049346,0.32277534557770066,0.26734097657835165,0.4591432429453263,17.6125,2214.0645833333333,2051.258333333333,1.0530266483662685,0.09611592215270237,5.229022267109845,-0.05302664836626846,6537.322916666667,6139.447916666667,0.013670145376406762,0.10146591253578663,0.5822267532348633,-19.72486098855734,-0.6903030872344971,0.9476126432418823,0.1708744764328003
300,-3298.9780050278373,-6540.572916666667,-9839.550921694508,0.3218477098819768,0.26472906880129204,0.4547922178130512,17.488194444444442,2196.8503472222224,2041.40625,1.0523490426121322,0.0977895049239843,5.311137301430478,-0.05234904261213232,6540.572916666667,6172.1875,-0.0007205572569592977,0.09260375425219536,0.6791301369667053,-19.728200420737267,-0.5288925766944885,0.9289262294769287,0.007887198589742184
301,-3299.738769556651,-6499.625,-9799.363769556649,0.3271838087103734,0.27507530075430014,0.4575124007936508,17.636458333333334,2201.8406250000003,2051.3572916666667,1.0477599406334155,0.09401425747960553,5.340294032720941,-0.04775994063341545,6499.625,6146.552083333333,0.006145546225727383,0.0914964210242033,0.5148853585124016,-19.246918126940727,-0.7173913717269897,0.9561472535133362,0.18440520763397217
302,-3298.1885970944168,-6514.416666666667,-9812.605263761083,0.32491321467765133,0.27064706742142636,0.45781801146384477,17.581597222222225,2200.023611111111,2051.289236111111,1.0463304811954581,0.09429761332939623,5.390229556956694,-0.04633048119545823,6514.416666666667,6166.3125,0.00784955084714286,0.091370340436697,0.577825203537941,-19.529748611152172,-0.46848976612091064,0.9573745131492615,-0.054552625864744186
303,-3298.602979398944,-6467.416666666667,-9766.019646065613,0.32422315844977195,0.26840954881158213,0.45781608245149913,17.455555555555556,2166.851388888889,2039.3875,1.0414769770977286,0.09294340944401747,5.313156691192646,-0.04147697709772862,6467.416666666667,6165.291666666667,0.029055376983990744,0.08009019866585732,0.767051175236702,-18.999117448925972,-0.49436935782432556,0.9577105045318604,-0.030838750302791595
304,-3297.925646320577,-6369.447916666667,-9667.373562987244,0.32768949848268936,0.2752117775332105,0.462072585978836,17.420833333333334,2149.025,2043.796875,1.031265224271534,0.09230699181951559,5.126292211725322,-0.03126522427153413,6369.447916666667,6145.479166666667,-0.0015244650414318883,0.06741031259298325,0.8714745938777924,-19.314464271068573,-0.047342054545879364,0.9390619397163391,-0.4811398983001709
305,-3299.6837508554067,-6366.333333333333,-9666.01708418874,0.3298451989565481,0.2792610753620264,0.4585094246031746,17.412499999999998,2130.8611111111113,2035.6624999999997,1.0290432505428655,0.09331442055146977,5.115704735007024,-0.02904325054286556,6366.333333333333,6154.697916666667,0.0054729960510755404,0.06294265203177929,0.5913640856742859,-18.898099213838577,-0.8810266256332397,0.9526891708374023,0.34641388058662415
306,-3300.8713198934965,-6320.375,-9621.246319893495,0.3292211122597311,0.2771688049316354,0.4588693231922399,17.504166666666666,2112.439236111111,2039.4583333333333,1.0209562526938756,0.09405797381726377,5.024219890949877,-0.02095625269387565,6320.375,6145.989583333333,0.0004478827566601895,0.052741920575499535,0.5569950342178345,-18.943610854446888,-0.7865444421768188,0.9570633769035339,0.23374654352664948
307,-3299.8411854504684,-6309.6875,-9609.528685450468,0.3264345917798382,0.2772674704659342,0.4600438161375661,17.529861111111114,2115.0822916666666,2035.9222222222224,1.0254337330443644,0.09456628781638536,5.085870912326835,-0.02543373304436448,6309.6875,6124.166666666667,0.005965469601432405,0.05324597377330065,0.5700294226408005,-19.360779017210007,-0.6350238919258118,0.9510049819946289,0.09115982055664062
308,-3298.378308131727,-6273.0,-9571.378308131721,0.3271772036639858,0.2754858191830054,0.46074322089947084,17.461805555555554,2108.6309027777775,2035.2045138888886,1.023730316767308,0.09497418529592698,5.041444266418249,-0.02373031676730798,6273.0,6111.0,0.00930578108157265,0.04952628444880247,0.6640573889017105,-19.431375414133072,-0.9122461080551147,0.9525971412658691,0.3701005280017853
309,-3298.4272665001135,-6288.28125,-9586.708516500114,0.32849608391747925,0.27983309529210804,0.46206073633156963,17.284375,2100.367361111111,2023.551388888889,1.0237424563713178,0.08902723040009312,5.099734873552072,-0.023742456371317545,6288.28125,6112.072916666667,0.014067901766416924,0.05168657749891281,0.6144300699234009,-20.07463077455759,-0.07309233397245407,0.9496168494224548,-0.459287166595459
310,-3300.9250184197185,-6235.25,-9536.175018419715,0.3296259805866483,0.2843981144760619,0.46480103615520285,17.18541666666667,2083.0805555555557,2011.8298611111113,1.0209542370480549,0.09693413778370696,5.0558189178828465,-0.02095423704805481,6235.25,6082.479166666667,0.00221706685995815,0.04852161090821028,0.5136574059724808,-20.27751585096121,-0.45970723032951355,0.9569110870361328,-0.06080733239650726
311,-3299.183598825523,-6174.572916666667,-9473.756515492192,0.33136383435000255,0.28584035446692724,0.46550512566137564,17.319097222222222,2065.8059027777776,2020.938888888889,1.0134245029042666,0.09038806644764606,4.674752570603648,-0.013424502904266639,6174.572916666667,6078.208333333333,0.0004953626829031776,0.0354191642254591,0.5446222797036171,-20.51410234719515,-0.403460294008255,0.9564971923828125,-0.12576298415660858
312,-3300.458301097773,-6212.104166666667,-9512.562467764443,0.32917529268763007,0.28633012587185175,0.4641603284832452,17.43263888888889,2081.8690972222225,2034.0402777777774,1.0136102572766525,0.09270069854931595,4.727994653561649,-0.013610257276652618,6212.104166666667,6107.614583333333,-0.0037582849271153296,0.03583524003624916,0.5413786172866821,-20.40871810168028,-0.6125460267066956,0.9556750059127808,0.07518573105335236
313,-3298.977700518586,-6183.760416666667,-9482.738117185248,0.33110153498493944,0.2863471591780479,0.46748622134038803,17.412152777777777,2087.2864583333335,2034.7458333333334,1.0161482363039014,0.09917890469613821,4.611196914787192,-0.016148236303901456,6183.760416666667,6076.375,0.006322904707478233,0.03832545969635248,0.5212709084153175,-20.187848553061485,-0.6750956773757935,0.9539480805397034,0.1472088098526001
314,-3300.7328550112675,-6204.791666666667,-9505.524521677935,0.3296033085198884,0.2867080668551757,0.46450672398589066,17.34409722222222,2073.973263888889,2022.0114583333332,1.0153993265580283,0.0895731458832646,4.565874079178486,-0.015399326558028455,6204.791666666667,6090.302083333333,0.03216445475177032,0.03856148663908243,0.5658798664808273,-20.52130312472582,-0.6964711546897888,0.9493898153305054,0.17296460270881653
315,-3298.0127862173485,-6171.447916666667,-9469.460702884015,0.32590988334449766,0.27541956462017775,0.46218998015873014,17.43784722222222,2073.6979166666665,2035.7444444444445,1.010738195424017,0.09353396926651025,4.455542085872632,-0.010738195424017096,6171.447916666667,6103.447916666667,-0.0036087721195823264,0.030677334871143103,0.6111582070589066,-20.35730343312025,-0.8421800136566162,0.9544836282730103,0.3118787109851837
316,-3300.2159789950983,-6172.822916666667,-9473.03889566176,0.3253394516693249,0.27513553989976774,0.4618242945326279,17.48263888888889,2075.420833333333,2036.3305555555553,1.0098628260641072,0.08990302629660174,4.42930036219564,-0.009862826064107037,6172.822916666667,6101.28125,-0.0063346508888038056,0.032057514414191246,0.5216408222913742,-20.328140635043383,-0.22470134496688843,0.9560732245445251,-0.31579533219337463
317,-3299.2844859470692,-6171.40625,-9470.690735947073,0.3253939287915819,0.2747078113768819,0.4610518628747795,17.421875,2076.439236111111,2036.484375,1.0125810061971645,0.09543424105034215,4.228420499193537,-0.012581006197164494,6171.40625,6099.291666666667,0.0009862836979499523,0.028271610382944345,0.5337004065513611,-20.455568104982376,-0.43136343359947205,0.9486100673675537,-0.09727386385202408
318,-3299.367457419221,-6155.28125,-9454.648707419225,0.3259764180187396,0.27531778863178463,0.462641369047619,17.505902777777777,2068.709375,2038.5243055555554,1.008094906766689,0.09475565729828699,4.347643314406613,-0.00809490676668885,6155.28125,6101.322916666667,-0.0035185085901527913,0.027469385415315628,0.6020736694335938,-20.206510715186596,-0.24150806665420532,0.9600527286529541,-0.3055019676685333
319,-3299.873181135949,-6112.145833333333,-9412.019014469284,0.3241053284053035,0.27169136610528866,0.46126598324514995,17.489583333333332,2048.823958333333,2041.1607638888888,1.0002107531459703,0.10156504496821779,4.445498497555506,-0.00021075314597040692,6112.145833333333,6123.989583333333,-6.132478736414759e-05,0.013565853936597705,0.9897665530443192,-20.274096485227346,-1.3830078840255737,0.9445520639419556,0.8317942023277283
320,-3298.445932458852,-6154.302083333333,-9452.748015792184,0.32602290766479847,0.2759394269297546,0.4622293871252204,17.557291666666668,2074.7447916666665,2043.0166666666667,1.0067638202980882,0.0859908089841717,4.7486894382400076,-0.00676382029808804,6154.302083333333,6095.458333333333,-0.011673929245032078,0.02951898518949747,0.9260542094707489,-20.721069540828466,-0.07049321383237839,0.9077501893043518,-0.47450822591781616
321,-3298.750349682275,-6140.854166666667,-9439.604516348949,0.32784737490007204,0.28245642865820425,0.46591297398589065,17.457291666666666,2076.308333333333,2037.0489583333335,1.0104343161844298,0.08679585235966851,4.605004034830141,-0.01043431618442981,6140.854166666667,6066.010416666667,0.00015366116727921764,0.03167997673153877,0.5767814815044403,-21.47331327199936,-0.7909653782844543,0.9504961967468262,0.25865814089775085
322,-3298.0382398604565,-6097.145833333333,-9395.18407319379,0.3276062441681696,0.280685100685029,0.46732197971781303,17.204513888888886,2034.34375,2014.23125,1.0027767179251696,0.08829112403093531,4.624993091780611,-0.0027767179251694395,6097.145833333333,6064.802083333333,-0.0021893671017627625,0.02280036872252822,0.4996340274810791,-21.37062294781208,-0.7159391641616821,0.9587833881378174,0.18138419091701508
323,-3300.6424599392335,-6169.895833333333,-9470.538293272568,0.3273346329160578,0.2791572737979651,0.46246582892416227,17.5125,2082.376041666667,2046.8,1.00860227267986,0.08967159668438322,4.70660615612491,-0.008602272679860135,6169.895833333333,6113.21875,-0.0020116399279842545,0.029570800717920065,0.5148752331733704,-21.19604156538844,-0.6606218814849854,0.960443913936615,0.1070597693324089
324,-3299.8555801000043,-6108.0625,-9407.918080100006,0.32762512501575797,0.2790635778841938,0.46251019620811284,17.438194444444445,2053.5451388888887,2035.2739583333334,1.0026699596180144,0.09857421410146605,4.722759092703883,-0.0026699596180143914,6108.0625,6088.6875,-0.003146687213853472,0.022913637571036816,0.7946246117353439,-21.364748865365982,-0.5229119062423706,0.9510049819946289,-0.018816247582435608
325,-3300.0532176297074,-6096.239583333333,-9396.29280096304,0.3268474476347597,0.2783324628164539,0.46646467151675486,17.354166666666668,2056.373611111111,2026.1420138888889,1.0043368665772603,0.08957017181965933,4.901634084950049,-0.00433686657726022,6096.239583333333,6059.489583333333,-0.0010440042631928992,0.025951904710382223,0.9081678912043571,-21.677530381828547,-0.5889866948127747,0.9553157687187195,0.06175752729177475
326,-3299.7364327822525,-6100.34375,-9400.080182782252,0.3282125384288254,0.28651036051612916,0.46598710317460323,17.415625000000002,2064.53125,2033.8864583333332,1.00591532591309,0.08614304647950373,4.919442487625492,-0.005915325913089864,6100.34375,6053.916666666667,-0.00324043188881451,0.0271348231472075,0.7076847851276398,-21.917526107281446,-0.20683595538139343,0.9373480081558228,-0.31429922580718994
327,-3299.8459656247055,-6102.25,-9402.095965624705,0.3283557434279446,0.2866393653093837,0.46580384700176375,17.334027777777777,2057.4697916666664,2024.0239583333332,1.0058299472451815,0.08683983011388967,4.8723696614662755,-0.005829947245181447,6102.25,6061.0,-0.002997454789683607,0.028749498538672924,0.6395652592182159,-21.740396194159985,-0.7031470537185669,0.9422473907470703,0.18817248940467834
328,-3299.711095372691,-6107.020833333333,-9406.731928706022,0.3280153774023121,0.2875503535995247,0.4652816358024691,17.363541666666666,2054.5569444444445,2029.6097222222222,1.0046995141264032,0.09198523544641352,4.543031335435706,-0.004699514126403184,6107.020833333333,6071.125,-0.003226435803831862,0.023689900524914265,0.4578426107764244,-21.768334049731493,-0.6736792922019958,0.9603622555732727,0.13527679443359375
329,-3299.732153601683,-6127.989583333333,-9427.721736935013,0.32893410390834404,0.2882473890139307,0.4652543540564374,17.18784722222222,2039.517361111111,2011.2413194444443,1.0061270751560702,0.09006402830875715,4.570216854524481,-0.006127075156070274,6127.989583333333,6081.0625,-0.0021208305031794605,0.02704704599454999,0.42841798812150955,-21.87488792836666,-0.5644021034240723,0.963689923286438,0.01970311440527439
330,-3300.2117088802556,-6098.229166666667,-9398.440875546925,0.32839550628467923,0.28779969711387016,0.4664018408289241,17.318055555555556,2048.3937499999997,2021.7347222222224,1.0048651824221473,0.08876611744904904,4.339098279369548,-0.004865182422147324,6098.229166666667,6046.697916666667,-0.00313080838208811,0.025984266307204962,0.4920717775821686,-22.156993325799704,-0.3175831139087677,0.9593083262443542,-0.22028592228889465
331,-3299.3968386004963,-6118.541666666667,-9417.938505267166,0.328211157665357,0.290216736580381,0.4646378968253968,17.454166666666666,2070.258333333333,2035.128125,1.007580990108282,0.08607889973317183,4.491337051943966,-0.007580990108281887,6118.541666666667,6063.75,-0.002955166327254455,0.029968219343572855,0.5875647664070129,-22.144050873816013,-0.2974437475204468,0.9541998505592346,-0.23971900343894958
332,-3299.938075198137,-6074.5625,-9374.500575198132,0.32970432357403573,0.291308377174169,0.46756889329806,17.39375,2048.4649305555554,2028.6746527777777,1.0024761417744206,0.0880109934808289,4.375428219204871,-0.002476141774420544,6074.5625,6050.583333333333,-0.005496292843041317,0.02163286181166768,0.6658499836921692,-22.10175320506096,-0.8923079371452332,0.9518224596977234,0.3618227243423462
333,-3300.5636506738233,-6106.78125,-9407.344900673821,0.33019355090221275,0.29160142668357975,0.4650515321869488,17.406944444444445,2058.0017361111113,2032.298263888889,1.004312735119509,0.08749263642403161,4.574957899333171,-0.0043127351195089945,6106.78125,6070.8125,-0.002500182102937676,0.023858318105340004,0.662087969481945,-22.2948734536767,-0.2105075716972351,0.9518120884895325,-0.32571807503700256
334,-3299.775149960613,-6134.989583333333,-9434.764733293949,0.32785970457927033,0.28778022470376324,0.4631566909171076,17.41840277777778,2053.461111111111,2031.1472222222221,1.0046978215557691,0.09087075206396107,4.617176287878924,-0.004697821555768905,6134.989583333333,6087.458333333333,-0.001851333183091608,0.023033732548356056,0.674453854560852,-22.240676507353783,-0.7510015368461609,0.9327940344810486,0.20056429505348206
335,-3298.7462087505314,-6132.885416666667,-9431.631625417198,0.3303600678932412,0.29319443185199306,0.4685893408289242,17.274652777777778,2059.7055555555557,2028.5732638888887,1.0063362303980101,0.0882172830163861,4.815395859068246,-0.0063362303980100424,6132.885416666667,6081.84375,-0.0014930049081232077,0.02771233581006527,0.6382206231355667,-22.422715287655592,-0.8372966051101685,0.9571771621704102,0.29760345816612244
336,-3298.6734387992947,-6095.5,-9394.173438799296,0.3295122356841565,0.29070378822830717,0.468500606261023,17.382986111111112,2063.4399305555557,2025.3791666666666,1.0089383505413456,0.08989849127700383,5.00246978541855,-0.008938350541345662,6095.5,6034.552083333333,-0.004978796043856537,0.030540186911821365,0.6076467335224152,-22.41073427721858,-0.16315701603889465,0.9499164819717407,-0.35152313113212585
337,-3300.146472002823,-6117.677083333333,-9417.823555336152,0.3286939029351004,0.2907932651485478,0.4655368165784832,17.432291666666668,2065.976041666667,2035.675,1.0042961340586223,0.09003456612173265,5.220819054033604,-0.004296134058622229,6117.677083333333,6065.625,-0.0019311991548449647,0.030124069657176733,0.4829425811767578,-22.806085780262947,-0.647984504699707,0.9529306888580322,0.11181295663118362
338,-3301.574759958285,-6155.8125,-9457.387259958283,0.3301027925078303,0.2892745047267655,0.46674823633156964,17.426041666666666,2085.7062499999997,2030.7479166666665,1.012942874199595,0.08407563492226246,5.268467899360393,-0.012942874199594862,6155.8125,6045.427083333333,-0.0051774515716283,0.04145005904138088,0.5088229104876518,-22.869219698011875,-0.7770484089851379,0.955051064491272,0.25454795360565186
339,-3300.503630729236,-6118.25,-9418.753630729236,0.3292005578588156,0.2903494260301361,0.46587522045855384,17.460416666666667,2061.790625,2038.0677083333333,1.0024503280237547,0.08677933440709229,5.271550648374447,-0.0024503280237546457,6118.25,6078.322916666667,-0.002025073869835886,0.026740112341940403,0.46994374692440033,-22.840709008276463,-0.6318114399909973,0.9587610363960266,0.0855785608291626
340,-3301.9680080997637,-6111.677083333333,-9413.645091433093,0.32862748608484976,0.2889067622535448,0.46687637786596126,17.4375,2072.351041666667,2032.0489583333335,1.008338653611504,0.08487610138693663,5.169431086032419,-0.008338653611503951,6111.677083333333,6048.260416666667,-0.0019108617314926857,0.033905377611517906,0.5585359483957291,-22.951880868524313,-0.6039934158325195,0.9568575620651245,0.07998766005039215
341,-3298.5750424255166,-6103.479166666667,-9402.054209092186,0.32855609752888987,0.28825610889503467,0.4659080136684303,17.438541666666666,2059.8552083333334,2036.8583333333336,0.9995975214435043,0.0905809644617004,5.007008562918716,0.0004024785564957327,6103.479166666667,6069.291666666667,-0.0007822853240397332,0.027517300099134445,0.5135637670755386,-22.867750842124224,-0.6100728511810303,0.9517425298690796,0.06961949914693832
342,-3298.621787344382,-6080.208333333333,-9378.830120677712,0.33110180994127447,0.29247811087002956,0.46889605379188715,17.3875,2055.194791666667,2033.534375,1.0014503396945418,0.0892228361735109,4.874598772068844,-0.0014503396945417548,6080.208333333333,6054.40625,-0.005301316501572728,0.025153097696602345,0.5027002394199371,-23.013539392501116,-0.7019866108894348,0.9524921774864197,0.18199150264263153
343,-3300.5115841336774,-6059.104166666667,-9359.615750800343,0.33061257137327993,0.29030315714367644,0.4696387235449735,17.385416666666668,2057.6208333333334,2035.03125,1.0023071483746995,0.08832038807492186,4.880165560666344,-0.0023071483746995906,6059.104166666667,6046.90625,-0.0036923762359726275,0.021154553163796663,0.45047083497047424,-23.149507265537977,-0.630869448184967,0.9533803462982178,0.11638206243515015
344,-3300.830430999477,-6076.677083333333,-9377.507514332805,0.3307445079178453,0.29435915457886747,0.46808972663139325,17.409375,2056.5885416666665,2029.3062499999999,1.0039979817701459,0.09134881626465112,4.704685520676374,-0.0039979817701458475,6076.677083333333,6036.3125,3.7548352687544195e-05,0.02642783196642995,0.46935969591140747,-23.262826699763536,-0.6840106844902039,0.9609988927841187,0.15987199544906616
345,-3299.13255829801,-6074.041666666667,-9373.174224964676,0.3305258318883098,0.29259891219003803,0.46765955687830685,17.402083333333334,2053.0802083333333,2031.153125,1.0033465712926868,0.09033149718471845,4.787322089988295,-0.00334657129268678,6074.041666666667,6040.78125,-0.0030744520422880672,0.024278293829411268,0.5161681696772575,-23.09400712698698,-0.7017962336540222,0.9536634683609009,0.1707155406475067
346,-3300.140544317606,-6090.5625,-9390.703044317606,0.33081438853842454,0.29332489756173646,0.4638249559082892,17.473958333333332,2057.5031249999997,2038.8104166666665,1.0001248629174506,0.09012264829604631,4.8555268906598466,-0.00012486291745066047,6090.5625,6078.364583333333,-0.0016798816055105803,0.023779205977916718,0.5627851858735085,-23.200958024710417,-0.21704579889774323,0.9566650986671448,-0.32062992453575134
347,-3299.9023763391046,-6057.729166666667,-9357.631543005778,0.3320648728060037,0.29307382849058033,0.468097442680776,17.388541666666665,2050.0270833333334,2026.7281250000003,1.0013176470155623,0.08751226902717119,4.745294790158536,-0.0013176470155624297,6057.729166666667,6023.71875,-0.004427825842720612,0.026368458289653063,0.6224656030535698,-23.34908749908209,-0.670543372631073,0.9623861312866211,0.14966227114200592
348,-3297.7411329622705,-6129.135416666667,-9426.876549628942,0.33008792026512124,0.28998725768097855,0.46672977292768963,17.43125,2073.1427083333333,2035.127083333333,1.0091496279141225,0.0987209314980857,4.776391120373392,-0.00914962791412259,6129.135416666667,6064.479166666667,-0.00552819968163587,0.03168678469955921,0.5147912800312042,-23.28383932635188,-0.5284010171890259,0.9557796120643616,-0.0019867154769599438
349,-3300.1546402670774,-6111.114583333333,-9411.269223600411,0.3325222175561691,0.29609114720693064,0.47009397045855383,17.366666666666667,2071.641666666667,2030.8812500000001,1.0086320152775148,0.09637245218579323,4.777947359885453,-0.008632015277514874,6111.114583333333,6045.6875,-0.00020010503361145293,0.03351529035717249,0.6734814345836639,-23.173257373273373,-0.13587695360183716,0.954957127571106,-0.3836234211921692
350,-3298.6278876490737,-6064.864583333333,-9363.492470982408,0.3316559664562287,0.2927551547840671,0.46751680996472667,17.409375,2049.816666666667,2030.9604166666668,1.0013027757450688,0.08651073907690543,4.842670097583723,-0.0013027757450685782,6064.864583333333,6046.802083333333,-0.003929906365381708,0.0222814055159688,0.8684608340263367,-23.23464886471629,-0.9494708776473999,0.9521923065185547,0.41000351309776306
351,-3300.1379157992124,-6047.260416666667,-9347.398332465875,0.3304866384416044,0.29260514815865063,0.46728725749559086,17.386458333333334,2048.2239583333335,2027.0125,1.0012608363763016,0.08243439578657506,4.990770950133176,-0.0012608363763016474,6047.260416666667,6023.3125,-0.002558818363027182,0.023162211291491985,0.5004925429821014,-23.514570839703083,-0.3131735920906067,0.9610292315483093,-0.21238532662391663
352,-3299.8009075601863,-6080.84375,-9380.644657560186,0.3307846994120059,0.2931265562163188,0.4673385141093474,17.395833333333332,2057.640625,2033.7833333333335,1.00199299364969,0.08707708015948563,5.244467544245521,-0.0019929936496901487,6080.84375,6055.572916666667,-0.00459476806943071,0.024797222577035427,0.4193519353866577,-23.52769574150443,-0.7106512784957886,0.9635581970214844,0.17503291368484497
353,-3297.6737334519426,-6084.34375,-9382.017483451938,0.33020794474465115,0.2965386749096473,0.4658917548500882,17.394791666666666,2061.65,2032.7520833333335,1.0030434927952656,0.08663123381814347,5.294009007574495,-0.0030434927952655414,6084.34375,6055.291666666667,-0.004043886773147154,0.02592261228710413,0.39977825433015823,-23.509198777377605,-0.7741472125053406,0.9633635878562927,0.2380748689174652
354,-3299.2762785259056,-6049.614583333333,-9348.890861859236,0.33054636570530865,0.29483001948473325,0.46530230379188714,17.433333333333334,2044.4635416666667,2037.8583333333336,0.9938957652405724,0.08707238020564471,5.056675040143252,0.006104234759427469,6049.614583333333,6077.854166666667,0.00038966912416990573,0.014706524321809411,0.40450049936771393,-23.592377047985792,-0.5530321002006531,0.9641740322113037,0.00883684866130352
355,-3299.5004798276764,-6054.125,-9353.625479827679,0.3316267336954189,0.29454661778921337,0.46897128527336857,17.371875000000003,2053.19375,2027.1333333333332,1.003302207892588,0.08953607840317603,5.0071534217453015,-0.003302207892587989,6054.125,6023.041666666667,6.515477934510017e-05,0.024456999264657497,0.4947502464056015,-23.66973178833723,-0.8228914141654968,0.9634630084037781,0.2989077866077423
356,-3299.580959246339,-6112.28125,-9411.862209246336,0.3308014500711582,0.2932826702898536,0.46749559082892417,17.410416666666666,2064.921875,2037.4000000000003,1.0045900017005873,0.08908016113383423,5.0101284529116015,-0.004590001700587148,6112.28125,6075.5625,-0.0010185282878563129,0.02740665664896369,0.7036513537168503,-23.872884053736925,0.03918944299221039,0.9558711051940918,-0.5761630535125732
357,-3298.870315360242,-6080.34375,-9379.214065360238,0.3315063950937394,0.2942678900338554,0.46585785934744267,17.410416666666666,2058.15625,2034.33125,1.0006006994231018,0.08971933883306489,4.964033903448992,-0.0006006994231019027,6080.34375,6060.21875,-0.0018329224922584153,0.023934285156428814,1.3769721239805222,-23.436774391680956,-1.5879788398742676,0.9341834783554077,1.0557817220687866
358,-3299.0384453503043,-6061.59375,-9360.632195350305,0.33290154700273983,0.29705942107809985,0.4678505291005291,17.28159722222222,2037.101736111111,2019.73125,0.9993108095252717,0.08441797443068248,5.055511323104523,0.0006891904747283855,6061.59375,6032.166666666667,-0.0016515417638318652,0.02381668984889984,1.3089156299829483,-23.242632132023573,-0.1514519602060318,0.9369339942932129,-0.37918195128440857
359,-3300.4846825636555,-6076.40625,-9376.890932563654,0.3323514795381271,0.2957563109165575,0.4708231371252205,17.375,2055.765625,2031.6145833333333,1.003641880271859,0.08464406815963588,5.198006256604154,-0.003641880271859022,6076.40625,6046.635416666667,-0.0006310016277240038,0.022094684187322855,0.9294044822454453,-22.95644274353981,-0.03202302008867264,0.9538502097129822,-0.498625785112381
360,-3299.617442802468,-6115.28125,-9414.898692802466,0.3313269406856189,0.2917476675093995,0.46707809744268075,17.396874999999998,2069.021875,2030.3385416666667,1.0104495133228346,0.08974658719765993,5.234682593016661,-0.01044951332283465,6115.28125,6039.458333333333,-0.00018399995572360162,0.03071704925969243,0.5977332293987274,-23.04954381659627,-0.9694046378135681,0.9536749720573425,0.43694332242012024
361,-3300.6796844277997,-6075.708333333333,-9376.388017761126,0.33306948992376634,0.2898610056177454,0.47015184082892425,17.369791666666668,2054.4791666666665,2030.4791666666667,1.0034091536790468,0.08741783325561943,5.29189834330643,-0.0034091536790466412,6075.708333333333,6040.489583333333,-0.002937954905762652,0.025177977047860622,0.48866479843854904,-23.114338032901287,-0.44073039293289185,0.9498727917671204,-0.07916191965341568
362,-3297.479150237044,-6087.114583333333,-9384.593733570373,0.33150225006946155,0.2912905281167089,0.4681032297178131,17.416666666666668,2057.491666666667,2034.1927083333333,1.000575170417314,0.0878149073460595,5.184362535419565,-0.0005751704173140651,6087.114583333333,6057.854166666667,-0.003977917533396269,0.025427249260246754,0.4630654603242874,-22.853077366948128,-0.7769738435745239,0.9606876969337463,0.2491161823272705
363,-3299.037381143524,-6090.010416666667,-9389.047797810194,0.33106334439500934,0.2882848700125275,0.46791721781305123,17.382291666666667,2062.258333333333,2029.0354166666666,1.0077732117892695,0.09204427333552517,5.17549138599923,-0.007773211789269343,6090.010416666667,6033.458333333333,-0.003152847963836747,0.027670993469655514,0.48479460179805756,-22.64387845993042,-0.7396048307418823,0.9643694758415222,0.21460014581680298
364,-3297.8896901633343,-6044.010416666667,-9341.900106830006,0.3330782978984972,0.2912249884902849,0.4722448192239859,17.351041666666664,2048.245833333333,2029.3802083333333,1.0004876303806192,0.08827068515502601,5.242409947296754,-0.000487630380619116,6044.010416666667,6034.041666666667,0.007731870661085161,0.020847550127655268,0.5691906735301018,-22.582208152860403,-0.47132647037506104,0.9594262838363647,-0.04616546630859375
365,-3298.633487927055,-6058.135416666667,-9356.768904593717,0.3313802158323788,0.2884122075015006,0.46898864638447985,17.323958333333334,2045.2416666666666,2023.3774305555555,1.0036647672230854,0.08323356904066499,5.381061617000114,-0.003664767223085576,6058.135416666667,6025.03125,0.011528645329309084,0.022865605540573597,0.6017839759588242,-22.601941004395485,-0.26283761858940125,0.9499804377555847,-0.2669747769832611
366,-3298.8874883077383,-6074.697916666667,-9373.5854049744,0.33274361134172187,0.2921489348316552,0.46815834435626097,17.366666666666664,2060.5989583333335,2033.6104166666667,1.0047591955970099,0.09465359672615108,5.098944632478088,-0.004759195597009888,6074.697916666667,6044.864583333333,-0.0026758981279488836,0.023772789631038904,0.6976049244403839,-22.476726923137903,-1.010088562965393,0.9451732635498047,0.49458906054496765
367,-3300.11313529144,-6066.479166666667,-9366.592301958111,0.3325927771932152,0.2906201161297051,0.4718628747795415,17.338541666666668,2052.811458333333,2024.1656249999999,1.0038599549036713,0.0869748871167597,5.180002532145772,-0.0038599549036713835,6066.479166666667,6009.28125,-0.0037782415693256577,0.028972516302019358,0.5386208072304726,-22.950543768703938,-0.21408875286579132,0.9481565356254578,-0.3067932724952698
368,-3299.4004676408385,-6031.3125,-9330.71296764084,0.3334819477374839,0.29333259432152975,0.4724176036155203,17.308333333333334,2046.3031250000001,2021.5958333333335,1.0028077590865196,0.08886867564108376,5.252182995842396,-0.002807759086519816,6031.3125,5998.291666666667,-0.003274633486830436,0.025201373267918825,0.47130849212408066,-23.00830825790763,-0.3981861174106598,0.9556795358657837,-0.11547444760799408
369,-3299.238940923439,-6093.635416666667,-9392.874357590104,0.33295281009673233,0.29279254065396443,0.4721194334215168,17.304166666666664,2064.8083333333334,2026.1937499999997,1.0072980357172974,0.09075132250390576,5.45015275181427,-0.00729803571729734,6093.635416666667,6019.53125,-0.0017387723897681617,0.03352298215031624,0.49041468650102615,-23.102428436279297,-0.44352075457572937,0.9534472227096558,-0.06758373230695724
370,-3299.4302418977527,-6098.395833333333,-9397.826075231082,0.33414358542274675,0.2960352793961647,0.47257082231040565,17.320833333333336,2070.7479166666667,2028.8114583333333,1.0088907422221933,0.08968881788210803,5.564657670647463,-0.008890742222193554,6098.395833333333,6025.354166666667,-0.00038430922061460926,0.03468095976859331,0.4649727866053581,-22.983312778174877,-0.47687238454818726,0.9621158838272095,-0.035172369331121445
371,-3298.9108394924756,-6072.90625,-9371.817089492475,0.33610031721392947,0.29825553495417506,0.47277336860670194,17.183680555555554,2053.264236111111,2017.696527777778,1.00635522474799,0.08889329867671673,5.526925780539883,-0.0063552247479900644,6072.90625,6020.15625,-0.003972477201405145,0.029720797669142485,0.4297971948981285,-22.99209000170231,-0.6501529812812805,0.9608343839645386,0.1492670476436615
372,-3298.976059455368,-6067.364583333333,-9366.340642788704,0.3346046318472724,0.2984321691716711,0.4720665233686067,17.315625,2057.3072916666665,2027.1302083333333,1.0031596056013858,0.08742276473925882,5.426144201096352,-0.0031596056013858363,6067.364583333333,6024.760416666667,-0.005191555147934235,0.029310686979442835,0.4246612787246704,-23.152362015098333,-0.6028669476509094,0.9606227278709412,0.0949564203619957
373,-3299.9024176507464,-6134.71875,-9434.621167650748,0.33411555653542807,0.2963824187597008,0.47108575837742506,17.351041666666664,2082.321875,2025.2625,1.0143778210930858,0.09329154497114267,5.300868496424692,-0.01437782109308601,6134.71875,6013.4375,0.003191199942698897,0.043152947910130024,0.46278148144483566,-23.066074199974537,-0.4586406648159027,0.959887683391571,-0.053449928760528564
374,-3299.333174438625,-6075.645833333333,-9374.979007771959,0.3335330033226966,0.2963675540967314,0.4721290784832452,17.323958333333334,2061.7260416666663,2027.9614583333332,1.006084964960012,0.0897140139470937,5.320262102475639,-0.0060849649600120985,6075.645833333333,6028.135416666667,0.00039789641647569596,0.028908205218613148,0.41070467978715897,-23.225612577050924,-0.37068846821784973,0.9643778204917908,-0.14163337647914886
375,-3298.313945449645,-6066.302083333333,-9364.616028782983,0.3358350371504009,0.2959102606522113,0.47440531305114647,17.28125,2063.710416666667,2021.2250000000001,1.0087868996668454,0.0839815390046718,5.3804963165429465,-0.008786899666845276,6066.302083333333,5994.6875,0.012903172743854885,0.03588329907506704,0.4622049257159233,-23.236983072012663,-0.3827897608280182,0.962774395942688,-0.11915235966444016
376,-3299.6982664422812,-6066.333333333333,-9366.03159977561,0.3361220172686857,0.2990496753158772,0.47339947089947093,17.329166666666666,2061.2041666666664,2024.4875,1.004996662308237,0.08679180611095448,5.360130921288774,-0.004996662308236887,6066.333333333333,6007.34375,0.0016421443893577248,0.0318937161937356,0.3898846134543419,-23.12515701726079,-0.4484228193759918,0.966676652431488,-0.057868748903274536
377,-3298.6880917475733,-6042.0625,-9340.750591747576,0.3359823418515133,0.3004608451382309,0.4737861000881834,17.297916666666666,2050.3125,2024.45,1.0024246512856025,0.08508503515964864,5.3148633489042965,-0.0024246512856023928,6042.0625,6008.71875,-6.8579960938564e-05,0.025788341648876667,0.4366980120539665,-23.55211829394102,-0.2990621030330658,0.9596063494682312,-0.2098173052072525
378,-3298.840598122732,-6033.114583333333,-9331.95518145607,0.3363203150265366,0.29790113235705773,0.47472938712522045,17.267708333333335,2046.2166666666665,2021.1458333333333,1.00328426427317,0.09499983015972764,5.24216875355271,-0.0032842642731699006,6033.114583333333,5993.979166666667,0.007513501448556781,0.025825743563473225,0.42001378536224365,-23.375544294714928,-0.45802122354507446,0.9656506776809692,-0.052158452570438385
379,-3300.842665790873,-6004.8125,-9305.655165790875,0.33450101343106,0.2950206096049644,0.47376598324514996,17.316666666666666,2040.1656249999999,2021.2083333333333,1.0000771159896042,0.08322690794217297,5.287324674098936,-7.71159896042235e-05,6004.8125,5994.291666666667,0.0019251392650678767,0.02214259561151266,0.4009723365306854,-23.409190509468317,-0.3136526048183441,0.9645976424217224,-0.19371499121189117
380,-3300.1461627393273,-6077.677083333333,-9377.823246072665,0.3352024671813036,0.29655408313071047,0.47349592151675485,17.219444444444445,2056.9586805555555,2013.8833333333332,1.0082735094370354,0.08791239357947052,5.448015821251933,-0.00827350943703536,6077.677083333333,6002.395833333333,0.0018663484458527613,0.03535901661962271,0.3794456273317337,-23.352677322924137,-0.3912512958049774,0.968498945236206,-0.1160702332854271
381,-3299.2379568502674,-5970.458333333333,-9269.6962901836,0.33342979968080694,0.29308469231505624,0.4753138778659612,17.266666666666666,2036.0291666666665,2020.91875,0.9962010206343691,0.08803708683832194,5.456749872379145,0.0037989793656308495,5970.458333333333,5993.15625,0.0064252849593006145,0.019156609661877155,0.3909865990281105,-23.749069403856993,-0.4066653847694397,0.9673728346824646,-0.09139344841241837
382,-3298.1621084943677,-6090.09375,-9388.25585849437,0.3367038247473153,0.30139094782821807,0.47419119268077603,17.272916666666667,2070.109375,2020.5083333333332,1.013339151716152,0.08963644745658261,5.417947811166009,-0.013339151716151909,6090.09375,5991.104166666667,0.004873006109552769,0.03976649511605501,0.3848173916339874,-23.551379594951868,-0.39086097478866577,0.9677260518074036,-0.12064076215028763
383,-3299.9542204397817,-6145.427083333333,-9445.381303773112,0.3352773201843793,0.2981920967560856,0.47515184082892414,17.257291666666664,2094.1510416666665,2022.6875,1.0186781230309891,0.08123644209194632,5.73403628602416,-0.018678123030989018,6145.427083333333,6005.40625,0.0018098212570137884,0.049869137816131115,0.4288850277662277,-23.603595331311226,-0.36919552087783813,0.9631708264350891,-0.11789596080780029
384,-3299.824943773161,-6149.020833333333,-9448.845777106499,0.3361552260986615,0.2988842860391337,0.47458774250440916,17.267708333333335,2097.3697916666665,2020.5041666666664,1.0196147581921735,0.08308787259197097,5.679248167852568,-0.019614758192173485,6149.020833333333,5988.364583333333,0.004528302284230179,0.05506396107375622,0.40544038265943527,-23.568173818290234,-0.24395574629306793,0.9671021699905396,-0.2413991242647171
385,-3300.8130602295805,-6184.333333333333,-9485.146393562916,0.3354302950097445,0.30044631477277206,0.4742432760141093,17.270833333333332,2114.5697916666663,2020.8302083333335,1.0252037406083878,0.08633490266961617,5.732869661574814,-0.02520374060838783,6184.333333333333,5995.854166666667,-0.0015357188691416113,0.062280960381031036,0.3857531398534775,-23.751453712582588,-0.4351835250854492,0.9682909250259399,-0.047102488577365875
386,-3301.0130086955032,-6182.770833333333,-9483.783842028839,0.33298394592171005,0.294121411772115,0.4744342482363315,17.284375,2117.1354166666665,2024.1145833333333,1.0248022507546855,0.0885746257778231,5.710824289452625,-0.024802250754685413,6182.770833333333,6007.885416666667,0.001006038417931343,0.061716838739812374,0.38245905190706253,-23.638931922614574,-0.37306421995162964,0.9697546362876892,-0.1035166084766388
387,-3298.9670745190992,-6221.552083333333,-9520.519157852435,0.33468475577539797,0.29972647656056023,0.4730974426807761,17.292708333333334,2129.2166666666667,2023.6197916666667,1.0293275772637007,0.08379713442643062,5.705405517292121,-0.029327577263700794,6221.552083333333,6001.833333333333,-0.002198509104750279,0.06951405666768551,0.38094670325517654,-23.803741604089737,-0.37974563241004944,0.9693560004234314,-0.1019711121916771
388,-3301.073753340357,-6209.90625,-9510.980003340363,0.33568952843494354,0.30067160809024546,0.4747922178130512,17.259375000000002,2124.7781250000003,2020.8708333333334,1.0291862675667043,0.0928159261411015,5.72924638453334,-0.02918626756670431,6209.90625,5984.604166666667,0.00031176222311302126,0.07037441059947014,0.3873109892010689,-23.995120152831078,-0.3582804799079895,0.9660006165504456,-0.1197766587138176
389,-3299.8947971462676,-6289.572916666667,-9589.467713812935,0.33530057958599313,0.2989490883854968,0.4753188381834215,17.166319444444444,2144.68125,2013.346875,1.0381706670084447,0.08300768674201091,5.82694066317714,-0.03817066700844484,6289.572916666667,5993.645833333333,-0.0027018968648550024,0.0851268321275711,0.40643368661403656,-24.08698071539402,-0.2930668294429779,0.9672245979309082,-0.1775907427072525
390,-3300.0877467261435,-6289.458333333333,-9589.546080059474,0.33589766116004793,0.3016752290560463,0.47587825176366844,17.242708333333336,2156.2447916666665,2024.746875,1.03770802286501,0.09006380968485621,5.818131583705612,-0.03770802286500993,6289.458333333333,5998.8125,-0.007558352211631383,0.08627887442708015,0.37099843472242355,-24.326190292835236,-0.3492412865161896,0.9664691686630249,-0.1207306981086731
391,-3299.594099119671,-6251.447916666667,-9551.042015786337,0.33617813448173,0.3018261440605177,0.4746367945326279,17.275000000000002,2138.5989583333335,2020.1739583333335,1.0352542957634085,0.0873336353540219,5.760269039582564,-0.0352542957634085,6251.447916666667,5990.697916666667,0.0029348285811143793,0.07834899425506592,0.3951313719153404,-23.73290628939867,-0.3136908710002899,0.9682850241661072,-0.15451115369796753
392,-3299.225707256083,-6384.15625,-9683.38195725608,0.33588422859306183,0.30142666931755635,0.4735951278659612,17.282291666666666,2197.0437500000003,2021.4083333333335,1.0544014917845679,0.09534052796330095,6.059393616859661,-0.05440149178456801,6384.15625,5993.791666666667,0.00334209153743803,0.10599851235747337,0.37617336213588715,-23.715261414647102,-0.29489442706108093,0.9677111506462097,-0.16885632276535034
393,-3299.520288582913,-6452.5625,-9752.08278858291,0.3367774359009485,0.3044094632920557,0.4759669863315697,17.254166666666666,2221.8875000000003,2017.765625,1.0678106355690726,0.09247695946919865,6.052716907360467,-0.06781063556907276,6452.5625,5970.96875,0.0021477447595739108,0.12304730713367462,0.37290293723344803,-23.772766083478928,-0.3274605870246887,0.969674825668335,-0.12879939377307892
394,-3301.035189400199,-6437.635416666667,-9738.670606066864,0.33662996640266657,0.3060642141281278,0.47688216490299834,17.222916666666666,2214.6927083333335,2018.9729166666666,1.0637095355188866,0.09518780792199731,6.00814299673011,-0.0637095355188867,6437.635416666667,5978.520833333333,0.0025470288312521294,0.11861127056181431,0.36848676949739456,-24.123845525085926,-0.2938467860221863,0.9682978391647339,-0.16496828198432922
395,-3300.3333038213864,-6572.5,-9872.833303821386,0.33695658785236066,0.30518700647533276,0.47604304453262786,17.242708333333336,2276.665625,2019.71875,1.0827049591113822,0.10363782155499009,6.00450658117246,-0.08270495911138225,6572.5,5972.65625,0.0055571926381108305,0.1513058878481388,0.3822663202881813,-24.23472286015749,-0.3482891321182251,0.9676562547683716,-0.08228471875190735
396,-3301.187939096129,-6665.145833333333,-9966.33377242946,0.3362295730949542,0.3027769978778249,0.4751865630511464,17.26354166666667,2308.441666666667,2022.1572916666664,1.1000896738342114,0.11077994613523036,5.900192922931772,-0.10008967383421141,6665.145833333333,5998.052083333333,-0.001623820608441573,0.16504275798797607,0.3737988770008087,-24.224769040942192,-0.25620120763778687,0.9694986343383789,-0.1902640014886856
397,-3297.531522369505,-6561.916666666667,-9859.448189036173,0.33637575646708534,0.3000231412435015,0.47581735008818343,17.239583333333332,2254.0458333333336,2015.0062499999997,1.0855820816415092,0.10666155219583671,5.780591390456938,-0.0855820816415091,6561.916666666667,5963.59375,-0.0009741545344690294,0.14263887330889702,0.3394673764705658,-24.43884302675724,-0.3596327006816864,0.971967875957489,-0.10293200612068176
398,-3300.6119860611575,-6715.46875,-10016.080736061154,0.3361547470678696,0.3019964849590906,0.47656222442680773,17.149305555555554,2311.854513888889,2007.2166666666665,1.1043566953899584,0.10560162361331298,5.914713565417197,-0.10435669538995827,6715.46875,5965.302083333333,-0.0059811313744784905,0.1806553229689598,0.3506760746240616,-24.156964518129826,-0.3024861216545105,0.970608115196228,-0.12378259003162384
399,-3300.123054117992,-6978.46875,-10278.591804117992,0.33554646024635226,0.3006491966548816,0.47575947971781307,17.248958333333334,2418.890625,2021.3208333333332,1.1409636027484087,0.11509385157320308,5.694794178973773,-0.14096360274840866,6978.46875,5993.604166666667,-0.0032520046271853342,0.22864306345582008,0.3925991803407669,-23.811831422150135,-0.25190073251724243,0.9683423042297363,-0.17574433982372284
400,-3298.5646329263986,-7133.583333333333,-10432.14796625973,0.33645401164812533,0.3010836945019643,0.47595045194003527,17.236458333333335,2480.647916666667,2018.1541666666665,1.1670326752914424,0.11697896911085508,5.480959620364044,-0.16703267529144242,7133.583333333333,5975.520833333333,-0.0014814185972253924,0.2623131796717644,0.3800085484981537,-23.782342471182346,-0.2086147665977478,0.9686164855957031,-0.21311114728450775
401,-3298.9067972567423,-7333.885416666667,-10632.792213923409,0.33661829879905997,0.30209365288141676,0.4756668871252205,17.241666666666664,2551.420833333333,2017.9052083333333,1.1940278258697345,0.12916143817544243,4.961774398182992,-0.19402782586973433,7333.885416666667,5976.572916666667,-0.0020926684839208676,0.30312251299619675,0.3877527490258217,-23.863695114850998,-0.24568809568881989,0.968878984451294,-0.1599797159433365
402,-3300.0523937808266,-7371.166666666667,-10671.219060447496,0.3364622954126701,0.30279749377627413,0.4764203042328043,17.234375,2558.1208333333334,2016.3531250000003,1.198266054886879,0.1295421030179267,4.643107410484231,-0.1982660548868789,7371.166666666667,5969.3125,-0.0012471526693715873,0.3141896277666092,0.4089530482888222,-23.774338707327843,-0.17650052905082703,0.9659757614135742,-0.2354019582271576
403,-3299.604036172202,-7613.833333333333,-10913.437369505535,0.33743199786674744,0.30183609214388224,0.47509782848324517,17.264583333333334,2646.263541666667,2020.034375,1.2368245091161132,0.14777074869112294,4.189687414387313,-0.2368245091161131,7613.833333333333,5990.40625,0.00013686092981224363,0.3489469066262245,0.3867892771959305,-23.794769749045372,-0.3278265595436096,0.9702233672142029,-0.07974087446928024
404,-3300.2451974446885,-7727.083333333333,-11027.328530778017,0.3354846422262012,0.30236937908678857,0.47552221119929455,17.243750000000002,2700.610416666667,2020.6770833333337,1.2533363495650132,0.16218645229257825,3.7906084600060628,-0.2533363495650133,7727.083333333333,5991.947916666667,-0.0035888879334158297,0.38302031904459,0.3668861538171768,-24.122293516993523,-0.2844116985797882,0.971394419670105,-0.11256395280361176
405,-3299.6662252971364,-7936.947916666667,-11236.614141963802,0.3365735143546345,0.303809661509149,0.4745789241622575,17.226041666666667,2770.773958333333,2021.0427083333336,1.2873149799980634,0.1730424521250762,3.4372078517442706,-0.28731497999806344,7936.947916666667,5989.135416666667,-0.00011505462955962997,0.4167603403329849,0.4165154993534088,-24.18536178767681,-0.2974860370159149,0.9687525033950806,-0.09973178058862686
406,-3300.3814301414027,-8078.28125,-11378.662680141408,0.3366098020023535,0.3058450421805093,0.4765580908289242,17.222916666666666,2814.990625,2017.4750000000001,1.30351487041469,0.16831536812997605,3.2934450461884737,-0.3035148704146899,8078.28125,5975.9375,0.003178808749935591,0.443349227309227,0.4139283746480942,-24.517435893416405,-0.32529449462890625,0.9691516160964966,-0.07826771587133408
407,-3299.3419381304943,-8256.760416666666,-11556.102354797162,0.3388921194220002,0.3109637740627578,0.4783038470017637,17.196875000000002,2892.3270833333336,2014.5625,1.3397269758387411,0.19823332427416518,2.8282146464828313,-0.33972697583874095,8256.760416666666,5959.1875,0.0003424989924516453,0.48359543830156326,0.39084386080503464,-24.28321385383606,-0.2916580140590668,0.9696095585823059,-0.08958554267883301
408,-3300.4783715235767,-8185.34375,-11485.822121523575,0.3385434293339187,0.3134048970039455,0.47792383156966495,17.099305555555556,2841.292361111111,2009.636111111111,1.3260373688211569,0.19122389018663344,2.5012625653439673,-0.3260373688211569,8185.34375,5975.3125,-0.004373386315883465,0.45820703357458115,0.3959233686327934,-24.02531622350216,-0.2656012177467346,0.9691363573074341,-0.13606764376163483
409,-3299.5082569804777,-8421.802083333334,-11721.310340313803,0.3379665556504646,0.3101647313766686,0.4774435074955909,17.217708333333334,2949.435416666667,2020.6604166666668,1.3660880640981599,0.21803899169745197,2.31875803935884,-0.3660880640981598,8421.802083333334,5994.052083333333,-0.0020610275645998044,0.5023313462734222,0.3826742321252823,-23.902200773358345,-0.24637438356876373,0.9675987958908081,-0.1516040414571762
410,-3299.309863229821,-8429.4375,-11728.747363229822,0.33872020462135066,0.3144895093796044,0.4776664462081129,17.21041666666667,2953.915625,2006.6989583333332,1.3692419913190392,0.21450892934304633,2.3184963342334695,-0.36924199131903923,8429.4375,5931.041666666667,-0.0071428584786263905,0.5282855927944183,0.38658232241868973,-24.132152244448662,-0.2604563534259796,0.971367597579956,-0.1202661469578743
411,-3297.892933748911,-8480.520833333334,-11778.413767082244,0.33852979602090544,0.30826294572357765,0.47665454144620817,17.233333333333334,2958.797916666667,2016.6770833333333,1.3680861403910232,0.2137531134957931,2.1788436395854887,-0.36808614039102316,8480.520833333334,5971.635416666667,-0.004334575410772423,0.5167285203933716,0.37652329355478287,-24.02126270532608,-0.27839699387550354,0.9709669351577759,-0.11636599153280258
412,-3298.9778395821627,-8876.302083333334,-12175.279922915493,0.33965278059713677,0.3133017121791555,0.47733934082892415,17.214583333333334,3114.6666666666665,2016.6697916666665,1.4304359463232499,0.24212071978325567,1.7377569570381706,-0.4304359463232499,8876.302083333334,5970.739583333333,-0.005554152456243688,0.6031900942325592,0.3721544221043587,-24.40419213473797,-0.2970178723335266,0.9705135822296143,-0.0811009332537651
413,-3299.5116719956677,-9032.510416666666,-12332.022088662336,0.3409183965041955,0.3144315903684603,0.4770268408289242,17.191666666666666,3156.0552083333337,2014.1416666666667,1.4523151925681779,0.23884807959449486,1.625845502288338,-0.45231519256817804,9032.510416666666,5959.270833333333,-0.00019977540370064162,0.6288949698209763,0.3618423864245415,-24.6418626755476,-0.16940820217132568,0.9722291231155396,-0.21875260770320892
414,-3299.034874802363,-8996.895833333334,-12295.930708135698,0.34127751368289544,0.31459716905778295,0.47843887786596123,17.186458333333334,3156.144791666667,2011.3229166666667,1.4567187576683311,0.24057050452249354,1.4518841936848734,-0.4567187576683311,8996.895833333334,5944.864583333333,-0.004963015180288188,0.626632571220398,0.40118173509836197,-24.947842687368393,-0.25254324078559875,0.9677560329437256,-0.12348386645317078
415,-3299.667772700875,-8953.583333333334,-12253.251106034202,0.34035598215910495,0.3165047142065305,0.4784157297178131,17.184375,3143.179166666667,2015.5406249999999,1.4423521004315523,0.23176830363647125,1.3488404701298469,-0.4423521004315523,8953.583333333334,5965.71875,-0.0027711552225588854,0.6168567389249802,0.3768606185913086,-25.15902130305767,-0.20247302949428558,0.9709551930427551,-0.17175477743148804
416,-3297.6481165631044,-9180.614583333334,-12478.26269989644,0.3398123907397443,0.315746993514444,0.4779469797178131,17.170833333333334,3217.9322916666665,2010.8604166666667,1.477209794412346,0.25944339704015057,1.2528114129165542,-0.4772097944123461,9180.614583333334,5942.864583333333,0.013691463982780538,0.6636704802513123,0.37682458758354187,-25.28374446928501,-0.20487509667873383,0.9703848361968994,-0.16921377182006836
417,-3299.537568879468,-9648.833333333334,-12948.370902212808,0.3390990245609138,0.3143396530334333,0.4780781525573192,17.194791666666664,3391.2916666666665,2012.8812500000004,1.5449464810476725,0.2673825909333613,1.1089898071774906,-0.5449464810476727,9648.833333333334,5956.125,0.002596782801309483,0.7544265687465668,0.4089547321200371,-25.44960191845894,-0.18140432238578796,0.9661865234375,-0.18389739096164703
418,-3299.606639977353,-9403.677083333334,-12703.283723310686,0.34151318248210644,0.316776492117141,0.4769631834215167,17.20625,3296.538541666667,2021.7916666666667,1.5071880701352043,0.25448921834385957,1.1650674786811925,-0.5071880701352044,9403.677083333334,5997.520833333333,-0.0013324073520610824,0.695402979850769,0.40238816291093826,-25.5416818857193,-0.24929949641227722,0.9690852165222168,-0.127779021859169
419,-3300.351570355262,-9250.635416666666,-12550.986987021935,0.3422794203808725,0.31881202096883504,0.47859319885361556,17.186458333333334,3239.3677083333337,2013.1145833333333,1.4840222188534824,0.2571059384795001,1.0983494351125063,-0.4840222188534824,9250.635416666666,5953.697916666667,-0.0029916101391956884,0.6699998378753662,0.43197163939476013,-25.834394857287407,-0.3417801856994629,0.9714764952659607,-0.03882165998220444
420,-3300.8049560045547,-9487.5625,-12788.367456004553,0.341029914252111,0.31916871061386903,0.4786356371252205,17.170833333333334,3331.61875,2010.8166666666668,1.5252299652700743,0.2787226491819059,1.0542055249904283,-0.5252299652700739,9487.5625,5942.645833333333,0.0027691866809913535,0.7213156521320343,0.39980001002550125,-26.230013489723206,-0.20888708531856537,0.9709619879722595,-0.1606217324733734
421,-3299.540756484274,-9417.927083333334,-12717.46783981761,0.34240062694452744,0.3217573907115568,0.478872905643739,17.16875,3311.0572916666665,2011.2291666666667,1.5151989289988335,0.27159980008863427,1.0115559217601027,-0.5151989289988336,9417.927083333334,5944.708333333333,0.0036123269663845825,0.7145087271928787,0.43338770419359207,-26.29005853831768,-0.33978524804115295,0.9635775089263916,-0.02518060803413391
422,-3298.91988886998,-9272.770833333334,-12571.690722203311,0.3424479869083384,0.31972054475813316,0.4778891093474427,17.181250000000002,3266.926041666667,2016.4604166666668,1.4939321217037003,0.26410774732358716,1.1192793060025112,-0.49393212170370004,9272.770833333334,5970.864583333333,0.01749258314381641,0.6776810586452484,0.3640216216444969,-25.875954687595367,-0.1323024332523346,0.9726820588111877,-0.2378993034362793
423,-3299.6398273314917,-9252.135416666666,-12551.775243998156,0.343275219491699,0.32295027750660665,0.47884397045855387,17.16875,3259.7395833333335,2012.5708333333332,1.4935754616917645,0.26500751173948117,1.0713556569194491,-0.49357546169176425,9252.135416666666,5951.416666666667,-0.00457070190271347,0.6776656955480576,0.4069167301058769,-25.53933398425579,-0.22637887299060822,0.9653211236000061,-0.13934208452701569
424,-3299.111598208441,-9254.447916666666,-12553.559514875116,0.3430808744054448,0.32300900869934895,0.47753031305114635,17.19375,3247.105208333333,2015.6520833333334,1.4893665399913383,0.2662519606720683,1.0831819698841227,-0.4893665399913381,9254.447916666666,5966.822916666667,-0.004085610965219866,0.6737034767866135,0.4384228363633156,-25.036849573254585,-0.30562764406204224,0.9659755229949951,-0.07599011063575745
425,-3299.079805523308,-9800.052083333334,-13099.13188885664,0.34318408890264446,0.31739278099363827,0.47762290564373905,17.205208333333335,3458.8072916666665,2015.034375,1.572586359886638,0.2949199267992606,0.8639713968926678,-0.572586359886638,9800.052083333334,5965.75,-0.0019541464906325245,0.7785679399967194,0.43970777839422226,-24.720670133829117,-0.2812252938747406,0.9683873057365417,-0.07517680525779724
426,-3300.500973667378,-9876.791666666666,-13177.292640334048,0.3428416000018191,0.32157598320352715,0.4780511463844797,17.1875,3475.548958333333,2015.3020833333333,1.5805965821014027,0.2985528364022842,0.8104405280418886,-0.5805965821014029,9876.791666666666,5965.072916666667,0.004385942335104143,0.7966432273387909,0.3822147622704506,-24.652675449848175,-0.23871608078479767,0.9716953635215759,-0.12438733875751495
427,-3299.105867781604,-10013.260416666666,-13312.366284448273,0.34170164793294094,0.3191209813368106,0.47778494268077604,17.195833333333333,3537.0208333333335,2012.0208333333333,1.609609113248693,0.3212673344562169,0.7945014697371614,-0.6096091132486932,10013.260416666666,5948.666666666667,-0.007272785517147218,0.8248211443424225,0.42365562915802,-24.59355039894581,-0.18858996033668518,0.9644965529441833,-0.1752697080373764
428,-3299.5361885185644,-10243.479166666666,-13543.015355185229,0.34256627087496067,0.3220409756023501,0.4780222111992945,17.188541666666666,3633.105208333333,2013.54375,1.6408966910025236,0.32415372878917775,0.7425049950596178,-0.6408966910025234,10243.479166666666,5956.0625,0.0014823767236558094,0.8735153824090958,0.46185431629419327,-24.270513504743576,-0.3104099631309509,0.9695807099342346,-0.04068417474627495
429,-3299.1639870751073,-10195.5625,-13494.726487075097,0.34342506269572476,0.32122003025304163,0.4769805445326279,17.202083333333334,3578.5031249999997,2015.6979166666667,1.6231862048747854,0.30220613017944914,0.7191162889390585,-0.6231862048747856,10195.5625,5967.052083333333,0.005366290821881892,0.8535649478435516,0.41413722187280655,-24.202886521816254,-0.1699165254831314,0.9709384441375732,-0.1966274529695511
430,-3299.6599476237006,-10100.302083333334,-13399.96203095704,0.34241215418105014,0.3208418152175404,0.47877452601410936,17.172916666666666,3549.0229166666663,2015.7895833333332,1.6116302747603168,0.3228142744239609,0.7512784035732203,-0.6116302747603171,10100.302083333334,5967.510416666667,-0.0002496205801656437,0.8308468908071518,0.43542034178972244,-24.218066453933716,-0.3635479211807251,0.9677322506904602,-0.0016529288841411471
431,-3300.585243979423,-10253.020833333334,-13553.606077312752,0.3444789575836291,0.32400354435635054,0.4779577270723105,17.202083333333334,3608.4854166666664,2020.26875,1.632361555468422,0.30540262301313464,0.6959962547101538,-0.6323615554684222,10253.020833333334,5979.0625,-0.0036964791067264358,0.8570632189512253,0.36939799785614014,-24.27142497897148,-0.2814801335334778,0.9737867712974548,-0.08407999575138092
432,-3299.8577922045965,-10494.1875,-13794.0452922046,0.34285291856681327,0.32402551652194234,0.4771425815696649,17.197916666666668,3691.7781249999994,2019.8208333333332,1.664832732870833,0.3254128577258167,0.6398343016579445,-0.6648327328708333,10494.1875,5987.666666666667,-0.006476461599261185,0.907201811671257,0.3793187141418457,-24.187792167067528,-0.17524640262126923,0.9684312343597412,-0.18722759187221527
433,-3298.661448143707,-10512.46875,-13811.130198143708,0.3433767064323547,0.3257204571891634,0.4796367945326279,17.153125,3704.853125,2010.8635416666668,1.6823373582566168,0.3364072328016903,0.6180168543065142,-0.6823373582566167,10512.46875,5936.520833333333,0.0018193571079543336,0.9199117422103882,0.3945494070649147,-24.52282801270485,-0.26023828983306885,0.9694915413856506,-0.09868047386407852
434,-3298.882722995861,-10572.104166666666,-13870.986889662534,0.3434505362848282,0.3271293205802471,0.47803957231040567,17.186458333333334,3730.7395833333335,2015.003125,1.688668448685365,0.3539620870448113,0.6049453849288512,-0.688668448685365,10572.104166666666,5959.4375,0.01833267550153489,0.9238191992044449,0.4143356531858444,-24.24895802140236,-0.12950026988983154,0.9691047668457031,-0.22989049553871155
435,-3299.7668124248685,-10276.34375,-13576.110562424861,0.3444028355499766,0.3330859542539757,0.4788266093474427,17.171875,3621.859375,2016.8302083333335,1.6413739395158364,0.328446287019662,0.7028780485035152,-0.6413739395158365,10276.34375,5968.572916666667,-0.00033250413870325457,0.87018783390522,0.3764081448316574,-24.178041100502014,-0.26082152128219604,0.9704030156135559,-0.09773340076208115
436,-3299.4087241274683,-10408.885416666666,-13708.29414079414,0.3447156752375177,0.33304000851219623,0.47834628527336864,17.167708333333334,3671.511458333334,2011.6729166666667,1.6662921092321907,0.34133981409907177,0.6846748202791422,-0.6662921092321907,10408.885416666666,5948.208333333333,-0.001868721882776203,0.9010554701089859,0.35694582760334015,-24.014850795269012,-0.2079211175441742,0.9728139042854309,-0.15439952909946442
437,-3299.2444175400274,-10032.760416666666,-13332.004834206695,0.3442468808380181,0.33230942587397294,0.47628610008818345,17.210416666666667,3521.1427083333333,2017.8479166666668,1.6068357852998656,0.31941320865290035,0.7081353042374511,-0.6068357852998657,10032.760416666666,5971.020833333333,-0.0032941896640084067,0.8139921426773071,0.3534793332219124,-23.908228039741516,-0.17220759391784668,0.9713490605354309,-0.20211434364318848
438,-3298.825795309447,-10425.020833333334,-13723.846628642792,0.344249258844314,0.3308828247447511,0.47851796737213403,17.164583333333336,3661.1104166666664,2007.9906250000001,1.669501390582435,0.33062350100006277,0.5981025796923134,-0.6695013905824349,10425.020833333334,5935.28125,-0.0017616864784903985,0.9002544581890106,0.4144951030611992,-23.649517968297005,-0.2776762545108795,0.969160258769989,-0.08535092324018478
439,-3299.354620615098,-10339.645833333334,-13639.000453948427,0.34531395123492975,0.33178351650308796,0.4780685074955908,17.152083333333334,3644.089236111111,2007.7493055555553,1.6586852541694548,0.32808096095981637,0.6364698459867626,-0.658685254169455,10339.645833333334,5949.4375,-0.00034063159796230563,0.8847635239362717,0.3620796278119087,-23.86844938993454,-0.29645317792892456,0.9743636846542358,-0.05975325405597687
440,-3299.0796097300517,-10500.447916666666,-13799.527526396718,0.3453633907481392,0.33374493907548536,0.4781004739858907,17.191666666666666,3714.564583333333,2014.090625,1.6833955525928361,0.3454318232658607,0.5860506980696555,-0.683395552592836,10500.447916666666,5957.0,-0.00017288519978531092,0.9128913581371307,0.42699167877435684,-24.014907598495483,-0.24209468066692352,0.9692108631134033,-0.11233850568532944
441,-3300.5634561406205,-10496.458333333334,-13797.021789473954,0.34453886707144427,0.33217615746252704,0.47671819885361555,17.078125,3672.8572916666667,2000.7010416666665,1.6754237686204903,0.337762741426103,0.6108660542190734,-0.6754237686204906,10496.458333333334,5940.135416666667,-0.001657061369659374,0.9145903587341309,0.4013214036822319,-23.7751052826643,-0.25581175088882446,0.9703847765922546,-0.10458918660879135
442,-3300.64621767698,-10471.34375,-13771.989967676976,0.34465871345280535,0.3306939842142229,0.4763092482363316,17.207291666666666,3685.7375000000006,2014.1375,1.6711005622813293,0.3411454782481438,0.6245573333332005,-0.6711005622813294,10471.34375,5959.1875,-0.002937332821675964,0.9078861176967621,0.3849650248885155,-23.664015099406242,-0.19833892583847046,0.9700182676315308,-0.1606464833021164
443,-3299.337299124465,-10291.96875,-13591.306049124463,0.34532201279119157,0.33410281206387377,0.47940917107583775,17.144791666666666,3636.1218749999994,2009.4020833333334,1.652783784498417,0.32138655927683124,0.6765073713021502,-0.6527837844984169,10291.96875,5935.572916666667,-0.002885198706409575,0.8817602545022964,0.378589428961277,-24.019274592399597,-0.19762872159481049,0.9701951146125793,-0.15417928993701935
444,-3299.5963090001246,-10463.520833333334,-13763.117142333467,0.3441376148935598,0.33104904265767093,0.47760471781305114,17.191666666666666,3668.185416666667,2016.5447916666665,1.6654260030553176,0.3210245382497549,0.6410995101560291,-0.6654260030553175,10463.520833333334,5966.239583333333,-0.002530956177530075,0.8957236707210541,0.3733607307076454,-23.525152042508125,-0.19745662808418274,0.9722447395324707,-0.16071884334087372
445,-3298.885202055697,-10326.083333333334,-13624.968535389033,0.34503858640258506,0.33025243150041206,0.4777212852733686,17.175,3643.3760416666664,2012.59375,1.6534620194055119,0.31785265458581213,0.6989848680407725,-0.6534620194055117,10326.083333333334,5951.53125,-0.0036434131772065115,0.8806148618459702,0.3659074231982231,-23.30109915137291,-0.2553039491176605,0.9725347757339478,-0.1075446605682373
446,-3299.4424850953005,-10314.114583333334,-13613.55706842863,0.3462528264674007,0.33152828928966,0.47696814373897706,17.102777777777778,3619.234375,2010.45625,1.638253694205505,0.32789825560527713,0.6933619279478552,-0.6382536942055048,10314.114583333334,5978.572916666667,0.011328068369002353,0.877683624625206,0.38779276609420776,-23.48656402528286,-0.30886074900627136,0.9713311791419983,-0.04302527382969856
447,-3299.6353923514853,-10339.322916666666,-13638.958309018155,0.34711633345492166,0.336340802952893,0.4772988315696649,17.211458333333333,3642.4989583333336,2016.140625,1.6487134924577251,0.32461526215363024,0.6229338036191988,-0.6487134924577252,10339.322916666666,5963.90625,-0.01142215539555469,0.884623721241951,0.3980705216526985,-23.67684832215309,-0.16199514269828796,0.9700273275375366,-0.19378873705863953
448,-3299.8927806620145,-9968.0,-13267.89278066201,0.34693343787487363,0.335656095052602,0.4775881834215168,17.21875,3496.196875,2015.9385416666667,1.6029433871961258,0.31547877291892307,0.7049663099275748,-0.6029433871961257,9968.0,5967.395833333333,0.010467476317320479,0.7978685945272446,0.44794341921806335,-23.721478894352913,-0.04982805624604225,0.9673448204994202,-0.3338087201118469
449,-3299.914348173034,-10243.0625,-13542.97684817303,0.35067801782869923,0.339656798481883,0.47787174823633166,17.204166666666666,3615.703125,2013.4749999999997,1.6375419342915076,0.32574606971594955,0.6440980461084985,-0.6375419342915074,10243.0625,5955.9375,0.004684622344241163,0.8623440265655518,0.4153585582971573,-23.736523881554604,-0.3561389446258545,0.9691144824028015,-0.00427450193092227
450,-3300.1168632886292,-10312.4375,-13612.554363288627,0.3516139675011621,0.34154290277527055,0.47830577601410934,17.191666666666666,3627.196875,2012.9895833333337,1.6490050620103378,0.32684765097058205,0.65034924110846,-0.6490050620103377,10312.4375,5953.510416666667,-0.001625659492481557,0.8772072196006775,0.5403572246432304,-24.129059463739395,-0.5737484097480774,0.9623662233352661,0.20465238392353058
451,-3300.273079581631,-10272.614583333334,-13572.887662914965,0.3511675357588146,0.3430249225218884,0.47843887786596123,17.184375,3642.5260416666665,2011.3229166666667,1.6481062356570557,0.3224563881800438,0.6640021849114618,-0.6481062356570555,10272.614583333334,5945.114583333333,-0.001305764764453321,0.882063090801239,0.5574269890785217,-24.39851762354374,-0.31956273317337036,0.9449148774147034,-0.026479924097657204
452,-3300.1466862997336,-10432.854166666666,-13733.000852966405,0.3517430002770257,0.34475717555162394,0.47767498897707233,17.183333333333334,3680.245833333333,2014.78125,1.6705577688502107,0.329799652566508,0.5816560638263293,-0.6705577688502107,10432.854166666666,5956.71875,-0.0032135949709992673,0.8985531628131866,0.43102721869945526,-24.52037239074707,-0.5997236371040344,0.9633227586746216,0.23986054956912994
453,-3299.322943297462,-10751.90625,-14051.229193297462,0.3512363912114604,0.34283343054509413,0.47717730379188716,17.189583333333335,3782.84375,2014.7749999999999,1.7140622942697161,0.3510978204509502,0.558207350742384,-0.7140622942697162,10751.90625,5962.4375,0.0021040115033326146,0.9580534845590591,0.45704517513513565,-24.382966071367264,-0.3731566071510315,0.9647640585899353,0.017774924635887146
454,-3299.819245171826,-10615.385416666666,-13915.204661838492,0.34984364113368166,0.3389665241476097,0.4780569334215168,17.185416666666665,3753.5458333333336,2015.3416666666665,1.6988136891671062,0.3339699669084362,0.5635591692996074,-0.6988136891671063,10615.385416666666,5965.270833333333,-0.003471243369858712,0.933577835559845,0.4269813448190689,-24.47630214691162,-0.31658104062080383,0.9670118689537048,-0.04310597851872444
455,-3299.6376184477176,-10698.885416666666,-13998.523035114384,0.34863489389917374,0.3378110439779347,0.47845623897707235,17.182291666666668,3781.3645833333335,2016.4833333333333,1.7088354630720861,0.3452722258419469,0.5635009543358863,-0.7088354630720858,10698.885416666666,5970.916666666667,-0.00360861038283522,0.9508807361125946,0.43705036491155624,-24.560553655028343,-0.33901476860046387,0.9622284770011902,-0.006029344629496336
456,-3299.966025507207,-10973.416666666666,-14273.382692173882,0.35098978038994827,0.34234128789143553,0.479029155643739,17.170833333333334,3894.133333333333,2014.1104166666667,1.7477283373423151,0.34464996335650905,0.5374381439584227,-0.7477283373423154,10973.416666666666,5959.114583333333,0.0052989549991306895,1.0164768397808075,0.43908538669347763,-24.50161798298359,-0.5866379141807556,0.9647693634033203,0.24520497024059296
457,-3299.940757411417,-10756.614583333334,-14056.55534074475,0.35200494122921694,0.34661248236322234,0.4775005511463845,17.2,3805.1385416666667,2011.5635416666664,1.7201078480630052,0.3733491172982304,0.5774413086298337,-0.7201078480630052,10756.614583333334,5945.489583333333,0.00591420750909788,0.9671472460031509,0.4330102875828743,-24.519583880901337,-0.3859211206436157,0.9577667713165283,0.03628182038664818
458,-3298.8063564003537,-10438.041666666666,-13736.848023067025,0.3489355838028109,0.3411830044844666,0.47885940255731924,17.16979166666667,3692.877083333333,2007.2010416666665,1.6818329853163492,0.3377819244314281,0.6171120356441623,-0.681832985316349,10438.041666666666,5932.145833333333,-0.0018134853299771603,0.9072985649108887,0.39419718086719513,-24.29731586575508,-0.49987030029296875,0.9686877727508545,0.1377691626548767
459,-3299.2085945692183,-10242.489583333334,-13541.69817790255,0.3503910053246974,0.3419357771615776,0.4782942019400353,17.164583333333336,3610.304166666667,2012.9937499999999,1.6435509546666058,0.3141637470903043,0.6776983545059562,-0.6435509546666062,10242.489583333334,5951.625,-0.005362795990999869,0.8638946712017059,0.4137471169233322,-24.250017255544662,-0.267653226852417,0.9690640568733215,-0.09354991465806961
460,-3300.7606709968586,-10334.114583333334,-13634.875254330202,0.3504409993696242,0.34221208299439043,0.47850639329805994,17.165625000000002,3653.576041666666,2009.85625,1.652753591830588,0.31497193537562373,0.6423457871069439,-0.6527535918305882,10334.114583333334,5937.09375,0.0013614940613813076,0.8922841995954514,0.550909236073494,-24.08760181069374,0.03566116839647293,0.9695233702659607,-0.3923336863517761
461,-3300.00481433117,-10469.53125,-13769.536064331174,0.3488263579070024,0.34097776022544063,0.47944582231040567,17.152083333333334,3695.9562499999997,2010.221875,1.6739441976919365,0.3273744789158228,0.6286637003253532,-0.6739441976919367,10469.53125,5936.375,-0.003179826508093342,0.9211109429597855,0.5964624583721161,-24.108531340956688,-0.7684088945388794,0.9665954113006592,0.42412906885147095
462,-3300.234787909511,-10472.0,-13772.23478790951,0.350368292188225,0.34438326482551124,0.47873897707231045,17.082291666666666,3689.890277777778,2007.0305555555558,1.6664328763302383,0.33509147179913973,0.6346396527583259,-0.6664328763302382,10472.0,5967.479166666667,4.5115031734876965e-05,0.9116362184286118,0.6551855579018593,-24.275253012776375,-0.3094286322593689,0.9702871441841125,-0.03662269562482834
463,-3299.5813332288567,-9968.583333333334,-13268.164666562194,0.3498256808777671,0.34150948119268937,0.4787108686067019,17.085069444444443,3503.921875,2006.320138888889,1.5985487047357374,0.3100774226454076,0.7274460628849959,-0.5985487047357371,9968.583333333334,5960.395833333333,-0.0062546765130728765,0.8109234124422073,0.4830894395709038,-24.18476429581642,-0.012973044067621231,0.9663750529289246,-0.3378075361251831
464,-3300.303877204877,-9950.5,-13250.80387720488,0.347967159207703,0.3417294409430016,0.4787436618165785,17.159375,3485.8000000000006,2011.7614583333334,1.5851773739316108,0.2987980177842137,0.7101664727784852,-0.5851773739316108,9950.5,5947.104166666667,-0.0005020550473853191,0.8146750926971436,0.5114338770508766,-24.089862525463104,-0.8508885502815247,0.9663904309272766,0.4806520342826843
465,-3300.540081577467,-9827.96875,-13128.508831577468,0.3481733398995168,0.34236861494557363,0.4792587081128748,17.033680555555556,3437.772916666667,2000.8298611111113,1.575139785307325,0.30031189377975204,0.742734841177306,-0.5751397853073252,9827.96875,5946.104166666667,0.016259369094070664,0.7887888699769974,0.4656331166625023,-24.258477687835693,-0.2482507824897766,0.9676972031593323,-0.11383484303951263
466,-3300.596783692849,-9857.770833333334,-13158.367617026188,0.3510849702598593,0.34642233393889105,0.47653494268077606,17.196180555555554,3467.195486111111,2022.073611111111,1.5786908299262412,0.3156027296774504,0.7151599318471078,-0.5786908299262412,9857.770833333334,5997.09375,0.013269142525251798,0.780506893992424,0.48824743181467056,-23.922931894659996,-0.07624857127666473,0.9680138230323792,-0.2900594472885132
467,-3299.8007689233727,-10116.40625,-13416.207018923373,0.3515619800731562,0.35053922421260114,0.47845623897707235,17.15833333333333,3567.3250000000003,2010.0322916666667,1.6207207398065064,0.31857380835409793,0.670524376453824,-0.6207207398065062,10116.40625,5933.145833333333,0.005088664670098275,0.8541814237833023,0.39974405616521835,-24.383714750409126,-0.6163269877433777,0.9658833146095276,0.2632766366004944
468,-3302.220743946608,-10140.697916666666,-13442.918660613273,0.35345313453510396,0.35291429507439415,0.4777386463844797,17.034722222222225,3567.2062500000006,2000.8128472222222,1.6268003220786753,0.3211329773350312,0.6634123160008079,-0.6268003220786752,10140.697916666666,5939.739583333333,0.002604016072717652,0.8523127138614655,0.3410906493663788,-24.32369127869606,-0.3366529047489166,0.9723790287971497,-0.015232168138027191
469,-3300.25961361521,-10192.1875,-13492.447113615208,0.3516615246200181,0.3513562848885259,0.4789288470017637,17.14375,3585.9506944444443,2013.059375,1.6186127389700926,0.31662116811480495,0.6722442539768632,-0.6186127389700926,10192.1875,5972.375,0.0006921522177032458,0.8584862053394318,0.3970189094543457,-24.384638026356697,-0.24468408524990082,0.9682771563529968,-0.11046814918518066
470,-3299.025011481059,-10483.34375,-13782.36876148105,0.3528100201758229,0.35370762778782394,0.47866457231040566,17.166666666666668,3710.478125,2014.4020833333334,1.6753160324902137,0.3419418037238682,0.6386594376888347,-0.6753160324902133,10483.34375,5947.510416666667,0.0023063808009897713,0.9237366318702698,0.3916061222553253,-24.665258392691612,-0.11730939894914627,0.9713837504386902,-0.22691871225833893
471,-3298.7170777891447,-10438.052083333334,-13736.769161122482,0.3522321471157254,0.35162525984600906,0.47917961860670194,17.169791666666665,3688.144791666667,2014.590625,1.669802643244763,0.3409440677478412,0.6271501959692347,-0.6698026432447631,10438.052083333334,5956.71875,0.005407241260694029,0.9054747223854065,0.42252226173877716,-24.984062865376472,-0.27296051383018494,0.970430314540863,-0.07885119318962097
472,-3298.804701504243,-10012.6875,-13311.492201504241,0.3539898120753315,0.3565693044300941,0.4785430445326278,17.165625000000002,3538.625,2007.8125,1.6143518773843077,0.3238031388267544,0.7168469609213032,-0.6143518773843083,10012.6875,5923.5625,0.03225180794569571,0.8300756514072418,0.6401100233197212,-24.694836258888245,-0.3686041533946991,0.9688814282417297,0.014385243877768517
473,-3299.9279791218773,-9985.802083333334,-13285.730062455208,0.3601332891980679,0.3679676868252702,0.47822475749559085,17.162499999999998,3520.726041666667,2010.4770833333332,1.6082551985586726,0.33256357312939805,0.6907265599875468,-0.6082551985586729,9985.802083333334,5940.947916666667,0.006637220758935358,0.8200151324272156,0.5032877027988434,-24.701560363173485,-0.5642489194869995,0.9618468284606934,0.20525985956192017
474,-3299.992620474934,-10319.0,-13618.992620474928,0.35919682040242057,0.3669733271664073,0.47787092151675487,17.158333333333335,3654.725,2016.078125,1.654510163331228,0.32605043711509724,0.6599545171866908,-0.654510163331228,10319.0,5961.53125,0.003394453401055486,0.8849454522132874,0.39542265236377716,-24.881744116544724,-0.0018843207508325577,0.9692901372909546,-0.34675851464271545
475,-3300.4550633175954,-10385.197916666666,-13685.652979984268,0.3594958018912356,0.36787489399365664,0.4783848655202822,17.1375,3650.0993055555555,2011.024652777778,1.6499168836395002,0.3390656181191168,0.6841726437130505,-0.6499168836395,10385.197916666666,5959.864583333333,0.019907209888156974,0.8952120989561081,0.4371892511844635,-25.02969229221344,-0.19462385773658752,0.9696207642555237,-0.16389498114585876
476,-3299.3851651216005,-10132.270833333334,-13431.655998454933,0.35918656948988387,0.3696064604292688,0.4786009149029982,17.1375,3566.5697916666672,2011.1229166666665,1.6233233241148017,0.338657550589861,0.7088771833876372,-0.6233233241148018,10132.270833333334,5944.177083333333,0.03980669074437837,0.8492030054330826,0.4956875890493393,-24.717317909002304,-0.4160130023956299,0.9709736108779907,0.04987207427620888
477,-3301.1627815411007,-9914.302083333334,-13215.464864874426,0.3682708263008779,0.3885950131403256,0.47537670855379194,17.188541666666666,3478.8697916666665,2018.7291666666667,1.5827159312410763,0.3091680722642267,0.7966596698891899,-0.5827159312410762,9914.302083333334,5973.895833333333,0.026480951191236723,0.7977408617734909,0.41006485372781754,-24.806246176362038,-0.5473393797874451,0.9711874127388,0.17935100197792053
478,-3299.9206255897357,-10029.041666666666,-13328.962292256401,0.3712520605141574,0.39473090243781267,0.4752270723104057,17.217708333333334,3532.1739583333333,2018.6510416666667,1.6091261587692023,0.3264663626224706,0.832725310905151,-0.6091261587692022,10029.041666666666,5981.645833333333,0.026463816744378477,0.8103994578123093,0.5834810957312584,-24.422247275710106,0.11366991698741913,0.965232253074646,-0.4878808856010437
479,-3299.718419072274,-9773.833333333334,-13073.551752405614,0.36735599315910195,0.3826894245814603,0.476529155643739,17.166666666666668,3413.379166666667,2016.3083333333332,1.5596537436866356,0.29849444249509743,0.8371383008066337,-0.5596537436866355,9773.833333333334,5970.104166666667,0.0481054251919491,0.7698783725500107,0.46441730856895447,-25.246760949492455,-0.6291868090629578,0.9649377465248108,0.24428564310073853
480,-3299.992582260238,-9528.739583333334,-12828.732165593561,0.35626287295716197,0.36181943545428413,0.4801807760141094,17.136458333333334,3363.754166666667,2007.8999999999999,1.54091188029612,0.2915328055678053,0.9116937600946938,-0.5409118802961197,9528.739583333334,5928.03125,0.02248980432297243,0.7420382499694824,0.6896454393863678,-25.52330021560192,-0.6423634886741638,0.956214964389801,0.28036803007125854
481,-3301.16992445142,-9481.135416666666,-12782.305341118083,0.3562718145877623,0.3630630569678033,0.48060901675485007,17.126041666666666,3330.995833333333,2009.1197916666667,1.5274320323298107,0.2910331371707132,0.8860743786293934,-0.5274320323298107,9481.135416666666,5933.270833333333,0.004943907297347838,0.7252301871776581,0.790291354060173,-25.258520647883415,-0.09733317792415619,0.9435223340988159,-0.27699199318885803
482,-3299.6091914789667,-9681.697916666666,-12981.30710814563,0.3541974517732991,0.3568748879976435,0.47997244268077605,17.129166666666666,3410.048958333333,2011.7645833333336,1.5546577942625983,0.2953566018592438,0.827570862038263,-0.5546577942625982,9681.697916666666,5947.385416666667,-0.0032809988179272054,0.7619176954030991,0.5571059435606003,-25.15231627225876,-0.7011337876319885,0.9594358205795288,0.34108972549438477
483,-3299.883253274704,-9692.59375,-12992.477003274698,0.35370050229300193,0.35873456609260757,0.47907848324514996,17.15625,3418.3781250000006,2012.09375,1.5641729607101194,0.3058554710745033,0.8243378586088882,-0.5641729607101191,9692.59375,5945.4375,0.0031430380884631404,0.7651169002056122,0.47270163148641586,-24.899907767772675,-0.5731229186058044,0.9611924290657043,0.2086850106716156
484,-3300.142292641249,-9493.979166666666,-12794.121459307915,0.3574147545159281,0.3633331612024146,0.4787899581128749,17.16875,3348.327083333333,2011.5625,1.5321130699666548,0.29580619778591055,0.9164036853708671,-0.5321130699666551,9493.979166666666,5948.78125,0.008345377240935647,0.7240830659866333,0.4126008450984955,-24.68354469537735,-0.042035285383462906,0.9690334796905518,-0.3220314085483551
485,-3299.770043212527,-9415.71875,-12715.488793212528,0.3544762130503305,0.358723353689129,0.4795210537918872,17.14375,3304.8375,2010.2250000000001,1.5159666227441138,0.2911142337464914,0.9360907097898403,-0.5159666227441138,9415.71875,5939.6875,0.004713827765292722,0.7112183272838593,0.45154400914907455,-24.754337161779404,-0.35862308740615845,0.9623122215270996,-0.017113616690039635
486,-3299.476472096165,-9379.708333333334,-12679.184805429499,0.35738793648317196,0.3628660076347943,0.47855461860670195,17.152083333333334,3272.3697916666665,2017.3041666666668,1.5011132916810113,0.27315021417932966,0.9686906319703784,-0.5011132916810115,9379.708333333334,5975.083333333333,0.012680786017403856,0.692450076341629,0.41438334435224533,-24.90209248661995,-0.21336452662944794,0.9675242304801941,-0.16861705482006073
487,-3301.010510011249,-9155.09375,-12456.10426001125,0.35595004623310506,0.35860077927807454,0.4790117945326278,17.153125,3224.303125,2010.8645833333333,1.4774759778973703,0.268532535038706,1.0209774993045586,-0.4774759778973703,9155.09375,5942.760416666667,0.00209342491073794,0.6650916486978531,0.38896287232637405,-24.985564813017845,-0.1661633402109146,0.9685270190238953,-0.1990973949432373
488,-3300.0834713016447,-9158.145833333334,-12458.229304634982,0.35483885794310677,0.3594464093645608,0.4795210537918872,17.158333333333335,3203.926041666667,2014.5687500000001,1.47298107489132,0.27323574222778896,1.0540899807295412,-0.47298107489131996,9158.145833333334,5957.625,-0.0035979130359441794,0.6504964530467987,0.4237232059240341,-24.83470383286476,-0.21941138803958893,0.9638990163803101,-0.1662784218788147
489,-3300.0361069334126,-8829.916666666666,-12129.952773600076,0.3562290203798965,0.359865726697333,0.47969383818342154,17.089930555555554,3088.382638888889,2004.8413194444445,1.431457156390352,0.26924413293995647,1.0641211410693774,-0.43145715639035176,8829.916666666666,5943.28125,-0.003767949693546324,0.5952043980360031,0.37296685576438904,-24.79852068424225,-0.28482291102409363,0.9724856019020081,-0.09051444381475449
490,-3300.144698134382,-8954.979166666666,-12255.123864801048,0.3555351637613471,0.3589228101708512,0.47987406305114644,17.084722222222222,3120.6034722222225,2003.746527777778,1.4454084946168377,0.25864469527542105,1.0654365172463578,-0.44540849461683757,8954.979166666666,5941.927083333333,0.017653101762389767,0.6201657652854919,0.365079790353775,-25.122514456510544,-0.25041261315345764,0.9689337611198425,-0.13963040709495544
491,-3299.7260312855865,-8940.40625,-12240.132281285592,0.35754619976583263,0.3650244480264115,0.4793168540564374,17.153125,3125.6843750000003,2012.8302083333335,1.4454303632174585,0.267410690608236,1.0390241190544416,-0.4454303632174585,8940.40625,5943.197916666667,0.01595131886271628,0.6103685051202774,0.43911126255989075,-24.950846701860428,-0.5583935976028442,0.9673469662666321,0.17027053236961365
492,-3299.6396070609076,-9048.4375,-12348.077107060912,0.353829196336687,0.3577018437685588,0.4789076278659612,17.15520833333333,3179.1593749999997,2014.7062500000002,1.4606629166314817,0.27510381236034265,1.019054008701102,-0.4606629166314819,9048.4375,5954.875,0.007905059629896016,0.6288357675075531,0.3993701860308647,-25.011487767100334,-0.3993539810180664,0.9648029804229736,0.029486648738384247
493,-3299.631339133581,-8937.625,-12237.256339133584,0.3568480398984116,0.3624308284294481,0.4803833223104057,17.134375000000002,3132.709375,2008.0052083333333,1.4521010869476934,0.2703397992624694,1.0174266344677905,-0.4521010869476933,8937.625,5926.104166666667,0.005316873959435031,0.6147917658090591,0.38810188323259354,-24.927567452192307,-0.46807414293289185,0.9671746492385864,0.08265333622694016
494,-3299.882256045906,-8863.833333333334,-12163.715589379237,0.35812840659357414,0.36483642211614,0.4785306437389771,17.04513888888889,3086.714583333333,2002.3343749999997,1.4316864142690429,0.243085005510734,1.0723417163291786,-0.4316864142690429,8863.833333333334,5957.5625,0.0031753888834653576,0.5958010256290436,0.4446025490760803,-25.168453738093376,-0.19227012991905212,0.9658786058425903,-0.1897762417793274
495,-3299.9728955079695,-8712.9375,-12012.910395507968,0.35594105212068805,0.36168495644637405,0.47980379188712524,17.057291666666668,3036.7871527777775,2004.8232638888887,1.410567279549074,0.25219126449319884,1.0945670876606275,-0.41056727954907385,8712.9375,5952.302083333333,0.003509562355560103,0.5668858736753464,0.41590266674757004,-25.67445269227028,-0.26847168803215027,0.9683448076248169,-0.11695882678031921
496,-3299.0103413126676,-8885.677083333334,-12184.687424646,0.3538514504809694,0.35813049287308885,0.4783347111992946,17.145833333333332,3096.3197916666663,2010.5520833333333,1.4351671165748072,0.25848820029272795,1.0827465725505576,-0.4351671165748073,8885.677083333334,5941.322916666667,-0.005188279596481937,0.6013786643743515,0.47196289151906967,-25.801112428307533,-0.37601524591445923,0.9689756631851196,-0.020561285316944122
497,-3300.9396988943167,-8737.322916666666,-12038.262615560978,0.3549993065405328,0.3585232979668136,0.48069582231040564,17.128125,3064.2802083333336,2007.6552083333336,1.4214293711258363,0.2447004291963454,1.1245173706749452,-0.4214293711258361,8737.322916666666,5927.416666666667,0.0010579059499016275,0.5798361599445343,0.5235724598169327,-25.90768200159073,-0.7248022556304932,0.9642328023910522,0.3510875403881073
498,-3299.1981287279664,-8567.34375,-11866.541878727965,0.3526030216714773,0.3539118497873359,0.47986248897707234,17.13958333333333,2995.25,2007.4927083333332,1.3952197776950006,0.24546087835540042,1.2089918300193334,-0.3952197776950008,8567.34375,5921.197916666667,0.0031940312343949895,0.5415141135454178,0.5577853918075562,-25.894359558820724,0.183372363448143,0.9671751856803894,-0.5768235325813293
499,-3299.6187940068253,-8469.25,-11768.868794006827,0.3516890550817517,0.35269322442036355,0.4801807760141094,17.128125,2948.5812499999997,2008.2593750000003,1.3715929321504856,0.22794825250559914,1.2199347209958182,-0.37159293215048567,8469.25,5926.4375,0.004848026198092548,0.5256160497665405,0.5201304778456688,-25.394605800509453,-0.7896752953529358,0.9690259695053101,0.3865940272808075
500,-3299.7938923885013,-8426.541666666666,-11726.335559055171,0.3513277806409976,0.3505526778123264,0.4799029982363316,17.131249999999998,2937.3583333333336,2008.5250000000003,1.3695794548349334,0.2296099386070929,1.2563003940025308,-0.3695794548349333,8426.541666666666,5931.1875,0.020625446880744303,0.5141954123973846,0.4286697655916214,-25.333968430757523,-0.2213212549686432,0.96492999792099,-0.1843535304069519
