epoch,instance,period,visits,distance,distance_2opt,excess_ratio,nn_rank,sequence
25,Instances_highcost_H3/abs5n10,0,10,1594.0,1480.0,1.077027027027027,0.1345679012345679,8 6 5 2 9 7 10 3 1 4
25,Instances_highcost_H3/abs5n10,1,10,1594.0,1480.0,1.077027027027027,0.1345679012345679,8 6 5 2 9 7 10 3 1 4
25,Instances_highcost_H3/abs5n10,2,10,1594.0,1480.0,1.077027027027027,0.1345679012345679,8 6 5 2 9 7 10 3 1 4
25,Instances_highcost_H3/abs5n15,0,15,1945.0,1469.0,1.3240299523485364,0.05853174603174603,10 7 11 13 12 2 8 1 3 6 4 5 14 15 9
25,Instances_highcost_H3/abs5n15,1,15,1919.0,1469.0,1.3063308373042886,0.10138888888888888,10 7 11 13 12 2 8 1 14 5 4 6 3 15 9
25,Instances_highcost_H3/abs5n15,2,15,1739.0,1469.0,1.1837985023825732,0.02976190476190476,10 7 11 13 12 8 2 5 14 4 6 3 1 15 9
25,Instances_highcost_H3/abs5n20,0,20,2503.0,2221.0,1.1269698334083746,0.10036175419098672,17 18 13 8 5 14 19 16 4 3 7 15 12 1 20 11 10 9 6 2
25,Instances_highcost_H3/abs5n20,1,20,2397.0,2221.0,1.0792435839711843,0.09935936096926809,19 17 18 13 8 5 14 16 2 6 4 1 7 15 12 3 20 11 10 9
25,Instances_highcost_H3/abs5n20,2,20,2397.0,2221.0,1.0792435839711843,0.09935936096926809,19 17 18 13 8 5 14 16 2 6 4 1 7 15 12 3 20 11 10 9
25,Instances_highcost_H3/abs5n25,0,25,2531.0,2284.0,1.1081436077057794,0.08068780688265982,17 13 2 5 11 20 1 6 3 19 9 24 7 18 23 14 16 12 8 4 22 25 21 10 15
25,Instances_highcost_H3/abs5n25,1,25,2725.0,2284.0,1.1930823117338003,0.08138024560721929,13 17 19 9 3 24 7 18 23 14 16 6 1 20 2 5 11 21 10 25 22 4 8 12 15
25,Instances_highcost_H3/abs5n25,2,25,2523.0,2284.0,1.1046409807355517,0.07101518783504078,17 13 2 5 11 20 1 6 3 19 9 24 7 18 23 14 12 4 8 22 25 10 21 15 16
25,Instances_highcost_H3/abs5n30,0,30,2679.0,2221.0,1.2062134173795587,0.07524730398882319,26 1 20 22 4 13 29 21 2 9 8 14 16 19 25 6 27 18 5 12 3 24 11 28 30 15 17 7 10 23
25,Instances_highcost_H3/abs5n30,1,30,2762.0,2221.0,1.2435839711841512,0.0632361688539558,26 1 20 22 4 13 29 21 2 9 8 18 5 27 12 3 24 11 28 7 10 17 15 30 6 25 19 14 16 23
25,Instances_highcost_H3/abs5n30,2,30,2801.0,2221.0,1.2611436289959477,0.10472630200230396,26 1 20 22 4 13 29 21 2 9 8 14 16 25 19 6 15 12 18 5 27 3 24 11 28 7 10 17 30 23
25,Instances_highcost_H3/abs5n35,0,35,3178.0,2679.0,1.1862635311683465,0.08410408075200464,16 14 20 7 25 6 3 30 26 22 31 27 35 29 17 11 12 5 24 32 10 28 1 21 18 33 13 2 23 9 4 34 15 19 8
25,Instances_highcost_H3/abs5n35,1,35,3339.0,2679.0,1.2463605823068309,0.11181376308444911,16 14 20 7 25 6 3 30 26 31 27 22 29 35 32 24 17 11 12 23 9 15 34 4 19 8 2 13 33 10 28 1 21 18 5
25,Instances_highcost_H3/abs5n35,2,35,3083.0,2679.0,1.150802538260545,0.13641968388414155,16 14 20 7 25 6 3 30 26 31 27 22 29 35 32 24 5 17 11 12 23 9 15 34 4 19 8 2 13 33 10 28 1 21 18
25,Instances_highcost_H3/abs5n40,0,40,3078.0,2647.0,1.1628258405742349,0.05387062338522055,18 6 34 27 28 35 10 5 40 24 33 15 32 9 20 29 23 36 21 11 16 1 7 37 12 14 26 22 39 17 25 8 2 19 13 3 31 38 30 4
25,Instances_highcost_H3/abs5n40,1,40,3287.0,2647.0,1.241783150736683,0.05293582278035336,26 11 10 5 40 24 33 15 32 9 20 7 16 23 28 35 36 21 27 14 29 1 12 37 2 22 39 8 25 17 34 18 6 4 30 31 3 38 19 13
25,Instances_highcost_H3/abs5n40,2,40,3367.0,2647.0,1.2720060445787684,0.05721573090641533,26 11 10 5 40 24 33 15 32 9 20 7 16 23 28 35 36 21 27 14 29 1 12 37 2 8 22 39 25 17 34 18 6 4 30 31 3 38 19 13
25,Instances_highcost_H3/abs5n45,0,45,3578.0,2475.0,1.4456565656565656,0.08671640724091335,6 13 20 8 35 29 27 21 25 40 12 37 1 33 9 14 5 36 41 23 30 22 42 32 38 3 10 45 43 19 2 28 18 26 7 11 44 24 17 31 34 39 4 16 15
25,Instances_highcost_H3/abs5n45,1,45,3320.0,2475.0,1.3414141414141414,0.06238053264120164,6 27 13 20 8 29 35 25 21 40 12 1 33 9 14 5 36 41 23 3 38 42 30 22 32 19 10 43 45 2 28 26 7 31 18 37 11 17 44 24 34 16 15 4 39
25,Instances_highcost_H3/abs5n45,2,45,3320.0,2475.0,1.3414141414141414,0.06238053264120164,6 27 13 20 8 29 35 25 21 40 12 1 33 9 14 5 36 41 23 3 38 42 30 22 32 19 10 43 45 2 28 26 7 31 18 37 11 17 44 24 34 16 15 4 39
25,Instances_highcost_H3/abs5n5,0,5,1033.0,865.0,1.1942196531791907,0.125,3 4 1 5 2
25,Instances_highcost_H3/abs5n5,1,5,990.0,865.0,1.1445086705202312,0.16666666666666666,3 1 4 5 2
25,Instances_highcost_H3/abs5n5,2,5,990.0,865.0,1.1445086705202312,0.16666666666666666,3 1 4 5 2
25,Instances_highcost_H3/abs5n50,0,50,3828.0,3165.0,1.209478672985782,0.06324762627844324,45 26 31 49 13 20 42 12 36 48 5 39 14 25 10 6 46 18 22 38 3 15 7 34 27 2 29 11 47 9 35 37 4 44 50 32 28 43 17 30 23 41 33 8 24 1 40 19 16 21
25,Instances_highcost_H3/abs5n50,1,50,3794.0,3165.0,1.1987361769352292,0.038395043401186345,33 41 28 37 31 49 13 42 20 12 36 48 5 39 14 25 10 6 46 18 22 38 3 15 11 47 35 43 9 2 29 16 21 19 27 7 34 24 1 40 8 30 17 23 50 32 45 26 44 4
25,Instances_highcost_H3/abs5n50,2,50,3796.0,3165.0,1.1993680884676146,0.03900707825060036,33 41 28 37 31 49 13 42 20 12 48 36 39 5 14 25 10 6 46 18 22 38 3 15 11 47 35 43 9 17 2 29 16 21 19 27 7 34 24 1 40 8 30 23 50 32 45 26 44 4
25,Instances_highcost_H6/abs5n10,0,10,1594.0,1480.0,1.077027027027027,0.1345679012345679,8 6 5 2 9 7 10 3 1 4
25,Instances_highcost_H6/abs5n10,1,10,1594.0,1480.0,1.077027027027027,0.1345679012345679,8 6 5 2 9 7 10 3 1 4
25,Instances_highcost_H6/abs5n10,2,10,1594.0,1480.0,1.077027027027027,0.1345679012345679,8 6 5 2 9 7 10 3 1 4
25,Instances_highcost_H6/abs5n10,3,10,1594.0,1480.0,1.077027027027027,0.1345679012345679,8 6 5 2 9 7 10 3 1 4
25,Instances_highcost_H6/abs5n10,4,10,1594.0,1480.0,1.077027027027027,0.1345679012345679,8 6 5 2 9 7 10 3 1 4
25,Instances_highcost_H6/abs5n10,5,10,1594.0,1480.0,1.077027027027027,0.1345679012345679,8 6 5 2 9 7 10 3 1 4
25,Instances_highcost_H6/abs5n15,0,15,1945.0,1469.0,1.3240299523485364,0.05853174603174603,10 7 11 13 12 2 8 1 3 6 4 5 14 15 9
25,Instances_highcost_H6/abs5n15,1,15,1919.0,1469.0,1.3063308373042886,0.10138888888888888,10 7 11 13 12 2 8 1 14 5 4 6 3 15 9
25,Instances_highcost_H6/abs5n15,2,15,1739.0,1469.0,1.1837985023825732,0.02976190476190476,10 7 11 13 12 8 2 5 14 4 6 3 1 15 9
25,Instances_highcost_H6/abs5n15,3,15,1739.0,1469.0,1.1837985023825732,0.02976190476190476,10 7 11 13 12 8 2 5 14 4 6 3 1 15 9
25,Instances_highcost_H6/abs5n15,4,15,1739.0,1469.0,1.1837985023825732,0.02976190476190476,10 7 11 13 12 8 2 5 14 4 6 3 1 15 9
25,Instances_highcost_H6/abs5n15,5,15,1739.0,1469.0,1.1837985023825732,0.02976190476190476,10 7 11 13 12 8 2 5 14 4 6 3 1 15 9
25,Instances_highcost_H6/abs5n20,0,20,2503.0,2221.0,1.1269698334083746,0.10036175419098672,17 18 13 8 5 14 19 16 4 3 7 15 12 1 20 11 10 9 6 2
25,Instances_highcost_H6/abs5n20,1,20,2397.0,2221.0,1.0792435839711843,0.09935936096926809,19 17 18 13 8 5 14 16 2 6 4 1 7 15 12 3 20 11 10 9
25,Instances_highcost_H6/abs5n20,2,20,2397.0,2221.0,1.0792435839711843,0.09935936096926809,19 17 18 13 8 5 14 16 2 6 4 1 7 15 12 3 20 11 10 9
25,Instances_highcost_H6/abs5n20,3,20,2397.0,2221.0,1.0792435839711843,0.09935936096926809,19 17 18 13 8 5 14 16 2 6 4 1 7 15 12 3 20 11 10 9
25,Instances_highcost_H6/abs5n20,4,20,2397.0,2221.0,1.0792435839711843,0.09935936096926809,19 17 18 13 8 5 14 16 2 6 4 1 7 15 12 3 20 11 10 9
25,Instances_highcost_H6/abs5n20,5,20,2397.0,2221.0,1.0792435839711843,0.09935936096926809,19 17 18 13 8 5 14 16 2 6 4 1 7 15 12 3 20 11 10 9
25,Instances_highcost_H6/abs5n25,0,25,2531.0,2284.0,1.1081436077057794,0.08068780688265982,17 13 2 5 11 20 1 6 3 19 9 24 7 18 23 14 16 12 8 4 22 25 21 10 15
25,Instances_highcost_H6/abs5n25,1,25,2725.0,2284.0,1.1930823117338003,0.08138024560721929,13 17 19 9 3 24 7 18 23 14 16 6 1 20 2 5 11 21 10 25 22 4 8 12 15
25,Instances_highcost_H6/abs5n25,2,25,2523.0,2284.0,1.1046409807355517,0.07101518783504078,17 13 2 5 11 20 1 6 3 19 9 24 7 18 23 14 12 4 8 22 25 10 21 15 16
25,Instances_highcost_H6/abs5n25,3,25,2523.0,2284.0,1.1046409807355517,0.07101518783504078,17 13 2 5 11 20 1 6 3 19 9 24 7 18 23 14 12 4 8 22 25 10 21 15 16
25,Instances_highcost_H6/abs5n25,4,25,2523.0,2284.0,1.1046409807355517,0.07101518783504078,17 13 2 5 11 20 1 6 3 19 9 24 7 18 23 14 12 4 8 22 25 10 21 15 16
25,Instances_highcost_H6/abs5n25,5,25,2523.0,2284.0,1.1046409807355517,0.07101518783504078,17 13 2 5 11 20 1 6 3 19 9 24 7 18 23 14 12 4 8 22 25 10 21 15 16
25,Instances_highcost_H6/abs5n30,0,30,2679.0,2221.0,1.2062134173795587,0.07524730398882319,26 1 20 22 4 13 29 21 2 9 8 14 16 19 25 6 27 18 5 12 3 24 11 28 30 15 17 7 10 23
25,Instances_highcost_H6/abs5n30,1,30,2762.0,2221.0,1.2435839711841512,0.0632361688539558,26 1 20 22 4 13 29 21 2 9 8 18 5 27 12 3 24 11 28 7 10 17 15 30 6 25 19 14 16 23
25,Instances_highcost_H6/abs5n30,2,30,2801.0,2221.0,1.2611436289959477,0.10472630200230396,26 1 20 22 4 13 29 21 2 9 8 14 16 25 19 6 15 12 18 5 27 3 24 11 28 7 10 17 30 23
25,Instances_highcost_H6/abs5n30,3,30,2766.0,2221.0,1.245384961728951,0.08748492269195914,26 1 20 22 4 13 29 21 2 9 8 14 16 25 19 6 15 12 18 5 27 3 24 11 28 7 10 30 17 23
25,Instances_highcost_H6/abs5n30,4,30,2766.0,2221.0,1.245384961728951,0.08748492269195914,26 1 20 22 4 13 29 21 2 9 8 14 16 25 19 6 15 12 18 5 27 3 24 11 28 7 10 30 17 23
25,Instances_highcost_H6/abs5n30,5,30,2766.0,2221.0,1.245384961728951,0.08748492269195914,26 1 20 22 4 13 29 21 2 9 8 14 16 25 19 6 15 12 18 5 27 3 24 11 28 7 10 30 17 23
25,Instances_highcost_H6/abs5n5,0,5,1033.0,865.0,1.1942196531791907,0.125,3 4 1 5 2
25,Instances_highcost_H6/abs5n5,1,5,990.0,865.0,1.1445086705202312,0.16666666666666666,3 1 4 5 2
25,Instances_highcost_H6/abs5n5,2,5,990.0,865.0,1.1445086705202312,0.16666666666666666,3 1 4 5 2
25,Instances_highcost_H6/abs5n5,3,5,990.0,865.0,1.1445086705202312,0.16666666666666666,3 1 4 5 2
25,Instances_highcost_H6/abs5n5,4,5,990.0,865.0,1.1445086705202312,0.16666666666666666,3 1 4 5 2
25,Instances_highcost_H6/abs5n5,5,5,990.0,865.0,1.1445086705202312,0.16666666666666666,3 1 4 5 2
25,Instances_lowcost_H3/abs5n10,0,10,1594.0,1480.0,1.077027027027027,0.1345679012345679,8 6 5 2 9 7 10 3 1 4
25,Instances_lowcost_H3/abs5n10,1,10,1594.0,1480.0,1.077027027027027,0.1345679012345679,8 6 5 2 9 7 10 3 1 4
25,Instances_lowcost_H3/abs5n10,2,10,1594.0,1480.0,1.077027027027027,0.1345679012345679,8 6 5 2 9 7 10 3 1 4
25,Instances_lowcost_H3/abs5n15,0,15,1945.0,1469.0,1.3240299523485364,0.05853174603174603,10 7 11 13 12 2 8 1 3 6 4 5 14 15 9
25,Instances_lowcost_H3/abs5n15,1,15,1919.0,1469.0,1.3063308373042886,0.10138888888888888,10 7 11 13 12 2 8 1 14 5 4 6 3 15 9
25,Instances_lowcost_H3/abs5n15,2,15,1739.0,1469.0,1.1837985023825732,0.02976190476190476,10 7 11 13 12 8 2 5 14 4 6 3 1 15 9
25,Instances_lowcost_H3/abs5n20,0,20,2503.0,2221.0,1.1269698334083746,0.10036175419098672,17 18 13 8 5 14 19 16 4 3 7 15 12 1 20 11 10 9 6 2
25,Instances_lowcost_H3/abs5n20,1,20,2397.0,2221.0,1.0792435839711843,0.09935936096926809,19 17 18 13 8 5 14 16 2 6 4 1 7 15 12 3 20 11 10 9
25,Instances_lowcost_H3/abs5n20,2,20,2397.0,2221.0,1.0792435839711843,0.09935936096926809,19 17 18 13 8 5 14 16 2 6 4 1 7 15 12 3 20 11 10 9
25,Instances_lowcost_H3/abs5n25,0,25,2531.0,2284.0,1.1081436077057794,0.08068780688265982,17 13 2 5 11 20 1 6 3 19 9 24 7 18 23 14 16 12 8 4 22 25 21 10 15
25,Instances_lowcost_H3/abs5n25,1,25,2725.0,2284.0,1.1930823117338003,0.08138024560721929,13 17 19 9 3 24 7 18 23 14 16 6 1 20 2 5 11 21 10 25 22 4 8 12 15
25,Instances_lowcost_H3/abs5n25,2,25,2523.0,2284.0,1.1046409807355517,0.07101518783504078,17 13 2 5 11 20 1 6 3 19 9 24 7 18 23 14 12 4 8 22 25 10 21 15 16
25,Instances_lowcost_H3/abs5n30,0,30,2679.0,2221.0,1.2062134173795587,0.07524730398882319,26 1 20 22 4 13 29 21 2 9 8 14 16 19 25 6 27 18 5 12 3 24 11 28 30 15 17 7 10 23
25,Instances_lowcost_H3/abs5n30,1,30,2762.0,2221.0,1.2435839711841512,0.0632361688539558,26 1 20 22 4 13 29 21 2 9 8 18 5 27 12 3 24 11 28 7 10 17 15 30 6 25 19 14 16 23
25,Instances_lowcost_H3/abs5n30,2,30,2801.0,2221.0,1.2611436289959477,0.10472630200230396,26 1 20 22 4 13 29 21 2 9 8 14 16 25 19 6 15 12 18 5 27 3 24 11 28 7 10 17 30 23
25,Instances_lowcost_H3/abs5n35,0,35,3178.0,2679.0,1.1862635311683465,0.08410408075200464,16 14 20 7 25 6 3 30 26 22 31 27 35 29 17 11 12 5 24 32 10 28 1 21 18 33 13 2 23 9 4 34 15 19 8
25,Instances_lowcost_H3/abs5n35,1,35,3339.0,2679.0,1.2463605823068309,0.11181376308444911,16 14 20 7 25 6 3 30 26 31 27 22 29 35 32 24 17 11 12 23 9 15 34 4 19 8 2 13 33 10 28 1 21 18 5
25,Instances_lowcost_H3/abs5n35,2,35,3083.0,2679.0,1.150802538260545,0.13641968388414155,16 14 20 7 25 6 3 30 26 31 27 22 29 35 32 24 5 17 11 12 23 9 15 34 4 19 8 2 13 33 10 28 1 21 18
25,Instances_lowcost_H3/abs5n40,0,40,3078.0,2647.0,1.1628258405742349,0.05387062338522055,18 6 34 27 28 35 10 5 40 24 33 15 32 9 20 29 23 36 21 11 16 1 7 37 12 14 26 22 39 17 25 8 2 19 13 3 31 38 30 4
25,Instances_lowcost_H3/abs5n40,1,40,3287.0,2647.0,1.241783150736683,0.05293582278035336,26 11 10 5 40 24 33 15 32 9 20 7 16 23 28 35 36 21 27 14 29 1 12 37 2 22 39 8 25 17 34 18 6 4 30 31 3 38 19 13
25,Instances_lowcost_H3/abs5n40,2,40,3367.0,2647.0,1.2720060445787684,0.05721573090641533,26 11 10 5 40 24 33 15 32 9 20 7 16 23 28 35 36 21 27 14 29 1 12 37 2 8 22 39 25 17 34 18 6 4 30 31 3 38 19 13
25,Instances_lowcost_H3/abs5n45,0,45,3578.0,2475.0,1.4456565656565656,0.08671640724091335,6 13 20 8 35 29 27 21 25 40 12 37 1 33 9 14 5 36 41 23 30 22 42 32 38 3 10 45 43 19 2 28 18 26 7 11 44 24 17 31 34 39 4 16 15
25,Instances_lowcost_H3/abs5n45,1,45,3320.0,2475.0,1.3414141414141414,0.06238053264120164,6 27 13 20 8 29 35 25 21 40 12 1 33 9 14 5 36 41 23 3 38 42 30 22 32 19 10 43 45 2 28 26 7 31 18 37 11 17 44 24 34 16 15 4 39
25,Instances_lowcost_H3/abs5n45,2,45,3320.0,2475.0,1.3414141414141414,0.06238053264120164,6 27 13 20 8 29 35 25 21 40 12 1 33 9 14 5 36 41 23 3 38 42 30 22 32 19 10 43 45 2 28 26 7 31 18 37 11 17 44 24 34 16 15 4 39
25,Instances_lowcost_H3/abs5n5,0,5,1033.0,865.0,1.1942196531791907,0.125,3 4 1 5 2
25,Instances_lowcost_H3/abs5n5,1,5,990.0,865.0,1.1445086705202312,0.16666666666666666,3 1 4 5 2
25,Instances_lowcost_H3/abs5n5,2,5,990.0,865.0,1.1445086705202312,0.16666666666666666,3 1 4 5 2
25,Instances_lowcost_H3/abs5n50,0,50,3828.0,3165.0,1.209478672985782,0.06324762627844324,45 26 31 49 13 20 42 12 36 48 5 39 14 25 10 6 46 18 22 38 3 15 7 34 27 2 29 11 47 9 35 37 4 44 50 32 28 43 17 30 23 41 33 8 24 1 40 19 16 21
25,Instances_lowcost_H3/abs5n50,1,50,3794.0,3165.0,1.1987361769352292,0.038395043401186345,33 41 28 37 31 49 13 42 20 12 36 48 5 39 14 25 10 6 46 18 22 38 3 15 11 47 35 43 9 2 29 16 21 19 27 7 34 24 1 40 8 30 17 23 50 32 45 26 44 4
25,Instances_lowcost_H3/abs5n50,2,50,3796.0,3165.0,1.1993680884676146,0.03900707825060036,33 41 28 37 31 49 13 42 20 12 48 36 39 5 14 25 10 6 46 18 22 38 3 15 11 47 35 43 9 17 2 29 16 21 19 27 7 34 24 1 40 8 30 23 50 32 45 26 44 4
25,Instances_lowcost_H6/abs5n10,0,10,1594.0,1480.0,1.077027027027027,0.1345679012345679,8 6 5 2 9 7 10 3 1 4
25,Instances_lowcost_H6/abs5n10,1,10,1594.0,1480.0,1.077027027027027,0.1345679012345679,8 6 5 2 9 7 10 3 1 4
25,Instances_lowcost_H6/abs5n10,2,10,1594.0,1480.0,1.077027027027027,0.1345679012345679,8 6 5 2 9 7 10 3 1 4
25,Instances_lowcost_H6/abs5n10,3,10,1594.0,1480.0,1.077027027027027,0.1345679012345679,8 6 5 2 9 7 10 3 1 4
25,Instances_lowcost_H6/abs5n10,4,10,1594.0,1480.0,1.077027027027027,0.1345679012345679,8 6 5 2 9 7 10 3 1 4
25,Instances_lowcost_H6/abs5n10,5,10,1594.0,1480.0,1.077027027027027,0.1345679012345679,8 6 5 2 9 7 10 3 1 4
25,Instances_lowcost_H6/abs5n15,0,15,1945.0,1469.0,1.3240299523485364,0.05853174603174603,10 7 11 13 12 2 8 1 3 6 4 5 14 15 9
25,Instances_lowcost_H6/abs5n15,1,15,1919.0,1469.0,1.3063308373042886,0.10138888888888888,10 7 11 13 12 2 8 1 14 5 4 6 3 15 9
25,Instances_lowcost_H6/abs5n15,2,15,1739.0,1469.0,1.1837985023825732,0.02976190476190476,10 7 11 13 12 8 2 5 14 4 6 3 1 15 9
25,Instances_lowcost_H6/abs5n15,3,15,1739.0,1469.0,1.1837985023825732,0.02976190476190476,10 7 11 13 12 8 2 5 14 4 6 3 1 15 9
25,Instances_lowcost_H6/abs5n15,4,15,1739.0,1469.0,1.1837985023825732,0.02976190476190476,10 7 11 13 12 8 2 5 14 4 6 3 1 15 9
25,Instances_lowcost_H6/abs5n15,5,15,1739.0,1469.0,1.1837985023825732,0.02976190476190476,10 7 11 13 12 8 2 5 14 4 6 3 1 15 9
25,Instances_lowcost_H6/abs5n20,0,20,2503.0,2221.0,1.1269698334083746,0.10036175419098672,17 18 13 8 5 14 19 16 4 3 7 15 12 1 20 11 10 9 6 2
25,Instances_lowcost_H6/abs5n20,1,20,2397.0,2221.0,1.0792435839711843,0.09935936096926809,19 17 18 13 8 5 14 16 2 6 4 1 7 15 12 3 20 11 10 9
25,Instances_lowcost_H6/abs5n20,2,20,2397.0,2221.0,1.0792435839711843,0.09935936096926809,19 17 18 13 8 5 14 16 2 6 4 1 7 15 12 3 20 11 10 9
25,Instances_lowcost_H6/abs5n20,3,20,2397.0,2221.0,1.0792435839711843,0.09935936096926809,19 17 18 13 8 5 14 16 2 6 4 1 7 15 12 3 20 11 10 9
25,Instances_lowcost_H6/abs5n20,4,20,2397.0,2221.0,1.0792435839711843,0.09935936096926809,19 17 18 13 8 5 14 16 2 6 4 1 7 15 12 3 20 11 10 9
25,Instances_lowcost_H6/abs5n20,5,20,2397.0,2221.0,1.0792435839711843,0.09935936096926809,19 17 18 13 8 5 14 16 2 6 4 1 7 15 12 3 20 11 10 9
25,Instances_lowcost_H6/abs5n25,0,25,2531.0,2284.0,1.1081436077057794,0.08068780688265982,17 13 2 5 11 20 1 6 3 19 9 24 7 18 23 14 16 12 8 4 22 25 21 10 15
25,Instances_lowcost_H6/abs5n25,1,25,2725.0,2284.0,1.1930823117338003,0.08138024560721929,13 17 19 9 3 24 7 18 23 14 16 6 1 20 2 5 11 21 10 25 22 4 8 12 15
25,Instances_lowcost_H6/abs5n25,2,25,2523.0,2284.0,1.1046409807355517,0.07101518783504078,17 13 2 5 11 20 1 6 3 19 9 24 7 18 23 14 12 4 8 22 25 10 21 15 16
25,Instances_lowcost_H6/abs5n25,3,25,2523.0,2284.0,1.1046409807355517,0.07101518783504078,17 13 2 5 11 20 1 6 3 19 9 24 7 18 23 14 12 4 8 22 25 10 21 15 16
25,Instances_lowcost_H6/abs5n25,4,25,2523.0,2284.0,1.1046409807355517,0.07101518783504078,17 13 2 5 11 20 1 6 3 19 9 24 7 18 23 14 12 4 8 22 25 10 21 15 16
25,Instances_lowcost_H6/abs5n25,5,25,2523.0,2284.0,1.1046409807355517,0.07101518783504078,17 13 2 5 11 20 1 6 3 19 9 24 7 18 23 14 12 4 8 22 25 10 21 15 16
25,Instances_lowcost_H6/abs5n30,0,30,2679.0,2221.0,1.2062134173795587,0.07524730398882319,26 1 20 22 4 13 29 21 2 9 8 14 16 19 25 6 27 18 5 12 3 24 11 28 30 15 17 7 10 23
25,Instances_lowcost_H6/abs5n30,1,30,2762.0,2221.0,1.2435839711841512,0.0632361688539558,26 1 20 22 4 13 29 21 2 9 8 18 5 27 12 3 24 11 28 7 10 17 15 30 6 25 19 14 16 23
25,Instances_lowcost_H6/abs5n30,2,30,2801.0,2221.0,1.2611436289959477,0.10472630200230396,26 1 20 22 4 13 29 21 2 9 8 14 16 25 19 6 15 12 18 5 27 3 24 11 28 7 10 17 30 23
25,Instances_lowcost_H6/abs5n30,3,30,2766.0,2221.0,1.245384961728951,0.08748492269195914,26 1 20 22 4 13 29 21 2 9 8 14 16 25 19 6 15 12 18 5 27 3 24 11 28 7 10 30 17 23
25,Instances_lowcost_H6/abs5n30,4,30,2766.0,2221.0,1.245384961728951,0.08748492269195914,26 1 20 22 4 13 29 21 2 9 8 14 16 25 19 6 15 12 18 5 27 3 24 11 28 7 10 30 17 23
25,Instances_lowcost_H6/abs5n30,5,30,2766.0,2221.0,1.245384961728951,0.08748492269195914,26 1 20 22 4 13 29 21 2 9 8 14 16 25 19 6 15 12 18 5 27 3 24 11 28 7 10 30 17 23
25,Instances_lowcost_H6/abs5n5,0,5,1033.0,865.0,1.1942196531791907,0.125,3 4 1 5 2
25,Instances_lowcost_H6/abs5n5,1,5,990.0,865.0,1.1445086705202312,0.16666666666666666,3 1 4 5 2
25,Instances_lowcost_H6/abs5n5,2,5,990.0,865.0,1.1445086705202312,0.16666666666666666,3 1 4 5 2
25,Instances_lowcost_H6/abs5n5,3,5,990.0,865.0,1.1445086705202312,0.16666666666666666,3 1 4 5 2
25,Instances_lowcost_H6/abs5n5,4,5,990.0,865.0,1.1445086705202312,0.16666666666666666,3 1 4 5 2
25,Instances_lowcost_H6/abs5n5,5,5,990.0,865.0,1.1445086705202312,0.16666666666666666,3 1 4 5 2
50,Instances_highcost_H3/abs5n10,0,10,1616.0,1480.0,1.0918918918918918,0.20105820105820105,9 7 10 3 2 8 6 5 1 4
50,Instances_highcost_H3/abs5n10,1,10,1368.0,1480.0,0.9243243243243243,0.041666666666666664,2 9 7 10 3 1 4 5 6 8
50,Instances_highcost_H3/abs5n10,2,10,1368.0,1480.0,0.9243243243243243,0.041666666666666664,2 9 7 10 3 1 4 5 6 8
50,Instances_highcost_H3/abs5n15,0,15,1785.0,1469.0,1.2151123213070116,0.08798701298701299,10 7 8 11 12 13 2 5 4 6 15 9 1 3 14
50,Instances_highcost_H3/abs5n15,1,15,1987.0,1469.0,1.3526208304969367,0.054143475572047,10 7 8 11 12 13 2 14 4 6 3 15 9 1 5
50,Instances_highcost_H3/abs5n15,2,15,1987.0,1469.0,1.3526208304969367,0.054143475572047,10 7 8 11 12 13 2 14 4 6 3 15 9 1 5
50,Instances_highcost_H3/abs5n20,0,20,2392.0,2221.0,1.0769923457901847,0.08260725342768686,19 17 18 13 8 5 14 16 4 2 6 11 3 7 15 12 1 20 10 9
50,Instances_highcost_H3/abs5n20,1,20,2485.0,2221.0,1.1188653759567762,0.1394736842105263,19 17 5 18 13 8 14 16 4 2 6 9 10 11 3 7 15 12 1 20
50,Instances_highcost_H3/abs5n20,2,20,2485.0,2221.0,1.1188653759567762,0.1394736842105263,19 17 5 18 13 8 14 16 4 2 6 9 10 11 3 7 15 12 1 20
50,Instances_highcost_H3/abs5n25,0,25,2836.0,2284.0,1.2416812609457093,0.05403592733755777,17 3 19 24 7 18 23 9 14 12 8 4 22 25 15 16 6 13 1 20 5 2 11 21 10
50,Instances_highcost_H3/abs5n25,1,25,2705.0,2284.0,1.1843257443082311,0.19625903114175425,17 19 24 7 18 23 9 3 6 14 8 4 12 16 22 25 10 21 15 1 13 2 20 11 5
50,Instances_highcost_H3/abs5n25,2,25,2648.0,2284.0,1.159369527145359,0.19225770839043152,17 19 24 7 18 23 9 3 6 14 8 4 12 16 15 22 25 10 21 1 13 2 20 11 5
50,Instances_highcost_H3/abs5n30,0,30,3037.0,2221.0,1.3674020711391266,0.12454126638365655,20 5 21 13 4 29 8 14 16 25 19 6 15 12 18 9 22 2 27 17 30 28 3 11 24 26 1 7 23 10
50,Instances_highcost_H3/abs5n30,1,30,2806.0,2221.0,1.2633948671769473,0.11902930595283202,20 5 22 13 4 29 8 14 16 25 19 6 23 17 15 12 18 9 21 2 27 30 3 11 28 7 10 24 26 1
50,Instances_highcost_H3/abs5n30,2,30,2773.0,2221.0,1.2485366951823502,0.11589450971458751,20 5 22 13 4 29 8 14 16 25 19 6 23 17 15 12 18 9 2 21 27 30 3 11 28 7 10 24 26 1
50,Instances_highcost_H3/abs5n35,0,35,3332.0,2679.0,1.2437476670399403,0.07527950986740511,10 33 2 34 4 9 15 23 3 6 25 7 20 26 30 29 17 12 11 22 14 31 27 35 5 24 32 13 19 8 18 21 1 28 16
50,Instances_highcost_H3/abs5n35,1,35,3344.0,2679.0,1.24822695035461,0.06321858056427859,10 33 2 15 4 34 9 23 3 6 25 7 20 26 29 30 17 12 11 22 14 31 27 35 5 13 8 19 18 21 1 28 32 24 16
50,Instances_highcost_H3/abs5n35,2,35,3238.0,2679.0,1.2086599477416946,0.05376087821134261,10 21 8 19 34 4 9 15 23 3 6 25 7 20 26 29 30 17 12 11 22 14 31 27 35 5 13 2 33 18 1 28 32 24 16
50,Instances_highcost_H3/abs5n40,0,40,3529.0,2647.0,1.3332074046089912,0.1006570724217658,31 13 3 19 32 15 24 40 5 33 29 10 23 35 28 36 16 7 20 9 2 1 37 12 11 21 27 14 22 26 39 8 38 30 4 6 18 25 17 34
50,Instances_highcost_H3/abs5n40,1,40,3637.0,2647.0,1.3740083112958066,0.09175680105296283,31 13 3 38 19 32 24 5 40 33 15 16 10 23 28 35 36 21 11 7 29 20 9 2 1 12 37 14 22 26 27 39 8 25 17 34 18 4 30 6
50,Instances_highcost_H3/abs5n40,2,40,3753.0,2647.0,1.4178315073668304,0.10055707888637963,31 13 3 19 32 15 24 40 5 33 16 10 23 28 35 36 21 11 7 29 20 9 2 1 12 37 14 22 26 27 39 8 38 30 4 6 18 25 17 34
50,Instances_highcost_H3/abs5n45,0,45,3300.0,2475.0,1.3333333333333333,0.06604312743851698,42 36 5 14 30 22 41 23 3 38 10 32 45 43 19 2 33 27 13 6 40 21 9 25 20 29 8 35 12 28 1 37 18 26 7 31 39 4 15 16 34 17 11 44 24
50,Instances_highcost_H3/abs5n45,1,45,3452.0,2475.0,1.3947474747474748,0.07796820788143287,6 27 13 40 21 5 36 23 41 3 38 42 30 14 22 9 33 25 8 20 29 35 12 1 28 19 10 32 45 43 2 31 26 7 18 37 11 17 44 24 34 16 15 4 39
50,Instances_highcost_H3/abs5n45,2,45,3436.0,2475.0,1.3882828282828283,0.07683113357362686,6 27 13 21 40 5 36 23 41 3 38 42 30 14 22 9 33 25 8 20 29 35 12 1 28 19 10 32 45 43 2 31 26 7 18 37 11 17 44 24 34 16 15 4 39
50,Instances_highcost_H3/abs5n5,0,5,1010.0,865.0,1.1676300578034682,0.08333333333333333,3 5 4 1 2
50,Instances_highcost_H3/abs5n5,1,5,1010.0,865.0,1.1676300578034682,0.08333333333333333,3 5 4 1 2
50,Instances_highcost_H3/abs5n5,2,5,1010.0,865.0,1.1676300578034682,0.08333333333333333,3 5 4 1 2
50,Instances_highcost_H3/abs5n50,0,50,3783.0,3165.0,1.195260663507109,0.06517001414029233,45 26 31 44 4 49 20 42 48 12 36 13 22 38 5 39 6 10 46 18 3 35 37 28 32 50 41 33 23 43 9 47 11 15 29 17 30 2 16 21 19 27 25 14 7 34 24 1 40 8
50,Instances_highcost_H3/abs5n50,1,50,4285.0,3165.0,1.353870458135861,0.08961927517258253,45 26 31 49 42 48 12 20 36 13 22 4 44 37 28 32 41 33 50 35 43 9 18 39 5 6 14 25 10 46 3 11 38 47 17 30 23 21 2 15 29 16 19 27 7 34 24 1 40 8
50,Instances_highcost_H3/abs5n50,2,50,4104.0,3165.0,1.2966824644549764,0.07696604445944738,45 26 31 49 42 48 20 12 36 13 22 4 44 37 28 32 41 33 50 35 43 9 47 18 39 5 6 14 25 10 46 3 38 11 15 29 2 16 21 17 30 23 19 27 7 34 24 1 40 8
50,Instances_highcost_H6/abs5n10,0,10,1616.0,1480.0,1.0918918918918918,0.20105820105820105,9 7 10 3 2 8 6 5 1 4
50,Instances_highcost_H6/abs5n10,1,10,1368.0,1480.0,0.9243243243243243,0.041666666666666664,2 9 7 10 3 1 4 5 6 8
50,Instances_highcost_H6/abs5n10,2,10,1368.0,1480.0,0.9243243243243243,0.041666666666666664,2 9 7 10 3 1 4 5 6 8
50,Instances_highcost_H6/abs5n10,3,10,1368.0,1480.0,0.9243243243243243,0.041666666666666664,2 9 7 10 3 1 4 5 6 8
50,Instances_highcost_H6/abs5n10,4,10,1368.0,1480.0,0.9243243243243243,0.041666666666666664,2 9 7 10 3 1 4 5 6 8
50,Instances_highcost_H6/abs5n10,5,10,1368.0,1480.0,0.9243243243243243,0.041666666666666664,2 9 7 10 3 1 4 5 6 8
50,Instances_highcost_H6/abs5n15,0,15,1785.0,1469.0,1.2151123213070116,0.08798701298701299,10 7 8 11 12 13 2 5 4 6 15 9 1 3 14
50,Instances_highcost_H6/abs5n15,1,15,1987.0,1469.0,1.3526208304969367,0.054143475572047,10 7 8 11 12 13 2 14 4 6 3 15 9 1 5
50,Instances_highcost_H6/abs5n15,2,15,1987.0,1469.0,1.3526208304969367,0.054143475572047,10 7 8 11 12 13 2 14 4 6 3 15 9 1 5
50,Instances_highcost_H6/abs5n15,3,15,1987.0,1469.0,1.3526208304969367,0.054143475572047,10 7 8 11 12 13 2 14 4 6 3 15 9 1 5
50,Instances_highcost_H6/abs5n15,4,15,1987.0,1469.0,1.3526208304969367,0.054143475572047,10 7 8 11 12 13 2 14 4 6 3 15 9 1 5
50,Instances_highcost_H6/abs5n15,5,15,1987.0,1469.0,1.3526208304969367,0.054143475572047,10 7 8 11 12 13 2 14 4 6 3 15 9 1 5
50,Instances_highcost_H6/abs5n20,0,20,2392.0,2221.0,1.0769923457901847,0.08260725342768686,19 17 18 13 8 5 14 16 4 2 6 11 3 7 15 12 1 20 10 9
50,Instances_highcost_H6/abs5n20,1,20,2485.0,2221.0,1.1188653759567762,0.1394736842105263,19 17 5 18 13 8 14 16 4 2 6 9 10 11 3 7 15 12 1 20
50,Instances_highcost_H6/abs5n20,2,20,2485.0,2221.0,1.1188653759567762,0.1394736842105263,19 17 5 18 13 8 14 16 4 2 6 9 10 11 3 7 15 12 1 20
50,Instances_highcost_H6/abs5n20,3,20,2465.0,2221.0,1.109860423232778,0.14563983488132096,19 17 18 13 8 5 14 16 4 2 6 9 10 11 3 7 15 12 1 20
50,Instances_highcost_H6/abs5n20,4,20,2392.0,2221.0,1.0769923457901847,0.08260725342768686,19 17 18 13 8 5 14 16 4 2 6 11 3 7 15 12 1 20 10 9
50,Instances_highcost_H6/abs5n20,5,20,2392.0,2221.0,1.0769923457901847,0.08260725342768686,19 17 18 13 8 5 14 16 4 2 6 11 3 7 15 12 1 20 10 9
50,Instances_highcost_H6/abs5n25,0,25,2836.0,2284.0,1.2416812609457093,0.05403592733755777,17 3 19 24 7 18 23 9 14 12 8 4 22 25 15 16 6 13 1 20 5 2 11 21 10
50,Instances_highcost_H6/abs5n25,1,25,2705.0,2284.0,1.1843257443082311,0.19625903114175425,17 19 24 7 18 23 9 3 6 14 8 4 12 16 22 25 10 21 15 1 13 2 20 11 5
50,Instances_highcost_H6/abs5n25,2,25,2648.0,2284.0,1.159369527145359,0.19225770839043152,17 19 24 7 18 23 9 3 6 14 8 4 12 16 15 22 25 10 21 1 13 2 20 11 5
50,Instances_highcost_H6/abs5n25,3,25,2648.0,2284.0,1.159369527145359,0.19225770839043152,17 19 24 7 18 23 9 3 6 14 8 4 12 16 15 22 25 10 21 1 13 2 20 11 5
50,Instances_highcost_H6/abs5n25,4,25,2711.0,2284.0,1.186952714535902,0.18630532743805053,17 19 24 7 18 23 9 3 6 14 8 4 12 16 15 22 25 21 10 1 13 2 20 11 5
50,Instances_highcost_H6/abs5n25,5,25,2711.0,2284.0,1.186952714535902,0.18630532743805053,17 19 24 7 18 23 9 3 6 14 8 4 12 16 15 22 25 21 10 1 13 2 20 11 5
50,Instances_highcost_H6/abs5n30,0,30,3037.0,2221.0,1.3674020711391266,0.12454126638365655,20 5 21 13 4 29 8 14 16 25 19 6 15 12 18 9 22 2 27 17 30 28 3 11 24 26 1 7 23 10
50,Instances_highcost_H6/abs5n30,1,30,2806.0,2221.0,1.2633948671769473,0.11902930595283202,20 5 22 13 4 29 8 14 16 25 19 6 23 17 15 12 18 9 21 2 27 30 3 11 28 7 10 24 26 1
50,Instances_highcost_H6/abs5n30,2,30,2773.0,2221.0,1.2485366951823502,0.11589450971458751,20 5 22 13 4 29 8 14 16 25 19 6 23 17 15 12 18 9 2 21 27 30 3 11 28 7 10 24 26 1
50,Instances_highcost_H6/abs5n30,3,30,2855.0,2221.0,1.285457001350743,0.11626266758781637,20 5 22 13 4 29 8 14 16 25 19 6 15 17 12 18 9 2 21 27 30 3 11 28 7 23 10 24 26 1
50,Instances_highcost_H6/abs5n30,4,30,2855.0,2221.0,1.285457001350743,0.11626266758781637,20 5 22 13 4 29 8 14 16 25 19 6 15 17 12 18 9 2 21 27 30 3 11 28 7 23 10 24 26 1
50,Instances_highcost_H6/abs5n30,5,30,2855.0,2221.0,1.285457001350743,0.11626266758781637,20 5 22 13 4 29 8 14 16 25 19 6 15 17 12 18 9 2 21 27 30 3 11 28 7 23 10 24 26 1
50,Instances_highcost_H6/abs5n5,0,5,1010.0,865.0,1.1676300578034682,0.08333333333333333,3 5 4 1 2
50,Instances_highcost_H6/abs5n5,1,5,1010.0,865.0,1.1676300578034682,0.08333333333333333,3 5 4 1 2
50,Instances_highcost_H6/abs5n5,2,5,1010.0,865.0,1.1676300578034682,0.08333333333333333,3 5 4 1 2
50,Instances_highcost_H6/abs5n5,3,5,1010.0,865.0,1.1676300578034682,0.08333333333333333,3 5 4 1 2
50,Instances_highcost_H6/abs5n5,4,5,1010.0,865.0,1.1676300578034682,0.08333333333333333,3 5 4 1 2
50,Instances_highcost_H6/abs5n5,5,5,1010.0,865.0,1.1676300578034682,0.08333333333333333,3 5 4 1 2
50,Instances_lowcost_H3/abs5n10,0,10,1616.0,1480.0,1.0918918918918918,0.20105820105820105,9 7 10 3 2 8 6 5 1 4
50,Instances_lowcost_H3/abs5n10,1,10,1368.0,1480.0,0.9243243243243243,0.041666666666666664,2 9 7 10 3 1 4 5 6 8
50,Instances_lowcost_H3/abs5n10,2,10,1368.0,1480.0,0.9243243243243243,0.041666666666666664,2 9 7 10 3 1 4 5 6 8
50,Instances_lowcost_H3/abs5n15,0,15,1785.0,1469.0,1.2151123213070116,0.08798701298701299,10 7 8 11 12 13 2 5 4 6 15 9 1 3 14
50,Instances_lowcost_H3/abs5n15,1,15,1987.0,1469.0,1.3526208304969367,0.054143475572047,10 7 8 11 12 13 2 14 4 6 3 15 9 1 5
50,Instances_lowcost_H3/abs5n15,2,15,1987.0,1469.0,1.3526208304969367,0.054143475572047,10 7 8 11 12 13 2 14 4 6 3 15 9 1 5
50,Instances_lowcost_H3/abs5n20,0,20,2392.0,2221.0,1.0769923457901847,0.08260725342768686,19 17 18 13 8 5 14 16 4 2 6 11 3 7 15 12 1 20 10 9
50,Instances_lowcost_H3/abs5n20,1,20,2485.0,2221.0,1.1188653759567762,0.1394736842105263,19 17 5 18 13 8 14 16 4 2 6 9 10 11 3 7 15 12 1 20
50,Instances_lowcost_H3/abs5n20,2,20,2485.0,2221.0,1.1188653759567762,0.1394736842105263,19 17 5 18 13 8 14 16 4 2 6 9 10 11 3 7 15 12 1 20
50,Instances_lowcost_H3/abs5n25,0,25,2836.0,2284.0,1.2416812609457093,0.05403592733755777,17 3 19 24 7 18 23 9 14 12 8 4 22 25 15 16 6 13 1 20 5 2 11 21 10
50,Instances_lowcost_H3/abs5n25,1,25,2705.0,2284.0,1.1843257443082311,0.19625903114175425,17 19 24 7 18 23 9 3 6 14 8 4 12 16 22 25 10 21 15 1 13 2 20 11 5
50,Instances_lowcost_H3/abs5n25,2,25,2648.0,2284.0,1.159369527145359,0.19225770839043152,17 19 24 7 18 23 9 3 6 14 8 4 12 16 15 22 25 10 21 1 13 2 20 11 5
50,Instances_lowcost_H3/abs5n30,0,30,3037.0,2221.0,1.3674020711391266,0.12454126638365655,20 5 21 13 4 29 8 14 16 25 19 6 15 12 18 9 22 2 27 17 30 28 3 11 24 26 1 7 23 10
50,Instances_lowcost_H3/abs5n30,1,30,2806.0,2221.0,1.2633948671769473,0.11902930595283202,20 5 22 13 4 29 8 14 16 25 19 6 23 17 15 12 18 9 21 2 27 30 3 11 28 7 10 24 26 1
50,Instances_lowcost_H3/abs5n30,2,30,2773.0,2221.0,1.2485366951823502,0.11589450971458751,20 5 22 13 4 29 8 14 16 25 19 6 23 17 15 12 18 9 2 21 27 30 3 11 28 7 10 24 26 1
50,Instances_lowcost_H3/abs5n35,0,35,3332.0,2679.0,1.2437476670399403,0.07527950986740511,10 33 2 34 4 9 15 23 3 6 25 7 20 26 30 29 17 12 11 22 14 31 27 35 5 24 32 13 19 8 18 21 1 28 16
50,Instances_lowcost_H3/abs5n35,1,35,3344.0,2679.0,1.24822695035461,0.06321858056427859,10 33 2 15 4 34 9 23 3 6 25 7 20 26 29 30 17 12 11 22 14 31 27 35 5 13 8 19 18 21 1 28 32 24 16
50,Instances_lowcost_H3/abs5n35,2,35,3238.0,2679.0,1.2086599477416946,0.05376087821134261,10 21 8 19 34 4 9 15 23 3 6 25 7 20 26 29 30 17 12 11 22 14 31 27 35 5 13 2 33 18 1 28 32 24 16
50,Instances_lowcost_H3/abs5n40,0,40,3529.0,2647.0,1.3332074046089912,0.1006570724217658,31 13 3 19 32 15 24 40 5 33 29 10 23 35 28 36 16 7 20 9 2 1 37 12 11 21 27 14 22 26 39 8 38 30 4 6 18 25 17 34
50,Instances_lowcost_H3/abs5n40,1,40,3637.0,2647.0,1.3740083112958066,0.09175680105296283,31 13 3 38 19 32 24 5 40 33 15 16 10 23 28 35 36 21 11 7 29 20 9 2 1 12 37 14 22 26 27 39 8 25 17 34 18 4 30 6
50,Instances_lowcost_H3/abs5n40,2,40,3753.0,2647.0,1.4178315073668304,0.10055707888637963,31 13 3 19 32 15 24 40 5 33 16 10 23 28 35 36 21 11 7 29 20 9 2 1 12 37 14 22 26 27 39 8 38 30 4 6 18 25 17 34
50,Instances_lowcost_H3/abs5n45,0,45,3300.0,2475.0,1.3333333333333333,0.06604312743851698,42 36 5 14 30 22 41 23 3 38 10 32 45 43 19 2 33 27 13 6 40 21 9 25 20 29 8 35 12 28 1 37 18 26 7 31 39 4 15 16 34 17 11 44 24
50,Instances_lowcost_H3/abs5n45,1,45,3452.0,2475.0,1.3947474747474748,0.07796820788143287,6 27 13 40 21 5 36 23 41 3 38 42 30 14 22 9 33 25 8 20 29 35 12 1 28 19 10 32 45 43 2 31 26 7 18 37 11 17 44 24 34 16 15 4 39
50,Instances_lowcost_H3/abs5n45,2,45,3436.0,2475.0,1.3882828282828283,0.07683113357362686,6 27 13 21 40 5 36 23 41 3 38 42 30 14 22 9 33 25 8 20 29 35 12 1 28 19 10 32 45 43 2 31 26 7 18 37 11 17 44 24 34 16 15 4 39
50,Instances_lowcost_H3/abs5n5,0,5,1010.0,865.0,1.1676300578034682,0.08333333333333333,3 5 4 1 2
50,Instances_lowcost_H3/abs5n5,1,5,1010.0,865.0,1.1676300578034682,0.08333333333333333,3 5 4 1 2
50,Instances_lowcost_H3/abs5n5,2,5,1010.0,865.0,1.1676300578034682,0.08333333333333333,3 5 4 1 2
50,Instances_lowcost_H3/abs5n50,0,50,3783.0,3165.0,1.195260663507109,0.06517001414029233,45 26 31 44 4 49 20 42 48 12 36 13 22 38 5 39 6 10 46 18 3 35 37 28 32 50 41 33 23 43 9 47 11 15 29 17 30 2 16 21 19 27 25 14 7 34 24 1 40 8
50,Instances_lowcost_H3/abs5n50,1,50,4285.0,3165.0,1.353870458135861,0.08961927517258253,45 26 31 49 42 48 12 20 36 13 22 4 44 37 28 32 41 33 50 35 43 9 18 39 5 6 14 25 10 46 3 11 38 47 17 30 23 21 2 15 29 16 19 27 7 34 24 1 40 8
50,Instances_lowcost_H3/abs5n50,2,50,4104.0,3165.0,1.2966824644549764,0.07696604445944738,45 26 31 49 42 48 20 12 36 13 22 4 44 37 28 32 41 33 50 35 43 9 47 18 39 5 6 14 25 10 46 3 38 11 15 29 2 16 21 17 30 23 19 27 7 34 24 1 40 8
50,Instances_lowcost_H6/abs5n10,0,10,1616.0,1480.0,1.0918918918918918,0.20105820105820105,9 7 10 3 2 8 6 5 1 4
50,Instances_lowcost_H6/abs5n10,1,10,1368.0,1480.0,0.9243243243243243,0.041666666666666664,2 9 7 10 3 1 4 5 6 8
50,Instances_lowcost_H6/abs5n10,2,10,1368.0,1480.0,0.9243243243243243,0.041666666666666664,2 9 7 10 3 1 4 5 6 8
50,Instances_lowcost_H6/abs5n10,3,10,1368.0,1480.0,0.9243243243243243,0.041666666666666664,2 9 7 10 3 1 4 5 6 8
50,Instances_lowcost_H6/abs5n10,4,10,1368.0,1480.0,0.9243243243243243,0.041666666666666664,2 9 7 10 3 1 4 5 6 8
50,Instances_lowcost_H6/abs5n10,5,10,1368.0,1480.0,0.9243243243243243,0.041666666666666664,2 9 7 10 3 1 4 5 6 8
50,Instances_lowcost_H6/abs5n15,0,15,1785.0,1469.0,1.2151123213070116,0.08798701298701299,10 7 8 11 12 13 2 5 4 6 15 9 1 3 14
50,Instances_lowcost_H6/abs5n15,1,15,1987.0,1469.0,1.3526208304969367,0.054143475572047,10 7 8 11 12 13 2 14 4 6 3 15 9 1 5
50,Instances_lowcost_H6/abs5n15,2,15,1987.0,1469.0,1.3526208304969367,0.054143475572047,10 7 8 11 12 13 2 14 4 6 3 15 9 1 5
50,Instances_lowcost_H6/abs5n15,3,15,1987.0,1469.0,1.3526208304969367,0.054143475572047,10 7 8 11 12 13 2 14 4 6 3 15 9 1 5
50,Instances_lowcost_H6/abs5n15,4,15,1987.0,1469.0,1.3526208304969367,0.054143475572047,10 7 8 11 12 13 2 14 4 6 3 15 9 1 5
50,Instances_lowcost_H6/abs5n15,5,15,1987.0,1469.0,1.3526208304969367,0.054143475572047,10 7 8 11 12 13 2 14 4 6 3 15 9 1 5
50,Instances_lowcost_H6/abs5n20,0,20,2392.0,2221.0,1.0769923457901847,0.08260725342768686,19 17 18 13 8 5 14 16 4 2 6 11 3 7 15 12 1 20 10 9
50,Instances_lowcost_H6/abs5n20,1,20,2485.0,2221.0,1.1188653759567762,0.1394736842105263,19 17 5 18 13 8 14 16 4 2 6 9 10 11 3 7 15 12 1 20
50,Instances_lowcost_H6/abs5n20,2,20,2485.0,2221.0,1.1188653759567762,0.1394736842105263,19 17 5 18 13 8 14 16 4 2 6 9 10 11 3 7 15 12 1 20
50,Instances_lowcost_H6/abs5n20,3,20,2465.0,2221.0,1.109860423232778,0.14563983488132096,19 17 18 13 8 5 14 16 4 2 6 9 10 11 3 7 15 12 1 20
50,Instances_lowcost_H6/abs5n20,4,20,2392.0,2221.0,1.0769923457901847,0.08260725342768686,19 17 18 13 8 5 14 16 4 2 6 11 3 7 15 12 1 20 10 9
50,Instances_lowcost_H6/abs5n20,5,20,2392.0,2221.0,1.0769923457901847,0.08260725342768686,19 17 18 13 8 5 14 16 4 2 6 11 3 7 15 12 1 20 10 9
50,Instances_lowcost_H6/abs5n25,0,25,2836.0,2284.0,1.2416812609457093,0.05403592733755777,17 3 19 24 7 18 23 9 14 12 8 4 22 25 15 16 6 13 1 20 5 2 11 21 10
50,Instances_lowcost_H6/abs5n25,1,25,2705.0,2284.0,1.1843257443082311,0.19625903114175425,17 19 24 7 18 23 9 3 6 14 8 4 12 16 22 25 10 21 15 1 13 2 20 11 5
50,Instances_lowcost_H6/abs5n25,2,25,2648.0,2284.0,1.159369527145359,0.19225770839043152,17 19 24 7 18 23 9 3 6 14 8 4 12 16 15 22 25 10 21 1 13 2 20 11 5
50,Instances_lowcost_H6/abs5n25,3,25,2648.0,2284.0,1.159369527145359,0.19225770839043152,17 19 24 7 18 23 9 3 6 14 8 4 12 16 15 22 25 10 21 1 13 2 20 11 5
50,Instances_lowcost_H6/abs5n25,4,25,2711.0,2284.0,1.186952714535902,0.18630532743805053,17 19 24 7 18 23 9 3 6 14 8 4 12 16 15 22 25 21 10 1 13 2 20 11 5
50,Instances_lowcost_H6/abs5n25,5,25,2711.0,2284.0,1.186952714535902,0.18630532743805053,17 19 24 7 18 23 9 3 6 14 8 4 12 16 15 22 25 21 10 1 13 2 20 11 5
50,Instances_lowcost_H6/abs5n30,0,30,3037.0,2221.0,1.3674020711391266,0.12454126638365655,20 5 21 13 4 29 8 14 16 25 19 6 15 12 18 9 22 2 27 17 30 28 3 11 24 26 1 7 23 10
50,Instances_lowcost_H6/abs5n30,1,30,2806.0,2221.0,1.2633948671769473,0.11902930595283202,20 5 22 13 4 29 8 14 16 25 19 6 23 17 15 12 18 9 21 2 27 30 3 11 28 7 10 24 26 1
50,Instances_lowcost_H6/abs5n30,2,30,2773.0,2221.0,1.2485366951823502,0.11589450971458751,20 5 22 13 4 29 8 14 16 25 19 6 23 17 15 12 18 9 2 21 27 30 3 11 28 7 10 24 26 1
50,Instances_lowcost_H6/abs5n30,3,30,2855.0,2221.0,1.285457001350743,0.11626266758781637,20 5 22 13 4 29 8 14 16 25 19 6 15 17 12 18 9 2 21 27 30 3 11 28 7 23 10 24 26 1
50,Instances_lowcost_H6/abs5n30,4,30,2855.0,2221.0,1.285457001350743,0.11626266758781637,20 5 22 13 4 29 8 14 16 25 19 6 15 17 12 18 9 2 21 27 30 3 11 28 7 23 10 24 26 1
50,Instances_lowcost_H6/abs5n30,5,30,2855.0,2221.0,1.285457001350743,0.11626266758781637,20 5 22 13 4 29 8 14 16 25 19 6 15 17 12 18 9 2 21 27 30 3 11 28 7 23 10 24 26 1
50,Instances_lowcost_H6/abs5n5,0,5,1010.0,865.0,1.1676300578034682,0.08333333333333333,3 5 4 1 2
50,Instances_lowcost_H6/abs5n5,1,5,1010.0,865.0,1.1676300578034682,0.08333333333333333,3 5 4 1 2
50,Instances_lowcost_H6/abs5n5,2,5,1010.0,865.0,1.1676300578034682,0.08333333333333333,3 5 4 1 2
50,Instances_lowcost_H6/abs5n5,3,5,1010.0,865.0,1.1676300578034682,0.08333333333333333,3 5 4 1 2
50,Instances_lowcost_H6/abs5n5,4,5,1010.0,865.0,1.1676300578034682,0.08333333333333333,3 5 4 1 2
50,Instances_lowcost_H6/abs5n5,5,5,1010.0,865.0,1.1676300578034682,0.08333333333333333,3 5 4 1 2
75,Instances_highcost_H3/abs5n10,0,10,1460.0,1480.0,0.9864864864864865,0.013888888888888888,2 7 9 8 6 5 4 1 3 10
75,Instances_highcost_H3/abs5n10,1,10,1368.0,1480.0,0.9243243243243243,0.041666666666666664,2 9 7 10 3 1 4 5 6 8
75,Instances_highcost_H3/abs5n10,2,10,1368.0,1480.0,0.9243243243243243,0.041666666666666664,2 9 7 10 3 1 4 5 6 8
75,Instances_highcost_H3/abs5n15,0,15,1748.0,1469.0,1.189925119128659,0.08690476190476192,10 7 8 12 11 13 2 5 4 6 3 15 9 1 14
75,Instances_highcost_H3/abs5n15,1,15,1618.0,1469.0,1.10142954390742,0.04285714285714286,10 7 8 12 11 13 2 5 4 14 6 3 15 9 1
75,Instances_highcost_H3/abs5n15,2,15,1641.0,1469.0,1.1170864533696392,0.05714285714285715,10 7 8 12 11 13 2 5 4 6 14 3 15 9 1
75,Instances_highcost_H3/abs5n20,0,20,2460.0,2221.0,1.1076091850517784,0.07652714932126696,19 17 18 5 8 13 7 15 12 20 11 2 6 4 16 14 3 1 10 9
75,Instances_highcost_H3/abs5n20,1,20,2326.0,2221.0,1.0472760018009906,0.043859649122807015,19 17 5 18 13 8 14 16 4 2 6 11 20 12 15 7 3 1 10 9
75,Instances_highcost_H3/abs5n20,2,20,2326.0,2221.0,1.0472760018009906,0.043859649122807015,19 17 5 18 13 8 14 16 4 2 6 11 20 12 15 7 3 1 10 9
75,Instances_highcost_H3/abs5n25,0,25,2607.0,2284.0,1.1414185639229422,0.07993878058216293,17 13 6 23 24 7 18 9 19 3 14 8 4 12 16 15 22 25 21 10 20 5 2 11 1
75,Instances_highcost_H3/abs5n25,1,25,2609.0,2284.0,1.1422942206654991,0.10077211391549627,17 13 6 23 24 7 18 9 19 3 14 8 4 12 16 15 22 25 21 10 20 2 11 5 1
75,Instances_highcost_H3/abs5n25,2,25,2609.0,2284.0,1.1422942206654991,0.10077211391549627,17 13 6 23 24 7 18 9 19 3 14 8 4 12 16 15 22 25 21 10 20 2 11 5 1
75,Instances_highcost_H3/abs5n30,0,30,2677.0,2221.0,1.205312922107159,0.05192224385936354,24 20 3 28 11 30 15 6 25 16 14 8 13 4 29 22 9 2 21 18 27 19 12 5 17 23 7 10 1 26
75,Instances_highcost_H3/abs5n30,1,30,2932.0,2221.0,1.320126069338136,0.08338792506617315,1 26 20 3 11 28 7 10 24 23 17 15 6 25 14 8 13 4 22 29 9 2 21 18 19 16 27 12 5 30
75,Instances_highcost_H3/abs5n30,2,30,2860.0,2221.0,1.2877082395317425,0.033150668054767726,26 1 20 3 11 28 7 10 24 17 15 6 25 19 14 8 13 4 22 29 9 2 21 18 27 12 5 30 23 16
75,Instances_highcost_H3/abs5n35,0,35,3024.0,2679.0,1.1287793952967524,0.08385482840350997,10 21 18 1 28 16 31 14 20 7 25 6 3 4 34 15 9 23 30 29 26 22 17 11 12 5 13 2 8 19 33 24 35 32 27
75,Instances_highcost_H3/abs5n35,1,35,3147.0,2679.0,1.1746920492721165,0.11369053041274887,10 21 18 1 28 16 31 14 20 7 26 30 3 6 25 29 9 4 34 15 23 12 17 11 5 13 2 8 19 33 24 35 22 27 32
75,Instances_highcost_H3/abs5n35,2,35,2832.0,2679.0,1.057110862262038,0.05862615765341966,10 1 18 21 33 2 13 8 19 34 4 9 15 23 3 6 25 7 20 26 30 29 17 12 11 5 22 35 14 31 16 27 32 24 28
75,Instances_highcost_H3/abs5n40,0,40,3232.0,2647.0,1.2210049112202492,0.09580269125004393,30 4 6 34 18 31 13 19 3 38 8 25 22 12 9 15 33 24 40 5 10 23 35 28 36 21 27 11 7 32 20 29 1 16 2 37 14 26 39 17
75,Instances_highcost_H3/abs5n40,1,40,3402.0,2647.0,1.2852285606346807,0.07611276730654329,18 4 6 34 27 21 28 35 10 5 40 24 15 33 32 9 20 29 7 1 16 23 36 11 12 2 37 14 22 26 39 8 38 3 13 31 30 25 17 19
75,Instances_highcost_H3/abs5n40,2,40,3423.0,2647.0,1.2931620702682283,0.07240906360283961,18 4 6 34 27 21 28 35 10 5 40 24 15 33 32 9 20 29 1 7 16 23 36 11 12 2 37 14 22 26 8 38 3 13 31 30 25 17 39 19
75,Instances_highcost_H3/abs5n45,0,45,3108.0,2475.0,1.2557575757575759,0.05401851079454927,42 36 5 14 30 41 23 3 38 10 32 45 43 19 22 9 6 27 13 20 29 8 35 37 18 26 2 28 33 40 21 25 12 1 7 31 39 4 15 16 34 24 44 17 11
75,Instances_highcost_H3/abs5n45,1,45,3102.0,2475.0,1.2533333333333334,0.0649365637496285,42 36 5 14 30 41 23 3 38 10 43 45 32 19 22 9 6 27 13 40 21 25 20 8 35 37 11 44 24 17 34 16 15 4 39 2 33 28 12 29 1 18 26 7 31
75,Instances_highcost_H3/abs5n45,2,45,2999.0,2475.0,1.2117171717171717,0.06412775189271795,33 6 27 13 40 21 9 5 36 41 23 3 38 10 43 45 32 42 30 14 22 19 2 28 25 20 8 35 37 11 44 24 17 34 16 15 4 39 31 7 26 18 29 12 1
75,Instances_highcost_H3/abs5n5,0,5,1010.0,865.0,1.1676300578034682,0.08333333333333333,3 5 4 1 2
75,Instances_highcost_H3/abs5n5,1,5,1010.0,865.0,1.1676300578034682,0.08333333333333333,3 5 4 1 2
75,Instances_highcost_H3/abs5n5,2,5,1010.0,865.0,1.1676300578034682,0.08333333333333333,3 5 4 1 2
75,Instances_highcost_H3/abs5n50,0,50,3530.0,3165.0,1.1153238546603474,0.0684186204952216,33 45 32 26 44 31 4 49 13 20 42 48 12 36 22 37 50 41 28 35 9 47 43 23 30 17 11 38 18 5 39 14 25 10 6 46 3 29 15 2 21 16 19 8 40 1 24 34 27 7
75,Instances_highcost_H3/abs5n50,1,50,3505.0,3165.0,1.1074249605055293,0.0778524566268227,45 33 41 32 26 44 31 4 49 13 42 20 48 12 36 22 37 28 50 43 35 9 47 38 18 5 39 14 25 7 34 27 16 21 19 2 11 3 6 10 46 15 29 17 30 23 8 1 24 40
75,Instances_highcost_H3/abs5n50,2,50,3540.0,3165.0,1.1184834123222749,0.06031630796822507,45 33 41 32 26 44 31 4 49 13 42 20 48 12 36 22 37 28 50 43 35 9 47 38 18 5 39 14 25 7 34 27 16 21 19 8 1 24 40 2 11 3 6 10 46 15 29 17 30 23
75,Instances_highcost_H6/abs5n10,0,10,1460.0,1480.0,0.9864864864864865,0.013888888888888888,2 7 9 8 6 5 4 1 3 10
75,Instances_highcost_H6/abs5n10,1,10,1368.0,1480.0,0.9243243243243243,0.041666666666666664,2 9 7 10 3 1 4 5 6 8
75,Instances_highcost_H6/abs5n10,2,10,1368.0,1480.0,0.9243243243243243,0.041666666666666664,2 9 7 10 3 1 4 5 6 8
75,Instances_highcost_H6/abs5n10,3,10,1368.0,1480.0,0.9243243243243243,0.041666666666666664,2 9 7 10 3 1 4 5 6 8
75,Instances_highcost_H6/abs5n10,4,10,1368.0,1480.0,0.9243243243243243,0.041666666666666664,2 9 7 10 3 1 4 5 6 8
75,Instances_highcost_H6/abs5n10,5,10,1368.0,1480.0,0.9243243243243243,0.041666666666666664,2 9 7 10 3 1 4 5 6 8
75,Instances_highcost_H6/abs5n15,0,15,1748.0,1469.0,1.189925119128659,0.08690476190476192,10 7 8 12 11 13 2 5 4 6 3 15 9 1 14
75,Instances_highcost_H6/abs5n15,1,15,1618.0,1469.0,1.10142954390742,0.04285714285714286,10 7 8 12 11 13 2 5 4 14 6 3 15 9 1
75,Instances_highcost_H6/abs5n15,2,15,1641.0,1469.0,1.1170864533696392,0.05714285714285715,10 7 8 12 11 13 2 5 4 6 14 3 15 9 1
75,Instances_highcost_H6/abs5n15,3,15,1641.0,1469.0,1.1170864533696392,0.05714285714285715,10 7 8 12 11 13 2 5 4 6 14 3 15 9 1
75,Instances_highcost_H6/abs5n15,4,15,1641.0,1469.0,1.1170864533696392,0.05714285714285715,10 7 8 12 11 13 2 5 4 6 14 3 15 9 1
75,Instances_highcost_H6/abs5n15,5,15,1641.0,1469.0,1.1170864533696392,0.05714285714285715,10 7 8 12 11 13 2 5 4 6 14 3 15 9 1
75,Instances_highcost_H6/abs5n20,0,20,2460.0,2221.0,1.1076091850517784,0.07652714932126696,19 17 18 5 8 13 7 15 12 20 11 2 6 4 16 14 3 1 10 9
75,Instances_highcost_H6/abs5n20,1,20,2326.0,2221.0,1.0472760018009906,0.043859649122807015,19 17 5 18 13 8 14 16 4 2 6 11 20 12 15 7 3 1 10 9
75,Instances_highcost_H6/abs5n20,2,20,2326.0,2221.0,1.0472760018009906,0.043859649122807015,19 17 5 18 13 8 14 16 4 2 6 11 20 12 15 7 3 1 10 9
75,Instances_highcost_H6/abs5n20,3,20,2326.0,2221.0,1.0472760018009906,0.043859649122807015,19 17 5 18 13 8 14 16 4 2 6 11 20 12 15 7 3 1 10 9
75,Instances_highcost_H6/abs5n20,4,20,2306.0,2221.0,1.0382710490769924,0.050025799793601645,19 17 18 13 8 5 14 16 4 2 6 11 20 12 15 7 3 1 10 9
75,Instances_highcost_H6/abs5n20,5,20,2306.0,2221.0,1.0382710490769924,0.050025799793601645,19 17 18 13 8 5 14 16 4 2 6 11 20 12 15 7 3 1 10 9
75,Instances_highcost_H6/abs5n25,0,25,2607.0,2284.0,1.1414185639229422,0.07993878058216293,17 13 6 23 24 7 18 9 19 3 14 8 4 12 16 15 22 25 21 10 20 5 2 11 1
75,Instances_highcost_H6/abs5n25,1,25,2609.0,2284.0,1.1422942206654991,0.10077211391549627,17 13 6 23 24 7 18 9 19 3 14 8 4 12 16 15 22 25 21 10 20 2 11 5 1
75,Instances_highcost_H6/abs5n25,2,25,2609.0,2284.0,1.1422942206654991,0.10077211391549627,17 13 6 23 24 7 18 9 19 3 14 8 4 12 16 15 22 25 21 10 20 2 11 5 1
75,Instances_highcost_H6/abs5n25,3,25,2793.0,2284.0,1.2228546409807355,0.10127540283790283,17 13 6 23 7 24 19 9 18 8 4 12 14 16 3 15 22 25 21 10 20 2 11 5 1
75,Instances_highcost_H6/abs5n25,4,25,2858.0,2284.0,1.2513134851138354,0.07705579325645115,2 11 20 5 1 17 13 6 23 7 24 19 9 18 8 4 12 14 16 3 15 22 25 21 10
75,Instances_highcost_H6/abs5n25,5,25,2858.0,2284.0,1.2513134851138354,0.07705579325645115,2 11 20 5 1 17 13 6 23 7 24 19 9 18 8 4 12 14 16 3 15 22 25 21 10
75,Instances_highcost_H6/abs5n30,0,30,2677.0,2221.0,1.205312922107159,0.05192224385936354,24 20 3 28 11 30 15 6 25 16 14 8 13 4 29 22 9 2 21 18 27 19 12 5 17 23 7 10 1 26
75,Instances_highcost_H6/abs5n30,1,30,2932.0,2221.0,1.320126069338136,0.08338792506617315,1 26 20 3 11 28 7 10 24 23 17 15 6 25 14 8 13 4 22 29 9 2 21 18 19 16 27 12 5 30
75,Instances_highcost_H6/abs5n30,2,30,2860.0,2221.0,1.2877082395317425,0.033150668054767726,26 1 20 3 11 28 7 10 24 17 15 6 25 19 14 8 13 4 22 29 9 2 21 18 27 12 5 30 23 16
75,Instances_highcost_H6/abs5n30,3,30,2770.0,2221.0,1.2471859522737505,0.026949827481407538,26 1 24 20 3 11 28 7 10 23 17 15 6 25 19 14 8 13 4 29 22 21 2 9 18 27 12 5 30 16
75,Instances_highcost_H6/abs5n30,4,30,2770.0,2221.0,1.2471859522737505,0.026949827481407538,26 1 24 20 3 11 28 7 10 23 17 15 6 25 19 14 8 13 4 29 22 21 2 9 18 27 12 5 30 16
75,Instances_highcost_H6/abs5n30,5,30,2770.0,2221.0,1.2471859522737505,0.026949827481407538,26 1 24 20 3 11 28 7 10 23 17 15 6 25 19 14 8 13 4 29 22 21 2 9 18 27 12 5 30 16
75,Instances_highcost_H6/abs5n5,0,5,1010.0,865.0,1.1676300578034682,0.08333333333333333,3 5 4 1 2
75,Instances_highcost_H6/abs5n5,1,5,1010.0,865.0,1.1676300578034682,0.08333333333333333,3 5 4 1 2
75,Instances_highcost_H6/abs5n5,2,5,1010.0,865.0,1.1676300578034682,0.08333333333333333,3 5 4 1 2
75,Instances_highcost_H6/abs5n5,3,5,1010.0,865.0,1.1676300578034682,0.08333333333333333,3 5 4 1 2
75,Instances_highcost_H6/abs5n5,4,5,1010.0,865.0,1.1676300578034682,0.08333333333333333,3 5 4 1 2
75,Instances_highcost_H6/abs5n5,5,5,1010.0,865.0,1.1676300578034682,0.08333333333333333,3 5 4 1 2
75,Instances_lowcost_H3/abs5n10,0,10,1460.0,1480.0,0.9864864864864865,0.013888888888888888,2 7 9 8 6 5 4 1 3 10
75,Instances_lowcost_H3/abs5n10,1,10,1368.0,1480.0,0.9243243243243243,0.041666666666666664,2 9 7 10 3 1 4 5 6 8
75,Instances_lowcost_H3/abs5n10,2,10,1368.0,1480.0,0.9243243243243243,0.041666666666666664,2 9 7 10 3 1 4 5 6 8
75,Instances_lowcost_H3/abs5n15,0,15,1748.0,1469.0,1.189925119128659,0.08690476190476192,10 7 8 12 11 13 2 5 4 6 3 15 9 1 14
75,Instances_lowcost_H3/abs5n15,1,15,1618.0,1469.0,1.10142954390742,0.04285714285714286,10 7 8 12 11 13 2 5 4 14 6 3 15 9 1
75,Instances_lowcost_H3/abs5n15,2,15,1641.0,1469.0,1.1170864533696392,0.05714285714285715,10 7 8 12 11 13 2 5 4 6 14 3 15 9 1
75,Instances_lowcost_H3/abs5n20,0,20,2460.0,2221.0,1.1076091850517784,0.07652714932126696,19 17 18 5 8 13 7 15 12 20 11 2 6 4 16 14 3 1 10 9
75,Instances_lowcost_H3/abs5n20,1,20,2326.0,2221.0,1.0472760018009906,0.043859649122807015,19 17 5 18 13 8 14 16 4 2 6 11 20 12 15 7 3 1 10 9
75,Instances_lowcost_H3/abs5n20,2,20,2326.0,2221.0,1.0472760018009906,0.043859649122807015,19 17 5 18 13 8 14 16 4 2 6 11 20 12 15 7 3 1 10 9
75,Instances_lowcost_H3/abs5n25,0,25,2607.0,2284.0,1.1414185639229422,0.07993878058216293,17 13 6 23 24 7 18 9 19 3 14 8 4 12 16 15 22 25 21 10 20 5 2 11 1
75,Instances_lowcost_H3/abs5n25,1,25,2609.0,2284.0,1.1422942206654991,0.10077211391549627,17 13 6 23 24 7 18 9 19 3 14 8 4 12 16 15 22 25 21 10 20 2 11 5 1
75,Instances_lowcost_H3/abs5n25,2,25,2609.0,2284.0,1.1422942206654991,0.10077211391549627,17 13 6 23 24 7 18 9 19 3 14 8 4 12 16 15 22 25 21 10 20 2 11 5 1
75,Instances_lowcost_H3/abs5n30,0,30,2677.0,2221.0,1.205312922107159,0.05192224385936354,24 20 3 28 11 30 15 6 25 16 14 8 13 4 29 22 9 2 21 18 27 19 12 5 17 23 7 10 1 26
75,Instances_lowcost_H3/abs5n30,1,30,2932.0,2221.0,1.320126069338136,0.08338792506617315,1 26 20 3 11 28 7 10 24 23 17 15 6 25 14 8 13 4 22 29 9 2 21 18 19 16 27 12 5 30
75,Instances_lowcost_H3/abs5n30,2,30,2860.0,2221.0,1.2877082395317425,0.033150668054767726,26 1 20 3 11 28 7 10 24 17 15 6 25 19 14 8 13 4 22 29 9 2 21 18 27 12 5 30 23 16
75,Instances_lowcost_H3/abs5n35,0,35,3024.0,2679.0,1.1287793952967524,0.08385482840350997,10 21 18 1 28 16 31 14 20 7 25 6 3 4 34 15 9 23 30 29 26 22 17 11 12 5 13 2 8 19 33 24 35 32 27
75,Instances_lowcost_H3/abs5n35,1,35,3147.0,2679.0,1.1746920492721165,0.11369053041274887,10 21 18 1 28 16 31 14 20 7 26 30 3 6 25 29 9 4 34 15 23 12 17 11 5 13 2 8 19 33 24 35 22 27 32
75,Instances_lowcost_H3/abs5n35,2,35,2832.0,2679.0,1.057110862262038,0.05862615765341966,10 1 18 21 33 2 13 8 19 34 4 9 15 23 3 6 25 7 20 26 30 29 17 12 11 5 22 35 14 31 16 27 32 24 28
75,Instances_lowcost_H3/abs5n40,0,40,3232.0,2647.0,1.2210049112202492,0.09580269125004393,30 4 6 34 18 31 13 19 3 38 8 25 22 12 9 15 33 24 40 5 10 23 35 28 36 21 27 11 7 32 20 29 1 16 2 37 14 26 39 17
75,Instances_lowcost_H3/abs5n40,1,40,3402.0,2647.0,1.2852285606346807,0.07611276730654329,18 4 6 34 27 21 28 35 10 5 40 24 15 33 32 9 20 29 7 1 16 23 36 11 12 2 37 14 22 26 39 8 38 3 13 31 30 25 17 19
75,Instances_lowcost_H3/abs5n40,2,40,3423.0,2647.0,1.2931620702682283,0.07240906360283961,18 4 6 34 27 21 28 35 10 5 40 24 15 33 32 9 20 29 1 7 16 23 36 11 12 2 37 14 22 26 8 38 3 13 31 30 25 17 39 19
75,Instances_lowcost_H3/abs5n45,0,45,3108.0,2475.0,1.2557575757575759,0.05401851079454927,42 36 5 14 30 41 23 3 38 10 32 45 43 19 22 9 6 27 13 20 29 8 35 37 18 26 2 28 33 40 21 25 12 1 7 31 39 4 15 16 34 24 44 17 11
75,Instances_lowcost_H3/abs5n45,1,45,3102.0,2475.0,1.2533333333333334,0.0649365637496285,42 36 5 14 30 41 23 3 38 10 43 45 32 19 22 9 6 27 13 40 21 25 20 8 35 37 11 44 24 17 34 16 15 4 39 2 33 28 12 29 1 18 26 7 31
75,Instances_lowcost_H3/abs5n45,2,45,2999.0,2475.0,1.2117171717171717,0.06412775189271795,33 6 27 13 40 21 9 5 36 41 23 3 38 10 43 45 32 42 30 14 22 19 2 28 25 20 8 35 37 11 44 24 17 34 16 15 4 39 31 7 26 18 29 12 1
75,Instances_lowcost_H3/abs5n5,0,5,1010.0,865.0,1.1676300578034682,0.08333333333333333,3 5 4 1 2
75,Instances_lowcost_H3/abs5n5,1,5,1010.0,865.0,1.1676300578034682,0.08333333333333333,3 5 4 1 2
75,Instances_lowcost_H3/abs5n5,2,5,1010.0,865.0,1.1676300578034682,0.08333333333333333,3 5 4 1 2
75,Instances_lowcost_H3/abs5n50,0,50,3530.0,3165.0,1.1153238546603474,0.0684186204952216,33 45 32 26 44 31 4 49 13 20 42 48 12 36 22 37 50 41 28 35 9 47 43 23 30 17 11 38 18 5 39 14 25 10 6 46 3 29 15 2 21 16 19 8 40 1 24 34 27 7
75,Instances_lowcost_H3/abs5n50,1,50,3505.0,3165.0,1.1074249605055293,0.0778524566268227,45 33 41 32 26 44 31 4 49 13 42 20 48 12 36 22 37 28 50 43 35 9 47 38 18 5 39 14 25 7 34 27 16 21 19 2 11 3 6 10 46 15 29 17 30 23 8 1 24 40
75,Instances_lowcost_H3/abs5n50,2,50,3540.0,3165.0,1.1184834123222749,0.06031630796822507,45 33 41 32 26 44 31 4 49 13 42 20 48 12 36 22 37 28 50 43 35 9 47 38 18 5 39 14 25 7 34 27 16 21 19 8 1 24 40 2 11 3 6 10 46 15 29 17 30 23
75,Instances_lowcost_H6/abs5n10,0,10,1460.0,1480.0,0.9864864864864865,0.013888888888888888,2 7 9 8 6 5 4 1 3 10
75,Instances_lowcost_H6/abs5n10,1,10,1368.0,1480.0,0.9243243243243243,0.041666666666666664,2 9 7 10 3 1 4 5 6 8
75,Instances_lowcost_H6/abs5n10,2,10,1368.0,1480.0,0.9243243243243243,0.041666666666666664,2 9 7 10 3 1 4 5 6 8
75,Instances_lowcost_H6/abs5n10,3,10,1368.0,1480.0,0.9243243243243243,0.041666666666666664,2 9 7 10 3 1 4 5 6 8
75,Instances_lowcost_H6/abs5n10,4,10,1368.0,1480.0,0.9243243243243243,0.041666666666666664,2 9 7 10 3 1 4 5 6 8
75,Instances_lowcost_H6/abs5n10,5,10,1368.0,1480.0,0.9243243243243243,0.041666666666666664,2 9 7 10 3 1 4 5 6 8
75,Instances_lowcost_H6/abs5n15,0,15,1748.0,1469.0,1.189925119128659,0.08690476190476192,10 7 8 12 11 13 2 5 4 6 3 15 9 1 14
75,Instances_lowcost_H6/abs5n15,1,15,1618.0,1469.0,1.10142954390742,0.04285714285714286,10 7 8 12 11 13 2 5 4 14 6 3 15 9 1
75,Instances_lowcost_H6/abs5n15,2,15,1641.0,1469.0,1.1170864533696392,0.05714285714285715,10 7 8 12 11 13 2 5 4 6 14 3 15 9 1
75,Instances_lowcost_H6/abs5n15,3,15,1641.0,1469.0,1.1170864533696392,0.05714285714285715,10 7 8 12 11 13 2 5 4 6 14 3 15 9 1
75,Instances_lowcost_H6/abs5n15,4,15,1641.0,1469.0,1.1170864533696392,0.05714285714285715,10 7 8 12 11 13 2 5 4 6 14 3 15 9 1
75,Instances_lowcost_H6/abs5n15,5,15,1641.0,1469.0,1.1170864533696392,0.05714285714285715,10 7 8 12 11 13 2 5 4 6 14 3 15 9 1
75,Instances_lowcost_H6/abs5n20,0,20,2460.0,2221.0,1.1076091850517784,0.07652714932126696,19 17 18 5 8 13 7 15 12 20 11 2 6 4 16 14 3 1 10 9
75,Instances_lowcost_H6/abs5n20,1,20,2326.0,2221.0,1.0472760018009906,0.043859649122807015,19 17 5 18 13 8 14 16 4 2 6 11 20 12 15 7 3 1 10 9
75,Instances_lowcost_H6/abs5n20,2,20,2326.0,2221.0,1.0472760018009906,0.043859649122807015,19 17 5 18 13 8 14 16 4 2 6 11 20 12 15 7 3 1 10 9
75,Instances_lowcost_H6/abs5n20,3,20,2326.0,2221.0,1.0472760018009906,0.043859649122807015,19 17 5 18 13 8 14 16 4 2 6 11 20 12 15 7 3 1 10 9
75,Instances_lowcost_H6/abs5n20,4,20,2306.0,2221.0,1.0382710490769924,0.050025799793601645,19 17 18 13 8 5 14 16 4 2 6 11 20 12 15 7 3 1 10 9
75,Instances_lowcost_H6/abs5n20,5,20,2306.0,2221.0,1.0382710490769924,0.050025799793601645,19 17 18 13 8 5 14 16 4 2 6 11 20 12 15 7 3 1 10 9
75,Instances_lowcost_H6/abs5n25,0,25,2607.0,2284.0,1.1414185639229422,0.07993878058216293,17 13 6 23 24 7 18 9 19 3 14 8 4 12 16 15 22 25 21 10 20 5 2 11 1
75,Instances_lowcost_H6/abs5n25,1,25,2609.0,2284.0,1.1422942206654991,0.10077211391549627,17 13 6 23 24 7 18 9 19 3 14 8 4 12 16 15 22 25 21 10 20 2 11 5 1
75,Instances_lowcost_H6/abs5n25,2,25,2609.0,2284.0,1.1422942206654991,0.10077211391549627,17 13 6 23 24 7 18 9 19 3 14 8 4 12 16 15 22 25 21 10 20 2 11 5 1
75,Instances_lowcost_H6/abs5n25,3,25,2793.0,2284.0,1.2228546409807355,0.10127540283790283,17 13 6 23 7 24 19 9 18 8 4 12 14 16 3 15 22 25 21 10 20 2 11 5 1
75,Instances_lowcost_H6/abs5n25,4,25,2858.0,2284.0,1.2513134851138354,0.07705579325645115,2 11 20 5 1 17 13 6 23 7 24 19 9 18 8 4 12 14 16 3 15 22 25 21 10
75,Instances_lowcost_H6/abs5n25,5,25,2858.0,2284.0,1.2513134851138354,0.07705579325645115,2 11 20 5 1 17 13 6 23 7 24 19 9 18 8 4 12 14 16 3 15 22 25 21 10
75,Instances_lowcost_H6/abs5n30,0,30,2677.0,2221.0,1.205312922107159,0.05192224385936354,24 20 3 28 11 30 15 6 25 16 14 8 13 4 29 22 9 2 21 18 27 19 12 5 17 23 7 10 1 26
75,Instances_lowcost_H6/abs5n30,1,30,2932.0,2221.0,1.320126069338136,0.08338792506617315,1 26 20 3 11 28 7 10 24 23 17 15 6 25 14 8 13 4 22 29 9 2 21 18 19 16 27 12 5 30
75,Instances_lowcost_H6/abs5n30,2,30,2860.0,2221.0,1.2877082395317425,0.033150668054767726,26 1 20 3 11 28 7 10 24 17 15 6 25 19 14 8 13 4 22 29 9 2 21 18 27 12 5 30 23 16
75,Instances_lowcost_H6/abs5n30,3,30,2770.0,2221.0,1.2471859522737505,0.026949827481407538,26 1 24 20 3 11 28 7 10 23 17 15 6 25 19 14 8 13 4 29 22 21 2 9 18 27 12 5 30 16
75,Instances_lowcost_H6/abs5n30,4,30,2770.0,2221.0,1.2471859522737505,0.026949827481407538,26 1 24 20 3 11 28 7 10 23 17 15 6 25 19 14 8 13 4 29 22 21 2 9 18 27 12 5 30 16
75,Instances_lowcost_H6/abs5n30,5,30,2770.0,2221.0,1.2471859522737505,0.026949827481407538,26 1 24 20 3 11 28 7 10 23 17 15 6 25 19 14 8 13 4 29 22 21 2 9 18 27 12 5 30 16
75,Instances_lowcost_H6/abs5n5,0,5,1010.0,865.0,1.1676300578034682,0.08333333333333333,3 5 4 1 2
75,Instances_lowcost_H6/abs5n5,1,5,1010.0,865.0,1.1676300578034682,0.08333333333333333,3 5 4 1 2
75,Instances_lowcost_H6/abs5n5,2,5,1010.0,865.0,1.1676300578034682,0.08333333333333333,3 5 4 1 2
75,Instances_lowcost_H6/abs5n5,3,5,1010.0,865.0,1.1676300578034682,0.08333333333333333,3 5 4 1 2
75,Instances_lowcost_H6/abs5n5,4,5,1010.0,865.0,1.1676300578034682,0.08333333333333333,3 5 4 1 2
75,Instances_lowcost_H6/abs5n5,5,5,1010.0,865.0,1.1676300578034682,0.08333333333333333,3 5 4 1 2
100,Instances_highcost_H3/abs5n10,0,10,1499.0,1480.0,1.0128378378378378,0.08641975308641975,8 9 7 10 3 1 4 5 6 2
100,Instances_highcost_H3/abs5n10,1,10,1499.0,1480.0,1.0128378378378378,0.08641975308641975,8 9 7 10 3 1 4 5 6 2
100,Instances_highcost_H3/abs5n10,2,10,1368.0,1480.0,0.9243243243243243,0.10493827160493827,8 6 5 4 1 3 10 7 9 2
100,Instances_highcost_H3/abs5n15,0,15,1760.0,1469.0,1.1980939414567733,0.075,10 7 8 12 11 13 2 5 4 6 15 9 1 3 14
100,Instances_highcost_H3/abs5n15,1,15,1748.0,1469.0,1.189925119128659,0.08690476190476192,10 7 8 12 11 13 2 5 4 6 3 15 9 1 14
100,Instances_highcost_H3/abs5n15,2,15,1748.0,1469.0,1.189925119128659,0.08690476190476192,10 7 8 12 11 13 2 5 4 6 3 15 9 1 14
100,Instances_highcost_H3/abs5n20,0,20,2370.0,2221.0,1.0670868977937866,0.08239716939407343,19 14 17 5 18 13 8 16 4 2 6 9 10 20 12 15 7 3 1 11
100,Instances_highcost_H3/abs5n20,1,20,2305.0,2221.0,1.0378208014407924,0.06578947368421052,19 17 5 18 13 8 14 16 4 2 6 9 10 11 20 12 15 7 3 1
100,Instances_highcost_H3/abs5n20,2,20,2285.0,2221.0,1.0288158487167942,0.07195562435500516,19 17 18 13 8 5 14 16 4 2 6 9 10 11 20 12 15 7 3 1
100,Instances_highcost_H3/abs5n25,0,25,2520.0,2284.0,1.1033274956217163,0.09431970194837842,17 13 2 11 5 20 1 21 10 25 22 8 4 12 18 7 24 19 9 23 3 14 16 6 15
100,Instances_highcost_H3/abs5n25,1,25,2467.0,2284.0,1.0801225919439579,0.09955058217925865,17 13 5 2 11 20 1 21 10 25 22 8 4 12 18 7 24 19 9 23 3 6 14 16 15
100,Instances_highcost_H3/abs5n25,2,25,2419.0,2284.0,1.0591068301225919,0.08791499554367203,17 13 2 11 5 20 1 21 10 25 22 4 8 18 7 24 19 9 23 3 6 14 12 16 15
100,Instances_highcost_H3/abs5n30,0,30,2619.0,2221.0,1.1791985592075642,0.07119603145094322,1 26 20 24 3 11 28 30 15 6 16 14 8 13 4 29 22 21 2 9 18 27 19 25 23 7 10 17 12 5
100,Instances_highcost_H3/abs5n30,1,30,2505.0,2221.0,1.1278703286807745,0.0602666704308381,1 26 20 24 3 11 28 7 10 23 16 14 8 13 4 22 29 21 2 9 18 27 12 5 15 6 25 19 17 30
100,Instances_highcost_H3/abs5n30,2,30,2403.0,2221.0,1.0819450697883837,0.06921435176258602,26 1 20 24 3 11 28 7 10 23 16 14 8 13 4 22 29 21 2 9 18 5 12 27 19 25 6 17 15 30
100,Instances_highcost_H3/abs5n35,0,35,2683.0,2679.0,1.0014930944382232,0.02072851399098202,10 21 1 18 8 19 34 4 15 9 23 3 6 25 7 20 14 31 16 27 35 22 26 30 29 17 11 12 5 24 32 33 2 13 28
100,Instances_highcost_H3/abs5n35,1,35,2630.0,2679.0,0.9817095931317655,0.02144037200854312,10 28 1 18 21 8 19 34 4 15 9 23 3 6 25 7 20 14 31 16 27 35 22 26 29 30 17 11 12 5 24 32 33 2 13
100,Instances_highcost_H3/abs5n35,2,35,2630.0,2679.0,0.9817095931317655,0.02144037200854312,10 28 1 18 21 8 19 34 4 15 9 23 3 6 25 7 20 14 31 16 27 35 22 26 29 30 17 11 12 5 24 32 33 2 13
100,Instances_highcost_H3/abs5n40,0,40,3039.0,2647.0,1.1480921798262183,0.055085382504896446,18 4 30 31 13 3 19 38 25 8 39 26 36 28 35 10 5 40 24 15 33 32 9 20 29 1 7 16 23 21 27 11 14 37 2 12 22 17 34 6
100,Instances_highcost_H3/abs5n40,1,40,2974.0,2647.0,1.123536078579524,0.056914514653136856,18 6 4 30 31 13 3 19 38 25 8 17 26 27 21 28 10 5 24 40 33 15 32 9 20 29 7 1 16 23 35 36 11 12 14 37 2 22 39 34
100,Instances_highcost_H3/abs5n40,2,40,3256.0,2647.0,1.230071779372875,0.07293569587498698,18 6 4 30 31 13 3 19 38 25 8 17 26 21 28 36 35 10 5 24 40 33 15 32 9 20 29 7 1 16 23 11 27 22 39 14 12 37 2 34
100,Instances_highcost_H3/abs5n45,0,45,3180.0,2475.0,1.284848484848485,0.0772243531916898,33 9 14 5 36 41 23 3 38 10 32 42 30 22 45 43 19 39 15 16 4 2 28 40 27 13 20 8 35 37 29 25 21 6 12 1 18 7 26 31 34 24 44 11 17
100,Instances_highcost_H3/abs5n45,1,45,3155.0,2475.0,1.2747474747474747,0.04721613747147107,33 6 27 13 21 40 20 8 35 37 29 25 12 1 18 11 44 24 17 34 7 26 31 2 19 38 23 41 36 5 14 30 22 42 32 3 10 43 45 39 15 16 4 28 9
100,Instances_highcost_H3/abs5n45,2,45,3270.0,2475.0,1.3212121212121213,0.0535832636098993,33 40 27 13 21 6 9 5 36 23 41 3 38 10 43 45 32 42 30 14 22 19 2 28 25 8 35 37 11 44 24 17 34 7 26 18 20 29 12 1 31 39 15 16 4
100,Instances_highcost_H3/abs5n5,0,5,1010.0,865.0,1.1676300578034682,0.08333333333333333,3 5 4 1 2
100,Instances_highcost_H3/abs5n5,1,5,1010.0,865.0,1.1676300578034682,0.08333333333333333,3 5 4 1 2
100,Instances_highcost_H3/abs5n5,2,5,1010.0,865.0,1.1676300578034682,0.08333333333333333,3 5 4 1 2
100,Instances_highcost_H3/abs5n50,0,50,3341.0,3165.0,1.055608214849921,0.040110199027976835,33 45 26 44 31 4 49 13 20 42 48 12 36 22 37 50 32 41 28 35 9 47 43 23 30 17 11 38 18 5 39 14 25 7 34 27 16 2 15 10 6 46 3 29 21 19 8 40 1 24
100,Instances_highcost_H3/abs5n50,1,50,3619.0,3165.0,1.1434439178515008,0.08994193044059187,33 45 26 44 31 4 49 13 42 48 12 20 36 22 18 5 39 14 25 6 10 46 3 38 11 15 2 7 34 27 16 21 19 8 40 1 24 29 43 28 32 50 41 23 30 17 35 37 9 47
100,Instances_highcost_H3/abs5n50,2,50,3436.0,3165.0,1.0856240126382306,0.07275001385870192,33 45 26 44 31 4 49 13 42 48 12 20 36 22 18 5 39 14 25 7 34 27 16 21 19 24 1 40 8 41 32 50 28 37 35 9 47 43 23 30 17 11 3 6 10 46 38 15 2 29
100,Instances_highcost_H6/abs5n10,0,10,1499.0,1480.0,1.0128378378378378,0.08641975308641975,8 9 7 10 3 1 4 5 6 2
100,Instances_highcost_H6/abs5n10,1,10,1499.0,1480.0,1.0128378378378378,0.08641975308641975,8 9 7 10 3 1 4 5 6 2
100,Instances_highcost_H6/abs5n10,2,10,1368.0,1480.0,0.9243243243243243,0.10493827160493827,8 6 5 4 1 3 10 7 9 2
100,Instances_highcost_H6/abs5n10,3,10,1368.0,1480.0,0.9243243243243243,0.10493827160493827,8 6 5 4 1 3 10 7 9 2
100,Instances_highcost_H6/abs5n10,4,10,1368.0,1480.0,0.9243243243243243,0.10493827160493827,8 6 5 4 1 3 10 7 9 2
100,Instances_highcost_H6/abs5n10,5,10,1368.0,1480.0,0.9243243243243243,0.10493827160493827,8 6 5 4 1 3 10 7 9 2
100,Instances_highcost_H6/abs5n15,0,15,1760.0,1469.0,1.1980939414567733,0.075,10 7 8 12 11 13 2 5 4 6 15 9 1 3 14
100,Instances_highcost_H6/abs5n15,1,15,1748.0,1469.0,1.189925119128659,0.08690476190476192,10 7 8 12 11 13 2 5 4 6 3 15 9 1 14
100,Instances_highcost_H6/abs5n15,2,15,1748.0,1469.0,1.189925119128659,0.08690476190476192,10 7 8 12 11 13 2 5 4 6 3 15 9 1 14
100,Instances_highcost_H6/abs5n15,3,15,1748.0,1469.0,1.189925119128659,0.08690476190476192,10 7 8 12 11 13 2 5 4 6 3 15 9 1 14
100,Instances_highcost_H6/abs5n15,4,15,1748.0,1469.0,1.189925119128659,0.08690476190476192,10 7 8 12 11 13 2 5 4 6 3 15 9 1 14
100,Instances_highcost_H6/abs5n15,5,15,1748.0,1469.0,1.189925119128659,0.08690476190476192,10 7 8 12 11 13 2 5 4 6 3 15 9 1 14
100,Instances_highcost_H6/abs5n20,0,20,2370.0,2221.0,1.0670868977937866,0.08239716939407343,19 14 17 5 18 13 8 16 4 2 6 9 10 20 12 15 7 3 1 11
100,Instances_highcost_H6/abs5n20,1,20,2305.0,2221.0,1.0378208014407924,0.06578947368421052,19 17 5 18 13 8 14 16 4 2 6 9 10 11 20 12 15 7 3 1
100,Instances_highcost_H6/abs5n20,2,20,2285.0,2221.0,1.0288158487167942,0.07195562435500516,19 17 18 13 8 5 14 16 4 2 6 9 10 11 20 12 15 7 3 1
100,Instances_highcost_H6/abs5n20,3,20,2285.0,2221.0,1.0288158487167942,0.07195562435500516,19 17 18 13 8 5 14 16 4 2 6 9 10 11 20 12 15 7 3 1
100,Instances_highcost_H6/abs5n20,4,20,2285.0,2221.0,1.0288158487167942,0.07195562435500516,19 17 18 13 8 5 14 16 4 2 6 9 10 11 20 12 15 7 3 1
100,Instances_highcost_H6/abs5n20,5,20,2285.0,2221.0,1.0288158487167942,0.07195562435500516,19 17 18 13 8 5 14 16 4 2 6 9 10 11 20 12 15 7 3 1
100,Instances_highcost_H6/abs5n25,0,25,2520.0,2284.0,1.1033274956217163,0.09431970194837842,17 13 2 11 5 20 1 21 10 25 22 8 4 12 18 7 24 19 9 23 3 14 16 6 15
100,Instances_highcost_H6/abs5n25,1,25,2467.0,2284.0,1.0801225919439579,0.09955058217925865,17 13 5 2 11 20 1 21 10 25 22 8 4 12 18 7 24 19 9 23 3 6 14 16 15
100,Instances_highcost_H6/abs5n25,2,25,2419.0,2284.0,1.0591068301225919,0.08791499554367203,17 13 2 11 5 20 1 21 10 25 22 4 8 18 7 24 19 9 23 3 6 14 12 16 15
100,Instances_highcost_H6/abs5n25,3,25,2419.0,2284.0,1.0591068301225919,0.08791499554367203,17 13 2 11 5 20 1 21 10 25 22 4 8 18 7 24 19 9 23 3 6 14 12 16 15
100,Instances_highcost_H6/abs5n25,4,25,2419.0,2284.0,1.0591068301225919,0.08791499554367203,17 13 2 11 5 20 1 21 10 25 22 4 8 18 7 24 19 9 23 3 6 14 12 16 15
100,Instances_highcost_H6/abs5n25,5,25,2419.0,2284.0,1.0591068301225919,0.08791499554367203,17 13 2 11 5 20 1 21 10 25 22 4 8 18 7 24 19 9 23 3 6 14 12 16 15
100,Instances_highcost_H6/abs5n30,0,30,2619.0,2221.0,1.1791985592075642,0.07119603145094322,1 26 20 24 3 11 28 30 15 6 16 14 8 13 4 29 22 21 2 9 18 27 19 25 23 7 10 17 12 5
100,Instances_highcost_H6/abs5n30,1,30,2505.0,2221.0,1.1278703286807745,0.0602666704308381,1 26 20 24 3 11 28 7 10 23 16 14 8 13 4 22 29 21 2 9 18 27 12 5 15 6 25 19 17 30
100,Instances_highcost_H6/abs5n30,2,30,2403.0,2221.0,1.0819450697883837,0.06921435176258602,26 1 20 24 3 11 28 7 10 23 16 14 8 13 4 22 29 21 2 9 18 5 12 27 19 25 6 17 15 30
100,Instances_highcost_H6/abs5n30,3,30,2455.0,2221.0,1.1053579468707788,0.07266262762465499,26 1 20 24 3 11 28 7 10 23 16 14 8 13 4 22 29 21 2 9 18 5 12 27 6 25 19 17 15 30
100,Instances_highcost_H6/abs5n30,4,30,2455.0,2221.0,1.1053579468707788,0.07266262762465499,26 1 20 24 3 11 28 7 10 23 16 14 8 13 4 22 29 21 2 9 18 5 12 27 6 25 19 17 15 30
100,Instances_highcost_H6/abs5n30,5,30,2455.0,2221.0,1.1053579468707788,0.07266262762465499,26 1 20 24 3 11 28 7 10 23 16 14 8 13 4 22 29 21 2 9 18 5 12 27 6 25 19 17 15 30
100,Instances_highcost_H6/abs5n5,0,5,1010.0,865.0,1.1676300578034682,0.08333333333333333,3 5 4 1 2
100,Instances_highcost_H6/abs5n5,1,5,1010.0,865.0,1.1676300578034682,0.08333333333333333,3 5 4 1 2
100,Instances_highcost_H6/abs5n5,2,5,1010.0,865.0,1.1676300578034682,0.08333333333333333,3 5 4 1 2
100,Instances_highcost_H6/abs5n5,3,5,1010.0,865.0,1.1676300578034682,0.08333333333333333,3 5 4 1 2
100,Instances_highcost_H6/abs5n5,4,5,1010.0,865.0,1.1676300578034682,0.08333333333333333,3 5 4 1 2
100,Instances_highcost_H6/abs5n5,5,5,1010.0,865.0,1.1676300578034682,0.08333333333333333,3 5 4 1 2
100,Instances_lowcost_H3/abs5n10,0,10,1499.0,1480.0,1.0128378378378378,0.08641975308641975,8 9 7 10 3 1 4 5 6 2
100,Instances_lowcost_H3/abs5n10,1,10,1499.0,1480.0,1.0128378378378378,0.08641975308641975,8 9 7 10 3 1 4 5 6 2
100,Instances_lowcost_H3/abs5n10,2,10,1368.0,1480.0,0.9243243243243243,0.10493827160493827,8 6 5 4 1 3 10 7 9 2
100,Instances_lowcost_H3/abs5n15,0,15,1760.0,1469.0,1.1980939414567733,0.075,10 7 8 12 11 13 2 5 4 6 15 9 1 3 14
100,Instances_lowcost_H3/abs5n15,1,15,1748.0,1469.0,1.189925119128659,0.08690476190476192,10 7 8 12 11 13 2 5 4 6 3 15 9 1 14
100,Instances_lowcost_H3/abs5n15,2,15,1748.0,1469.0,1.189925119128659,0.08690476190476192,10 7 8 12 11 13 2 5 4 6 3 15 9 1 14
100,Instances_lowcost_H3/abs5n20,0,20,2370.0,2221.0,1.0670868977937866,0.08239716939407343,19 14 17 5 18 13 8 16 4 2 6 9 10 20 12 15 7 3 1 11
100,Instances_lowcost_H3/abs5n20,1,20,2305.0,2221.0,1.0378208014407924,0.06578947368421052,19 17 5 18 13 8 14 16 4 2 6 9 10 11 20 12 15 7 3 1
100,Instances_lowcost_H3/abs5n20,2,20,2285.0,2221.0,1.0288158487167942,0.07195562435500516,19 17 18 13 8 5 14 16 4 2 6 9 10 11 20 12 15 7 3 1
100,Instances_lowcost_H3/abs5n25,0,25,2520.0,2284.0,1.1033274956217163,0.09431970194837842,17 13 2 11 5 20 1 21 10 25 22 8 4 12 18 7 24 19 9 23 3 14 16 6 15
100,Instances_lowcost_H3/abs5n25,1,25,2467.0,2284.0,1.0801225919439579,0.09955058217925865,17 13 5 2 11 20 1 21 10 25 22 8 4 12 18 7 24 19 9 23 3 6 14 16 15
100,Instances_lowcost_H3/abs5n25,2,25,2419.0,2284.0,1.0591068301225919,0.08791499554367203,17 13 2 11 5 20 1 21 10 25 22 4 8 18 7 24 19 9 23 3 6 14 12 16 15
100,Instances_lowcost_H3/abs5n30,0,30,2619.0,2221.0,1.1791985592075642,0.07119603145094322,1 26 20 24 3 11 28 30 15 6 16 14 8 13 4 29 22 21 2 9 18 27 19 25 23 7 10 17 12 5
100,Instances_lowcost_H3/abs5n30,1,30,2505.0,2221.0,1.1278703286807745,0.0602666704308381,1 26 20 24 3 11 28 7 10 23 16 14 8 13 4 22 29 21 2 9 18 27 12 5 15 6 25 19 17 30
100,Instances_lowcost_H3/abs5n30,2,30,2403.0,2221.0,1.0819450697883837,0.06921435176258602,26 1 20 24 3 11 28 7 10 23 16 14 8 13 4 22 29 21 2 9 18 5 12 27 19 25 6 17 15 30
100,Instances_lowcost_H3/abs5n35,0,35,2683.0,2679.0,1.0014930944382232,0.02072851399098202,10 21 1 18 8 19 34 4 15 9 23 3 6 25 7 20 14 31 16 27 35 22 26 30 29 17 11 12 5 24 32 33 2 13 28
100,Instances_lowcost_H3/abs5n35,1,35,2630.0,2679.0,0.9817095931317655,0.02144037200854312,10 28 1 18 21 8 19 34 4 15 9 23 3 6 25 7 20 14 31 16 27 35 22 26 29 30 17 11 12 5 24 32 33 2 13
100,Instances_lowcost_H3/abs5n35,2,35,2630.0,2679.0,0.9817095931317655,0.02144037200854312,10 28 1 18 21 8 19 34 4 15 9 23 3 6 25 7 20 14 31 16 27 35 22 26 29 30 17 11 12 5 24 32 33 2 13
100,Instances_lowcost_H3/abs5n40,0,40,3039.0,2647.0,1.1480921798262183,0.055085382504896446,18 4 30 31 13 3 19 38 25 8 39 26 36 28 35 10 5 40 24 15 33 32 9 20 29 1 7 16 23 21 27 11 14 37 2 12 22 17 34 6
100,Instances_lowcost_H3/abs5n40,1,40,2974.0,2647.0,1.123536078579524,0.056914514653136856,18 6 4 30 31 13 3 19 38 25 8 17 26 27 21 28 10 5 24 40 33 15 32 9 20 29 7 1 16 23 35 36 11 12 14 37 2 22 39 34
100,Instances_lowcost_H3/abs5n40,2,40,3256.0,2647.0,1.230071779372875,0.07293569587498698,18 6 4 30 31 13 3 19 38 25 8 17 26 21 28 36 35 10 5 24 40 33 15 32 9 20 29 7 1 16 23 11 27 22 39 14 12 37 2 34
100,Instances_lowcost_H3/abs5n45,0,45,3180.0,2475.0,1.284848484848485,0.0772243531916898,33 9 14 5 36 41 23 3 38 10 32 42 30 22 45 43 19 39 15 16 4 2 28 40 27 13 20 8 35 37 29 25 21 6 12 1 18 7 26 31 34 24 44 11 17
100,Instances_lowcost_H3/abs5n45,1,45,3155.0,2475.0,1.2747474747474747,0.04721613747147107,33 6 27 13 21 40 20 8 35 37 29 25 12 1 18 11 44 24 17 34 7 26 31 2 19 38 23 41 36 5 14 30 22 42 32 3 10 43 45 39 15 16 4 28 9
100,Instances_lowcost_H3/abs5n45,2,45,3270.0,2475.0,1.3212121212121213,0.0535832636098993,33 40 27 13 21 6 9 5 36 23 41 3 38 10 43 45 32 42 30 14 22 19 2 28 25 8 35 37 11 44 24 17 34 7 26 18 20 29 12 1 31 39 15 16 4
100,Instances_lowcost_H3/abs5n5,0,5,1010.0,865.0,1.1676300578034682,0.08333333333333333,3 5 4 1 2
100,Instances_lowcost_H3/abs5n5,1,5,1010.0,865.0,1.1676300578034682,0.08333333333333333,3 5 4 1 2
100,Instances_lowcost_H3/abs5n5,2,5,1010.0,865.0,1.1676300578034682,0.08333333333333333,3 5 4 1 2
100,Instances_lowcost_H3/abs5n50,0,50,3341.0,3165.0,1.055608214849921,0.040110199027976835,33 45 26 44 31 4 49 13 20 42 48 12 36 22 37 50 32 41 28 35 9 47 43 23 30 17 11 38 18 5 39 14 25 7 34 27 16 2 15 10 6 46 3 29 21 19 8 40 1 24
100,Instances_lowcost_H3/abs5n50,1,50,3619.0,3165.0,1.1434439178515008,0.08994193044059187,33 45 26 44 31 4 49 13 42 48 12 20 36 22 18 5 39 14 25 6 10 46 3 38 11 15 2 7 34 27 16 21 19 8 40 1 24 29 43 28 32 50 41 23 30 17 35 37 9 47
100,Instances_lowcost_H3/abs5n50,2,50,3436.0,3165.0,1.0856240126382306,0.07275001385870192,33 45 26 44 31 4 49 13 42 48 12 20 36 22 18 5 39 14 25 7 34 27 16 21 19 24 1 40 8 41 32 50 28 37 35 9 47 43 23 30 17 11 3 6 10 46 38 15 2 29
100,Instances_lowcost_H6/abs5n10,0,10,1499.0,1480.0,1.0128378378378378,0.08641975308641975,8 9 7 10 3 1 4 5 6 2
100,Instances_lowcost_H6/abs5n10,1,10,1499.0,1480.0,1.0128378378378378,0.08641975308641975,8 9 7 10 3 1 4 5 6 2
100,Instances_lowcost_H6/abs5n10,2,10,1368.0,1480.0,0.9243243243243243,0.10493827160493827,8 6 5 4 1 3 10 7 9 2
100,Instances_lowcost_H6/abs5n10,3,10,1368.0,1480.0,0.9243243243243243,0.10493827160493827,8 6 5 4 1 3 10 7 9 2
100,Instances_lowcost_H6/abs5n10,4,10,1368.0,1480.0,0.9243243243243243,0.10493827160493827,8 6 5 4 1 3 10 7 9 2
100,Instances_lowcost_H6/abs5n10,5,10,1368.0,1480.0,0.9243243243243243,0.10493827160493827,8 6 5 4 1 3 10 7 9 2
100,Instances_lowcost_H6/abs5n15,0,15,1760.0,1469.0,1.1980939414567733,0.075,10 7 8 12 11 13 2 5 4 6 15 9 1 3 14
100,Instances_lowcost_H6/abs5n15,1,15,1748.0,1469.0,1.189925119128659,0.08690476190476192,10 7 8 12 11 13 2 5 4 6 3 15 9 1 14
100,Instances_lowcost_H6/abs5n15,2,15,1748.0,1469.0,1.189925119128659,0.08690476190476192,10 7 8 12 11 13 2 5 4 6 3 15 9 1 14
100,Instances_lowcost_H6/abs5n15,3,15,1748.0,1469.0,1.189925119128659,0.08690476190476192,10 7 8 12 11 13 2 5 4 6 3 15 9 1 14
100,Instances_lowcost_H6/abs5n15,4,15,1748.0,1469.0,1.189925119128659,0.08690476190476192,10 7 8 12 11 13 2 5 4 6 3 15 9 1 14
100,Instances_lowcost_H6/abs5n15,5,15,1748.0,1469.0,1.189925119128659,0.08690476190476192,10 7 8 12 11 13 2 5 4 6 3 15 9 1 14
100,Instances_lowcost_H6/abs5n20,0,20,2370.0,2221.0,1.0670868977937866,0.08239716939407343,19 14 17 5 18 13 8 16 4 2 6 9 10 20 12 15 7 3 1 11
100,Instances_lowcost_H6/abs5n20,1,20,2305.0,2221.0,1.0378208014407924,0.06578947368421052,19 17 5 18 13 8 14 16 4 2 6 9 10 11 20 12 15 7 3 1
100,Instances_lowcost_H6/abs5n20,2,20,2285.0,2221.0,1.0288158487167942,0.07195562435500516,19 17 18 13 8 5 14 16 4 2 6 9 10 11 20 12 15 7 3 1
100,Instances_lowcost_H6/abs5n20,3,20,2285.0,2221.0,1.0288158487167942,0.07195562435500516,19 17 18 13 8 5 14 16 4 2 6 9 10 11 20 12 15 7 3 1
100,Instances_lowcost_H6/abs5n20,4,20,2285.0,2221.0,1.0288158487167942,0.07195562435500516,19 17 18 13 8 5 14 16 4 2 6 9 10 11 20 12 15 7 3 1
100,Instances_lowcost_H6/abs5n20,5,20,2285.0,2221.0,1.0288158487167942,0.07195562435500516,19 17 18 13 8 5 14 16 4 2 6 9 10 11 20 12 15 7 3 1
100,Instances_lowcost_H6/abs5n25,0,25,2520.0,2284.0,1.1033274956217163,0.09431970194837842,17 13 2 11 5 20 1 21 10 25 22 8 4 12 18 7 24 19 9 23 3 14 16 6 15
100,Instances_lowcost_H6/abs5n25,1,25,2467.0,2284.0,1.0801225919439579,0.09955058217925865,17 13 5 2 11 20 1 21 10 25 22 8 4 12 18 7 24 19 9 23 3 6 14 16 15
100,Instances_lowcost_H6/abs5n25,2,25,2419.0,2284.0,1.0591068301225919,0.08791499554367203,17 13 2 11 5 20 1 21 10 25 22 4 8 18 7 24 19 9 23 3 6 14 12 16 15
100,Instances_lowcost_H6/abs5n25,3,25,2419.0,2284.0,1.0591068301225919,0.08791499554367203,17 13 2 11 5 20 1 21 10 25 22 4 8 18 7 24 19 9 23 3 6 14 12 16 15
100,Instances_lowcost_H6/abs5n25,4,25,2419.0,2284.0,1.0591068301225919,0.08791499554367203,17 13 2 11 5 20 1 21 10 25 22 4 8 18 7 24 19 9 23 3 6 14 12 16 15
100,Instances_lowcost_H6/abs5n25,5,25,2419.0,2284.0,1.0591068301225919,0.08791499554367203,17 13 2 11 5 20 1 21 10 25 22 4 8 18 7 24 19 9 23 3 6 14 12 16 15
100,Instances_lowcost_H6/abs5n30,0,30,2619.0,2221.0,1.1791985592075642,0.07119603145094322,1 26 20 24 3 11 28 30 15 6 16 14 8 13 4 29 22 21 2 9 18 27 19 25 23 7 10 17 12 5
100,Instances_lowcost_H6/abs5n30,1,30,2505.0,2221.0,1.1278703286807745,0.0602666704308381,1 26 20 24 3 11 28 7 10 23 16 14 8 13 4 22 29 21 2 9 18 27 12 5 15 6 25 19 17 30
100,Instances_lowcost_H6/abs5n30,2,30,2403.0,2221.0,1.0819450697883837,0.06921435176258602,26 1 20 24 3 11 28 7 10 23 16 14 8 13 4 22 29 21 2 9 18 5 12 27 19 25 6 17 15 30
100,Instances_lowcost_H6/abs5n30,3,30,2455.0,2221.0,1.1053579468707788,0.07266262762465499,26 1 20 24 3 11 28 7 10 23 16 14 8 13 4 22 29 21 2 9 18 5 12 27 6 25 19 17 15 30
100,Instances_lowcost_H6/abs5n30,4,30,2455.0,2221.0,1.1053579468707788,0.07266262762465499,26 1 20 24 3 11 28 7 10 23 16 14 8 13 4 22 29 21 2 9 18 5 12 27 6 25 19 17 15 30
100,Instances_lowcost_H6/abs5n30,5,30,2455.0,2221.0,1.1053579468707788,0.07266262762465499,26 1 20 24 3 11 28 7 10 23 16 14 8 13 4 22 29 21 2 9 18 5 12 27 6 25 19 17 15 30
100,Instances_lowcost_H6/abs5n5,0,5,1010.0,865.0,1.1676300578034682,0.08333333333333333,3 5 4 1 2
100,Instances_lowcost_H6/abs5n5,1,5,1010.0,865.0,1.1676300578034682,0.08333333333333333,3 5 4 1 2
100,Instances_lowcost_H6/abs5n5,2,5,1010.0,865.0,1.1676300578034682,0.08333333333333333,3 5 4 1 2
100,Instances_lowcost_H6/abs5n5,3,5,1010.0,865.0,1.1676300578034682,0.08333333333333333,3 5 4 1 2
100,Instances_lowcost_H6/abs5n5,4,5,1010.0,865.0,1.1676300578034682,0.08333333333333333,3 5 4 1 2
100,Instances_lowcost_H6/abs5n5,5,5,1010.0,865.0,1.1676300578034682,0.08333333333333333,3 5 4 1 2
125,Instances_highcost_H3/abs5n10,0,10,1460.0,1480.0,0.9864864864864865,0.013888888888888888,2 7 9 8 6 5 4 1 3 10
125,Instances_highcost_H3/abs5n10,1,10,1460.0,1480.0,0.9864864864864865,0.013888888888888888,2 7 9 8 6 5 4 1 3 10
125,Instances_highcost_H3/abs5n10,2,10,1460.0,1480.0,0.9864864864864865,0.013888888888888888,2 7 9 8 6 5 4 1 3 10
125,Instances_highcost_H3/abs5n15,0,15,1502.0,1469.0,1.0224642614023145,0.04081632653061224,9 15 3 1 6 4 14 5 2 11 13 12 8 7 10
125,Instances_highcost_H3/abs5n15,1,15,1502.0,1469.0,1.0224642614023145,0.04081632653061224,9 15 3 1 6 4 14 5 2 11 13 12 8 7 10
125,Instances_highcost_H3/abs5n15,2,15,1502.0,1469.0,1.0224642614023145,0.04081632653061224,9 15 3 1 6 4 14 5 2 11 13 12 8 7 10
125,Instances_highcost_H3/abs5n20,0,20,2393.0,2221.0,1.0774425934263845,0.04618163054695562,19 14 17 5 18 8 13 7 15 12 20 11 4 16 2 6 9 10 1 3
125,Instances_highcost_H3/abs5n20,1,20,2320.0,2221.0,1.0445745159837911,0.0703778677462888,19 17 5 18 8 13 14 16 4 2 6 9 10 11 20 12 15 7 3 1
125,Instances_highcost_H3/abs5n20,2,20,2294.0,2221.0,1.0328680774425933,0.06902220586431113,19 17 5 18 8 13 14 16 2 6 9 10 11 20 12 15 7 3 1 4
125,Instances_highcost_H3/abs5n25,0,25,2751.0,2284.0,1.2044658493870404,0.0793359010270775,17 13 5 2 11 20 1 21 25 22 8 4 12 18 7 24 9 19 3 23 14 16 15 6 10
125,Instances_highcost_H3/abs5n25,1,25,2751.0,2284.0,1.2044658493870404,0.0793359010270775,17 13 5 2 11 20 1 21 25 22 8 4 12 18 7 24 9 19 3 23 14 16 15 6 10
125,Instances_highcost_H3/abs5n25,2,25,2651.0,2284.0,1.1606830122591945,0.12100256769374416,17 13 5 2 11 20 1 21 25 22 8 4 12 18 7 24 9 19 3 23 14 16 15 10 6
125,Instances_highcost_H3/abs5n30,0,30,2534.0,2221.0,1.1409275101305718,0.0665001824484583,24 20 1 26 3 11 28 30 6 16 14 8 9 13 4 29 22 21 2 18 27 19 25 23 17 15 12 5 7 10
125,Instances_highcost_H3/abs5n30,1,30,2491.0,2221.0,1.1215668617739756,0.06891762452107279,24 1 26 20 3 11 28 30 6 16 14 8 9 13 4 29 22 21 2 18 27 19 25 23 17 15 12 5 7 10
125,Instances_highcost_H3/abs5n30,2,30,2420.0,2221.0,1.0895992796037821,0.06005809324774842,24 1 26 20 3 11 28 7 23 16 14 8 9 13 4 29 22 21 2 18 27 19 25 6 17 15 30 12 5 10
125,Instances_highcost_H3/abs5n35,0,35,2603.0,2679.0,0.9716312056737588,0.02563365556012615,10 21 8 19 34 4 15 9 23 3 6 25 7 20 14 31 16 27 35 22 26 30 29 17 11 12 5 24 32 13 2 33 18 1 28
125,Instances_highcost_H3/abs5n35,1,35,2634.0,2679.0,0.9832026875699889,0.030570138098270323,28 1 18 8 19 34 4 15 9 23 3 6 25 7 20 14 31 16 27 35 22 26 30 29 17 11 12 5 24 32 33 2 13 21 10
125,Instances_highcost_H3/abs5n35,2,35,2634.0,2679.0,0.9832026875699889,0.030570138098270323,28 1 18 8 19 34 4 15 9 23 3 6 25 7 20 14 31 16 27 35 22 26 30 29 17 11 12 5 24 32 33 2 13 21 10
125,Instances_highcost_H3/abs5n40,0,40,2914.0,2647.0,1.10086890819796,0.045546431460736454,30 31 13 3 19 38 4 6 18 8 25 2 32 15 33 24 40 5 10 23 35 28 36 21 27 11 16 29 1 20 9 7 37 12 14 22 26 39 17 34
125,Instances_highcost_H3/abs5n40,1,40,3052.0,2647.0,1.1530034000755571,0.0677230521360076,30 31 13 3 19 38 4 6 18 34 17 25 8 39 26 22 14 37 20 32 15 33 24 40 5 10 23 35 28 21 27 36 11 16 29 1 9 2 7 12
125,Instances_highcost_H3/abs5n40,2,40,3116.0,2647.0,1.1771817151492256,0.071416239730124,30 4 31 13 3 19 38 25 8 18 6 34 17 39 26 22 14 37 20 32 15 33 24 40 5 10 23 35 28 21 27 36 11 12 7 29 1 9 2 16
125,Instances_highcost_H3/abs5n45,0,45,3164.0,2475.0,1.2783838383838384,0.06604109200842861,33 9 14 5 36 41 23 3 38 10 32 42 30 22 45 43 19 39 15 16 4 2 28 6 27 13 20 8 35 37 29 25 21 40 12 1 18 26 31 7 11 24 44 17 34
125,Instances_highcost_H3/abs5n45,1,45,2772.0,2475.0,1.12,0.0259714014723904,28 33 9 14 5 36 41 23 3 38 10 43 45 32 42 30 22 19 39 15 16 4 2 31 34 17 44 24 11 7 26 18 37 35 8 29 20 13 27 21 40 6 25 12 1
125,Instances_highcost_H3/abs5n45,2,45,2780.0,2475.0,1.1232323232323231,0.04055268465738257,28 33 6 27 13 20 8 35 37 11 44 24 34 16 15 4 39 3 23 41 36 5 14 30 22 42 38 10 43 45 32 19 2 31 7 17 26 18 1 12 29 25 21 40 9
125,Instances_highcost_H3/abs5n5,0,5,1010.0,865.0,1.1676300578034682,0.08333333333333333,3 5 4 1 2
125,Instances_highcost_H3/abs5n5,1,5,1010.0,865.0,1.1676300578034682,0.08333333333333333,3 5 4 1 2
125,Instances_highcost_H3/abs5n5,2,5,1010.0,865.0,1.1676300578034682,0.08333333333333333,3 5 4 1 2
125,Instances_highcost_H3/abs5n50,0,50,3483.0,3165.0,1.100473933649289,0.0885886655937756,45 33 41 32 26 44 31 4 49 13 20 42 48 12 36 22 38 18 5 39 14 25 7 34 27 24 1 40 8 19 21 16 2 15 46 6 10 3 11 47 37 50 28 35 43 23 30 17 9 29
125,Instances_highcost_H3/abs5n50,1,50,3470.0,3165.0,1.0963665086887835,0.030759067501572906,33 45 26 44 31 4 49 13 20 42 48 12 36 22 38 46 5 39 14 25 7 34 27 19 8 40 1 24 21 16 2 17 23 41 32 50 28 37 35 43 30 9 47 11 29 15 3 18 10 6
125,Instances_highcost_H3/abs5n50,2,50,3461.0,3165.0,1.093522906793049,0.0332433945657319,33 45 26 44 31 4 49 13 20 42 48 12 36 22 38 46 5 39 14 25 7 34 27 19 8 40 1 24 21 16 2 30 23 41 32 50 28 37 35 43 17 9 47 11 29 15 3 18 10 6
125,Instances_highcost_H6/abs5n10,0,10,1460.0,1480.0,0.9864864864864865,0.013888888888888888,2 7 9 8 6 5 4 1 3 10
125,Instances_highcost_H6/abs5n10,1,10,1460.0,1480.0,0.9864864864864865,0.013888888888888888,2 7 9 8 6 5 4 1 3 10
125,Instances_highcost_H6/abs5n10,2,10,1460.0,1480.0,0.9864864864864865,0.013888888888888888,2 7 9 8 6 5 4 1 3 10
125,Instances_highcost_H6/abs5n10,3,10,1460.0,1480.0,0.9864864864864865,0.013888888888888888,2 7 9 8 6 5 4 1 3 10
125,Instances_highcost_H6/abs5n10,4,10,1460.0,1480.0,0.9864864864864865,0.013888888888888888,2 7 9 8 6 5 4 1 3 10
125,Instances_highcost_H6/abs5n10,5,10,1460.0,1480.0,0.9864864864864865,0.013888888888888888,2 7 9 8 6 5 4 1 3 10
125,Instances_highcost_H6/abs5n15,0,15,1502.0,1469.0,1.0224642614023145,0.04081632653061224,9 15 3 1 6 4 14 5 2 11 13 12 8 7 10
125,Instances_highcost_H6/abs5n15,1,15,1502.0,1469.0,1.0224642614023145,0.04081632653061224,9 15 3 1 6 4 14 5 2 11 13 12 8 7 10
125,Instances_highcost_H6/abs5n15,2,15,1502.0,1469.0,1.0224642614023145,0.04081632653061224,9 15 3 1 6 4 14 5 2 11 13 12 8 7 10
125,Instances_highcost_H6/abs5n15,3,15,1502.0,1469.0,1.0224642614023145,0.04081632653061224,9 15 3 1 6 4 14 5 2 11 13 12 8 7 10
125,Instances_highcost_H6/abs5n15,4,15,1502.0,1469.0,1.0224642614023145,0.04081632653061224,9 15 3 1 6 4 14 5 2 11 13 12 8 7 10
125,Instances_highcost_H6/abs5n15,5,15,1502.0,1469.0,1.0224642614023145,0.04081632653061224,9 15 3 1 6 4 14 5 2 11 13 12 8 7 10
125,Instances_highcost_H6/abs5n20,0,20,2393.0,2221.0,1.0774425934263845,0.04618163054695562,19 14 17 5 18 8 13 7 15 12 20 11 4 16 2 6 9 10 1 3
125,Instances_highcost_H6/abs5n20,1,20,2320.0,2221.0,1.0445745159837911,0.0703778677462888,19 17 5 18 8 13 14 16 4 2 6 9 10 11 20 12 15 7 3 1
125,Instances_highcost_H6/abs5n20,2,20,2294.0,2221.0,1.0328680774425933,0.06902220586431113,19 17 5 18 8 13 14 16 2 6 9 10 11 20 12 15 7 3 1 4
125,Instances_highcost_H6/abs5n20,3,20,2294.0,2221.0,1.0328680774425933,0.06902220586431113,19 17 5 18 8 13 14 16 2 6 9 10 11 20 12 15 7 3 1 4
125,Instances_highcost_H6/abs5n20,4,20,2294.0,2221.0,1.0328680774425933,0.06902220586431113,19 17 5 18 8 13 14 16 2 6 9 10 11 20 12 15 7 3 1 4
125,Instances_highcost_H6/abs5n20,5,20,2294.0,2221.0,1.0328680774425933,0.06902220586431113,19 17 5 18 8 13 14 16 2 6 9 10 11 20 12 15 7 3 1 4
125,Instances_highcost_H6/abs5n25,0,25,2751.0,2284.0,1.2044658493870404,0.0793359010270775,17 13 5 2 11 20 1 21 25 22 8 4 12 18 7 24 9 19 3 23 14 16 15 6 10
125,Instances_highcost_H6/abs5n25,1,25,2751.0,2284.0,1.2044658493870404,0.0793359010270775,17 13 5 2 11 20 1 21 25 22 8 4 12 18 7 24 9 19 3 23 14 16 15 6 10
125,Instances_highcost_H6/abs5n25,2,25,2651.0,2284.0,1.1606830122591945,0.12100256769374416,17 13 5 2 11 20 1 21 25 22 8 4 12 18 7 24 9 19 3 23 14 16 15 10 6
125,Instances_highcost_H6/abs5n25,3,25,2651.0,2284.0,1.1606830122591945,0.12100256769374416,17 13 5 2 11 20 1 21 25 22 8 4 12 18 7 24 9 19 3 23 14 16 15 10 6
125,Instances_highcost_H6/abs5n25,4,25,2651.0,2284.0,1.1606830122591945,0.12100256769374416,17 13 5 2 11 20 1 21 25 22 8 4 12 18 7 24 9 19 3 23 14 16 15 10 6
125,Instances_highcost_H6/abs5n25,5,25,2651.0,2284.0,1.1606830122591945,0.12100256769374416,17 13 5 2 11 20 1 21 25 22 8 4 12 18 7 24 9 19 3 23 14 16 15 10 6
125,Instances_highcost_H6/abs5n30,0,30,2534.0,2221.0,1.1409275101305718,0.0665001824484583,24 20 1 26 3 11 28 30 6 16 14 8 9 13 4 29 22 21 2 18 27 19 25 23 17 15 12 5 7 10
125,Instances_highcost_H6/abs5n30,1,30,2491.0,2221.0,1.1215668617739756,0.06891762452107279,24 1 26 20 3 11 28 30 6 16 14 8 9 13 4 29 22 21 2 18 27 19 25 23 17 15 12 5 7 10
125,Instances_highcost_H6/abs5n30,2,30,2420.0,2221.0,1.0895992796037821,0.06005809324774842,24 1 26 20 3 11 28 7 23 16 14 8 9 13 4 29 22 21 2 18 27 19 25 6 17 15 30 12 5 10
125,Instances_highcost_H6/abs5n30,3,30,2436.0,2221.0,1.0968032417829807,0.06252114743494054,24 1 26 20 3 11 28 7 23 16 14 8 9 13 4 22 29 21 2 18 27 19 25 6 17 15 30 12 5 10
125,Instances_highcost_H6/abs5n30,4,30,2436.0,2221.0,1.0968032417829807,0.06252114743494054,24 1 26 20 3 11 28 7 23 16 14 8 9 13 4 22 29 21 2 18 27 19 25 6 17 15 30 12 5 10
125,Instances_highcost_H6/abs5n30,5,30,2436.0,2221.0,1.0968032417829807,0.06252114743494054,24 1 26 20 3 11 28 7 23 16 14 8 9 13 4 22 29 21 2 18 27 19 25 6 17 15 30 12 5 10
125,Instances_highcost_H6/abs5n5,0,5,1010.0,865.0,1.1676300578034682,0.08333333333333333,3 5 4 1 2
125,Instances_highcost_H6/abs5n5,1,5,1010.0,865.0,1.1676300578034682,0.08333333333333333,3 5 4 1 2
125,Instances_highcost_H6/abs5n5,2,5,1010.0,865.0,1.1676300578034682,0.08333333333333333,3 5 4 1 2
125,Instances_highcost_H6/abs5n5,3,5,1010.0,865.0,1.1676300578034682,0.08333333333333333,3 5 4 1 2
125,Instances_highcost_H6/abs5n5,4,5,1010.0,865.0,1.1676300578034682,0.08333333333333333,3 5 4 1 2
125,Instances_highcost_H6/abs5n5,5,5,1010.0,865.0,1.1676300578034682,0.08333333333333333,3 5 4 1 2
125,Instances_lowcost_H3/abs5n10,0,10,1460.0,1480.0,0.9864864864864865,0.013888888888888888,2 7 9 8 6 5 4 1 3 10
125,Instances_lowcost_H3/abs5n10,1,10,1460.0,1480.0,0.9864864864864865,0.013888888888888888,2 7 9 8 6 5 4 1 3 10
125,Instances_lowcost_H3/abs5n10,2,10,1460.0,1480.0,0.9864864864864865,0.013888888888888888,2 7 9 8 6 5 4 1 3 10
125,Instances_lowcost_H3/abs5n15,0,15,1502.0,1469.0,1.0224642614023145,0.04081632653061224,9 15 3 1 6 4 14 5 2 11 13 12 8 7 10
125,Instances_lowcost_H3/abs5n15,1,15,1502.0,1469.0,1.0224642614023145,0.04081632653061224,9 15 3 1 6 4 14 5 2 11 13 12 8 7 10
125,Instances_lowcost_H3/abs5n15,2,15,1502.0,1469.0,1.0224642614023145,0.04081632653061224,9 15 3 1 6 4 14 5 2 11 13 12 8 7 10
125,Instances_lowcost_H3/abs5n20,0,20,2393.0,2221.0,1.0774425934263845,0.04618163054695562,19 14 17 5 18 8 13 7 15 12 20 11 4 16 2 6 9 10 1 3
125,Instances_lowcost_H3/abs5n20,1,20,2320.0,2221.0,1.0445745159837911,0.0703778677462888,19 17 5 18 8 13 14 16 4 2 6 9 10 11 20 12 15 7 3 1
125,Instances_lowcost_H3/abs5n20,2,20,2294.0,2221.0,1.0328680774425933,0.06902220586431113,19 17 5 18 8 13 14 16 2 6 9 10 11 20 12 15 7 3 1 4
125,Instances_lowcost_H3/abs5n25,0,25,2751.0,2284.0,1.2044658493870404,0.0793359010270775,17 13 5 2 11 20 1 21 25 22 8 4 12 18 7 24 9 19 3 23 14 16 15 6 10
125,Instances_lowcost_H3/abs5n25,1,25,2751.0,2284.0,1.2044658493870404,0.0793359010270775,17 13 5 2 11 20 1 21 25 22 8 4 12 18 7 24 9 19 3 23 14 16 15 6 10
125,Instances_lowcost_H3/abs5n25,2,25,2651.0,2284.0,1.1606830122591945,0.12100256769374416,17 13 5 2 11 20 1 21 25 22 8 4 12 18 7 24 9 19 3 23 14 16 15 10 6
125,Instances_lowcost_H3/abs5n30,0,30,2534.0,2221.0,1.1409275101305718,0.0665001824484583,24 20 1 26 3 11 28 30 6 16 14 8 9 13 4 29 22 21 2 18 27 19 25 23 17 15 12 5 7 10
125,Instances_lowcost_H3/abs5n30,1,30,2491.0,2221.0,1.1215668617739756,0.06891762452107279,24 1 26 20 3 11 28 30 6 16 14 8 9 13 4 29 22 21 2 18 27 19 25 23 17 15 12 5 7 10
125,Instances_lowcost_H3/abs5n30,2,30,2420.0,2221.0,1.0895992796037821,0.06005809324774842,24 1 26 20 3 11 28 7 23 16 14 8 9 13 4 29 22 21 2 18 27 19 25 6 17 15 30 12 5 10
125,Instances_lowcost_H3/abs5n35,0,35,2603.0,2679.0,0.9716312056737588,0.02563365556012615,10 21 8 19 34 4 15 9 23 3 6 25 7 20 14 31 16 27 35 22 26 30 29 17 11 12 5 24 32 13 2 33 18 1 28
125,Instances_lowcost_H3/abs5n35,1,35,2634.0,2679.0,0.9832026875699889,0.030570138098270323,28 1 18 8 19 34 4 15 9 23 3 6 25 7 20 14 31 16 27 35 22 26 30 29 17 11 12 5 24 32 33 2 13 21 10
125,Instances_lowcost_H3/abs5n35,2,35,2634.0,2679.0,0.9832026875699889,0.030570138098270323,28 1 18 8 19 34 4 15 9 23 3 6 25 7 20 14 31 16 27 35 22 26 30 29 17 11 12 5 24 32 33 2 13 21 10
125,Instances_lowcost_H3/abs5n40,0,40,2914.0,2647.0,1.10086890819796,0.045546431460736454,30 31 13 3 19 38 4 6 18 8 25 2 32 15 33 24 40 5 10 23 35 28 36 21 27 11 16 29 1 20 9 7 37 12 14 22 26 39 17 34
125,Instances_lowcost_H3/abs5n40,1,40,3052.0,2647.0,1.1530034000755571,0.0677230521360076,30 31 13 3 19 38 4 6 18 34 17 25 8 39 26 22 14 37 20 32 15 33 24 40 5 10 23 35 28 21 27 36 11 16 29 1 9 2 7 12
125,Instances_lowcost_H3/abs5n40,2,40,3116.0,2647.0,1.1771817151492256,0.071416239730124,30 4 31 13 3 19 38 25 8 18 6 34 17 39 26 22 14 37 20 32 15 33 24 40 5 10 23 35 28 21 27 36 11 12 7 29 1 9 2 16
125,Instances_lowcost_H3/abs5n45,0,45,3164.0,2475.0,1.2783838383838384,0.06604109200842861,33 9 14 5 36 41 23 3 38 10 32 42 30 22 45 43 19 39 15 16 4 2 28 6 27 13 20 8 35 37 29 25 21 40 12 1 18 26 31 7 11 24 44 17 34
125,Instances_lowcost_H3/abs5n45,1,45,2772.0,2475.0,1.12,0.0259714014723904,28 33 9 14 5 36 41 23 3 38 10 43 45 32 42 30 22 19 39 15 16 4 2 31 34 17 44 24 11 7 26 18 37 35 8 29 20 13 27 21 40 6 25 12 1
125,Instances_lowcost_H3/abs5n45,2,45,2780.0,2475.0,1.1232323232323231,0.04055268465738257,28 33 6 27 13 20 8 35 37 11 44 24 34 16 15 4 39 3 23 41 36 5 14 30 22 42 38 10 43 45 32 19 2 31 7 17 26 18 1 12 29 25 21 40 9
125,Instances_lowcost_H3/abs5n5,0,5,1010.0,865.0,1.1676300578034682,0.08333333333333333,3 5 4 1 2
125,Instances_lowcost_H3/abs5n5,1,5,1010.0,865.0,1.1676300578034682,0.08333333333333333,3 5 4 1 2
125,Instances_lowcost_H3/abs5n5,2,5,1010.0,865.0,1.1676300578034682,0.08333333333333333,3 5 4 1 2
125,Instances_lowcost_H3/abs5n50,0,50,3483.0,3165.0,1.100473933649289,0.0885886655937756,45 33 41 32 26 44 31 4 49 13 20 42 48 12 36 22 38 18 5 39 14 25 7 34 27 24 1 40 8 19 21 16 2 15 46 6 10 3 11 47 37 50 28 35 43 23 30 17 9 29
125,Instances_lowcost_H3/abs5n50,1,50,3470.0,3165.0,1.0963665086887835,0.030759067501572906,33 45 26 44 31 4 49 13 20 42 48 12 36 22 38 46 5 39 14 25 7 34 27 19 8 40 1 24 21 16 2 17 23 41 32 50 28 37 35 43 30 9 47 11 29 15 3 18 10 6
125,Instances_lowcost_H3/abs5n50,2,50,3461.0,3165.0,1.093522906793049,0.0332433945657319,33 45 26 44 31 4 49 13 20 42 48 12 36 22 38 46 5 39 14 25 7 34 27 19 8 40 1 24 21 16 2 30 23 41 32 50 28 37 35 43 17 9 47 11 29 15 3 18 10 6
125,Instances_lowcost_H6/abs5n10,0,10,1460.0,1480.0,0.9864864864864865,0.013888888888888888,2 7 9 8 6 5 4 1 3 10
125,Instances_lowcost_H6/abs5n10,1,10,1460.0,1480.0,0.9864864864864865,0.013888888888888888,2 7 9 8 6 5 4 1 3 10
125,Instances_lowcost_H6/abs5n10,2,10,1460.0,1480.0,0.9864864864864865,0.013888888888888888,2 7 9 8 6 5 4 1 3 10
125,Instances_lowcost_H6/abs5n10,3,10,1460.0,1480.0,0.9864864864864865,0.013888888888888888,2 7 9 8 6 5 4 1 3 10
125,Instances_lowcost_H6/abs5n10,4,10,1460.0,1480.0,0.9864864864864865,0.013888888888888888,2 7 9 8 6 5 4 1 3 10
125,Instances_lowcost_H6/abs5n10,5,10,1460.0,1480.0,0.9864864864864865,0.013888888888888888,2 7 9 8 6 5 4 1 3 10
125,Instances_lowcost_H6/abs5n15,0,15,1502.0,1469.0,1.0224642614023145,0.04081632653061224,9 15 3 1 6 4 14 5 2 11 13 12 8 7 10
125,Instances_lowcost_H6/abs5n15,1,15,1502.0,1469.0,1.0224642614023145,0.04081632653061224,9 15 3 1 6 4 14 5 2 11 13 12 8 7 10
125,Instances_lowcost_H6/abs5n15,2,15,1502.0,1469.0,1.0224642614023145,0.04081632653061224,9 15 3 1 6 4 14 5 2 11 13 12 8 7 10
125,Instances_lowcost_H6/abs5n15,3,15,1502.0,1469.0,1.0224642614023145,0.04081632653061224,9 15 3 1 6 4 14 5 2 11 13 12 8 7 10
125,Instances_lowcost_H6/abs5n15,4,15,1502.0,1469.0,1.0224642614023145,0.04081632653061224,9 15 3 1 6 4 14 5 2 11 13 12 8 7 10
125,Instances_lowcost_H6/abs5n15,5,15,1502.0,1469.0,1.0224642614023145,0.04081632653061224,9 15 3 1 6 4 14 5 2 11 13 12 8 7 10
125,Instances_lowcost_H6/abs5n20,0,20,2393.0,2221.0,1.0774425934263845,0.04618163054695562,19 14 17 5 18 8 13 7 15 12 20 11 4 16 2 6 9 10 1 3
125,Instances_lowcost_H6/abs5n20,1,20,2320.0,2221.0,1.0445745159837911,0.0703778677462888,19 17 5 18 8 13 14 16 4 2 6 9 10 11 20 12 15 7 3 1
125,Instances_lowcost_H6/abs5n20,2,20,2294.0,2221.0,1.0328680774425933,0.06902220586431113,19 17 5 18 8 13 14 16 2 6 9 10 11 20 12 15 7 3 1 4
125,Instances_lowcost_H6/abs5n20,3,20,2294.0,2221.0,1.0328680774425933,0.06902220586431113,19 17 5 18 8 13 14 16 2 6 9 10 11 20 12 15 7 3 1 4
125,Instances_lowcost_H6/abs5n20,4,20,2294.0,2221.0,1.0328680774425933,0.06902220586431113,19 17 5 18 8 13 14 16 2 6 9 10 11 20 12 15 7 3 1 4
125,Instances_lowcost_H6/abs5n20,5,20,2294.0,2221.0,1.0328680774425933,0.06902220586431113,19 17 5 18 8 13 14 16 2 6 9 10 11 20 12 15 7 3 1 4
125,Instances_lowcost_H6/abs5n25,0,25,2751.0,2284.0,1.2044658493870404,0.0793359010270775,17 13 5 2 11 20 1 21 25 22 8 4 12 18 7 24 9 19 3 23 14 16 15 6 10
125,Instances_lowcost_H6/abs5n25,1,25,2751.0,2284.0,1.2044658493870404,0.0793359010270775,17 13 5 2 11 20 1 21 25 22 8 4 12 18 7 24 9 19 3 23 14 16 15 6 10
125,Instances_lowcost_H6/abs5n25,2,25,2651.0,2284.0,1.1606830122591945,0.12100256769374416,17 13 5 2 11 20 1 21 25 22 8 4 12 18 7 24 9 19 3 23 14 16 15 10 6
125,Instances_lowcost_H6/abs5n25,3,25,2651.0,2284.0,1.1606830122591945,0.12100256769374416,17 13 5 2 11 20 1 21 25 22 8 4 12 18 7 24 9 19 3 23 14 16 15 10 6
125,Instances_lowcost_H6/abs5n25,4,25,2651.0,2284.0,1.1606830122591945,0.12100256769374416,17 13 5 2 11 20 1 21 25 22 8 4 12 18 7 24 9 19 3 23 14 16 15 10 6
125,Instances_lowcost_H6/abs5n25,5,25,2651.0,2284.0,1.1606830122591945,0.12100256769374416,17 13 5 2 11 20 1 21 25 22 8 4 12 18 7 24 9 19 3 23 14 16 15 10 6
125,Instances_lowcost_H6/abs5n30,0,30,2534.0,2221.0,1.1409275101305718,0.0665001824484583,24 20 1 26 3 11 28 30 6 16 14 8 9 13 4 29 22 21 2 18 27 19 25 23 17 15 12 5 7 10
125,Instances_lowcost_H6/abs5n30,1,30,2491.0,2221.0,1.1215668617739756,0.06891762452107279,24 1 26 20 3 11 28 30 6 16 14 8 9 13 4 29 22 21 2 18 27 19 25 23 17 15 12 5 7 10
125,Instances_lowcost_H6/abs5n30,2,30,2420.0,2221.0,1.0895992796037821,0.06005809324774842,24 1 26 20 3 11 28 7 23 16 14 8 9 13 4 29 22 21 2 18 27 19 25 6 17 15 30 12 5 10
125,Instances_lowcost_H6/abs5n30,3,30,2436.0,2221.0,1.0968032417829807,0.06252114743494054,24 1 26 20 3 11 28 7 23 16 14 8 9 13 4 22 29 21 2 18 27 19 25 6 17 15 30 12 5 10
125,Instances_lowcost_H6/abs5n30,4,30,2436.0,2221.0,1.0968032417829807,0.06252114743494054,24 1 26 20 3 11 28 7 23 16 14 8 9 13 4 22 29 21 2 18 27 19 25 6 17 15 30 12 5 10
125,Instances_lowcost_H6/abs5n30,5,30,2436.0,2221.0,1.0968032417829807,0.06252114743494054,24 1 26 20 3 11 28 7 23 16 14 8 9 13 4 22 29 21 2 18 27 19 25 6 17 15 30 12 5 10
125,Instances_lowcost_H6/abs5n5,0,5,1010.0,865.0,1.1676300578034682,0.08333333333333333,3 5 4 1 2
125,Instances_lowcost_H6/abs5n5,1,5,1010.0,865.0,1.1676300578034682,0.08333333333333333,3 5 4 1 2
125,Instances_lowcost_H6/abs5n5,2,5,1010.0,865.0,1.1676300578034682,0.08333333333333333,3 5 4 1 2
125,Instances_lowcost_H6/abs5n5,3,5,1010.0,865.0,1.1676300578034682,0.08333333333333333,3 5 4 1 2
125,Instances_lowcost_H6/abs5n5,4,5,1010.0,865.0,1.1676300578034682,0.08333333333333333,3 5 4 1 2
125,Instances_lowcost_H6/abs5n5,5,5,1010.0,865.0,1.1676300578034682,0.08333333333333333,3 5 4 1 2
150,Instances_highcost_H3/abs5n10,0,10,1460.0,1480.0,0.9864864864864865,0.013888888888888888,2 7 9 8 6 5 4 1 3 10
150,Instances_highcost_H3/abs5n10,1,10,1431.0,1480.0,0.9668918918918918,0.032407407407407406,2 7 9 10 3 1 4 5 6 8
150,Instances_highcost_H3/abs5n10,2,10,1431.0,1480.0,0.9668918918918918,0.032407407407407406,2 7 9 10 3 1 4 5 6 8
150,Instances_highcost_H3/abs5n15,0,15,1502.0,1469.0,1.0224642614023145,0.04081632653061224,9 15 3 1 6 4 14 5 2 11 13 12 8 7 10
150,Instances_highcost_H3/abs5n15,1,15,1907.0,1469.0,1.2981620149761743,0.03540507111935683,9 15 3 6 4 14 1 10 7 8 12 11 13 2 5
150,Instances_highcost_H3/abs5n15,2,15,1907.0,1469.0,1.2981620149761743,0.03540507111935683,9 15 3 6 4 14 1 10 7 8 12 11 13 2 5
150,Instances_highcost_H3/abs5n20,0,20,2328.0,2221.0,1.0481764970733904,0.05871295886775763,19 14 17 5 18 8 13 7 15 12 20 11 10 9 6 2 4 16 3 1
150,Instances_highcost_H3/abs5n20,1,20,2358.0,2221.0,1.0616839261593876,0.05495356037151703,19 14 17 5 18 8 13 7 15 12 20 10 9 6 2 4 16 3 1 11
150,Instances_highcost_H3/abs5n20,2,20,2294.0,2221.0,1.0328680774425933,0.06902220586431113,19 17 5 18 8 13 14 16 2 6 9 10 11 20 12 15 7 3 1 4
150,Instances_highcost_H3/abs5n25,0,25,2443.0,2284.0,1.069614711033275,0.1047676282051282,2 11 5 20 1 13 17 6 3 19 9 24 7 18 8 4 22 25 10 21 15 12 14 23 16
150,Instances_highcost_H3/abs5n25,1,25,2435.0,2284.0,1.0661120840630474,0.11219939170306818,13 17 5 2 11 20 1 21 10 25 22 8 4 12 18 7 24 23 9 19 3 14 16 15 6
150,Instances_highcost_H3/abs5n25,2,25,2256.0,2284.0,0.9877408056042032,0.0994475371120108,2 11 5 20 1 21 10 25 22 4 8 18 7 24 23 9 19 3 14 12 16 15 6 13 17
150,Instances_highcost_H3/abs5n30,0,30,2551.0,2221.0,1.1485817199459702,0.09330932477484202,24 1 26 20 3 11 28 7 23 16 14 8 9 13 4 29 22 21 2 18 27 12 19 25 6 17 15 30 10 5
150,Instances_highcost_H3/abs5n30,1,30,2566.0,2221.0,1.155335434488969,0.07011721030241183,24 1 26 20 11 28 7 10 23 16 25 19 14 8 9 13 4 29 22 2 21 18 27 12 30 17 6 15 3 5
150,Instances_highcost_H3/abs5n30,2,30,2344.0,2221.0,1.0553804592525888,0.060109544560275854,24 1 26 20 3 11 28 7 10 23 16 14 8 9 13 4 29 22 21 2 18 27 19 25 6 17 15 30 12 5
150,Instances_highcost_H3/abs5n35,0,35,2660.0,2679.0,0.9929078014184397,0.02426572432966295,10 28 1 18 8 19 34 4 15 9 23 3 6 25 7 20 14 31 16 27 35 22 26 30 29 17 11 12 5 24 32 33 2 13 21
150,Instances_highcost_H3/abs5n35,1,35,2800.0,2679.0,1.0451661067562523,0.02062616050723391,28 1 18 8 19 34 4 15 9 23 3 6 25 7 20 14 31 16 27 32 24 5 11 12 17 29 30 26 22 35 10 21 33 2 13
150,Instances_highcost_H3/abs5n35,2,35,2883.0,2679.0,1.076147816349384,0.03875033621911913,28 1 18 21 8 19 34 4 15 9 23 3 6 25 30 29 26 7 20 14 31 16 27 32 24 5 12 11 17 13 2 33 10 35 22
150,Instances_highcost_H3/abs5n40,0,40,3059.0,2647.0,1.1556479032867397,0.04368523567716958,4 30 31 13 3 19 38 25 8 18 6 34 17 39 22 14 37 20 32 15 33 24 40 5 10 23 35 28 21 27 36 11 12 1 7 29 16 2 9 26
150,Instances_highcost_H3/abs5n40,1,40,2969.0,2647.0,1.1216471477143937,0.06750079654122541,30 4 31 13 3 19 38 18 6 34 17 25 8 39 26 22 11 36 28 21 27 35 23 10 5 40 24 15 33 32 9 20 2 7 29 1 16 37 14 12
150,Instances_highcost_H3/abs5n40,2,40,2908.0,2647.0,1.0986021911598036,0.05299782963810113,4 30 31 13 3 19 38 18 6 34 17 8 25 39 26 22 14 12 37 2 9 32 15 33 24 40 5 10 23 35 28 21 27 36 11 16 29 20 1 7
150,Instances_highcost_H3/abs5n45,0,45,2903.0,2475.0,1.172929292929293,0.044239002609414074,33 9 14 5 36 41 23 3 38 10 32 42 30 22 45 43 19 4 15 16 39 2 31 34 24 44 17 11 37 35 8 20 29 13 27 6 40 21 25 12 1 28 26 7 18
150,Instances_highcost_H3/abs5n45,1,45,3010.0,2475.0,1.2161616161616162,0.047702969755398054,28 33 9 22 36 41 23 3 38 10 43 45 32 42 5 30 14 19 4 15 16 39 34 17 44 24 11 7 26 31 2 18 37 35 8 29 20 25 12 1 21 13 27 40 6
150,Instances_highcost_H3/abs5n45,2,45,3004.0,2475.0,1.2137373737373738,0.03298123315866145,28 33 9 22 36 41 23 3 38 10 43 45 32 42 5 30 14 19 4 15 16 39 34 17 44 24 11 7 31 2 26 18 37 35 8 29 20 25 21 27 13 40 6 12 1
150,Instances_highcost_H3/abs5n5,0,5,896.0,865.0,1.0358381502890173,0.3333333333333333,3 5 4 2 1
150,Instances_highcost_H3/abs5n5,1,5,896.0,865.0,1.0358381502890173,0.3333333333333333,3 5 4 2 1
150,Instances_highcost_H3/abs5n5,2,5,865.0,865.0,1.0,0.3333333333333333,3 5 2 4 1
150,Instances_highcost_H3/abs5n50,0,50,3506.0,3165.0,1.107740916271722,0.055253037583778274,33 45 26 44 31 4 49 13 20 42 48 12 36 22 38 18 46 5 39 14 25 7 34 27 24 1 40 8 19 21 16 2 15 3 11 47 35 37 32 50 41 23 28 43 9 30 17 29 10 6
150,Instances_highcost_H3/abs5n50,1,50,3443.0,3165.0,1.0878357030015797,0.05096283286299048,33 45 26 44 31 4 49 13 20 42 48 12 36 22 9 37 32 50 41 28 23 43 35 47 17 30 8 1 40 24 19 21 16 27 34 7 25 14 39 5 10 6 46 38 18 15 29 11 3 2
150,Instances_highcost_H3/abs5n50,2,50,3221.0,3165.0,1.0176935229067932,0.042953085849413854,33 45 26 44 31 4 49 13 20 42 48 12 36 22 37 32 50 41 28 43 23 30 17 35 9 47 11 29 2 16 27 34 7 25 14 39 5 10 6 46 18 38 3 15 21 19 8 1 40 24
150,Instances_highcost_H6/abs5n10,0,10,1460.0,1480.0,0.9864864864864865,0.013888888888888888,2 7 9 8 6 5 4 1 3 10
150,Instances_highcost_H6/abs5n10,1,10,1431.0,1480.0,0.9668918918918918,0.032407407407407406,2 7 9 10 3 1 4 5 6 8
150,Instances_highcost_H6/abs5n10,2,10,1431.0,1480.0,0.9668918918918918,0.032407407407407406,2 7 9 10 3 1 4 5 6 8
150,Instances_highcost_H6/abs5n10,3,10,1431.0,1480.0,0.9668918918918918,0.032407407407407406,2 7 9 10 3 1 4 5 6 8
150,Instances_highcost_H6/abs5n10,4,10,1431.0,1480.0,0.9668918918918918,0.032407407407407406,2 7 9 10 3 1 4 5 6 8
150,Instances_highcost_H6/abs5n10,5,10,1431.0,1480.0,0.9668918918918918,0.032407407407407406,2 7 9 10 3 1 4 5 6 8
150,Instances_highcost_H6/abs5n15,0,15,1502.0,1469.0,1.0224642614023145,0.04081632653061224,9 15 3 1 6 4 14 5 2 11 13 12 8 7 10
150,Instances_highcost_H6/abs5n15,1,15,1907.0,1469.0,1.2981620149761743,0.03540507111935683,9 15 3 6 4 14 1 10 7 8 12 11 13 2 5
150,Instances_highcost_H6/abs5n15,2,15,1907.0,1469.0,1.2981620149761743,0.03540507111935683,9 15 3 6 4 14 1 10 7 8 12 11 13 2 5
150,Instances_highcost_H6/abs5n15,3,15,1907.0,1469.0,1.2981620149761743,0.03540507111935683,9 15 3 6 4 14 1 10 7 8 12 11 13 2 5
150,Instances_highcost_H6/abs5n15,4,15,1907.0,1469.0,1.2981620149761743,0.03540507111935683,9 15 3 6 4 14 1 10 7 8 12 11 13 2 5
150,Instances_highcost_H6/abs5n15,5,15,1907.0,1469.0,1.2981620149761743,0.03540507111935683,9 15 3 6 4 14 1 10 7 8 12 11 13 2 5
150,Instances_highcost_H6/abs5n20,0,20,2328.0,2221.0,1.0481764970733904,0.05871295886775763,19 14 17 5 18 8 13 7 15 12 20 11 10 9 6 2 4 16 3 1
150,Instances_highcost_H6/abs5n20,1,20,2358.0,2221.0,1.0616839261593876,0.05495356037151703,19 14 17 5 18 8 13 7 15 12 20 10 9 6 2 4 16 3 1 11
150,Instances_highcost_H6/abs5n20,2,20,2294.0,2221.0,1.0328680774425933,0.06902220586431113,19 17 5 18 8 13 14 16 2 6 9 10 11 20 12 15 7 3 1 4
150,Instances_highcost_H6/abs5n20,3,20,2294.0,2221.0,1.0328680774425933,0.06902220586431113,19 17 5 18 8 13 14 16 2 6 9 10 11 20 12 15 7 3 1 4
150,Instances_highcost_H6/abs5n20,4,20,2294.0,2221.0,1.0328680774425933,0.06902220586431113,19 17 5 18 8 13 14 16 2 6 9 10 11 20 12 15 7 3 1 4
150,Instances_highcost_H6/abs5n20,5,20,2294.0,2221.0,1.0328680774425933,0.06902220586431113,19 17 5 18 8 13 14 16 2 6 9 10 11 20 12 15 7 3 1 4
150,Instances_highcost_H6/abs5n25,0,25,2443.0,2284.0,1.069614711033275,0.1047676282051282,2 11 5 20 1 13 17 6 3 19 9 24 7 18 8 4 22 25 10 21 15 12 14 23 16
150,Instances_highcost_H6/abs5n25,1,25,2435.0,2284.0,1.0661120840630474,0.11219939170306818,13 17 5 2 11 20 1 21 10 25 22 8 4 12 18 7 24 23 9 19 3 14 16 15 6
150,Instances_highcost_H6/abs5n25,2,25,2256.0,2284.0,0.9877408056042032,0.0994475371120108,2 11 5 20 1 21 10 25 22 4 8 18 7 24 23 9 19 3 14 12 16 15 6 13 17
150,Instances_highcost_H6/abs5n25,3,25,2256.0,2284.0,0.9877408056042032,0.0994475371120108,2 11 5 20 1 21 10 25 22 4 8 18 7 24 23 9 19 3 14 12 16 15 6 13 17
150,Instances_highcost_H6/abs5n25,4,25,2256.0,2284.0,0.9877408056042032,0.0994475371120108,2 11 5 20 1 21 10 25 22 4 8 18 7 24 23 9 19 3 14 12 16 15 6 13 17
150,Instances_highcost_H6/abs5n25,5,25,2256.0,2284.0,0.9877408056042032,0.0994475371120108,2 11 5 20 1 21 10 25 22 4 8 18 7 24 23 9 19 3 14 12 16 15 6 13 17
150,Instances_highcost_H6/abs5n30,0,30,2551.0,2221.0,1.1485817199459702,0.09330932477484202,24 1 26 20 3 11 28 7 23 16 14 8 9 13 4 29 22 21 2 18 27 12 19 25 6 17 15 30 10 5
150,Instances_highcost_H6/abs5n30,1,30,2566.0,2221.0,1.155335434488969,0.07011721030241183,24 1 26 20 11 28 7 10 23 16 25 19 14 8 9 13 4 29 22 2 21 18 27 12 30 17 6 15 3 5
150,Instances_highcost_H6/abs5n30,2,30,2344.0,2221.0,1.0553804592525888,0.060109544560275854,24 1 26 20 3 11 28 7 10 23 16 14 8 9 13 4 29 22 21 2 18 27 19 25 6 17 15 30 12 5
150,Instances_highcost_H6/abs5n30,3,30,2344.0,2221.0,1.0553804592525888,0.060109544560275854,24 1 26 20 3 11 28 7 10 23 16 14 8 9 13 4 29 22 21 2 18 27 19 25 6 17 15 30 12 5
150,Instances_highcost_H6/abs5n30,4,30,2344.0,2221.0,1.0553804592525888,0.060109544560275854,24 1 26 20 3 11 28 7 10 23 16 14 8 9 13 4 29 22 21 2 18 27 19 25 6 17 15 30 12 5
150,Instances_highcost_H6/abs5n30,5,30,2344.0,2221.0,1.0553804592525888,0.060109544560275854,24 1 26 20 3 11 28 7 10 23 16 14 8 9 13 4 29 22 21 2 18 27 19 25 6 17 15 30 12 5
150,Instances_highcost_H6/abs5n5,0,5,896.0,865.0,1.0358381502890173,0.3333333333333333,3 5 4 2 1
150,Instances_highcost_H6/abs5n5,1,5,896.0,865.0,1.0358381502890173,0.3333333333333333,3 5 4 2 1
150,Instances_highcost_H6/abs5n5,2,5,865.0,865.0,1.0,0.3333333333333333,3 5 2 4 1
150,Instances_highcost_H6/abs5n5,3,5,865.0,865.0,1.0,0.3333333333333333,3 5 2 4 1
150,Instances_highcost_H6/abs5n5,4,5,865.0,865.0,1.0,0.3333333333333333,3 5 2 4 1
150,Instances_highcost_H6/abs5n5,5,5,865.0,865.0,1.0,0.3333333333333333,3 5 2 4 1
150,Instances_lowcost_H3/abs5n10,0,10,1460.0,1480.0,0.9864864864864865,0.013888888888888888,2 7 9 8 6 5 4 1 3 10
150,Instances_lowcost_H3/abs5n10,1,10,1431.0,1480.0,0.9668918918918918,0.032407407407407406,2 7 9 10 3 1 4 5 6 8
150,Instances_lowcost_H3/abs5n10,2,10,1431.0,1480.0,0.9668918918918918,0.032407407407407406,2 7 9 10 3 1 4 5 6 8
150,Instances_lowcost_H3/abs5n15,0,15,1502.0,1469.0,1.0224642614023145,0.04081632653061224,9 15 3 1 6 4 14 5 2 11 13 12 8 7 10
150,Instances_lowcost_H3/abs5n15,1,15,1907.0,1469.0,1.2981620149761743,0.03540507111935683,9 15 3 6 4 14 1 10 7 8 12 11 13 2 5
150,Instances_lowcost_H3/abs5n15,2,15,1907.0,1469.0,1.2981620149761743,0.03540507111935683,9 15 3 6 4 14 1 10 7 8 12 11 13 2 5
150,Instances_lowcost_H3/abs5n20,0,20,2328.0,2221.0,1.0481764970733904,0.05871295886775763,19 14 17 5 18 8 13 7 15 12 20 11 10 9 6 2 4 16 3 1
150,Instances_lowcost_H3/abs5n20,1,20,2358.0,2221.0,1.0616839261593876,0.05495356037151703,19 14 17 5 18 8 13 7 15 12 20 10 9 6 2 4 16 3 1 11
150,Instances_lowcost_H3/abs5n20,2,20,2294.0,2221.0,1.0328680774425933,0.06902220586431113,19 17 5 18 8 13 14 16 2 6 9 10 11 20 12 15 7 3 1 4
150,Instances_lowcost_H3/abs5n25,0,25,2443.0,2284.0,1.069614711033275,0.1047676282051282,2 11 5 20 1 13 17 6 3 19 9 24 7 18 8 4 22 25 10 21 15 12 14 23 16
150,Instances_lowcost_H3/abs5n25,1,25,2435.0,2284.0,1.0661120840630474,0.11219939170306818,13 17 5 2 11 20 1 21 10 25 22 8 4 12 18 7 24 23 9 19 3 14 16 15 6
150,Instances_lowcost_H3/abs5n25,2,25,2256.0,2284.0,0.9877408056042032,0.0994475371120108,2 11 5 20 1 21 10 25 22 4 8 18 7 24 23 9 19 3 14 12 16 15 6 13 17
150,Instances_lowcost_H3/abs5n30,0,30,2551.0,2221.0,1.1485817199459702,0.09330932477484202,24 1 26 20 3 11 28 7 23 16 14 8 9 13 4 29 22 21 2 18 27 12 19 25 6 17 15 30 10 5
150,Instances_lowcost_H3/abs5n30,1,30,2566.0,2221.0,1.155335434488969,0.07011721030241183,24 1 26 20 11 28 7 10 23 16 25 19 14 8 9 13 4 29 22 2 21 18 27 12 30 17 6 15 3 5
150,Instances_lowcost_H3/abs5n30,2,30,2344.0,2221.0,1.0553804592525888,0.060109544560275854,24 1 26 20 3 11 28 7 10 23 16 14 8 9 13 4 29 22 21 2 18 27 19 25 6 17 15 30 12 5
150,Instances_lowcost_H3/abs5n35,0,35,2660.0,2679.0,0.9929078014184397,0.02426572432966295,10 28 1 18 8 19 34 4 15 9 23 3 6 25 7 20 14 31 16 27 35 22 26 30 29 17 11 12 5 24 32 33 2 13 21
150,Instances_lowcost_H3/abs5n35,1,35,2800.0,2679.0,1.0451661067562523,0.02062616050723391,28 1 18 8 19 34 4 15 9 23 3 6 25 7 20 14 31 16 27 32 24 5 11 12 17 29 30 26 22 35 10 21 33 2 13
150,Instances_lowcost_H3/abs5n35,2,35,2883.0,2679.0,1.076147816349384,0.03875033621911913,28 1 18 21 8 19 34 4 15 9 23 3 6 25 30 29 26 7 20 14 31 16 27 32 24 5 12 11 17 13 2 33 10 35 22
150,Instances_lowcost_H3/abs5n40,0,40,3059.0,2647.0,1.1556479032867397,0.04368523567716958,4 30 31 13 3 19 38 25 8 18 6 34 17 39 22 14 37 20 32 15 33 24 40 5 10 23 35 28 21 27 36 11 12 1 7 29 16 2 9 26
150,Instances_lowcost_H3/abs5n40,1,40,2969.0,2647.0,1.1216471477143937,0.06750079654122541,30 4 31 13 3 19 38 18 6 34 17 25 8 39 26 22 11 36 28 21 27 35 23 10 5 40 24 15 33 32 9 20 2 7 29 1 16 37 14 12
150,Instances_lowcost_H3/abs5n40,2,40,2908.0,2647.0,1.0986021911598036,0.05299782963810113,4 30 31 13 3 19 38 18 6 34 17 8 25 39 26 22 14 12 37 2 9 32 15 33 24 40 5 10 23 35 28 21 27 36 11 16 29 20 1 7
150,Instances_lowcost_H3/abs5n45,0,45,2903.0,2475.0,1.172929292929293,0.044239002609414074,33 9 14 5 36 41 23 3 38 10 32 42 30 22 45 43 19 4 15 16 39 2 31 34 24 44 17 11 37 35 8 20 29 13 27 6 40 21 25 12 1 28 26 7 18
150,Instances_lowcost_H3/abs5n45,1,45,3010.0,2475.0,1.2161616161616162,0.047702969755398054,28 33 9 22 36 41 23 3 38 10 43 45 32 42 5 30 14 19 4 15 16 39 34 17 44 24 11 7 26 31 2 18 37 35 8 29 20 25 12 1 21 13 27 40 6
150,Instances_lowcost_H3/abs5n45,2,45,3004.0,2475.0,1.2137373737373738,0.03298123315866145,28 33 9 22 36 41 23 3 38 10 43 45 32 42 5 30 14 19 4 15 16 39 34 17 44 24 11 7 31 2 26 18 37 35 8 29 20 25 21 27 13 40 6 12 1
150,Instances_lowcost_H3/abs5n5,0,5,896.0,865.0,1.0358381502890173,0.3333333333333333,3 5 4 2 1
150,Instances_lowcost_H3/abs5n5,1,5,896.0,865.0,1.0358381502890173,0.3333333333333333,3 5 4 2 1
150,Instances_lowcost_H3/abs5n5,2,5,865.0,865.0,1.0,0.3333333333333333,3 5 2 4 1
150,Instances_lowcost_H3/abs5n50,0,50,3506.0,3165.0,1.107740916271722,0.055253037583778274,33 45 26 44 31 4 49 13 20 42 48 12 36 22 38 18 46 5 39 14 25 7 34 27 24 1 40 8 19 21 16 2 15 3 11 47 35 37 32 50 41 23 28 43 9 30 17 29 10 6
150,Instances_lowcost_H3/abs5n50,1,50,3443.0,3165.0,1.0878357030015797,0.05096283286299048,33 45 26 44 31 4 49 13 20 42 48 12 36 22 9 37 32 50 41 28 23 43 35 47 17 30 8 1 40 24 19 21 16 27 34 7 25 14 39 5 10 6 46 38 18 15 29 11 3 2
150,Instances_lowcost_H3/abs5n50,2,50,3221.0,3165.0,1.0176935229067932,0.042953085849413854,33 45 26 44 31 4 49 13 20 42 48 12 36 22 37 32 50 41 28 43 23 30 17 35 9 47 11 29 2 16 27 34 7 25 14 39 5 10 6 46 18 38 3 15 21 19 8 1 40 24
150,Instances_lowcost_H6/abs5n10,0,10,1460.0,1480.0,0.9864864864864865,0.013888888888888888,2 7 9 8 6 5 4 1 3 10
150,Instances_lowcost_H6/abs5n10,1,10,1431.0,1480.0,0.9668918918918918,0.032407407407407406,2 7 9 10 3 1 4 5 6 8
150,Instances_lowcost_H6/abs5n10,2,10,1431.0,1480.0,0.9668918918918918,0.032407407407407406,2 7 9 10 3 1 4 5 6 8
150,Instances_lowcost_H6/abs5n10,3,10,1431.0,1480.0,0.9668918918918918,0.032407407407407406,2 7 9 10 3 1 4 5 6 8
150,Instances_lowcost_H6/abs5n10,4,10,1431.0,1480.0,0.9668918918918918,0.032407407407407406,2 7 9 10 3 1 4 5 6 8
150,Instances_lowcost_H6/abs5n10,5,10,1431.0,1480.0,0.9668918918918918,0.032407407407407406,2 7 9 10 3 1 4 5 6 8
150,Instances_lowcost_H6/abs5n15,0,15,1502.0,1469.0,1.0224642614023145,0.04081632653061224,9 15 3 1 6 4 14 5 2 11 13 12 8 7 10
150,Instances_lowcost_H6/abs5n15,1,15,1907.0,1469.0,1.2981620149761743,0.03540507111935683,9 15 3 6 4 14 1 10 7 8 12 11 13 2 5
150,Instances_lowcost_H6/abs5n15,2,15,1907.0,1469.0,1.2981620149761743,0.03540507111935683,9 15 3 6 4 14 1 10 7 8 12 11 13 2 5
150,Instances_lowcost_H6/abs5n15,3,15,1907.0,1469.0,1.2981620149761743,0.03540507111935683,9 15 3 6 4 14 1 10 7 8 12 11 13 2 5
150,Instances_lowcost_H6/abs5n15,4,15,1907.0,1469.0,1.2981620149761743,0.03540507111935683,9 15 3 6 4 14 1 10 7 8 12 11 13 2 5
150,Instances_lowcost_H6/abs5n15,5,15,1907.0,1469.0,1.2981620149761743,0.03540507111935683,9 15 3 6 4 14 1 10 7 8 12 11 13 2 5
150,Instances_lowcost_H6/abs5n20,0,20,2328.0,2221.0,1.0481764970733904,0.05871295886775763,19 14 17 5 18 8 13 7 15 12 20 11 10 9 6 2 4 16 3 1
150,Instances_lowcost_H6/abs5n20,1,20,2358.0,2221.0,1.0616839261593876,0.05495356037151703,19 14 17 5 18 8 13 7 15 12 20 10 9 6 2 4 16 3 1 11
150,Instances_lowcost_H6/abs5n20,2,20,2294.0,2221.0,1.0328680774425933,0.06902220586431113,19 17 5 18 8 13 14 16 2 6 9 10 11 20 12 15 7 3 1 4
150,Instances_lowcost_H6/abs5n20,3,20,2294.0,2221.0,1.0328680774425933,0.06902220586431113,19 17 5 18 8 13 14 16 2 6 9 10 11 20 12 15 7 3 1 4
150,Instances_lowcost_H6/abs5n20,4,20,2294.0,2221.0,1.0328680774425933,0.06902220586431113,19 17 5 18 8 13 14 16 2 6 9 10 11 20 12 15 7 3 1 4
150,Instances_lowcost_H6/abs5n20,5,20,2294.0,2221.0,1.0328680774425933,0.06902220586431113,19 17 5 18 8 13 14 16 2 6 9 10 11 20 12 15 7 3 1 4
150,Instances_lowcost_H6/abs5n25,0,25,2443.0,2284.0,1.069614711033275,0.1047676282051282,2 11 5 20 1 13 17 6 3 19 9 24 7 18 8 4 22 25 10 21 15 12 14 23 16
150,Instances_lowcost_H6/abs5n25,1,25,2435.0,2284.0,1.0661120840630474,0.11219939170306818,13 17 5 2 11 20 1 21 10 25 22 8 4 12 18 7 24 23 9 19 3 14 16 15 6
150,Instances_lowcost_H6/abs5n25,2,25,2256.0,2284.0,0.9877408056042032,0.0994475371120108,2 11 5 20 1 21 10 25 22 4 8 18 7 24 23 9 19 3 14 12 16 15 6 13 17
150,Instances_lowcost_H6/abs5n25,3,25,2256.0,2284.0,0.9877408056042032,0.0994475371120108,2 11 5 20 1 21 10 25 22 4 8 18 7 24 23 9 19 3 14 12 16 15 6 13 17
150,Instances_lowcost_H6/abs5n25,4,25,2256.0,2284.0,0.9877408056042032,0.0994475371120108,2 11 5 20 1 21 10 25 22 4 8 18 7 24 23 9 19 3 14 12 16 15 6 13 17
150,Instances_lowcost_H6/abs5n25,5,25,2256.0,2284.0,0.9877408056042032,0.0994475371120108,2 11 5 20 1 21 10 25 22 4 8 18 7 24 23 9 19 3 14 12 16 15 6 13 17
150,Instances_lowcost_H6/abs5n30,0,30,2551.0,2221.0,1.1485817199459702,0.09330932477484202,24 1 26 20 3 11 28 7 23 16 14 8 9 13 4 29 22 21 2 18 27 12 19 25 6 17 15 30 10 5
150,Instances_lowcost_H6/abs5n30,1,30,2566.0,2221.0,1.155335434488969,0.07011721030241183,24 1 26 20 11 28 7 10 23 16 25 19 14 8 9 13 4 29 22 2 21 18 27 12 30 17 6 15 3 5
150,Instances_lowcost_H6/abs5n30,2,30,2344.0,2221.0,1.0553804592525888,0.060109544560275854,24 1 26 20 3 11 28 7 10 23 16 14 8 9 13 4 29 22 21 2 18 27 19 25 6 17 15 30 12 5
150,Instances_lowcost_H6/abs5n30,3,30,2344.0,2221.0,1.0553804592525888,0.060109544560275854,24 1 26 20 3 11 28 7 10 23 16 14 8 9 13 4 29 22 21 2 18 27 19 25 6 17 15 30 12 5
150,Instances_lowcost_H6/abs5n30,4,30,2344.0,2221.0,1.0553804592525888,0.060109544560275854,24 1 26 20 3 11 28 7 10 23 16 14 8 9 13 4 29 22 21 2 18 27 19 25 6 17 15 30 12 5
150,Instances_lowcost_H6/abs5n30,5,30,2344.0,2221.0,1.0553804592525888,0.060109544560275854,24 1 26 20 3 11 28 7 10 23 16 14 8 9 13 4 29 22 21 2 18 27 19 25 6 17 15 30 12 5
150,Instances_lowcost_H6/abs5n5,0,5,896.0,865.0,1.0358381502890173,0.3333333333333333,3 5 4 2 1
150,Instances_lowcost_H6/abs5n5,1,5,896.0,865.0,1.0358381502890173,0.3333333333333333,3 5 4 2 1
150,Instances_lowcost_H6/abs5n5,2,5,865.0,865.0,1.0,0.3333333333333333,3 5 2 4 1
150,Instances_lowcost_H6/abs5n5,3,5,865.0,865.0,1.0,0.3333333333333333,3 5 2 4 1
150,Instances_lowcost_H6/abs5n5,4,5,865.0,865.0,1.0,0.3333333333333333,3 5 2 4 1
150,Instances_lowcost_H6/abs5n5,5,5,865.0,865.0,1.0,0.3333333333333333,3 5 2 4 1
175,Instances_highcost_H3/abs5n10,0,0,0.0,0.0,nan,nan,
175,Instances_highcost_H3/abs5n10,1,10,1431.0,1480.0,0.9668918918918918,0.032407407407407406,2 7 9 10 3 1 4 5 6 8
175,Instances_highcost_H3/abs5n10,2,10,1431.0,1480.0,0.9668918918918918,0.032407407407407406,2 7 9 10 3 1 4 5 6 8
175,Instances_highcost_H3/abs5n15,0,0,0.0,0.0,nan,nan,
175,Instances_highcost_H3/abs5n15,1,15,1907.0,1469.0,1.2981620149761743,0.03540507111935683,9 15 3 6 4 14 1 10 7 8 12 11 13 2 5
175,Instances_highcost_H3/abs5n15,2,15,1907.0,1469.0,1.2981620149761743,0.03540507111935683,9 15 3 6 4 14 1 10 7 8 12 11 13 2 5
175,Instances_highcost_H3/abs5n20,0,0,0.0,0.0,nan,nan,
175,Instances_highcost_H3/abs5n20,1,20,2391.0,2221.0,1.0765420981539846,0.11814278342916115,19 14 17 18 5 8 13 7 15 12 20 11 10 9 6 2 4 16 1 3
175,Instances_highcost_H3/abs5n20,2,20,2294.0,2221.0,1.0328680774425933,0.06902220586431113,19 17 5 18 8 13 14 16 2 6 9 10 11 20 12 15 7 3 1 4
175,Instances_highcost_H3/abs5n25,0,0,0.0,0.0,nan,nan,
175,Instances_highcost_H3/abs5n25,1,25,2762.0,2284.0,1.2092819614711032,0.08319486617183985,2 11 5 20 1 21 25 22 8 4 12 18 7 24 9 19 3 23 14 16 15 6 13 17 10
175,Instances_highcost_H3/abs5n25,2,25,2234.0,2284.0,0.978108581436077,0.059054018593492276,2 11 5 20 1 21 10 25 22 4 8 18 7 24 9 19 3 23 14 12 16 15 6 17 13
175,Instances_highcost_H3/abs5n30,0,0,0.0,0.0,nan,nan,
175,Instances_highcost_H3/abs5n30,1,30,2439.0,2221.0,1.0981539846915804,0.06994216461094863,24 1 26 20 3 11 28 7 10 23 16 25 19 14 8 9 13 4 29 22 21 2 18 27 12 30 6 17 15 5
175,Instances_highcost_H3/abs5n30,2,30,2344.0,2221.0,1.0553804592525888,0.060109544560275854,24 1 26 20 3 11 28 7 10 23 16 14 8 9 13 4 29 22 21 2 18 27 19 25 6 17 15 30 12 5
175,Instances_highcost_H3/abs5n35,0,0,0.0,0.0,nan,nan,
175,Instances_highcost_H3/abs5n35,1,35,2638.0,2679.0,0.9846957820082121,0.01866537619350842,28 1 18 8 19 34 4 15 9 23 3 6 25 7 20 14 31 16 27 35 32 24 5 11 12 17 29 30 26 22 13 2 33 21 10
175,Instances_highcost_H3/abs5n35,2,35,2770.0,2679.0,1.0339678984695782,0.03860921916623737,28 1 18 21 8 19 34 4 15 9 23 3 6 25 30 29 26 7 20 14 31 16 27 35 22 17 12 11 5 13 2 33 10 32 24
175,Instances_highcost_H3/abs5n40,0,0,0.0,0.0,nan,nan,
175,Instances_highcost_H3/abs5n40,1,40,3306.0,2647.0,1.2489610880241784,0.06459837435962704,30 4 31 13 3 19 38 18 6 34 17 25 8 39 26 22 14 12 37 7 32 15 33 24 40 5 10 35 28 36 21 27 11 16 29 20 9 2 1 23
175,Instances_highcost_H3/abs5n40,2,40,2922.0,2647.0,1.1038911975821686,0.05345570509597659,4 30 31 13 3 19 38 18 6 34 17 8 25 39 26 22 14 12 37 2 9 32 15 33 24 40 5 10 23 35 28 36 21 27 11 16 29 20 1 7
175,Instances_highcost_H3/abs5n45,0,0,0.0,0.0,nan,nan,
175,Instances_highcost_H3/abs5n45,1,45,3108.0,2475.0,1.2557575757575759,0.04124624489243144,33 9 22 36 41 23 3 38 10 43 45 32 42 5 14 30 19 39 15 16 4 34 17 44 24 11 7 31 26 18 37 35 8 29 20 21 27 13 25 40 6 28 1 12 2
175,Instances_highcost_H3/abs5n45,2,45,2783.0,2475.0,1.1244444444444444,0.0421387136923342,28 33 9 14 5 36 41 23 3 38 10 43 45 32 42 30 22 19 39 15 16 4 2 31 34 24 44 17 11 7 26 18 37 35 8 29 20 25 13 27 6 40 21 12 1
175,Instances_highcost_H3/abs5n5,0,0,0.0,0.0,nan,nan,
175,Instances_highcost_H3/abs5n5,1,5,1010.0,865.0,1.1676300578034682,0.08333333333333333,3 5 4 1 2
175,Instances_highcost_H3/abs5n5,2,5,1010.0,865.0,1.1676300578034682,0.08333333333333333,3 5 4 1 2
175,Instances_highcost_H3/abs5n50,0,0,0.0,0.0,nan,nan,
175,Instances_highcost_H3/abs5n50,1,50,3534.0,3165.0,1.1165876777251185,0.030774954799325516,33 45 32 26 44 31 4 49 13 20 42 48 12 36 22 38 18 46 6 39 14 25 34 7 27 24 1 40 8 19 21 16 2 29 11 17 23 41 50 28 37 35 9 47 43 30 15 3 10 5
175,Instances_highcost_H3/abs5n50,2,50,3326.0,3165.0,1.05086887835703,0.024851241989515275,45 33 41 32 26 44 31 4 49 13 20 42 48 12 36 22 37 50 28 43 23 30 17 35 9 47 11 29 2 16 19 8 1 40 24 27 34 7 25 14 39 5 6 10 46 18 38 3 15 21
175,Instances_highcost_H6/abs5n10,0,0,0.0,0.0,nan,nan,
175,Instances_highcost_H6/abs5n10,1,10,1431.0,1480.0,0.9668918918918918,0.032407407407407406,2 7 9 10 3 1 4 5 6 8
175,Instances_highcost_H6/abs5n10,2,10,1431.0,1480.0,0.9668918918918918,0.032407407407407406,2 7 9 10 3 1 4 5 6 8
175,Instances_highcost_H6/abs5n10,3,10,1431.0,1480.0,0.9668918918918918,0.032407407407407406,2 7 9 10 3 1 4 5 6 8
175,Instances_highcost_H6/abs5n10,4,10,1431.0,1480.0,0.9668918918918918,0.032407407407407406,2 7 9 10 3 1 4 5 6 8
175,Instances_highcost_H6/abs5n10,5,10,1431.0,1480.0,0.9668918918918918,0.032407407407407406,2 7 9 10 3 1 4 5 6 8
175,Instances_highcost_H6/abs5n15,0,0,0.0,0.0,nan,nan,
175,Instances_highcost_H6/abs5n15,1,15,1907.0,1469.0,1.2981620149761743,0.03540507111935683,9 15 3 6 4 14 1 10 7 8 12 11 13 2 5
175,Instances_highcost_H6/abs5n15,2,15,1907.0,1469.0,1.2981620149761743,0.03540507111935683,9 15 3 6 4 14 1 10 7 8 12 11 13 2 5
175,Instances_highcost_H6/abs5n15,3,15,1907.0,1469.0,1.2981620149761743,0.03540507111935683,9 15 3 6 4 14 1 10 7 8 12 11 13 2 5
175,Instances_highcost_H6/abs5n15,4,15,1907.0,1469.0,1.2981620149761743,0.03540507111935683,9 15 3 6 4 14 1 10 7 8 12 11 13 2 5
175,Instances_highcost_H6/abs5n15,5,15,1907.0,1469.0,1.2981620149761743,0.03540507111935683,9 15 3 6 4 14 1 10 7 8 12 11 13 2 5
175,Instances_highcost_H6/abs5n20,0,0,0.0,0.0,nan,nan,
175,Instances_highcost_H6/abs5n20,1,20,2391.0,2221.0,1.0765420981539846,0.11814278342916115,19 14 17 18 5 8 13 7 15 12 20 11 10 9 6 2 4 16 1 3
175,Instances_highcost_H6/abs5n20,2,20,2294.0,2221.0,1.0328680774425933,0.06902220586431113,19 17 5 18 8 13 14 16 2 6 9 10 11 20 12 15 7 3 1 4
175,Instances_highcost_H6/abs5n20,3,20,2360.0,2221.0,1.0625844214317874,0.05638544891640867,19 17 18 5 14 16 4 2 6 9 10 11 20 12 15 7 3 1 8 13
175,Instances_highcost_H6/abs5n20,4,20,2294.0,2221.0,1.0328680774425933,0.06902220586431113,19 17 5 18 8 13 14 16 2 6 9 10 11 20 12 15 7 3 1 4
175,Instances_highcost_H6/abs5n20,5,20,2360.0,2221.0,1.0625844214317874,0.05638544891640867,19 17 18 5 14 16 4 2 6 9 10 11 20 12 15 7 3 1 8 13
175,Instances_highcost_H6/abs5n25,0,0,0.0,0.0,nan,nan,
175,Instances_highcost_H6/abs5n25,1,25,2762.0,2284.0,1.2092819614711032,0.08319486617183985,2 11 5 20 1 21 25 22 8 4 12 18 7 24 9 19 3 23 14 16 15 6 13 17 10
175,Instances_highcost_H6/abs5n25,2,25,2234.0,2284.0,0.978108581436077,0.059054018593492276,2 11 5 20 1 21 10 25 22 4 8 18 7 24 9 19 3 23 14 12 16 15 6 17 13
175,Instances_highcost_H6/abs5n25,3,25,2256.0,2284.0,0.9877408056042032,0.0994475371120108,2 11 5 20 1 21 10 25 22 4 8 18 7 24 23 9 19 3 14 12 16 15 6 13 17
175,Instances_highcost_H6/abs5n25,4,25,2234.0,2284.0,0.978108581436077,0.059054018593492276,2 11 5 20 1 21 10 25 22 4 8 18 7 24 9 19 3 23 14 12 16 15 6 17 13
175,Instances_highcost_H6/abs5n25,5,25,2233.0,2284.0,0.9776707530647986,0.10072068526015894,2 11 5 20 1 21 10 25 22 4 8 18 7 24 9 19 3 23 14 12 16 15 6 13 17
175,Instances_highcost_H6/abs5n30,0,0,0.0,0.0,nan,nan,
175,Instances_highcost_H6/abs5n30,1,30,2439.0,2221.0,1.0981539846915804,0.06994216461094863,24 1 26 20 3 11 28 7 10 23 16 25 19 14 8 9 13 4 29 22 21 2 18 27 12 30 6 17 15 5
175,Instances_highcost_H6/abs5n30,2,30,2344.0,2221.0,1.0553804592525888,0.060109544560275854,24 1 26 20 3 11 28 7 10 23 16 14 8 9 13 4 29 22 21 2 18 27 19 25 6 17 15 30 12 5
175,Instances_highcost_H6/abs5n30,3,30,2405.0,2221.0,1.0828455650607833,0.06419503817416702,24 1 26 20 3 11 28 7 10 23 16 25 19 14 8 9 13 4 29 22 21 2 18 27 12 6 17 15 30 5
175,Instances_highcost_H6/abs5n30,4,30,2344.0,2221.0,1.0553804592525888,0.060109544560275854,24 1 26 20 3 11 28 7 10 23 16 14 8 9 13 4 29 22 21 2 18 27 19 25 6 17 15 30 12 5
175,Instances_highcost_H6/abs5n30,5,30,2405.0,2221.0,1.0828455650607833,0.06419503817416702,24 1 26 20 3 11 28 7 10 23 16 25 19 14 8 9 13 4 29 22 21 2 18 27 12 6 17 15 30 5
175,Instances_highcost_H6/abs5n5,0,0,0.0,0.0,nan,nan,
175,Instances_highcost_H6/abs5n5,1,5,1010.0,865.0,1.1676300578034682,0.08333333333333333,3 5 4 1 2
175,Instances_highcost_H6/abs5n5,2,5,1010.0,865.0,1.1676300578034682,0.08333333333333333,3 5 4 1 2
175,Instances_highcost_H6/abs5n5,3,5,1010.0,865.0,1.1676300578034682,0.08333333333333333,3 5 4 1 2
175,Instances_highcost_H6/abs5n5,4,5,1010.0,865.0,1.1676300578034682,0.08333333333333333,3 5 4 1 2
175,Instances_highcost_H6/abs5n5,5,5,1010.0,865.0,1.1676300578034682,0.08333333333333333,3 5 4 1 2
175,Instances_lowcost_H3/abs5n10,0,0,0.0,0.0,nan,nan,
175,Instances_lowcost_H3/abs5n10,1,10,1431.0,1480.0,0.9668918918918918,0.032407407407407406,2 7 9 10 3 1 4 5 6 8
175,Instances_lowcost_H3/abs5n10,2,10,1431.0,1480.0,0.9668918918918918,0.032407407407407406,2 7 9 10 3 1 4 5 6 8
175,Instances_lowcost_H3/abs5n15,0,0,0.0,0.0,nan,nan,
175,Instances_lowcost_H3/abs5n15,1,15,1907.0,1469.0,1.2981620149761743,0.03540507111935683,9 15 3 6 4 14 1 10 7 8 12 11 13 2 5
175,Instances_lowcost_H3/abs5n15,2,15,1907.0,1469.0,1.2981620149761743,0.03540507111935683,9 15 3 6 4 14 1 10 7 8 12 11 13 2 5
175,Instances_lowcost_H3/abs5n20,0,0,0.0,0.0,nan,nan,
175,Instances_lowcost_H3/abs5n20,1,20,2391.0,2221.0,1.0765420981539846,0.11814278342916115,19 14 17 18 5 8 13 7 15 12 20 11 10 9 6 2 4 16 1 3
175,Instances_lowcost_H3/abs5n20,2,20,2294.0,2221.0,1.0328680774425933,0.06902220586431113,19 17 5 18 8 13 14 16 2 6 9 10 11 20 12 15 7 3 1 4
175,Instances_lowcost_H3/abs5n25,0,0,0.0,0.0,nan,nan,
175,Instances_lowcost_H3/abs5n25,1,25,2762.0,2284.0,1.2092819614711032,0.08319486617183985,2 11 5 20 1 21 25 22 8 4 12 18 7 24 9 19 3 23 14 16 15 6 13 17 10
175,Instances_lowcost_H3/abs5n25,2,25,2234.0,2284.0,0.978108581436077,0.059054018593492276,2 11 5 20 1 21 10 25 22 4 8 18 7 24 9 19 3 23 14 12 16 15 6 17 13
175,Instances_lowcost_H3/abs5n30,0,0,0.0,0.0,nan,nan,
175,Instances_lowcost_H3/abs5n30,1,30,2439.0,2221.0,1.0981539846915804,0.06994216461094863,24 1 26 20 3 11 28 7 10 23 16 25 19 14 8 9 13 4 29 22 21 2 18 27 12 30 6 17 15 5
175,Instances_lowcost_H3/abs5n30,2,30,2344.0,2221.0,1.0553804592525888,0.060109544560275854,24 1 26 20 3 11 28 7 10 23 16 14 8 9 13 4 29 22 21 2 18 27 19 25 6 17 15 30 12 5
175,Instances_lowcost_H3/abs5n35,0,0,0.0,0.0,nan,nan,
175,Instances_lowcost_H3/abs5n35,1,35,2638.0,2679.0,0.9846957820082121,0.01866537619350842,28 1 18 8 19 34 4 15 9 23 3 6 25 7 20 14 31 16 27 35 32 24 5 11 12 17 29 30 26 22 13 2 33 21 10
175,Instances_lowcost_H3/abs5n35,2,35,2770.0,2679.0,1.0339678984695782,0.03860921916623737,28 1 18 21 8 19 34 4 15 9 23 3 6 25 30 29 26 7 20 14 31 16 27 35 22 17 12 11 5 13 2 33 10 32 24
175,Instances_lowcost_H3/abs5n40,0,0,0.0,0.0,nan,nan,
175,Instances_lowcost_H3/abs5n40,1,40,3306.0,2647.0,1.2489610880241784,0.06459837435962704,30 4 31 13 3 19 38 18 6 34 17 25 8 39 26 22 14 12 37 7 32 15 33 24 40 5 10 35 28 36 21 27 11 16 29 20 9 2 1 23
175,Instances_lowcost_H3/abs5n40,2,40,2922.0,2647.0,1.1038911975821686,0.05345570509597659,4 30 31 13 3 19 38 18 6 34 17 8 25 39 26 22 14 12 37 2 9 32 15 33 24 40 5 10 23 35 28 36 21 27 11 16 29 20 1 7
175,Instances_lowcost_H3/abs5n45,0,0,0.0,0.0,nan,nan,
175,Instances_lowcost_H3/abs5n45,1,45,3108.0,2475.0,1.2557575757575759,0.04124624489243144,33 9 22 36 41 23 3 38 10 43 45 32 42 5 14 30 19 39 15 16 4 34 17 44 24 11 7 31 26 18 37 35 8 29 20 21 27 13 25 40 6 28 1 12 2
175,Instances_lowcost_H3/abs5n45,2,45,2783.0,2475.0,1.1244444444444444,0.0421387136923342,28 33 9 14 5 36 41 23 3 38 10 43 45 32 42 30 22 19 39 15 16 4 2 31 34 24 44 17 11 7 26 18 37 35 8 29 20 25 13 27 6 40 21 12 1
175,Instances_lowcost_H3/abs5n5,0,0,0.0,0.0,nan,nan,
175,Instances_lowcost_H3/abs5n5,1,5,1010.0,865.0,1.1676300578034682,0.08333333333333333,3 5 4 1 2
175,Instances_lowcost_H3/abs5n5,2,5,1010.0,865.0,1.1676300578034682,0.08333333333333333,3 5 4 1 2
175,Instances_lowcost_H3/abs5n50,0,0,0.0,0.0,nan,nan,
175,Instances_lowcost_H3/abs5n50,1,50,3534.0,3165.0,1.1165876777251185,0.030774954799325516,33 45 32 26 44 31 4 49 13 20 42 48 12 36 22 38 18 46 6 39 14 25 34 7 27 24 1 40 8 19 21 16 2 29 11 17 23 41 50 28 37 35 9 47 43 30 15 3 10 5
175,Instances_lowcost_H3/abs5n50,2,50,3326.0,3165.0,1.05086887835703,0.024851241989515275,45 33 41 32 26 44 31 4 49 13 20 42 48 12 36 22 37 50 28 43 23 30 17 35 9 47 11 29 2 16 19 8 1 40 24 27 34 7 25 14 39 5 6 10 46 18 38 3 15 21
175,Instances_lowcost_H6/abs5n10,0,0,0.0,0.0,nan,nan,
175,Instances_lowcost_H6/abs5n10,1,10,1431.0,1480.0,0.9668918918918918,0.032407407407407406,2 7 9 10 3 1 4 5 6 8
175,Instances_lowcost_H6/abs5n10,2,10,1431.0,1480.0,0.9668918918918918,0.032407407407407406,2 7 9 10 3 1 4 5 6 8
175,Instances_lowcost_H6/abs5n10,3,10,1431.0,1480.0,0.9668918918918918,0.032407407407407406,2 7 9 10 3 1 4 5 6 8
175,Instances_lowcost_H6/abs5n10,4,10,1431.0,1480.0,0.9668918918918918,0.032407407407407406,2 7 9 10 3 1 4 5 6 8
175,Instances_lowcost_H6/abs5n10,5,10,1431.0,1480.0,0.9668918918918918,0.032407407407407406,2 7 9 10 3 1 4 5 6 8
175,Instances_lowcost_H6/abs5n15,0,0,0.0,0.0,nan,nan,
175,Instances_lowcost_H6/abs5n15,1,15,1907.0,1469.0,1.2981620149761743,0.03540507111935683,9 15 3 6 4 14 1 10 7 8 12 11 13 2 5
175,Instances_lowcost_H6/abs5n15,2,15,1907.0,1469.0,1.2981620149761743,0.03540507111935683,9 15 3 6 4 14 1 10 7 8 12 11 13 2 5
175,Instances_lowcost_H6/abs5n15,3,15,1907.0,1469.0,1.2981620149761743,0.03540507111935683,9 15 3 6 4 14 1 10 7 8 12 11 13 2 5
175,Instances_lowcost_H6/abs5n15,4,15,1907.0,1469.0,1.2981620149761743,0.03540507111935683,9 15 3 6 4 14 1 10 7 8 12 11 13 2 5
175,Instances_lowcost_H6/abs5n15,5,15,1907.0,1469.0,1.2981620149761743,0.03540507111935683,9 15 3 6 4 14 1 10 7 8 12 11 13 2 5
175,Instances_lowcost_H6/abs5n20,0,0,0.0,0.0,nan,nan,
175,Instances_lowcost_H6/abs5n20,1,20,2391.0,2221.0,1.0765420981539846,0.11814278342916115,19 14 17 18 5 8 13 7 15 12 20 11 10 9 6 2 4 16 1 3
175,Instances_lowcost_H6/abs5n20,2,20,2294.0,2221.0,1.0328680774425933,0.06902220586431113,19 17 5 18 8 13 14 16 2 6 9 10 11 20 12 15 7 3 1 4
175,Instances_lowcost_H6/abs5n20,3,20,2360.0,2221.0,1.0625844214317874,0.05638544891640867,19 17 18 5 14 16 4 2 6 9 10 11 20 12 15 7 3 1 8 13
175,Instances_lowcost_H6/abs5n20,4,20,2294.0,2221.0,1.0328680774425933,0.06902220586431113,19 17 5 18 8 13 14 16 2 6 9 10 11 20 12 15 7 3 1 4
175,Instances_lowcost_H6/abs5n20,5,20,2360.0,2221.0,1.0625844214317874,0.05638544891640867,19 17 18 5 14 16 4 2 6 9 10 11 20 12 15 7 3 1 8 13
175,Instances_lowcost_H6/abs5n25,0,0,0.0,0.0,nan,nan,
175,Instances_lowcost_H6/abs5n25,1,25,2762.0,2284.0,1.2092819614711032,0.08319486617183985,2 11 5 20 1 21 25 22 8 4 12 18 7 24 9 19 3 23 14 16 15 6 13 17 10
175,Instances_lowcost_H6/abs5n25,2,25,2234.0,2284.0,0.978108581436077,0.059054018593492276,2 11 5 20 1 21 10 25 22 4 8 18 7 24 9 19 3 23 14 12 16 15 6 17 13
175,Instances_lowcost_H6/abs5n25,3,25,2256.0,2284.0,0.9877408056042032,0.0994475371120108,2 11 5 20 1 21 10 25 22 4 8 18 7 24 23 9 19 3 14 12 16 15 6 13 17
175,Instances_lowcost_H6/abs5n25,4,25,2234.0,2284.0,0.978108581436077,0.059054018593492276,2 11 5 20 1 21 10 25 22 4 8 18 7 24 9 19 3 23 14 12 16 15 6 17 13
175,Instances_lowcost_H6/abs5n25,5,25,2233.0,2284.0,0.9776707530647986,0.10072068526015894,2 11 5 20 1 21 10 25 22 4 8 18 7 24 9 19 3 23 14 12 16 15 6 13 17
175,Instances_lowcost_H6/abs5n30,0,0,0.0,0.0,nan,nan,
175,Instances_lowcost_H6/abs5n30,1,30,2439.0,2221.0,1.0981539846915804,0.06994216461094863,24 1 26 20 3 11 28 7 10 23 16 25 19 14 8 9 13 4 29 22 21 2 18 27 12 30 6 17 15 5
175,Instances_lowcost_H6/abs5n30,2,30,2344.0,2221.0,1.0553804592525888,0.060109544560275854,24 1 26 20 3 11 28 7 10 23 16 14 8 9 13 4 29 22 21 2 18 27 19 25 6 17 15 30 12 5
175,Instances_lowcost_H6/abs5n30,3,30,2405.0,2221.0,1.0828455650607833,0.06419503817416702,24 1 26 20 3 11 28 7 10 23 16 25 19 14 8 9 13 4 29 22 21 2 18 27 12 6 17 15 30 5
175,Instances_lowcost_H6/abs5n30,4,30,2344.0,2221.0,1.0553804592525888,0.060109544560275854,24 1 26 20 3 11 28 7 10 23 16 14 8 9 13 4 29 22 21 2 18 27 19 25 6 17 15 30 12 5
175,Instances_lowcost_H6/abs5n30,5,30,2405.0,2221.0,1.0828455650607833,0.06419503817416702,24 1 26 20 3 11 28 7 10 23 16 25 19 14 8 9 13 4 29 22 21 2 18 27 12 6 17 15 30 5
175,Instances_lowcost_H6/abs5n5,0,0,0.0,0.0,nan,nan,
175,Instances_lowcost_H6/abs5n5,1,5,1010.0,865.0,1.1676300578034682,0.08333333333333333,3 5 4 1 2
175,Instances_lowcost_H6/abs5n5,2,5,1010.0,865.0,1.1676300578034682,0.08333333333333333,3 5 4 1 2
175,Instances_lowcost_H6/abs5n5,3,5,1010.0,865.0,1.1676300578034682,0.08333333333333333,3 5 4 1 2
175,Instances_lowcost_H6/abs5n5,4,5,1010.0,865.0,1.1676300578034682,0.08333333333333333,3 5 4 1 2
175,Instances_lowcost_H6/abs5n5,5,5,1010.0,865.0,1.1676300578034682,0.08333333333333333,3 5 4 1 2
200,Instances_highcost_H3/abs5n10,0,0,0.0,0.0,nan,nan,
200,Instances_highcost_H3/abs5n10,1,6,1184.0,1184.0,1.0,0.0,8 6 5 4 10 7
200,Instances_highcost_H3/abs5n10,2,10,1460.0,1480.0,0.9864864864864865,0.013888888888888888,2 7 9 8 6 5 4 1 3 10
200,Instances_highcost_H3/abs5n15,0,0,0.0,0.0,nan,nan,
200,Instances_highcost_H3/abs5n15,1,14,1624.0,1457.0,1.1146190803019904,0.04615384615384615,9 15 3 6 4 14 1 5 2 11 13 12 8 7
200,Instances_highcost_H3/abs5n15,2,15,1907.0,1469.0,1.2981620149761743,0.03540507111935683,9 15 3 6 4 14 1 10 7 8 12 11 13 2 5
200,Instances_highcost_H3/abs5n20,0,0,0.0,0.0,nan,nan,
200,Instances_highcost_H3/abs5n20,1,20,2422.0,2221.0,1.090499774876182,0.07490970072239422,19 14 17 18 5 8 13 7 15 12 20 10 9 6 2 16 4 11 1 3
200,Instances_highcost_H3/abs5n20,2,20,2363.0,2221.0,1.0639351643403872,0.10178018575851393,19 14 5 17 18 8 13 7 15 12 20 10 9 6 2 4 16 11 1 3
200,Instances_highcost_H3/abs5n25,0,0,0.0,0.0,nan,nan,
200,Instances_highcost_H3/abs5n25,1,11,1401.0,1325.0,1.0573584905660378,0.05,13 5 21 15 16 14 7 24 9 3 6
200,Instances_highcost_H3/abs5n25,2,25,2234.0,2284.0,0.978108581436077,0.059054018593492276,2 11 5 20 1 21 10 25 22 4 8 18 7 24 9 19 3 23 14 12 16 15 6 17 13
200,Instances_highcost_H3/abs5n30,0,0,0.0,0.0,nan,nan,
200,Instances_highcost_H3/abs5n30,1,15,1979.0,1742.0,1.1360505166475316,0.1385727367870225,10 24 1 11 28 30 25 16 19 27 9 8 29 4 2
200,Instances_highcost_H3/abs5n30,2,30,2449.0,2221.0,1.1026564610535794,0.04757323029982366,24 1 26 20 3 11 28 7 10 23 16 14 8 9 13 4 22 29 21 2 18 27 12 15 17 6 25 19 30 5
200,Instances_highcost_H3/abs5n35,0,0,0.0,0.0,nan,nan,
200,Instances_highcost_H3/abs5n35,1,23,2564.0,2313.0,1.1085170773886728,0.040436663283553234,28 10 32 27 31 16 14 20 7 26 30 3 6 25 4 34 19 23 11 5 24 35 22
200,Instances_highcost_H3/abs5n35,2,35,2604.0,2679.0,0.9720044792833147,0.022535044398290974,28 1 18 21 8 19 34 4 15 9 23 3 6 25 7 20 14 31 16 27 35 32 24 5 11 12 17 30 29 26 22 13 2 33 10
200,Instances_highcost_H3/abs5n40,0,0,0.0,0.0,nan,nan,
200,Instances_highcost_H3/abs5n40,1,39,2901.0,2477.0,1.1711748082357691,0.06816870813632261,30 4 31 3 19 38 18 6 34 17 8 25 39 26 22 14 12 37 7 20 32 15 33 24 40 5 10 35 28 21 27 36 23 11 16 29 1 9 2
200,Instances_highcost_H3/abs5n40,2,40,3075.0,2647.0,1.1616924820551568,0.07101539572068269,4 30 31 13 3 19 38 18 6 34 17 25 8 39 26 22 14 37 12 1 20 32 15 33 24 40 5 10 35 28 21 27 36 23 11 16 29 7 9 2
200,Instances_highcost_H3/abs5n45,0,0,0.0,0.0,nan,nan,
200,Instances_highcost_H3/abs5n45,1,45,3018.0,2475.0,1.2193939393939395,0.037096479483593375,28 33 9 22 36 41 23 3 38 10 43 45 32 42 5 14 30 19 4 15 16 39 34 44 24 17 11 37 35 8 20 29 12 1 18 7 31 26 2 25 13 27 21 40 6
200,Instances_highcost_H3/abs5n45,2,45,3053.0,2475.0,1.2335353535353535,0.05987073151874905,28 33 9 14 5 36 41 23 3 38 10 43 45 32 19 42 30 22 6 40 13 20 35 8 37 44 24 34 16 15 4 39 2 31 17 11 7 26 18 1 12 29 25 21 27
200,Instances_highcost_H3/abs5n5,0,0,0.0,0.0,nan,nan,
200,Instances_highcost_H3/abs5n5,1,2,364.0,364.0,1.0,0.0,1 4
200,Instances_highcost_H3/abs5n5,2,5,1010.0,865.0,1.1676300578034682,0.08333333333333333,3 5 4 1 2
200,Instances_highcost_H3/abs5n50,0,0,0.0,0.0,nan,nan,
200,Instances_highcost_H3/abs5n50,1,46,3062.0,2937.0,1.0425604358188627,0.04658180741658318,33 41 32 50 44 4 13 42 20 48 12 36 5 39 14 25 7 34 27 24 1 40 8 19 21 16 2 29 11 15 3 18 46 10 6 38 22 47 35 37 28 23 43 30 17 9
200,Instances_highcost_H3/abs5n50,2,50,3585.0,3165.0,1.132701421800948,0.058691125019689636,45 33 41 32 26 44 31 4 49 13 20 42 48 12 36 22 38 18 46 10 14 25 7 34 27 24 1 40 8 19 21 16 2 29 17 23 50 28 37 35 43 30 9 47 11 15 3 6 39 5
200,Instances_highcost_H6/abs5n10,0,0,0.0,0.0,nan,nan,
200,Instances_highcost_H6/abs5n10,1,6,1184.0,1184.0,1.0,0.0,8 6 5 4 10 7
200,Instances_highcost_H6/abs5n10,2,10,1460.0,1480.0,0.9864864864864865,0.013888888888888888,2 7 9 8 6 5 4 1 3 10
200,Instances_highcost_H6/abs5n10,3,10,1460.0,1480.0,0.9864864864864865,0.013888888888888888,2 7 9 8 6 5 4 1 3 10
200,Instances_highcost_H6/abs5n10,4,10,1460.0,1480.0,0.9864864864864865,0.013888888888888888,2 7 9 8 6 5 4 1 3 10
200,Instances_highcost_H6/abs5n10,5,10,1460.0,1480.0,0.9864864864864865,0.013888888888888888,2 7 9 8 6 5 4 1 3 10
200,Instances_highcost_H6/abs5n15,0,0,0.0,0.0,nan,nan,
200,Instances_highcost_H6/abs5n15,1,14,1624.0,1457.0,1.1146190803019904,0.04615384615384615,9 15 3 6 4 14 1 5 2 11 13 12 8 7
200,Instances_highcost_H6/abs5n15,2,15,1907.0,1469.0,1.2981620149761743,0.03540507111935683,9 15 3 6 4 14 1 10 7 8 12 11 13 2 5
200,Instances_highcost_H6/abs5n15,3,15,1907.0,1469.0,1.2981620149761743,0.03540507111935683,9 15 3 6 4 14 1 10 7 8 12 11 13 2 5
200,Instances_highcost_H6/abs5n15,4,15,1907.0,1469.0,1.2981620149761743,0.03540507111935683,9 15 3 6 4 14 1 10 7 8 12 11 13 2 5
200,Instances_highcost_H6/abs5n15,5,15,1907.0,1469.0,1.2981620149761743,0.03540507111935683,9 15 3 6 4 14 1 10 7 8 12 11 13 2 5
200,Instances_highcost_H6/abs5n20,0,0,0.0,0.0,nan,nan,
200,Instances_highcost_H6/abs5n20,1,20,2422.0,2221.0,1.090499774876182,0.07490970072239422,19 14 17 18 5 8 13 7 15 12 20 10 9 6 2 16 4 11 1 3
200,Instances_highcost_H6/abs5n20,2,20,2363.0,2221.0,1.0639351643403872,0.10178018575851393,19 14 5 17 18 8 13 7 15 12 20 10 9 6 2 4 16 11 1 3
200,Instances_highcost_H6/abs5n20,3,20,2422.0,2221.0,1.090499774876182,0.07490970072239422,19 14 17 18 5 8 13 7 15 12 20 10 9 6 2 16 4 11 1 3
200,Instances_highcost_H6/abs5n20,4,20,2363.0,2221.0,1.0639351643403872,0.10178018575851393,19 14 5 17 18 8 13 7 15 12 20 10 9 6 2 4 16 11 1 3
200,Instances_highcost_H6/abs5n20,5,20,2422.0,2221.0,1.090499774876182,0.07490970072239422,19 14 17 18 5 8 13 7 15 12 20 10 9 6 2 16 4 11 1 3
200,Instances_highcost_H6/abs5n25,0,0,0.0,0.0,nan,nan,
200,Instances_highcost_H6/abs5n25,1,11,1401.0,1325.0,1.0573584905660378,0.05,13 5 21 15 16 14 7 24 9 3 6
200,Instances_highcost_H6/abs5n25,2,25,2234.0,2284.0,0.978108581436077,0.059054018593492276,2 11 5 20 1 21 10 25 22 4 8 18 7 24 9 19 3 23 14 12 16 15 6 17 13
200,Instances_highcost_H6/abs5n25,3,25,2306.0,2284.0,1.0096322241681261,0.04864243943191312,2 11 5 20 1 21 10 25 22 8 4 12 18 7 24 23 9 19 3 6 16 14 15 13 17
200,Instances_highcost_H6/abs5n25,4,25,2234.0,2284.0,0.978108581436077,0.059054018593492276,2 11 5 20 1 21 10 25 22 4 8 18 7 24 9 19 3 23 14 12 16 15 6 17 13
200,Instances_highcost_H6/abs5n25,5,25,2306.0,2284.0,1.0096322241681261,0.04864243943191312,2 11 5 20 1 21 10 25 22 8 4 12 18 7 24 23 9 19 3 6 16 14 15 13 17
200,Instances_highcost_H6/abs5n30,0,0,0.0,0.0,nan,nan,
200,Instances_highcost_H6/abs5n30,1,15,1979.0,1742.0,1.1360505166475316,0.1385727367870225,10 24 1 11 28 30 25 16 19 27 9 8 29 4 2
200,Instances_highcost_H6/abs5n30,2,30,2449.0,2221.0,1.1026564610535794,0.04757323029982366,24 1 26 20 3 11 28 7 10 23 16 14 8 9 13 4 22 29 21 2 18 27 12 15 17 6 25 19 30 5
200,Instances_highcost_H6/abs5n30,3,30,2481.0,2221.0,1.1170643854119766,0.058223463757765576,10 7 23 16 25 19 14 8 9 13 4 29 22 21 2 18 27 12 30 17 6 15 28 11 3 24 1 26 20 5
200,Instances_highcost_H6/abs5n30,4,30,2449.0,2221.0,1.1026564610535794,0.04757323029982366,24 1 26 20 3 11 28 7 10 23 16 14 8 9 13 4 22 29 21 2 18 27 12 15 17 6 25 19 30 5
200,Instances_highcost_H6/abs5n30,5,30,2481.0,2221.0,1.1170643854119766,0.058223463757765576,10 7 23 16 25 19 14 8 9 13 4 29 22 21 2 18 27 12 30 17 6 15 28 11 3 24 1 26 20 5
200,Instances_highcost_H6/abs5n5,0,0,0.0,0.0,nan,nan,
200,Instances_highcost_H6/abs5n5,1,2,364.0,364.0,1.0,0.0,1 4
200,Instances_highcost_H6/abs5n5,2,5,1010.0,865.0,1.1676300578034682,0.08333333333333333,3 5 4 1 2
200,Instances_highcost_H6/abs5n5,3,5,1010.0,865.0,1.1676300578034682,0.08333333333333333,3 5 4 1 2
200,Instances_highcost_H6/abs5n5,4,5,1010.0,865.0,1.1676300578034682,0.08333333333333333,3 5 4 1 2
200,Instances_highcost_H6/abs5n5,5,5,1010.0,865.0,1.1676300578034682,0.08333333333333333,3 5 4 1 2
200,Instances_lowcost_H3/abs5n10,0,0,0.0,0.0,nan,nan,
200,Instances_lowcost_H3/abs5n10,1,6,1184.0,1184.0,1.0,0.0,8 6 5 4 10 7
200,Instances_lowcost_H3/abs5n10,2,10,1460.0,1480.0,0.9864864864864865,0.013888888888888888,2 7 9 8 6 5 4 1 3 10
200,Instances_lowcost_H3/abs5n15,0,0,0.0,0.0,nan,nan,
200,Instances_lowcost_H3/abs5n15,1,14,1624.0,1457.0,1.1146190803019904,0.04615384615384615,9 15 3 6 4 14 1 5 2 11 13 12 8 7
200,Instances_lowcost_H3/abs5n15,2,15,1907.0,1469.0,1.2981620149761743,0.03540507111935683,9 15 3 6 4 14 1 10 7 8 12 11 13 2 5
200,Instances_lowcost_H3/abs5n20,0,0,0.0,0.0,nan,nan,
200,Instances_lowcost_H3/abs5n20,1,20,2422.0,2221.0,1.090499774876182,0.07490970072239422,19 14 17 18 5 8 13 7 15 12 20 10 9 6 2 16 4 11 1 3
200,Instances_lowcost_H3/abs5n20,2,20,2363.0,2221.0,1.0639351643403872,0.10178018575851393,19 14 5 17 18 8 13 7 15 12 20 10 9 6 2 4 16 11 1 3
200,Instances_lowcost_H3/abs5n25,0,0,0.0,0.0,nan,nan,
200,Instances_lowcost_H3/abs5n25,1,11,1401.0,1325.0,1.0573584905660378,0.05,13 5 21 15 16 14 7 24 9 3 6
200,Instances_lowcost_H3/abs5n25,2,25,2234.0,2284.0,0.978108581436077,0.059054018593492276,2 11 5 20 1 21 10 25 22 4 8 18 7 24 9 19 3 23 14 12 16 15 6 17 13
200,Instances_lowcost_H3/abs5n30,0,0,0.0,0.0,nan,nan,
200,Instances_lowcost_H3/abs5n30,1,15,1979.0,1742.0,1.1360505166475316,0.1385727367870225,10 24 1 11 28 30 25 16 19 27 9 8 29 4 2
200,Instances_lowcost_H3/abs5n30,2,30,2449.0,2221.0,1.1026564610535794,0.04757323029982366,24 1 26 20 3 11 28 7 10 23 16 14 8 9 13 4 22 29 21 2 18 27 12 15 17 6 25 19 30 5
200,Instances_lowcost_H3/abs5n35,0,0,0.0,0.0,nan,nan,
200,Instances_lowcost_H3/abs5n35,1,23,2564.0,2313.0,1.1085170773886728,0.040436663283553234,28 10 32 27 31 16 14 20 7 26 30 3 6 25 4 34 19 23 11 5 24 35 22
200,Instances_lowcost_H3/abs5n35,2,35,2604.0,2679.0,0.9720044792833147,0.022535044398290974,28 1 18 21 8 19 34 4 15 9 23 3 6 25 7 20 14 31 16 27 35 32 24 5 11 12 17 30 29 26 22 13 2 33 10
200,Instances_lowcost_H3/abs5n40,0,0,0.0,0.0,nan,nan,
200,Instances_lowcost_H3/abs5n40,1,39,2901.0,2477.0,1.1711748082357691,0.06816870813632261,30 4 31 3 19 38 18 6 34 17 8 25 39 26 22 14 12 37 7 20 32 15 33 24 40 5 10 35 28 21 27 36 23 11 16 29 1 9 2
200,Instances_lowcost_H3/abs5n40,2,40,3075.0,2647.0,1.1616924820551568,0.07101539572068269,4 30 31 13 3 19 38 18 6 34 17 25 8 39 26 22 14 37 12 1 20 32 15 33 24 40 5 10 35 28 21 27 36 23 11 16 29 7 9 2
200,Instances_lowcost_H3/abs5n45,0,0,0.0,0.0,nan,nan,
200,Instances_lowcost_H3/abs5n45,1,45,3018.0,2475.0,1.2193939393939395,0.037096479483593375,28 33 9 22 36 41 23 3 38 10 43 45 32 42 5 14 30 19 4 15 16 39 34 44 24 17 11 37 35 8 20 29 12 1 18 7 31 26 2 25 13 27 21 40 6
200,Instances_lowcost_H3/abs5n45,2,45,3053.0,2475.0,1.2335353535353535,0.05987073151874905,28 33 9 14 5 36 41 23 3 38 10 43 45 32 19 42 30 22 6 40 13 20 35 8 37 44 24 34 16 15 4 39 2 31 17 11 7 26 18 1 12 29 25 21 27
200,Instances_lowcost_H3/abs5n5,0,0,0.0,0.0,nan,nan,
200,Instances_lowcost_H3/abs5n5,1,2,364.0,364.0,1.0,0.0,1 4
200,Instances_lowcost_H3/abs5n5,2,5,1010.0,865.0,1.1676300578034682,0.08333333333333333,3 5 4 1 2
200,Instances_lowcost_H3/abs5n50,0,0,0.0,0.0,nan,nan,
200,Instances_lowcost_H3/abs5n50,1,46,3062.0,2937.0,1.0425604358188627,0.04658180741658318,33 41 32 50 44 4 13 42 20 48 12 36 5 39 14 25 7 34 27 24 1 40 8 19 21 16 2 29 11 15 3 18 46 10 6 38 22 47 35 37 28 23 43 30 17 9
200,Instances_lowcost_H3/abs5n50,2,50,3585.0,3165.0,1.132701421800948,0.058691125019689636,45 33 41 32 26 44 31 4 49 13 20 42 48 12 36 22 38 18 46 10 14 25 7 34 27 24 1 40 8 19 21 16 2 29 17 23 50 28 37 35 43 30 9 47 11 15 3 6 39 5
200,Instances_lowcost_H6/abs5n10,0,0,0.0,0.0,nan,nan,
200,Instances_lowcost_H6/abs5n10,1,6,1184.0,1184.0,1.0,0.0,8 6 5 4 10 7
200,Instances_lowcost_H6/abs5n10,2,10,1460.0,1480.0,0.9864864864864865,0.013888888888888888,2 7 9 8 6 5 4 1 3 10
200,Instances_lowcost_H6/abs5n10,3,10,1460.0,1480.0,0.9864864864864865,0.013888888888888888,2 7 9 8 6 5 4 1 3 10
200,Instances_lowcost_H6/abs5n10,4,10,1460.0,1480.0,0.9864864864864865,0.013888888888888888,2 7 9 8 6 5 4 1 3 10
200,Instances_lowcost_H6/abs5n10,5,10,1460.0,1480.0,0.9864864864864865,0.013888888888888888,2 7 9 8 6 5 4 1 3 10
200,Instances_lowcost_H6/abs5n15,0,0,0.0,0.0,nan,nan,
200,Instances_lowcost_H6/abs5n15,1,14,1624.0,1457.0,1.1146190803019904,0.04615384615384615,9 15 3 6 4 14 1 5 2 11 13 12 8 7
200,Instances_lowcost_H6/abs5n15,2,15,1907.0,1469.0,1.2981620149761743,0.03540507111935683,9 15 3 6 4 14 1 10 7 8 12 11 13 2 5
200,Instances_lowcost_H6/abs5n15,3,15,1907.0,1469.0,1.2981620149761743,0.03540507111935683,9 15 3 6 4 14 1 10 7 8 12 11 13 2 5
200,Instances_lowcost_H6/abs5n15,4,15,1907.0,1469.0,1.2981620149761743,0.03540507111935683,9 15 3 6 4 14 1 10 7 8 12 11 13 2 5
200,Instances_lowcost_H6/abs5n15,5,15,1907.0,1469.0,1.2981620149761743,0.03540507111935683,9 15 3 6 4 14 1 10 7 8 12 11 13 2 5
200,Instances_lowcost_H6/abs5n20,0,0,0.0,0.0,nan,nan,
200,Instances_lowcost_H6/abs5n20,1,20,2422.0,2221.0,1.090499774876182,0.07490970072239422,19 14 17 18 5 8 13 7 15 12 20 10 9 6 2 16 4 11 1 3
200,Instances_lowcost_H6/abs5n20,2,20,2363.0,2221.0,1.0639351643403872,0.10178018575851393,19 14 5 17 18 8 13 7 15 12 20 10 9 6 2 4 16 11 1 3
200,Instances_lowcost_H6/abs5n20,3,20,2422.0,2221.0,1.090499774876182,0.07490970072239422,19 14 17 18 5 8 13 7 15 12 20 10 9 6 2 16 4 11 1 3
200,Instances_lowcost_H6/abs5n20,4,20,2363.0,2221.0,1.0639351643403872,0.10178018575851393,19 14 5 17 18 8 13 7 15 12 20 10 9 6 2 4 16 11 1 3
200,Instances_lowcost_H6/abs5n20,5,20,2422.0,2221.0,1.090499774876182,0.07490970072239422,19 14 17 18 5 8 13 7 15 12 20 10 9 6 2 16 4 11 1 3
200,Instances_lowcost_H6/abs5n25,0,0,0.0,0.0,nan,nan,
200,Instances_lowcost_H6/abs5n25,1,11,1401.0,1325.0,1.0573584905660378,0.05,13 5 21 15 16 14 7 24 9 3 6
200,Instances_lowcost_H6/abs5n25,2,25,2234.0,2284.0,0.978108581436077,0.059054018593492276,2 11 5 20 1 21 10 25 22 4 8 18 7 24 9 19 3 23 14 12 16 15 6 17 13
200,Instances_lowcost_H6/abs5n25,3,25,2306.0,2284.0,1.0096322241681261,0.04864243943191312,2 11 5 20 1 21 10 25 22 8 4 12 18 7 24 23 9 19 3 6 16 14 15 13 17
200,Instances_lowcost_H6/abs5n25,4,25,2234.0,2284.0,0.978108581436077,0.059054018593492276,2 11 5 20 1 21 10 25 22 4 8 18 7 24 9 19 3 23 14 12 16 15 6 17 13
200,Instances_lowcost_H6/abs5n25,5,25,2306.0,2284.0,1.0096322241681261,0.04864243943191312,2 11 5 20 1 21 10 25 22 8 4 12 18 7 24 23 9 19 3 6 16 14 15 13 17
200,Instances_lowcost_H6/abs5n30,0,0,0.0,0.0,nan,nan,
200,Instances_lowcost_H6/abs5n30,1,15,1979.0,1742.0,1.1360505166475316,0.1385727367870225,10 24 1 11 28 30 25 16 19 27 9 8 29 4 2
200,Instances_lowcost_H6/abs5n30,2,30,2449.0,2221.0,1.1026564610535794,0.04757323029982366,24 1 26 20 3 11 28 7 10 23 16 14 8 9 13 4 22 29 21 2 18 27 12 15 17 6 25 19 30 5
200,Instances_lowcost_H6/abs5n30,3,30,2481.0,2221.0,1.1170643854119766,0.058223463757765576,10 7 23 16 25 19 14 8 9 13 4 29 22 21 2 18 27 12 30 17 6 15 28 11 3 24 1 26 20 5
200,Instances_lowcost_H6/abs5n30,4,30,2449.0,2221.0,1.1026564610535794,0.04757323029982366,24 1 26 20 3 11 28 7 10 23 16 14 8 9 13 4 22 29 21 2 18 27 12 15 17 6 25 19 30 5
200,Instances_lowcost_H6/abs5n30,5,30,2481.0,2221.0,1.1170643854119766,0.058223463757765576,10 7 23 16 25 19 14 8 9 13 4 29 22 21 2 18 27 12 30 17 6 15 28 11 3 24 1 26 20 5
200,Instances_lowcost_H6/abs5n5,0,0,0.0,0.0,nan,nan,
200,Instances_lowcost_H6/abs5n5,1,2,364.0,364.0,1.0,0.0,1 4
200,Instances_lowcost_H6/abs5n5,2,5,1010.0,865.0,1.1676300578034682,0.08333333333333333,3 5 4 1 2
200,Instances_lowcost_H6/abs5n5,3,5,1010.0,865.0,1.1676300578034682,0.08333333333333333,3 5 4 1 2
200,Instances_lowcost_H6/abs5n5,4,5,1010.0,865.0,1.1676300578034682,0.08333333333333333,3 5 4 1 2
200,Instances_lowcost_H6/abs5n5,5,5,1010.0,865.0,1.1676300578034682,0.08333333333333333,3 5 4 1 2
225,Instances_highcost_H3/abs5n10,0,0,0.0,0.0,nan,nan,
225,Instances_highcost_H3/abs5n10,1,5,1184.0,1184.0,1.0,0.0,8 6 4 10 7
225,Instances_highcost_H3/abs5n10,2,10,1460.0,1480.0,0.9864864864864865,0.013888888888888888,2 7 9 8 6 5 4 1 3 10
225,Instances_highcost_H3/abs5n15,0,0,0.0,0.0,nan,nan,
225,Instances_highcost_H3/abs5n15,1,9,1349.0,1221.0,1.1048321048321048,0.025,9 15 3 6 1 5 2 13 8
225,Instances_highcost_H3/abs5n15,2,15,1748.0,1469.0,1.189925119128659,0.08690476190476192,10 7 8 12 11 13 2 5 4 6 3 15 9 1 14
225,Instances_highcost_H3/abs5n20,0,0,0.0,0.0,nan,nan,
225,Instances_highcost_H3/abs5n20,1,11,1588.0,1535.0,1.0345276872964169,0.13333333333333333,19 14 18 8 3 1 20 12 11 10 4
225,Instances_highcost_H3/abs5n20,2,20,2403.0,2221.0,1.0819450697883837,0.07779866332497912,19 2 6 9 10 20 11 4 16 14 17 18 5 8 13 7 15 12 1 3
225,Instances_highcost_H3/abs5n25,0,0,0.0,0.0,nan,nan,
225,Instances_highcost_H3/abs5n25,1,11,1401.0,1325.0,1.0573584905660378,0.05,13 5 21 15 16 14 7 24 9 3 6
225,Instances_highcost_H3/abs5n25,2,25,2234.0,2284.0,0.978108581436077,0.059054018593492276,2 11 5 20 1 21 10 25 22 4 8 18 7 24 9 19 3 23 14 12 16 15 6 17 13
225,Instances_highcost_H3/abs5n30,0,0,0.0,0.0,nan,nan,
225,Instances_highcost_H3/abs5n30,1,15,1890.0,1742.0,1.0849598163030998,0.1051329622758194,1 24 10 11 28 30 27 19 16 25 8 9 29 4 2
225,Instances_highcost_H3/abs5n30,2,30,2622.0,2221.0,1.180549302116164,0.06502782182111301,1 26 20 24 10 7 28 11 3 30 17 23 6 25 16 14 8 9 13 4 22 29 21 2 18 27 12 15 19 5
225,Instances_highcost_H3/abs5n35,0,0,0.0,0.0,nan,nan,
225,Instances_highcost_H3/abs5n35,1,17,2403.0,2125.0,1.1308235294117648,0.06846486846486846,28 32 35 14 20 25 6 3 30 11 23 34 4 19 5 24 22
225,Instances_highcost_H3/abs5n35,2,35,2975.0,2679.0,1.110488988428518,0.013807907298391727,28 1 18 21 33 2 8 19 34 4 15 9 23 12 11 17 29 30 3 6 25 7 20 14 31 16 27 35 32 24 5 13 10 22 26
225,Instances_highcost_H3/abs5n40,0,0,0.0,0.0,nan,nan,
225,Instances_highcost_H3/abs5n40,1,20,2109.0,2058.0,1.0247813411078717,0.04949874686716792,18 6 30 19 9 15 33 40 29 1 20 37 14 39 17 34 27 35 23 25
225,Instances_highcost_H3/abs5n40,2,40,2791.0,2647.0,1.0544012089157537,0.047688542324666,18 6 4 30 31 13 3 19 38 25 8 17 34 26 39 22 14 12 37 2 9 32 15 33 24 40 5 10 23 35 28 21 27 36 11 16 29 1 20 7
225,Instances_highcost_H3/abs5n45,0,0,0.0,0.0,nan,nan,
225,Instances_highcost_H3/abs5n45,1,25,2224.0,2092.0,1.0630975143403443,0.03661616161616161,28 1 18 37 35 20 29 12 25 13 9 22 30 14 41 38 10 43 45 32 39 15 4 34 24
225,Instances_highcost_H3/abs5n45,2,45,2730.0,2475.0,1.103030303030303,0.050606803547230995,28 33 9 6 27 13 20 8 35 37 24 44 17 34 16 15 4 39 3 23 41 36 5 14 30 22 42 32 38 10 43 45 19 2 31 7 11 26 18 1 12 29 25 21 40
225,Instances_highcost_H3/abs5n5,0,0,0.0,0.0,nan,nan,
225,Instances_highcost_H3/abs5n5,1,1,278.0,278.0,1.0,nan,4
225,Instances_highcost_H3/abs5n5,2,5,866.0,865.0,1.001156069364162,0.25,3 4 5 2 1
225,Instances_highcost_H3/abs5n50,0,0,0.0,0.0,nan,nan,
225,Instances_highcost_H3/abs5n50,1,27,2437.0,2275.0,1.0712087912087913,0.05494743782787262,33 32 50 44 4 13 20 36 5 10 25 7 34 27 24 40 8 19 30 23 17 9 47 29 15 46 38
225,Instances_highcost_H3/abs5n50,2,50,3388.0,3165.0,1.0704581358609795,0.05610623907189331,45 33 41 32 26 44 31 4 49 13 20 42 48 12 36 22 38 18 46 6 14 25 39 5 10 7 34 27 24 1 40 8 19 21 16 2 29 15 3 11 17 23 50 28 37 35 43 30 9 47
225,Instances_highcost_H6/abs5n10,0,0,0.0,0.0,nan,nan,
225,Instances_highcost_H6/abs5n10,1,5,1184.0,1184.0,1.0,0.0,8 6 4 10 7
225,Instances_highcost_H6/abs5n10,2,10,1460.0,1480.0,0.9864864864864865,0.013888888888888888,2 7 9 8 6 5 4 1 3 10
225,Instances_highcost_H6/abs5n10,3,10,1460.0,1480.0,0.9864864864864865,0.013888888888888888,2 7 9 8 6 5 4 1 3 10
225,Instances_highcost_H6/abs5n10,4,10,1460.0,1480.0,0.9864864864864865,0.013888888888888888,2 7 9 8 6 5 4 1 3 10
225,Instances_highcost_H6/abs5n10,5,10,1460.0,1480.0,0.9864864864864865,0.013888888888888888,2 7 9 8 6 5 4 1 3 10
225,Instances_highcost_H6/abs5n15,0,0,0.0,0.0,nan,nan,
225,Instances_highcost_H6/abs5n15,1,9,1349.0,1221.0,1.1048321048321048,0.025,9 15 3 6 1 5 2 13 8
225,Instances_highcost_H6/abs5n15,2,15,1748.0,1469.0,1.189925119128659,0.08690476190476192,10 7 8 12 11 13 2 5 4 6 3 15 9 1 14
225,Instances_highcost_H6/abs5n15,3,15,1748.0,1469.0,1.189925119128659,0.08690476190476192,10 7 8 12 11 13 2 5 4 6 3 15 9 1 14
225,Instances_highcost_H6/abs5n15,4,15,1748.0,1469.0,1.189925119128659,0.08690476190476192,10 7 8 12 11 13 2 5 4 6 3 15 9 1 14
225,Instances_highcost_H6/abs5n15,5,15,1748.0,1469.0,1.189925119128659,0.08690476190476192,10 7 8 12 11 13 2 5 4 6 3 15 9 1 14
225,Instances_highcost_H6/abs5n20,0,0,0.0,0.0,nan,nan,
225,Instances_highcost_H6/abs5n20,1,11,1588.0,1535.0,1.0345276872964169,0.13333333333333333,19 14 18 8 3 1 20 12 11 10 4
225,Instances_highcost_H6/abs5n20,2,20,2403.0,2221.0,1.0819450697883837,0.07779866332497912,19 2 6 9 10 20 11 4 16 14 17 18 5 8 13 7 15 12 1 3
225,Instances_highcost_H6/abs5n20,3,20,2261.0,2221.0,1.0180099054479963,0.059941520467836254,19 2 6 9 10 11 20 12 15 7 3 1 4 16 14 5 17 18 8 13
225,Instances_highcost_H6/abs5n20,4,20,2403.0,2221.0,1.0819450697883837,0.07779866332497912,19 2 6 9 10 20 11 4 16 14 17 18 5 8 13 7 15 12 1 3
225,Instances_highcost_H6/abs5n20,5,20,2261.0,2221.0,1.0180099054479963,0.059941520467836254,19 2 6 9 10 11 20 12 15 7 3 1 4 16 14 5 17 18 8 13
225,Instances_highcost_H6/abs5n25,0,0,0.0,0.0,nan,nan,
225,Instances_highcost_H6/abs5n25,1,11,1401.0,1325.0,1.0573584905660378,0.05,13 5 21 15 16 14 7 24 9 3 6
225,Instances_highcost_H6/abs5n25,2,25,2234.0,2284.0,0.978108581436077,0.059054018593492276,2 11 5 20 1 21 10 25 22 4 8 18 7 24 9 19 3 23 14 12 16 15 6 17 13
225,Instances_highcost_H6/abs5n25,3,25,2296.0,2284.0,1.0052539404553416,0.08197577276524647,2 11 5 20 1 21 10 25 22 4 8 12 18 7 24 23 9 19 3 6 16 14 15 17 13
225,Instances_highcost_H6/abs5n25,4,25,2234.0,2284.0,0.978108581436077,0.059054018593492276,2 11 5 20 1 21 10 25 22 4 8 18 7 24 9 19 3 23 14 12 16 15 6 17 13
225,Instances_highcost_H6/abs5n25,5,25,2296.0,2284.0,1.0052539404553416,0.08197577276524647,2 11 5 20 1 21 10 25 22 4 8 12 18 7 24 23 9 19 3 6 16 14 15 17 13
225,Instances_highcost_H6/abs5n30,0,0,0.0,0.0,nan,nan,
225,Instances_highcost_H6/abs5n30,1,15,1890.0,1742.0,1.0849598163030998,0.1051329622758194,1 24 10 11 28 30 27 19 16 25 8 9 29 4 2
225,Instances_highcost_H6/abs5n30,2,30,2622.0,2221.0,1.180549302116164,0.06502782182111301,1 26 20 24 10 7 28 11 3 30 17 23 6 25 16 14 8 9 13 4 22 29 21 2 18 27 12 15 19 5
225,Instances_highcost_H6/abs5n30,3,30,2595.0,2221.0,1.1683926159387663,0.08990636155633044,1 26 24 20 3 11 28 7 10 23 16 25 14 8 9 13 4 29 22 21 2 18 27 12 30 17 6 19 15 5
225,Instances_highcost_H6/abs5n30,4,30,2622.0,2221.0,1.180549302116164,0.06502782182111301,1 26 20 24 10 7 28 11 3 30 17 23 6 25 16 14 8 9 13 4 22 29 21 2 18 27 12 15 19 5
225,Instances_highcost_H6/abs5n30,5,30,2595.0,2221.0,1.1683926159387663,0.08990636155633044,1 26 24 20 3 11 28 7 10 23 16 25 14 8 9 13 4 29 22 21 2 18 27 12 30 17 6 19 15 5
225,Instances_highcost_H6/abs5n5,0,0,0.0,0.0,nan,nan,
225,Instances_highcost_H6/abs5n5,1,1,278.0,278.0,1.0,nan,4
225,Instances_highcost_H6/abs5n5,2,5,866.0,865.0,1.001156069364162,0.25,3 4 5 2 1
225,Instances_highcost_H6/abs5n5,3,5,866.0,865.0,1.001156069364162,0.25,3 4 5 2 1
225,Instances_highcost_H6/abs5n5,4,5,866.0,865.0,1.001156069364162,0.25,3 4 5 2 1
225,Instances_highcost_H6/abs5n5,5,5,866.0,865.0,1.001156069364162,0.25,3 4 5 2 1
225,Instances_lowcost_H3/abs5n10,0,0,0.0,0.0,nan,nan,
225,Instances_lowcost_H3/abs5n10,1,5,1184.0,1184.0,1.0,0.0,8 6 4 10 7
225,Instances_lowcost_H3/abs5n10,2,10,1460.0,1480.0,0.9864864864864865,0.013888888888888888,2 7 9 8 6 5 4 1 3 10
225,Instances_lowcost_H3/abs5n15,0,0,0.0,0.0,nan,nan,
225,Instances_lowcost_H3/abs5n15,1,9,1349.0,1221.0,1.1048321048321048,0.025,9 15 3 6 1 5 2 13 8
225,Instances_lowcost_H3/abs5n15,2,15,1748.0,1469.0,1.189925119128659,0.08690476190476192,10 7 8 12 11 13 2 5 4 6 3 15 9 1 14
225,Instances_lowcost_H3/abs5n20,0,0,0.0,0.0,nan,nan,
225,Instances_lowcost_H3/abs5n20,1,11,1588.0,1535.0,1.0345276872964169,0.13333333333333333,19 14 18 8 3 1 20 12 11 10 4
225,Instances_lowcost_H3/abs5n20,2,20,2403.0,2221.0,1.0819450697883837,0.07779866332497912,19 2 6 9 10 20 11 4 16 14 17 18 5 8 13 7 15 12 1 3
225,Instances_lowcost_H3/abs5n25,0,0,0.0,0.0,nan,nan,
225,Instances_lowcost_H3/abs5n25,1,11,1401.0,1325.0,1.0573584905660378,0.05,13 5 21 15 16 14 7 24 9 3 6
225,Instances_lowcost_H3/abs5n25,2,25,2234.0,2284.0,0.978108581436077,0.059054018593492276,2 11 5 20 1 21 10 25 22 4 8 18 7 24 9 19 3 23 14 12 16 15 6 17 13
225,Instances_lowcost_H3/abs5n30,0,0,0.0,0.0,nan,nan,
225,Instances_lowcost_H3/abs5n30,1,15,1890.0,1742.0,1.0849598163030998,0.1051329622758194,1 24 10 11 28 30 27 19 16 25 8 9 29 4 2
225,Instances_lowcost_H3/abs5n30,2,30,2622.0,2221.0,1.180549302116164,0.06502782182111301,1 26 20 24 10 7 28 11 3 30 17 23 6 25 16 14 8 9 13 4 22 29 21 2 18 27 12 15 19 5
225,Instances_lowcost_H3/abs5n35,0,0,0.0,0.0,nan,nan,
225,Instances_lowcost_H3/abs5n35,1,17,2403.0,2125.0,1.1308235294117648,0.06846486846486846,28 32 35 14 20 25 6 3 30 11 23 34 4 19 5 24 22
225,Instances_lowcost_H3/abs5n35,2,35,2975.0,2679.0,1.110488988428518,0.013807907298391727,28 1 18 21 33 2 8 19 34 4 15 9 23 12 11 17 29 30 3 6 25 7 20 14 31 16 27 35 32 24 5 13 10 22 26
225,Instances_lowcost_H3/abs5n40,0,0,0.0,0.0,nan,nan,
225,Instances_lowcost_H3/abs5n40,1,20,2109.0,2058.0,1.0247813411078717,0.04949874686716792,18 6 30 19 9 15 33 40 29 1 20 37 14 39 17 34 27 35 23 25
225,Instances_lowcost_H3/abs5n40,2,40,2791.0,2647.0,1.0544012089157537,0.047688542324666,18 6 4 30 31 13 3 19 38 25 8 17 34 26 39 22 14 12 37 2 9 32 15 33 24 40 5 10 23 35 28 21 27 36 11 16 29 1 20 7
225,Instances_lowcost_H3/abs5n45,0,0,0.0,0.0,nan,nan,
225,Instances_lowcost_H3/abs5n45,1,25,2224.0,2092.0,1.0630975143403443,0.03661616161616161,28 1 18 37 35 20 29 12 25 13 9 22 30 14 41 38 10 43 45 32 39 15 4 34 24
225,Instances_lowcost_H3/abs5n45,2,45,2730.0,2475.0,1.103030303030303,0.050606803547230995,28 33 9 6 27 13 20 8 35 37 24 44 17 34 16 15 4 39 3 23 41 36 5 14 30 22 42 32 38 10 43 45 19 2 31 7 11 26 18 1 12 29 25 21 40
225,Instances_lowcost_H3/abs5n5,0,0,0.0,0.0,nan,nan,
225,Instances_lowcost_H3/abs5n5,1,1,278.0,278.0,1.0,nan,4
225,Instances_lowcost_H3/abs5n5,2,5,866.0,865.0,1.001156069364162,0.25,3 4 5 2 1
225,Instances_lowcost_H3/abs5n50,0,0,0.0,0.0,nan,nan,
225,Instances_lowcost_H3/abs5n50,1,27,2437.0,2275.0,1.0712087912087913,0.05494743782787262,33 32 50 44 4 13 20 36 5 10 25 7 34 27 24 40 8 19 30 23 17 9 47 29 15 46 38
225,Instances_lowcost_H3/abs5n50,2,50,3388.0,3165.0,1.0704581358609795,0.05610623907189331,45 33 41 32 26 44 31 4 49 13 20 42 48 12 36 22 38 18 46 6 14 25 39 5 10 7 34 27 24 1 40 8 19 21 16 2 29 15 3 11 17 23 50 28 37 35 43 30 9 47
225,Instances_lowcost_H6/abs5n10,0,0,0.0,0.0,nan,nan,
225,Instances_lowcost_H6/abs5n10,1,5,1184.0,1184.0,1.0,0.0,8 6 4 10 7
225,Instances_lowcost_H6/abs5n10,2,10,1460.0,1480.0,0.9864864864864865,0.013888888888888888,2 7 9 8 6 5 4 1 3 10
225,Instances_lowcost_H6/abs5n10,3,10,1460.0,1480.0,0.9864864864864865,0.013888888888888888,2 7 9 8 6 5 4 1 3 10
225,Instances_lowcost_H6/abs5n10,4,10,1460.0,1480.0,0.9864864864864865,0.013888888888888888,2 7 9 8 6 5 4 1 3 10
225,Instances_lowcost_H6/abs5n10,5,10,1460.0,1480.0,0.9864864864864865,0.013888888888888888,2 7 9 8 6 5 4 1 3 10
225,Instances_lowcost_H6/abs5n15,0,0,0.0,0.0,nan,nan,
225,Instances_lowcost_H6/abs5n15,1,9,1349.0,1221.0,1.1048321048321048,0.025,9 15 3 6 1 5 2 13 8
225,Instances_lowcost_H6/abs5n15,2,15,1748.0,1469.0,1.189925119128659,0.08690476190476192,10 7 8 12 11 13 2 5 4 6 3 15 9 1 14
225,Instances_lowcost_H6/abs5n15,3,15,1748.0,1469.0,1.189925119128659,0.08690476190476192,10 7 8 12 11 13 2 5 4 6 3 15 9 1 14
225,Instances_lowcost_H6/abs5n15,4,15,1748.0,1469.0,1.189925119128659,0.08690476190476192,10 7 8 12 11 13 2 5 4 6 3 15 9 1 14
225,Instances_lowcost_H6/abs5n15,5,15,1748.0,1469.0,1.189925119128659,0.08690476190476192,10 7 8 12 11 13 2 5 4 6 3 15 9 1 14
225,Instances_lowcost_H6/abs5n20,0,0,0.0,0.0,nan,nan,
225,Instances_lowcost_H6/abs5n20,1,11,1588.0,1535.0,1.0345276872964169,0.13333333333333333,19 14 18 8 3 1 20 12 11 10 4
225,Instances_lowcost_H6/abs5n20,2,20,2403.0,2221.0,1.0819450697883837,0.07779866332497912,19 2 6 9 10 20 11 4 16 14 17 18 5 8 13 7 15 12 1 3
225,Instances_lowcost_H6/abs5n20,3,20,2261.0,2221.0,1.0180099054479963,0.059941520467836254,19 2 6 9 10 11 20 12 15 7 3 1 4 16 14 5 17 18 8 13
225,Instances_lowcost_H6/abs5n20,4,20,2403.0,2221.0,1.0819450697883837,0.07779866332497912,19 2 6 9 10 20 11 4 16 14 17 18 5 8 13 7 15 12 1 3
225,Instances_lowcost_H6/abs5n20,5,20,2261.0,2221.0,1.0180099054479963,0.059941520467836254,19 2 6 9 10 11 20 12 15 7 3 1 4 16 14 5 17 18 8 13
225,Instances_lowcost_H6/abs5n25,0,0,0.0,0.0,nan,nan,
225,Instances_lowcost_H6/abs5n25,1,11,1401.0,1325.0,1.0573584905660378,0.05,13 5 21 15 16 14 7 24 9 3 6
225,Instances_lowcost_H6/abs5n25,2,25,2234.0,2284.0,0.978108581436077,0.059054018593492276,2 11 5 20 1 21 10 25 22 4 8 18 7 24 9 19 3 23 14 12 16 15 6 17 13
225,Instances_lowcost_H6/abs5n25,3,25,2296.0,2284.0,1.0052539404553416,0.08197577276524647,2 11 5 20 1 21 10 25 22 4 8 12 18 7 24 23 9 19 3 6 16 14 15 17 13
225,Instances_lowcost_H6/abs5n25,4,25,2234.0,2284.0,0.978108581436077,0.059054018593492276,2 11 5 20 1 21 10 25 22 4 8 18 7 24 9 19 3 23 14 12 16 15 6 17 13
225,Instances_lowcost_H6/abs5n25,5,25,2296.0,2284.0,1.0052539404553416,0.08197577276524647,2 11 5 20 1 21 10 25 22 4 8 12 18 7 24 23 9 19 3 6 16 14 15 17 13
225,Instances_lowcost_H6/abs5n30,0,0,0.0,0.0,nan,nan,
225,Instances_lowcost_H6/abs5n30,1,15,1890.0,1742.0,1.0849598163030998,0.1051329622758194,1 24 10 11 28 30 27 19 16 25 8 9 29 4 2
225,Instances_lowcost_H6/abs5n30,2,30,2622.0,2221.0,1.180549302116164,0.06502782182111301,1 26 20 24 10 7 28 11 3 30 17 23 6 25 16 14 8 9 13 4 22 29 21 2 18 27 12 15 19 5
225,Instances_lowcost_H6/abs5n30,3,30,2595.0,2221.0,1.1683926159387663,0.08990636155633044,1 26 24 20 3 11 28 7 10 23 16 25 14 8 9 13 4 29 22 21 2 18 27 12 30 17 6 19 15 5
225,Instances_lowcost_H6/abs5n30,4,30,2622.0,2221.0,1.180549302116164,0.06502782182111301,1 26 20 24 10 7 28 11 3 30 17 23 6 25 16 14 8 9 13 4 22 29 21 2 18 27 12 15 19 5
225,Instances_lowcost_H6/abs5n30,5,30,2595.0,2221.0,1.1683926159387663,0.08990636155633044,1 26 24 20 3 11 28 7 10 23 16 25 14 8 9 13 4 29 22 21 2 18 27 12 30 17 6 19 15 5
225,Instances_lowcost_H6/abs5n5,0,0,0.0,0.0,nan,nan,
225,Instances_lowcost_H6/abs5n5,1,1,278.0,278.0,1.0,nan,4
225,Instances_lowcost_H6/abs5n5,2,5,866.0,865.0,1.001156069364162,0.25,3 4 5 2 1
225,Instances_lowcost_H6/abs5n5,3,5,866.0,865.0,1.001156069364162,0.25,3 4 5 2 1
225,Instances_lowcost_H6/abs5n5,4,5,866.0,865.0,1.001156069364162,0.25,3 4 5 2 1
225,Instances_lowcost_H6/abs5n5,5,5,866.0,865.0,1.001156069364162,0.25,3 4 5 2 1
250,Instances_highcost_H3/abs5n10,0,0,0.0,0.0,nan,nan,
250,Instances_highcost_H3/abs5n10,1,5,1184.0,1184.0,1.0,0.0,8 6 4 10 7
250,Instances_highcost_H3/abs5n10,2,10,1368.0,1480.0,0.9243243243243243,0.10493827160493827,8 6 5 4 1 3 10 7 9 2
250,Instances_highcost_H3/abs5n15,0,0,0.0,0.0,nan,nan,
250,Instances_highcost_H3/abs5n15,1,9,1393.0,1221.0,1.140868140868141,0.05625,9 15 3 6 5 2 13 8 1
250,Instances_highcost_H3/abs5n15,2,15,1641.0,1469.0,1.1170864533696392,0.05714285714285715,10 7 8 12 11 13 2 5 4 6 14 3 15 9 1
250,Instances_highcost_H3/abs5n20,0,0,0.0,0.0,nan,nan,
250,Instances_highcost_H3/abs5n20,1,11,1535.0,1535.0,1.0,0.175,19 14 18 8 3 1 12 20 11 10 4
250,Instances_highcost_H3/abs5n20,2,20,2290.0,2221.0,1.0310670868977938,0.0670747381273697,19 2 6 9 10 20 12 15 7 3 1 11 4 16 14 5 17 18 8 13
250,Instances_highcost_H3/abs5n25,0,0,0.0,0.0,nan,nan,
250,Instances_highcost_H3/abs5n25,1,11,1401.0,1325.0,1.0573584905660378,0.05,13 5 21 15 16 14 7 24 9 3 6
250,Instances_highcost_H3/abs5n25,2,25,2456.0,2284.0,1.075306479859895,0.06798153418219208,2 11 20 5 1 17 13 6 3 19 9 24 7 18 23 14 12 8 4 22 25 10 21 15 16
250,Instances_highcost_H3/abs5n30,0,0,0.0,0.0,nan,nan,
250,Instances_highcost_H3/abs5n30,1,15,1815.0,1742.0,1.041905855338691,0.07537105751391467,1 24 10 11 28 30 27 19 25 16 8 9 29 4 2
250,Instances_highcost_H3/abs5n30,2,30,2619.0,2221.0,1.1791985592075642,0.061307466224489675,1 26 20 24 10 7 28 11 3 30 17 23 15 6 25 16 14 8 9 13 4 22 29 21 2 18 5 12 27 19
250,Instances_highcost_H3/abs5n35,0,0,0.0,0.0,nan,nan,
250,Instances_highcost_H3/abs5n35,1,17,2270.0,2125.0,1.068235294117647,0.05447677322677323,28 32 35 14 20 25 6 3 30 22 24 5 11 23 34 4 19
250,Instances_highcost_H3/abs5n35,2,35,2972.0,2679.0,1.1093691675998507,0.07702198643539175,28 1 18 21 10 16 31 14 20 7 26 22 35 27 32 24 5 11 17 29 30 6 25 3 23 9 4 34 15 19 8 2 33 13 12
250,Instances_highcost_H3/abs5n40,0,0,0.0,0.0,nan,nan,
250,Instances_highcost_H3/abs5n40,1,20,2253.0,2058.0,1.0947521865889214,0.04495885611862473,6 18 30 34 27 35 23 29 1 20 9 15 33 40 37 14 39 17 25 19
250,Instances_highcost_H3/abs5n40,2,40,2892.0,2647.0,1.0925576123913865,0.04267352965792208,18 6 4 30 31 3 13 19 38 25 8 17 34 21 27 28 35 10 23 36 11 26 39 22 14 12 37 1 29 16 7 20 32 15 33 24 40 5 2 9
250,Instances_highcost_H3/abs5n45,0,0,0.0,0.0,nan,nan,
250,Instances_highcost_H3/abs5n45,1,25,2441.0,2092.0,1.1668260038240919,0.09760306873078613,1 29 35 37 24 34 18 12 20 13 25 28 9 22 30 14 41 38 10 43 45 32 39 15 4
250,Instances_highcost_H3/abs5n45,2,45,2647.0,2475.0,1.0694949494949495,0.05567736918437424,28 1 8 35 37 44 24 17 11 34 16 15 4 39 3 23 41 36 5 14 30 22 42 32 38 10 43 45 19 2 31 7 26 18 12 20 29 13 27 25 21 40 6 9 33
250,Instances_highcost_H3/abs5n5,0,0,0.0,0.0,nan,nan,
250,Instances_highcost_H3/abs5n5,1,1,278.0,278.0,1.0,nan,4
250,Instances_highcost_H3/abs5n5,2,5,1062.0,865.0,1.2277456647398843,0.1875,1 4 5 3 2
250,Instances_highcost_H3/abs5n50,0,0,0.0,0.0,nan,nan,
250,Instances_highcost_H3/abs5n50,1,27,2519.0,2275.0,1.1072527472527474,0.04550449550449551,33 40 8 24 34 25 7 27 19 29 15 10 5 46 38 36 20 13 4 44 32 50 23 30 17 9 47
250,Instances_highcost_H3/abs5n50,2,50,3306.0,3165.0,1.0445497630331753,0.046638974028207686,33 45 41 32 50 26 44 31 4 49 13 20 42 48 12 36 5 39 14 25 7 34 27 24 1 40 8 19 21 16 2 29 15 6 10 46 18 38 3 11 47 9 35 37 28 43 23 30 17 22
250,Instances_highcost_H6/abs5n10,0,0,0.0,0.0,nan,nan,
250,Instances_highcost_H6/abs5n10,1,5,1184.0,1184.0,1.0,0.0,8 6 4 10 7
250,Instances_highcost_H6/abs5n10,2,10,1368.0,1480.0,0.9243243243243243,0.10493827160493827,8 6 5 4 1 3 10 7 9 2
250,Instances_highcost_H6/abs5n10,3,5,1184.0,1184.0,1.0,0.0,8 6 4 10 7
250,Instances_highcost_H6/abs5n10,4,10,1368.0,1480.0,0.9243243243243243,0.10493827160493827,8 6 5 4 1 3 10 7 9 2
250,Instances_highcost_H6/abs5n10,5,5,1184.0,1184.0,1.0,0.0,8 6 4 10 7
250,Instances_highcost_H6/abs5n15,0,0,0.0,0.0,nan,nan,
250,Instances_highcost_H6/abs5n15,1,9,1393.0,1221.0,1.140868140868141,0.05625,9 15 3 6 5 2 13 8 1
250,Instances_highcost_H6/abs5n15,2,15,1641.0,1469.0,1.1170864533696392,0.05714285714285715,10 7 8 12 11 13 2 5 4 6 14 3 15 9 1
250,Instances_highcost_H6/abs5n15,3,9,1393.0,1221.0,1.140868140868141,0.05625,9 15 3 6 5 2 13 8 1
250,Instances_highcost_H6/abs5n15,4,15,1641.0,1469.0,1.1170864533696392,0.05714285714285715,10 7 8 12 11 13 2 5 4 6 14 3 15 9 1
250,Instances_highcost_H6/abs5n15,5,9,1393.0,1221.0,1.140868140868141,0.05625,9 15 3 6 5 2 13 8 1
250,Instances_highcost_H6/abs5n20,0,0,0.0,0.0,nan,nan,
250,Instances_highcost_H6/abs5n20,1,11,1535.0,1535.0,1.0,0.175,19 14 18 8 3 1 12 20 11 10 4
250,Instances_highcost_H6/abs5n20,2,20,2290.0,2221.0,1.0310670868977938,0.0670747381273697,19 2 6 9 10 20 12 15 7 3 1 11 4 16 14 5 17 18 8 13
250,Instances_highcost_H6/abs5n20,3,11,1535.0,1535.0,1.0,0.175,19 14 18 8 3 1 12 20 11 10 4
250,Instances_highcost_H6/abs5n20,4,20,2290.0,2221.0,1.0310670868977938,0.0670747381273697,19 2 6 9 10 20 12 15 7 3 1 11 4 16 14 5 17 18 8 13
250,Instances_highcost_H6/abs5n20,5,11,1535.0,1535.0,1.0,0.175,19 14 18 8 3 1 12 20 11 10 4
250,Instances_highcost_H6/abs5n25,0,0,0.0,0.0,nan,nan,
250,Instances_highcost_H6/abs5n25,1,11,1401.0,1325.0,1.0573584905660378,0.05,13 5 21 15 16 14 7 24 9 3 6
250,Instances_highcost_H6/abs5n25,2,25,2456.0,2284.0,1.075306479859895,0.06798153418219208,2 11 20 5 1 17 13 6 3 19 9 24 7 18 23 14 12 8 4 22 25 10 21 15 16
250,Instances_highcost_H6/abs5n25,3,11,1401.0,1325.0,1.0573584905660378,0.05,13 5 21 15 16 14 7 24 9 3 6
250,Instances_highcost_H6/abs5n25,4,25,2456.0,2284.0,1.075306479859895,0.06798153418219208,2 11 20 5 1 17 13 6 3 19 9 24 7 18 23 14 12 8 4 22 25 10 21 15 16
250,Instances_highcost_H6/abs5n25,5,11,1401.0,1325.0,1.0573584905660378,0.05,13 5 21 15 16 14 7 24 9 3 6
250,Instances_highcost_H6/abs5n30,0,0,0.0,0.0,nan,nan,
250,Instances_highcost_H6/abs5n30,1,15,1815.0,1742.0,1.041905855338691,0.07537105751391467,1 24 10 11 28 30 27 19 25 16 8 9 29 4 2
250,Instances_highcost_H6/abs5n30,2,30,2619.0,2221.0,1.1791985592075642,0.061307466224489675,1 26 20 24 10 7 28 11 3 30 17 23 15 6 25 16 14 8 9 13 4 22 29 21 2 18 5 12 27 19
250,Instances_highcost_H6/abs5n30,3,15,1815.0,1742.0,1.041905855338691,0.07537105751391467,1 24 10 11 28 30 27 19 25 16 8 9 29 4 2
250,Instances_highcost_H6/abs5n30,4,30,2619.0,2221.0,1.1791985592075642,0.061307466224489675,1 26 20 24 10 7 28 11 3 30 17 23 15 6 25 16 14 8 9 13 4 22 29 21 2 18 5 12 27 19
250,Instances_highcost_H6/abs5n30,5,15,1815.0,1742.0,1.041905855338691,0.07537105751391467,1 24 10 11 28 30 27 19 25 16 8 9 29 4 2
250,Instances_highcost_H6/abs5n5,0,0,0.0,0.0,nan,nan,
250,Instances_highcost_H6/abs5n5,1,1,278.0,278.0,1.0,nan,4
250,Instances_highcost_H6/abs5n5,2,5,1062.0,865.0,1.2277456647398843,0.1875,1 4 5 3 2
250,Instances_highcost_H6/abs5n5,3,1,278.0,278.0,1.0,nan,4
250,Instances_highcost_H6/abs5n5,4,5,1062.0,865.0,1.2277456647398843,0.1875,1 4 5 3 2
250,Instances_highcost_H6/abs5n5,5,1,278.0,278.0,1.0,nan,4
250,Instances_lowcost_H3/abs5n10,0,0,0.0,0.0,nan,nan,
250,Instances_lowcost_H3/abs5n10,1,5,1184.0,1184.0,1.0,0.0,8 6 4 10 7
250,Instances_lowcost_H3/abs5n10,2,10,1368.0,1480.0,0.9243243243243243,0.10493827160493827,8 6 5 4 1 3 10 7 9 2
250,Instances_lowcost_H3/abs5n15,0,0,0.0,0.0,nan,nan,
250,Instances_lowcost_H3/abs5n15,1,9,1393.0,1221.0,1.140868140868141,0.05625,9 15 3 6 5 2 13 8 1
250,Instances_lowcost_H3/abs5n15,2,15,1641.0,1469.0,1.1170864533696392,0.05714285714285715,10 7 8 12 11 13 2 5 4 6 14 3 15 9 1
250,Instances_lowcost_H3/abs5n20,0,0,0.0,0.0,nan,nan,
250,Instances_lowcost_H3/abs5n20,1,11,1535.0,1535.0,1.0,0.175,19 14 18 8 3 1 12 20 11 10 4
250,Instances_lowcost_H3/abs5n20,2,20,2290.0,2221.0,1.0310670868977938,0.0670747381273697,19 2 6 9 10 20 12 15 7 3 1 11 4 16 14 5 17 18 8 13
250,Instances_lowcost_H3/abs5n25,0,0,0.0,0.0,nan,nan,
250,Instances_lowcost_H3/abs5n25,1,11,1401.0,1325.0,1.0573584905660378,0.05,13 5 21 15 16 14 7 24 9 3 6
250,Instances_lowcost_H3/abs5n25,2,25,2456.0,2284.0,1.075306479859895,0.06798153418219208,2 11 20 5 1 17 13 6 3 19 9 24 7 18 23 14 12 8 4 22 25 10 21 15 16
250,Instances_lowcost_H3/abs5n30,0,0,0.0,0.0,nan,nan,
250,Instances_lowcost_H3/abs5n30,1,15,1815.0,1742.0,1.041905855338691,0.07537105751391467,1 24 10 11 28 30 27 19 25 16 8 9 29 4 2
250,Instances_lowcost_H3/abs5n30,2,30,2619.0,2221.0,1.1791985592075642,0.061307466224489675,1 26 20 24 10 7 28 11 3 30 17 23 15 6 25 16 14 8 9 13 4 22 29 21 2 18 5 12 27 19
250,Instances_lowcost_H3/abs5n35,0,0,0.0,0.0,nan,nan,
250,Instances_lowcost_H3/abs5n35,1,17,2270.0,2125.0,1.068235294117647,0.05447677322677323,28 32 35 14 20 25 6 3 30 22 24 5 11 23 34 4 19
250,Instances_lowcost_H3/abs5n35,2,35,2972.0,2679.0,1.1093691675998507,0.07702198643539175,28 1 18 21 10 16 31 14 20 7 26 22 35 27 32 24 5 11 17 29 30 6 25 3 23 9 4 34 15 19 8 2 33 13 12
250,Instances_lowcost_H3/abs5n40,0,0,0.0,0.0,nan,nan,
250,Instances_lowcost_H3/abs5n40,1,20,2253.0,2058.0,1.0947521865889214,0.04495885611862473,6 18 30 34 27 35 23 29 1 20 9 15 33 40 37 14 39 17 25 19
250,Instances_lowcost_H3/abs5n40,2,40,2892.0,2647.0,1.0925576123913865,0.04267352965792208,18 6 4 30 31 3 13 19 38 25 8 17 34 21 27 28 35 10 23 36 11 26 39 22 14 12 37 1 29 16 7 20 32 15 33 24 40 5 2 9
250,Instances_lowcost_H3/abs5n45,0,0,0.0,0.0,nan,nan,
250,Instances_lowcost_H3/abs5n45,1,25,2441.0,2092.0,1.1668260038240919,0.09760306873078613,1 29 35 37 24 34 18 12 20 13 25 28 9 22 30 14 41 38 10 43 45 32 39 15 4
250,Instances_lowcost_H3/abs5n45,2,45,2647.0,2475.0,1.0694949494949495,0.05567736918437424,28 1 8 35 37 44 24 17 11 34 16 15 4 39 3 23 41 36 5 14 30 22 42 32 38 10 43 45 19 2 31 7 26 18 12 20 29 13 27 25 21 40 6 9 33
250,Instances_lowcost_H3/abs5n5,0,0,0.0,0.0,nan,nan,
250,Instances_lowcost_H3/abs5n5,1,1,278.0,278.0,1.0,nan,4
250,Instances_lowcost_H3/abs5n5,2,5,1062.0,865.0,1.2277456647398843,0.1875,1 4 5 3 2
250,Instances_lowcost_H3/abs5n50,0,0,0.0,0.0,nan,nan,
250,Instances_lowcost_H3/abs5n50,1,27,2519.0,2275.0,1.1072527472527474,0.04550449550449551,33 40 8 24 34 25 7 27 19 29 15 10 5 46 38 36 20 13 4 44 32 50 23 30 17 9 47
250,Instances_lowcost_H3/abs5n50,2,50,3306.0,3165.0,1.0445497630331753,0.046638974028207686,33 45 41 32 50 26 44 31 4 49 13 20 42 48 12 36 5 39 14 25 7 34 27 24 1 40 8 19 21 16 2 29 15 6 10 46 18 38 3 11 47 9 35 37 28 43 23 30 17 22
250,Instances_lowcost_H6/abs5n10,0,0,0.0,0.0,nan,nan,
250,Instances_lowcost_H6/abs5n10,1,5,1184.0,1184.0,1.0,0.0,8 6 4 10 7
250,Instances_lowcost_H6/abs5n10,2,10,1368.0,1480.0,0.9243243243243243,0.10493827160493827,8 6 5 4 1 3 10 7 9 2
250,Instances_lowcost_H6/abs5n10,3,5,1184.0,1184.0,1.0,0.0,8 6 4 10 7
250,Instances_lowcost_H6/abs5n10,4,10,1368.0,1480.0,0.9243243243243243,0.10493827160493827,8 6 5 4 1 3 10 7 9 2
250,Instances_lowcost_H6/abs5n10,5,5,1184.0,1184.0,1.0,0.0,8 6 4 10 7
250,Instances_lowcost_H6/abs5n15,0,0,0.0,0.0,nan,nan,
250,Instances_lowcost_H6/abs5n15,1,9,1393.0,1221.0,1.140868140868141,0.05625,9 15 3 6 5 2 13 8 1
250,Instances_lowcost_H6/abs5n15,2,15,1641.0,1469.0,1.1170864533696392,0.05714285714285715,10 7 8 12 11 13 2 5 4 6 14 3 15 9 1
250,Instances_lowcost_H6/abs5n15,3,9,1393.0,1221.0,1.140868140868141,0.05625,9 15 3 6 5 2 13 8 1
250,Instances_lowcost_H6/abs5n15,4,15,1641.0,1469.0,1.1170864533696392,0.05714285714285715,10 7 8 12 11 13 2 5 4 6 14 3 15 9 1
250,Instances_lowcost_H6/abs5n15,5,9,1393.0,1221.0,1.140868140868141,0.05625,9 15 3 6 5 2 13 8 1
250,Instances_lowcost_H6/abs5n20,0,0,0.0,0.0,nan,nan,
250,Instances_lowcost_H6/abs5n20,1,11,1535.0,1535.0,1.0,0.175,19 14 18 8 3 1 12 20 11 10 4
250,Instances_lowcost_H6/abs5n20,2,20,2290.0,2221.0,1.0310670868977938,0.0670747381273697,19 2 6 9 10 20 12 15 7 3 1 11 4 16 14 5 17 18 8 13
250,Instances_lowcost_H6/abs5n20,3,11,1535.0,1535.0,1.0,0.175,19 14 18 8 3 1 12 20 11 10 4
250,Instances_lowcost_H6/abs5n20,4,20,2290.0,2221.0,1.0310670868977938,0.0670747381273697,19 2 6 9 10 20 12 15 7 3 1 11 4 16 14 5 17 18 8 13
250,Instances_lowcost_H6/abs5n20,5,11,1535.0,1535.0,1.0,0.175,19 14 18 8 3 1 12 20 11 10 4
250,Instances_lowcost_H6/abs5n25,0,0,0.0,0.0,nan,nan,
250,Instances_lowcost_H6/abs5n25,1,11,1401.0,1325.0,1.0573584905660378,0.05,13 5 21 15 16 14 7 24 9 3 6
250,Instances_lowcost_H6/abs5n25,2,25,2456.0,2284.0,1.075306479859895,0.06798153418219208,2 11 20 5 1 17 13 6 3 19 9 24 7 18 23 14 12 8 4 22 25 10 21 15 16
250,Instances_lowcost_H6/abs5n25,3,11,1401.0,1325.0,1.0573584905660378,0.05,13 5 21 15 16 14 7 24 9 3 6
250,Instances_lowcost_H6/abs5n25,4,25,2456.0,2284.0,1.075306479859895,0.06798153418219208,2 11 20 5 1 17 13 6 3 19 9 24 7 18 23 14 12 8 4 22 25 10 21 15 16
250,Instances_lowcost_H6/abs5n25,5,11,1401.0,1325.0,1.0573584905660378,0.05,13 5 21 15 16 14 7 24 9 3 6
250,Instances_lowcost_H6/abs5n30,0,0,0.0,0.0,nan,nan,
250,Instances_lowcost_H6/abs5n30,1,15,1815.0,1742.0,1.041905855338691,0.07537105751391467,1 24 10 11 28 30 27 19 25 16 8 9 29 4 2
250,Instances_lowcost_H6/abs5n30,2,30,2619.0,2221.0,1.1791985592075642,0.061307466224489675,1 26 20 24 10 7 28 11 3 30 17 23 15 6 25 16 14 8 9 13 4 22 29 21 2 18 5 12 27 19
250,Instances_lowcost_H6/abs5n30,3,15,1815.0,1742.0,1.041905855338691,0.07537105751391467,1 24 10 11 28 30 27 19 25 16 8 9 29 4 2
250,Instances_lowcost_H6/abs5n30,4,30,2619.0,2221.0,1.1791985592075642,0.061307466224489675,1 26 20 24 10 7 28 11 3 30 17 23 15 6 25 16 14 8 9 13 4 22 29 21 2 18 5 12 27 19
250,Instances_lowcost_H6/abs5n30,5,15,1815.0,1742.0,1.041905855338691,0.07537105751391467,1 24 10 11 28 30 27 19 25 16 8 9 29 4 2
250,Instances_lowcost_H6/abs5n5,0,0,0.0,0.0,nan,nan,
250,Instances_lowcost_H6/abs5n5,1,1,278.0,278.0,1.0,nan,4
250,Instances_lowcost_H6/abs5n5,2,5,1062.0,865.0,1.2277456647398843,0.1875,1 4 5 3 2
250,Instances_lowcost_H6/abs5n5,3,1,278.0,278.0,1.0,nan,4
250,Instances_lowcost_H6/abs5n5,4,5,1062.0,865.0,1.2277456647398843,0.1875,1 4 5 3 2
250,Instances_lowcost_H6/abs5n5,5,1,278.0,278.0,1.0,nan,4
275,Instances_highcost_H3/abs5n10,0,0,0.0,0.0,nan,nan,
275,Instances_highcost_H3/abs5n10,1,5,1184.0,1184.0,1.0,0.0,8 6 4 10 7
275,Instances_highcost_H3/abs5n10,2,10,1368.0,1480.0,0.9243243243243243,0.10493827160493827,8 6 5 4 1 3 10 7 9 2
275,Instances_highcost_H3/abs5n15,0,0,0.0,0.0,nan,nan,
275,Instances_highcost_H3/abs5n15,1,9,1349.0,1221.0,1.1048321048321048,0.025,9 15 3 6 1 5 2 13 8
275,Instances_highcost_H3/abs5n15,2,15,1641.0,1469.0,1.1170864533696392,0.05714285714285715,10 7 8 12 11 13 2 5 4 6 14 3 15 9 1
275,Instances_highcost_H3/abs5n20,0,0,0.0,0.0,nan,nan,
275,Instances_highcost_H3/abs5n20,1,11,1588.0,1535.0,1.0345276872964169,0.13333333333333333,19 14 18 8 3 1 20 12 11 10 4
275,Instances_highcost_H3/abs5n20,2,20,2277.0,2221.0,1.025213867627195,0.11970631707473812,19 2 6 9 10 20 12 15 7 3 1 11 4 16 14 5 17 18 13 8
275,Instances_highcost_H3/abs5n25,0,0,0.0,0.0,nan,nan,
275,Instances_highcost_H3/abs5n25,1,11,1441.0,1325.0,1.0875471698113208,0.024285714285714285,5 13 6 3 9 24 7 14 16 15 21
275,Instances_highcost_H3/abs5n25,2,25,2494.0,2284.0,1.0919439579684764,0.10885455005520794,2 11 20 5 1 17 13 6 3 19 9 24 7 18 8 4 22 25 10 21 15 12 14 23 16
275,Instances_highcost_H3/abs5n30,0,0,0.0,0.0,nan,nan,
275,Instances_highcost_H3/abs5n30,1,15,1951.0,1742.0,1.1199770378874856,0.10459183673469387,1 24 10 28 11 30 27 19 16 25 9 8 29 4 2
275,Instances_highcost_H3/abs5n30,2,30,2484.0,2221.0,1.1184151283205763,0.059893139898180486,1 26 20 24 10 7 23 17 15 30 28 11 3 5 12 27 18 2 29 4 22 13 21 9 8 14 16 25 19 6
275,Instances_highcost_H3/abs5n35,0,0,0.0,0.0,nan,nan,
275,Instances_highcost_H3/abs5n35,1,17,2164.0,2125.0,1.0183529411764707,0.04891098484848484,28 19 34 4 23 3 6 25 20 14 35 32 24 22 30 11 5
275,Instances_highcost_H3/abs5n35,2,35,2667.0,2679.0,0.9955207166853304,0.04679752209251892,10 28 1 18 21 8 19 34 4 15 9 23 3 6 25 20 7 14 31 16 27 35 32 24 5 17 29 30 26 22 12 11 13 2 33
275,Instances_highcost_H3/abs5n40,0,0,0.0,0.0,nan,nan,
275,Instances_highcost_H3/abs5n40,1,20,2184.0,2058.0,1.0612244897959184,0.03491843644198215,6 30 18 34 27 35 23 29 1 20 9 15 33 40 37 14 39 17 25 19
275,Instances_highcost_H3/abs5n40,2,40,3038.0,2647.0,1.1477143936531924,0.08720618409455987,6 4 30 31 13 3 38 19 8 25 18 34 21 27 28 35 10 23 36 11 26 39 17 22 14 12 37 7 20 32 15 33 24 40 5 29 16 1 9 2
275,Instances_highcost_H3/abs5n45,0,0,0.0,0.0,nan,nan,
275,Instances_highcost_H3/abs5n45,1,25,2183.0,2092.0,1.0434990439770555,0.05383535990153637,28 1 37 35 20 29 25 13 12 18 24 34 15 4 39 38 41 10 43 45 32 22 30 14 9
275,Instances_highcost_H3/abs5n45,2,45,2920.0,2475.0,1.1797979797979798,0.06484401037053321,28 33 6 27 13 20 8 35 37 44 24 17 11 34 31 7 26 18 12 29 25 21 40 1 2 39 15 16 4 3 23 41 36 5 14 30 22 42 32 38 10 43 19 45 9
275,Instances_highcost_H3/abs5n5,0,0,0.0,0.0,nan,nan,
275,Instances_highcost_H3/abs5n5,1,1,278.0,278.0,1.0,nan,4
275,Instances_highcost_H3/abs5n5,2,5,1010.0,865.0,1.1676300578034682,0.08333333333333333,3 5 4 1 2
275,Instances_highcost_H3/abs5n50,0,0,0.0,0.0,nan,nan,
275,Instances_highcost_H3/abs5n50,1,27,2394.0,2275.0,1.0523076923076924,0.08537919498474289,33 32 50 44 4 13 20 36 5 25 7 34 27 24 40 8 19 29 15 10 46 38 47 9 17 23 30
275,Instances_highcost_H3/abs5n50,2,50,3393.0,3165.0,1.0720379146919432,0.047407128973932296,45 33 41 32 26 44 31 4 49 13 20 42 48 12 36 5 39 14 25 7 34 27 24 1 40 8 19 21 16 2 15 10 6 46 18 3 38 11 29 17 30 23 50 28 37 35 43 9 47 22
275,Instances_highcost_H6/abs5n10,0,0,0.0,0.0,nan,nan,
275,Instances_highcost_H6/abs5n10,1,5,1184.0,1184.0,1.0,0.0,8 6 4 10 7
275,Instances_highcost_H6/abs5n10,2,10,1368.0,1480.0,0.9243243243243243,0.10493827160493827,8 6 5 4 1 3 10 7 9 2
275,Instances_highcost_H6/abs5n10,3,5,1184.0,1184.0,1.0,0.0,8 6 4 10 7
275,Instances_highcost_H6/abs5n10,4,10,1368.0,1480.0,0.9243243243243243,0.10493827160493827,8 6 5 4 1 3 10 7 9 2
275,Instances_highcost_H6/abs5n10,5,5,1184.0,1184.0,1.0,0.0,8 6 4 10 7
275,Instances_highcost_H6/abs5n15,0,0,0.0,0.0,nan,nan,
275,Instances_highcost_H6/abs5n15,1,9,1349.0,1221.0,1.1048321048321048,0.025,9 15 3 6 1 5 2 13 8
275,Instances_highcost_H6/abs5n15,2,15,1641.0,1469.0,1.1170864533696392,0.05714285714285715,10 7 8 12 11 13 2 5 4 6 14 3 15 9 1
275,Instances_highcost_H6/abs5n15,3,9,1349.0,1221.0,1.1048321048321048,0.025,9 15 3 6 1 5 2 13 8
275,Instances_highcost_H6/abs5n15,4,15,1641.0,1469.0,1.1170864533696392,0.05714285714285715,10 7 8 12 11 13 2 5 4 6 14 3 15 9 1
275,Instances_highcost_H6/abs5n15,5,9,1349.0,1221.0,1.1048321048321048,0.025,9 15 3 6 1 5 2 13 8
275,Instances_highcost_H6/abs5n20,0,0,0.0,0.0,nan,nan,
275,Instances_highcost_H6/abs5n20,1,11,1588.0,1535.0,1.0345276872964169,0.13333333333333333,19 14 18 8 3 1 20 12 11 10 4
275,Instances_highcost_H6/abs5n20,2,20,2277.0,2221.0,1.025213867627195,0.11970631707473812,19 2 6 9 10 20 12 15 7 3 1 11 4 16 14 5 17 18 13 8
275,Instances_highcost_H6/abs5n20,3,11,1588.0,1535.0,1.0345276872964169,0.13333333333333333,19 14 18 8 3 1 20 12 11 10 4
275,Instances_highcost_H6/abs5n20,4,20,2279.0,2221.0,1.0261143628995948,0.04033490589218143,19 14 5 17 18 13 8 3 1 20 12 15 7 11 10 9 6 2 4 16
275,Instances_highcost_H6/abs5n20,5,11,1588.0,1535.0,1.0345276872964169,0.13333333333333333,19 14 18 8 3 1 20 12 11 10 4
275,Instances_highcost_H6/abs5n25,0,0,0.0,0.0,nan,nan,
275,Instances_highcost_H6/abs5n25,1,11,1441.0,1325.0,1.0875471698113208,0.024285714285714285,5 13 6 3 9 24 7 14 16 15 21
275,Instances_highcost_H6/abs5n25,2,25,2494.0,2284.0,1.0919439579684764,0.10885455005520794,2 11 20 5 1 17 13 6 3 19 9 24 7 18 8 4 22 25 10 21 15 12 14 23 16
275,Instances_highcost_H6/abs5n25,3,11,1441.0,1325.0,1.0875471698113208,0.024285714285714285,5 13 6 3 9 24 7 14 16 15 21
275,Instances_highcost_H6/abs5n25,4,25,2494.0,2284.0,1.0919439579684764,0.10885455005520794,2 11 20 5 1 17 13 6 3 19 9 24 7 18 8 4 22 25 10 21 15 12 14 23 16
275,Instances_highcost_H6/abs5n25,5,11,1441.0,1325.0,1.0875471698113208,0.024285714285714285,5 13 6 3 9 24 7 14 16 15 21
275,Instances_highcost_H6/abs5n30,0,0,0.0,0.0,nan,nan,
275,Instances_highcost_H6/abs5n30,1,15,1951.0,1742.0,1.1199770378874856,0.10459183673469387,1 24 10 28 11 30 27 19 16 25 9 8 29 4 2
275,Instances_highcost_H6/abs5n30,2,30,2484.0,2221.0,1.1184151283205763,0.059893139898180486,1 26 20 24 10 7 23 17 15 30 28 11 3 5 12 27 18 2 29 4 22 13 21 9 8 14 16 25 19 6
275,Instances_highcost_H6/abs5n30,3,15,1951.0,1742.0,1.1199770378874856,0.10459183673469387,1 24 10 28 11 30 27 19 16 25 9 8 29 4 2
275,Instances_highcost_H6/abs5n30,4,30,2484.0,2221.0,1.1184151283205763,0.059893139898180486,1 26 20 24 10 7 23 17 15 30 28 11 3 5 12 27 18 2 29 4 22 13 21 9 8 14 16 25 19 6
275,Instances_highcost_H6/abs5n30,5,15,1951.0,1742.0,1.1199770378874856,0.10459183673469387,1 24 10 28 11 30 27 19 16 25 9 8 29 4 2
275,Instances_highcost_H6/abs5n5,0,0,0.0,0.0,nan,nan,
275,Instances_highcost_H6/abs5n5,1,1,278.0,278.0,1.0,nan,4
275,Instances_highcost_H6/abs5n5,2,5,1010.0,865.0,1.1676300578034682,0.08333333333333333,3 5 4 1 2
275,Instances_highcost_H6/abs5n5,3,1,278.0,278.0,1.0,nan,4
275,Instances_highcost_H6/abs5n5,4,5,1010.0,865.0,1.1676300578034682,0.08333333333333333,3 5 4 1 2
275,Instances_highcost_H6/abs5n5,5,1,278.0,278.0,1.0,nan,4
275,Instances_lowcost_H3/abs5n10,0,0,0.0,0.0,nan,nan,
275,Instances_lowcost_H3/abs5n10,1,5,1184.0,1184.0,1.0,0.0,8 6 4 10 7
275,Instances_lowcost_H3/abs5n10,2,10,1368.0,1480.0,0.9243243243243243,0.10493827160493827,8 6 5 4 1 3 10 7 9 2
275,Instances_lowcost_H3/abs5n15,0,0,0.0,0.0,nan,nan,
275,Instances_lowcost_H3/abs5n15,1,9,1349.0,1221.0,1.1048321048321048,0.025,9 15 3 6 1 5 2 13 8
275,Instances_lowcost_H3/abs5n15,2,15,1641.0,1469.0,1.1170864533696392,0.05714285714285715,10 7 8 12 11 13 2 5 4 6 14 3 15 9 1
275,Instances_lowcost_H3/abs5n20,0,0,0.0,0.0,nan,nan,
275,Instances_lowcost_H3/abs5n20,1,11,1588.0,1535.0,1.0345276872964169,0.13333333333333333,19 14 18 8 3 1 20 12 11 10 4
275,Instances_lowcost_H3/abs5n20,2,20,2277.0,2221.0,1.025213867627195,0.11970631707473812,19 2 6 9 10 20 12 15 7 3 1 11 4 16 14 5 17 18 13 8
275,Instances_lowcost_H3/abs5n25,0,0,0.0,0.0,nan,nan,
275,Instances_lowcost_H3/abs5n25,1,11,1441.0,1325.0,1.0875471698113208,0.024285714285714285,5 13 6 3 9 24 7 14 16 15 21
275,Instances_lowcost_H3/abs5n25,2,25,2494.0,2284.0,1.0919439579684764,0.10885455005520794,2 11 20 5 1 17 13 6 3 19 9 24 7 18 8 4 22 25 10 21 15 12 14 23 16
275,Instances_lowcost_H3/abs5n30,0,0,0.0,0.0,nan,nan,
275,Instances_lowcost_H3/abs5n30,1,15,1951.0,1742.0,1.1199770378874856,0.10459183673469387,1 24 10 28 11 30 27 19 16 25 9 8 29 4 2
275,Instances_lowcost_H3/abs5n30,2,30,2484.0,2221.0,1.1184151283205763,0.059893139898180486,1 26 20 24 10 7 23 17 15 30 28 11 3 5 12 27 18 2 29 4 22 13 21 9 8 14 16 25 19 6
275,Instances_lowcost_H3/abs5n35,0,0,0.0,0.0,nan,nan,
275,Instances_lowcost_H3/abs5n35,1,17,2164.0,2125.0,1.0183529411764707,0.04891098484848484,28 19 34 4 23 3 6 25 20 14 35 32 24 22 30 11 5
275,Instances_lowcost_H3/abs5n35,2,35,2667.0,2679.0,0.9955207166853304,0.04679752209251892,10 28 1 18 21 8 19 34 4 15 9 23 3 6 25 20 7 14 31 16 27 35 32 24 5 17 29 30 26 22 12 11 13 2 33
275,Instances_lowcost_H3/abs5n40,0,0,0.0,0.0,nan,nan,
275,Instances_lowcost_H3/abs5n40,1,20,2184.0,2058.0,1.0612244897959184,0.03491843644198215,6 30 18 34 27 35 23 29 1 20 9 15 33 40 37 14 39 17 25 19
275,Instances_lowcost_H3/abs5n40,2,40,3038.0,2647.0,1.1477143936531924,0.08720618409455987,6 4 30 31 13 3 38 19 8 25 18 34 21 27 28 35 10 23 36 11 26 39 17 22 14 12 37 7 20 32 15 33 24 40 5 29 16 1 9 2
275,Instances_lowcost_H3/abs5n45,0,0,0.0,0.0,nan,nan,
275,Instances_lowcost_H3/abs5n45,1,25,2183.0,2092.0,1.0434990439770555,0.05383535990153637,28 1 37 35 20 29 25 13 12 18 24 34 15 4 39 38 41 10 43 45 32 22 30 14 9
275,Instances_lowcost_H3/abs5n45,2,45,2920.0,2475.0,1.1797979797979798,0.06484401037053321,28 33 6 27 13 20 8 35 37 44 24 17 11 34 31 7 26 18 12 29 25 21 40 1 2 39 15 16 4 3 23 41 36 5 14 30 22 42 32 38 10 43 19 45 9
275,Instances_lowcost_H3/abs5n5,0,0,0.0,0.0,nan,nan,
275,Instances_lowcost_H3/abs5n5,1,1,278.0,278.0,1.0,nan,4
275,Instances_lowcost_H3/abs5n5,2,5,1010.0,865.0,1.1676300578034682,0.08333333333333333,3 5 4 1 2
275,Instances_lowcost_H3/abs5n50,0,0,0.0,0.0,nan,nan,
275,Instances_lowcost_H3/abs5n50,1,27,2394.0,2275.0,1.0523076923076924,0.08537919498474289,33 32 50 44 4 13 20 36 5 25 7 34 27 24 40 8 19 29 15 10 46 38 47 9 17 23 30
275,Instances_lowcost_H3/abs5n50,2,50,3393.0,3165.0,1.0720379146919432,0.047407128973932296,45 33 41 32 26 44 31 4 49 13 20 42 48 12 36 5 39 14 25 7 34 27 24 1 40 8 19 21 16 2 15 10 6 46 18 3 38 11 29 17 30 23 50 28 37 35 43 9 47 22
275,Instances_lowcost_H6/abs5n10,0,0,0.0,0.0,nan,nan,
275,Instances_lowcost_H6/abs5n10,1,5,1184.0,1184.0,1.0,0.0,8 6 4 10 7
275,Instances_lowcost_H6/abs5n10,2,10,1368.0,1480.0,0.9243243243243243,0.10493827160493827,8 6 5 4 1 3 10 7 9 2
275,Instances_lowcost_H6/abs5n10,3,5,1184.0,1184.0,1.0,0.0,8 6 4 10 7
275,Instances_lowcost_H6/abs5n10,4,10,1368.0,1480.0,0.9243243243243243,0.10493827160493827,8 6 5 4 1 3 10 7 9 2
275,Instances_lowcost_H6/abs5n10,5,5,1184.0,1184.0,1.0,0.0,8 6 4 10 7
275,Instances_lowcost_H6/abs5n15,0,0,0.0,0.0,nan,nan,
275,Instances_lowcost_H6/abs5n15,1,9,1349.0,1221.0,1.1048321048321048,0.025,9 15 3 6 1 5 2 13 8
275,Instances_lowcost_H6/abs5n15,2,15,1641.0,1469.0,1.1170864533696392,0.05714285714285715,10 7 8 12 11 13 2 5 4 6 14 3 15 9 1
275,Instances_lowcost_H6/abs5n15,3,9,1349.0,1221.0,1.1048321048321048,0.025,9 15 3 6 1 5 2 13 8
275,Instances_lowcost_H6/abs5n15,4,15,1641.0,1469.0,1.1170864533696392,0.05714285714285715,10 7 8 12 11 13 2 5 4 6 14 3 15 9 1
275,Instances_lowcost_H6/abs5n15,5,9,1349.0,1221.0,1.1048321048321048,0.025,9 15 3 6 1 5 2 13 8
275,Instances_lowcost_H6/abs5n20,0,0,0.0,0.0,nan,nan,
275,Instances_lowcost_H6/abs5n20,1,11,1588.0,1535.0,1.0345276872964169,0.13333333333333333,19 14 18 8 3 1 20 12 11 10 4
275,Instances_lowcost_H6/abs5n20,2,20,2277.0,2221.0,1.025213867627195,0.11970631707473812,19 2 6 9 10 20 12 15 7 3 1 11 4 16 14 5 17 18 13 8
275,Instances_lowcost_H6/abs5n20,3,11,1588.0,1535.0,1.0345276872964169,0.13333333333333333,19 14 18 8 3 1 20 12 11 10 4
275,Instances_lowcost_H6/abs5n20,4,20,2279.0,2221.0,1.0261143628995948,0.04033490589218143,19 14 5 17 18 13 8 3 1 20 12 15 7 11 10 9 6 2 4 16
275,Instances_lowcost_H6/abs5n20,5,11,1588.0,1535.0,1.0345276872964169,0.13333333333333333,19 14 18 8 3 1 20 12 11 10 4
275,Instances_lowcost_H6/abs5n25,0,0,0.0,0.0,nan,nan,
275,Instances_lowcost_H6/abs5n25,1,11,1441.0,1325.0,1.0875471698113208,0.024285714285714285,5 13 6 3 9 24 7 14 16 15 21
275,Instances_lowcost_H6/abs5n25,2,25,2494.0,2284.0,1.0919439579684764,0.10885455005520794,2 11 20 5 1 17 13 6 3 19 9 24 7 18 8 4 22 25 10 21 15 12 14 23 16
275,Instances_lowcost_H6/abs5n25,3,11,1441.0,1325.0,1.0875471698113208,0.024285714285714285,5 13 6 3 9 24 7 14 16 15 21
275,Instances_lowcost_H6/abs5n25,4,25,2494.0,2284.0,1.0919439579684764,0.10885455005520794,2 11 20 5 1 17 13 6 3 19 9 24 7 18 8 4 22 25 10 21 15 12 14 23 16
275,Instances_lowcost_H6/abs5n25,5,11,1441.0,1325.0,1.0875471698113208,0.024285714285714285,5 13 6 3 9 24 7 14 16 15 21
275,Instances_lowcost_H6/abs5n30,0,0,0.0,0.0,nan,nan,
275,Instances_lowcost_H6/abs5n30,1,15,1951.0,1742.0,1.1199770378874856,0.10459183673469387,1 24 10 28 11 30 27 19 16 25 9 8 29 4 2
275,Instances_lowcost_H6/abs5n30,2,30,2484.0,2221.0,1.1184151283205763,0.059893139898180486,1 26 20 24 10 7 23 17 15 30 28 11 3 5 12 27 18 2 29 4 22 13 21 9 8 14 16 25 19 6
275,Instances_lowcost_H6/abs5n30,3,15,1951.0,1742.0,1.1199770378874856,0.10459183673469387,1 24 10 28 11 30 27 19 16 25 9 8 29 4 2
275,Instances_lowcost_H6/abs5n30,4,30,2484.0,2221.0,1.1184151283205763,0.059893139898180486,1 26 20 24 10 7 23 17 15 30 28 11 3 5 12 27 18 2 29 4 22 13 21 9 8 14 16 25 19 6
275,Instances_lowcost_H6/abs5n30,5,15,1951.0,1742.0,1.1199770378874856,0.10459183673469387,1 24 10 28 11 30 27 19 16 25 9 8 29 4 2
275,Instances_lowcost_H6/abs5n5,0,0,0.0,0.0,nan,nan,
275,Instances_lowcost_H6/abs5n5,1,1,278.0,278.0,1.0,nan,4
275,Instances_lowcost_H6/abs5n5,2,5,1010.0,865.0,1.1676300578034682,0.08333333333333333,3 5 4 1 2
275,Instances_lowcost_H6/abs5n5,3,1,278.0,278.0,1.0,nan,4
275,Instances_lowcost_H6/abs5n5,4,5,1010.0,865.0,1.1676300578034682,0.08333333333333333,3 5 4 1 2
275,Instances_lowcost_H6/abs5n5,5,1,278.0,278.0,1.0,nan,4
300,Instances_highcost_H3/abs5n10,0,0,0.0,0.0,nan,nan,
300,Instances_highcost_H3/abs5n10,1,5,1184.0,1184.0,1.0,0.0,8 6 4 10 7
300,Instances_highcost_H3/abs5n10,2,10,1368.0,1480.0,0.9243243243243243,0.10493827160493827,8 6 5 4 1 3 10 7 9 2
300,Instances_highcost_H3/abs5n15,0,0,0.0,0.0,nan,nan,
300,Instances_highcost_H3/abs5n15,1,9,1393.0,1221.0,1.140868140868141,0.05625,9 15 3 6 5 2 13 8 1
300,Instances_highcost_H3/abs5n15,2,15,1666.0,1469.0,1.1341048332198775,0.07012987012987014,10 7 8 11 12 13 2 5 4 6 14 3 15 9 1
300,Instances_highcost_H3/abs5n20,0,0,0.0,0.0,nan,nan,
300,Instances_highcost_H3/abs5n20,1,11,1540.0,1535.0,1.003257328990228,0.175,19 14 18 8 3 1 12 20 10 11 4
300,Instances_highcost_H3/abs5n20,2,20,2277.0,2221.0,1.025213867627195,0.11970631707473812,19 2 6 9 10 20 12 15 7 3 1 11 4 16 14 5 17 18 13 8
300,Instances_highcost_H3/abs5n25,0,0,0.0,0.0,nan,nan,
300,Instances_highcost_H3/abs5n25,1,11,1401.0,1325.0,1.0573584905660378,0.05,13 5 21 15 16 14 7 24 9 3 6
300,Instances_highcost_H3/abs5n25,2,25,2522.0,2284.0,1.1042031523642732,0.09653350122100122,2 11 5 20 1 13 17 6 3 19 9 24 7 18 23 14 12 8 4 25 10 21 22 15 16
300,Instances_highcost_H3/abs5n30,0,0,0.0,0.0,nan,nan,
300,Instances_highcost_H3/abs5n30,1,15,1872.0,1742.0,1.0746268656716418,0.1553030303030303,1 24 10 11 28 30 27 2 4 29 9 8 19 16 25
300,Instances_highcost_H3/abs5n30,2,30,2657.0,2221.0,1.1963079693831606,0.06705459266127128,1 26 20 24 10 7 28 11 3 30 17 23 15 6 25 16 14 8 9 13 4 22 29 21 2 18 27 5 12 19
300,Instances_highcost_H3/abs5n35,0,0,0.0,0.0,nan,nan,
300,Instances_highcost_H3/abs5n35,1,17,2270.0,2125.0,1.068235294117647,0.05447677322677323,28 32 35 14 20 25 6 3 30 22 24 5 11 23 34 4 19
300,Instances_highcost_H3/abs5n35,2,35,3101.0,2679.0,1.1575214632325495,0.08355793414781006,28 1 18 21 10 16 31 14 20 7 26 22 35 27 32 24 5 11 17 29 30 6 25 3 9 4 34 15 8 19 2 33 13 12 23
300,Instances_highcost_H3/abs5n40,0,0,0.0,0.0,nan,nan,
300,Instances_highcost_H3/abs5n40,1,20,2332.0,2058.0,1.1331389698736638,0.05987113682037912,6 18 30 34 27 35 23 29 1 20 33 15 40 9 19 25 17 39 14 37
300,Instances_highcost_H3/abs5n40,2,40,2892.0,2647.0,1.0925576123913865,0.03700577400153528,6 4 30 18 34 27 21 28 35 10 23 36 11 26 17 39 22 8 25 38 31 3 13 19 2 9 32 15 33 24 40 5 16 29 7 1 20 37 12 14
300,Instances_highcost_H3/abs5n45,0,0,0.0,0.0,nan,nan,
300,Instances_highcost_H3/abs5n45,1,25,2180.0,2092.0,1.0420650095602295,0.058715390201374194,1 37 35 20 29 25 13 12 18 24 34 15 4 39 38 41 10 43 45 32 22 30 14 9 28
300,Instances_highcost_H3/abs5n45,2,45,2910.0,2475.0,1.1757575757575758,0.0441339262913222,28 33 6 27 13 20 35 8 29 25 12 37 44 24 17 11 34 7 18 26 31 39 15 16 4 3 23 41 36 5 14 30 22 42 32 38 10 43 45 19 2 1 21 40 9
300,Instances_highcost_H3/abs5n5,0,0,0.0,0.0,nan,nan,
300,Instances_highcost_H3/abs5n5,1,1,278.0,278.0,1.0,nan,4
300,Instances_highcost_H3/abs5n5,2,5,1010.0,865.0,1.1676300578034682,0.08333333333333333,3 5 4 1 2
300,Instances_highcost_H3/abs5n50,0,0,0.0,0.0,nan,nan,
300,Instances_highcost_H3/abs5n50,1,27,2586.0,2275.0,1.1367032967032966,0.04202488687782806,33 40 24 8 19 34 25 7 27 10 5 36 20 13 4 44 32 50 23 30 17 29 15 46 38 47 9
300,Instances_highcost_H3/abs5n50,2,50,3496.0,3165.0,1.1045813586097946,0.050751503244434976,33 45 41 32 26 44 31 4 49 13 20 42 48 12 36 39 14 25 7 34 27 24 1 40 8 19 21 16 2 15 10 6 5 46 18 3 11 29 17 23 50 28 37 35 43 30 9 47 38 22
300,Instances_highcost_H6/abs5n10,0,0,0.0,0.0,nan,nan,
300,Instances_highcost_H6/abs5n10,1,5,1184.0,1184.0,1.0,0.0,8 6 4 10 7
300,Instances_highcost_H6/abs5n10,2,10,1368.0,1480.0,0.9243243243243243,0.10493827160493827,8 6 5 4 1 3 10 7 9 2
300,Instances_highcost_H6/abs5n10,3,5,1184.0,1184.0,1.0,0.0,8 6 4 10 7
300,Instances_highcost_H6/abs5n10,4,10,1368.0,1480.0,0.9243243243243243,0.10493827160493827,8 6 5 4 1 3 10 7 9 2
300,Instances_highcost_H6/abs5n10,5,5,1184.0,1184.0,1.0,0.0,8 6 4 10 7
300,Instances_highcost_H6/abs5n15,0,0,0.0,0.0,nan,nan,
300,Instances_highcost_H6/abs5n15,1,9,1393.0,1221.0,1.140868140868141,0.05625,9 15 3 6 5 2 13 8 1
300,Instances_highcost_H6/abs5n15,2,15,1666.0,1469.0,1.1341048332198775,0.07012987012987014,10 7 8 11 12 13 2 5 4 6 14 3 15 9 1
300,Instances_highcost_H6/abs5n15,3,9,1393.0,1221.0,1.140868140868141,0.05625,9 15 3 6 5 2 13 8 1
300,Instances_highcost_H6/abs5n15,4,15,1666.0,1469.0,1.1341048332198775,0.07012987012987014,10 7 8 11 12 13 2 5 4 6 14 3 15 9 1
300,Instances_highcost_H6/abs5n15,5,9,1393.0,1221.0,1.140868140868141,0.05625,9 15 3 6 5 2 13 8 1
300,Instances_highcost_H6/abs5n20,0,0,0.0,0.0,nan,nan,
300,Instances_highcost_H6/abs5n20,1,11,1540.0,1535.0,1.003257328990228,0.175,19 14 18 8 3 1 12 20 10 11 4
300,Instances_highcost_H6/abs5n20,2,20,2277.0,2221.0,1.025213867627195,0.11970631707473812,19 2 6 9 10 20 12 15 7 3 1 11 4 16 14 5 17 18 13 8
300,Instances_highcost_H6/abs5n20,3,11,1540.0,1535.0,1.003257328990228,0.175,19 14 18 8 3 1 12 20 10 11 4
300,Instances_highcost_H6/abs5n20,4,20,2277.0,2221.0,1.025213867627195,0.11970631707473812,19 2 6 9 10 20 12 15 7 3 1 11 4 16 14 5 17 18 13 8
300,Instances_highcost_H6/abs5n20,5,11,1540.0,1535.0,1.003257328990228,0.175,19 14 18 8 3 1 12 20 10 11 4
300,Instances_highcost_H6/abs5n25,0,0,0.0,0.0,nan,nan,
300,Instances_highcost_H6/abs5n25,1,11,1401.0,1325.0,1.0573584905660378,0.05,13 5 21 15 16 14 7 24 9 3 6
300,Instances_highcost_H6/abs5n25,2,25,2522.0,2284.0,1.1042031523642732,0.09653350122100122,2 11 5 20 1 13 17 6 3 19 9 24 7 18 23 14 12 8 4 25 10 21 22 15 16
300,Instances_highcost_H6/abs5n25,3,11,1401.0,1325.0,1.0573584905660378,0.05,13 5 21 15 16 14 7 24 9 3 6
300,Instances_highcost_H6/abs5n25,4,25,2522.0,2284.0,1.1042031523642732,0.09653350122100122,2 11 5 20 1 13 17 6 3 19 9 24 7 18 23 14 12 8 4 25 10 21 22 15 16
300,Instances_highcost_H6/abs5n25,5,11,1401.0,1325.0,1.0573584905660378,0.05,13 5 21 15 16 14 7 24 9 3 6
300,Instances_highcost_H6/abs5n30,0,0,0.0,0.0,nan,nan,
300,Instances_highcost_H6/abs5n30,1,15,1872.0,1742.0,1.0746268656716418,0.1553030303030303,1 24 10 11 28 30 27 2 4 29 9 8 19 16 25
300,Instances_highcost_H6/abs5n30,2,30,2657.0,2221.0,1.1963079693831606,0.06705459266127128,1 26 20 24 10 7 28 11 3 30 17 23 15 6 25 16 14 8 9 13 4 22 29 21 2 18 27 5 12 19
300,Instances_highcost_H6/abs5n30,3,15,1872.0,1742.0,1.0746268656716418,0.1553030303030303,1 24 10 11 28 30 27 2 4 29 9 8 19 16 25
300,Instances_highcost_H6/abs5n30,4,30,2619.0,2221.0,1.1791985592075642,0.061307466224489675,1 26 20 24 10 7 28 11 3 30 17 23 15 6 25 16 14 8 9 13 4 22 29 21 2 18 5 12 27 19
300,Instances_highcost_H6/abs5n30,5,15,1872.0,1742.0,1.0746268656716418,0.1553030303030303,1 24 10 11 28 30 27 2 4 29 9 8 19 16 25
300,Instances_highcost_H6/abs5n5,0,0,0.0,0.0,nan,nan,
300,Instances_highcost_H6/abs5n5,1,1,278.0,278.0,1.0,nan,4
300,Instances_highcost_H6/abs5n5,2,5,1010.0,865.0,1.1676300578034682,0.08333333333333333,3 5 4 1 2
300,Instances_highcost_H6/abs5n5,3,1,278.0,278.0,1.0,nan,4
300,Instances_highcost_H6/abs5n5,4,5,1010.0,865.0,1.1676300578034682,0.08333333333333333,3 5 4 1 2
300,Instances_highcost_H6/abs5n5,5,1,278.0,278.0,1.0,nan,4
300,Instances_lowcost_H3/abs5n10,0,0,0.0,0.0,nan,nan,
300,Instances_lowcost_H3/abs5n10,1,5,1184.0,1184.0,1.0,0.0,8 6 4 10 7
300,Instances_lowcost_H3/abs5n10,2,10,1368.0,1480.0,0.9243243243243243,0.10493827160493827,8 6 5 4 1 3 10 7 9 2
300,Instances_lowcost_H3/abs5n15,0,0,0.0,0.0,nan,nan,
300,Instances_lowcost_H3/abs5n15,1,9,1393.0,1221.0,1.140868140868141,0.05625,9 15 3 6 5 2 13 8 1
300,Instances_lowcost_H3/abs5n15,2,15,1666.0,1469.0,1.1341048332198775,0.07012987012987014,10 7 8 11 12 13 2 5 4 6 14 3 15 9 1
300,Instances_lowcost_H3/abs5n20,0,0,0.0,0.0,nan,nan,
300,Instances_lowcost_H3/abs5n20,1,11,1540.0,1535.0,1.003257328990228,0.175,19 14 18 8 3 1 12 20 10 11 4
300,Instances_lowcost_H3/abs5n20,2,20,2277.0,2221.0,1.025213867627195,0.11970631707473812,19 2 6 9 10 20 12 15 7 3 1 11 4 16 14 5 17 18 13 8
300,Instances_lowcost_H3/abs5n25,0,0,0.0,0.0,nan,nan,
300,Instances_lowcost_H3/abs5n25,1,11,1401.0,1325.0,1.0573584905660378,0.05,13 5 21 15 16 14 7 24 9 3 6
300,Instances_lowcost_H3/abs5n25,2,25,2522.0,2284.0,1.1042031523642732,0.09653350122100122,2 11 5 20 1 13 17 6 3 19 9 24 7 18 23 14 12 8 4 25 10 21 22 15 16
300,Instances_lowcost_H3/abs5n30,0,0,0.0,0.0,nan,nan,
300,Instances_lowcost_H3/abs5n30,1,15,1872.0,1742.0,1.0746268656716418,0.1553030303030303,1 24 10 11 28 30 27 2 4 29 9 8 19 16 25
300,Instances_lowcost_H3/abs5n30,2,30,2657.0,2221.0,1.1963079693831606,0.06705459266127128,1 26 20 24 10 7 28 11 3 30 17 23 15 6 25 16 14 8 9 13 4 22 29 21 2 18 27 5 12 19
300,Instances_lowcost_H3/abs5n35,0,0,0.0,0.0,nan,nan,
300,Instances_lowcost_H3/abs5n35,1,17,2270.0,2125.0,1.068235294117647,0.05447677322677323,28 32 35 14 20 25 6 3 30 22 24 5 11 23 34 4 19
300,Instances_lowcost_H3/abs5n35,2,35,3101.0,2679.0,1.1575214632325495,0.08355793414781006,28 1 18 21 10 16 31 14 20 7 26 22 35 27 32 24 5 11 17 29 30 6 25 3 9 4 34 15 8 19 2 33 13 12 23
300,Instances_lowcost_H3/abs5n40,0,0,0.0,0.0,nan,nan,
300,Instances_lowcost_H3/abs5n40,1,20,2332.0,2058.0,1.1331389698736638,0.05987113682037912,6 18 30 34 27 35 23 29 1 20 33 15 40 9 19 25 17 39 14 37
300,Instances_lowcost_H3/abs5n40,2,40,2892.0,2647.0,1.0925576123913865,0.03700577400153528,6 4 30 18 34 27 21 28 35 10 23 36 11 26 17 39 22 8 25 38 31 3 13 19 2 9 32 15 33 24 40 5 16 29 7 1 20 37 12 14
300,Instances_lowcost_H3/abs5n45,0,0,0.0,0.0,nan,nan,
300,Instances_lowcost_H3/abs5n45,1,25,2180.0,2092.0,1.0420650095602295,0.058715390201374194,1 37 35 20 29 25 13 12 18 24 34 15 4 39 38 41 10 43 45 32 22 30 14 9 28
300,Instances_lowcost_H3/abs5n45,2,45,2910.0,2475.0,1.1757575757575758,0.0441339262913222,28 33 6 27 13 20 35 8 29 25 12 37 44 24 17 11 34 7 18 26 31 39 15 16 4 3 23 41 36 5 14 30 22 42 32 38 10 43 45 19 2 1 21 40 9
300,Instances_lowcost_H3/abs5n5,0,0,0.0,0.0,nan,nan,
300,Instances_lowcost_H3/abs5n5,1,1,278.0,278.0,1.0,nan,4
300,Instances_lowcost_H3/abs5n5,2,5,1010.0,865.0,1.1676300578034682,0.08333333333333333,3 5 4 1 2
300,Instances_lowcost_H3/abs5n50,0,0,0.0,0.0,nan,nan,
300,Instances_lowcost_H3/abs5n50,1,27,2586.0,2275.0,1.1367032967032966,0.04202488687782806,33 40 24 8 19 34 25 7 27 10 5 36 20 13 4 44 32 50 23 30 17 29 15 46 38 47 9
300,Instances_lowcost_H3/abs5n50,2,50,3496.0,3165.0,1.1045813586097946,0.050751503244434976,33 45 41 32 26 44 31 4 49 13 20 42 48 12 36 39 14 25 7 34 27 24 1 40 8 19 21 16 2 15 10 6 5 46 18 3 11 29 17 23 50 28 37 35 43 30 9 47 38 22
300,Instances_lowcost_H6/abs5n10,0,0,0.0,0.0,nan,nan,
300,Instances_lowcost_H6/abs5n10,1,5,1184.0,1184.0,1.0,0.0,8 6 4 10 7
300,Instances_lowcost_H6/abs5n10,2,10,1368.0,1480.0,0.9243243243243243,0.10493827160493827,8 6 5 4 1 3 10 7 9 2
300,Instances_lowcost_H6/abs5n10,3,5,1184.0,1184.0,1.0,0.0,8 6 4 10 7
300,Instances_lowcost_H6/abs5n10,4,10,1368.0,1480.0,0.9243243243243243,0.10493827160493827,8 6 5 4 1 3 10 7 9 2
300,Instances_lowcost_H6/abs5n10,5,5,1184.0,1184.0,1.0,0.0,8 6 4 10 7
300,Instances_lowcost_H6/abs5n15,0,0,0.0,0.0,nan,nan,
300,Instances_lowcost_H6/abs5n15,1,9,1393.0,1221.0,1.140868140868141,0.05625,9 15 3 6 5 2 13 8 1
300,Instances_lowcost_H6/abs5n15,2,15,1666.0,1469.0,1.1341048332198775,0.07012987012987014,10 7 8 11 12 13 2 5 4 6 14 3 15 9 1
300,Instances_lowcost_H6/abs5n15,3,9,1393.0,1221.0,1.140868140868141,0.05625,9 15 3 6 5 2 13 8 1
300,Instances_lowcost_H6/abs5n15,4,15,1666.0,1469.0,1.1341048332198775,0.07012987012987014,10 7 8 11 12 13 2 5 4 6 14 3 15 9 1
300,Instances_lowcost_H6/abs5n15,5,9,1393.0,1221.0,1.140868140868141,0.05625,9 15 3 6 5 2 13 8 1
300,Instances_lowcost_H6/abs5n20,0,0,0.0,0.0,nan,nan,
300,Instances_lowcost_H6/abs5n20,1,11,1540.0,1535.0,1.003257328990228,0.175,19 14 18 8 3 1 12 20 10 11 4
300,Instances_lowcost_H6/abs5n20,2,20,2277.0,2221.0,1.025213867627195,0.11970631707473812,19 2 6 9 10 20 12 15 7 3 1 11 4 16 14 5 17 18 13 8
300,Instances_lowcost_H6/abs5n20,3,11,1540.0,1535.0,1.003257328990228,0.175,19 14 18 8 3 1 12 20 10 11 4
300,Instances_lowcost_H6/abs5n20,4,20,2277.0,2221.0,1.025213867627195,0.11970631707473812,19 2 6 9 10 20 12 15 7 3 1 11 4 16 14 5 17 18 13 8
300,Instances_lowcost_H6/abs5n20,5,11,1540.0,1535.0,1.003257328990228,0.175,19 14 18 8 3 1 12 20 10 11 4
300,Instances_lowcost_H6/abs5n25,0,0,0.0,0.0,nan,nan,
300,Instances_lowcost_H6/abs5n25,1,11,1401.0,1325.0,1.0573584905660378,0.05,13 5 21 15 16 14 7 24 9 3 6
300,Instances_lowcost_H6/abs5n25,2,25,2522.0,2284.0,1.1042031523642732,0.09653350122100122,2 11 5 20 1 13 17 6 3 19 9 24 7 18 23 14 12 8 4 25 10 21 22 15 16
300,Instances_lowcost_H6/abs5n25,3,11,1401.0,1325.0,1.0573584905660378,0.05,13 5 21 15 16 14 7 24 9 3 6
300,Instances_lowcost_H6/abs5n25,4,25,2522.0,2284.0,1.1042031523642732,0.09653350122100122,2 11 5 20 1 13 17 6 3 19 9 24 7 18 23 14 12 8 4 25 10 21 22 15 16
300,Instances_lowcost_H6/abs5n25,5,11,1401.0,1325.0,1.0573584905660378,0.05,13 5 21 15 16 14 7 24 9 3 6
300,Instances_lowcost_H6/abs5n30,0,0,0.0,0.0,nan,nan,
300,Instances_lowcost_H6/abs5n30,1,15,1872.0,1742.0,1.0746268656716418,0.1553030303030303,1 24 10 11 28 30 27 2 4 29 9 8 19 16 25
300,Instances_lowcost_H6/abs5n30,2,30,2657.0,2221.0,1.1963079693831606,0.06705459266127128,1 26 20 24 10 7 28 11 3 30 17 23 15 6 25 16 14 8 9 13 4 22 29 21 2 18 27 5 12 19
300,Instances_lowcost_H6/abs5n30,3,15,1872.0,1742.0,1.0746268656716418,0.1553030303030303,1 24 10 11 28 30 27 2 4 29 9 8 19 16 25
300,Instances_lowcost_H6/abs5n30,4,30,2619.0,2221.0,1.1791985592075642,0.061307466224489675,1 26 20 24 10 7 28 11 3 30 17 23 15 6 25 16 14 8 9 13 4 22 29 21 2 18 5 12 27 19
300,Instances_lowcost_H6/abs5n30,5,15,1872.0,1742.0,1.0746268656716418,0.1553030303030303,1 24 10 11 28 30 27 2 4 29 9 8 19 16 25
300,Instances_lowcost_H6/abs5n5,0,0,0.0,0.0,nan,nan,
300,Instances_lowcost_H6/abs5n5,1,1,278.0,278.0,1.0,nan,4
300,Instances_lowcost_H6/abs5n5,2,5,1010.0,865.0,1.1676300578034682,0.08333333333333333,3 5 4 1 2
300,Instances_lowcost_H6/abs5n5,3,1,278.0,278.0,1.0,nan,4
300,Instances_lowcost_H6/abs5n5,4,5,1010.0,865.0,1.1676300578034682,0.08333333333333333,3 5 4 1 2
300,Instances_lowcost_H6/abs5n5,5,1,278.0,278.0,1.0,nan,4
325,Instances_highcost_H3/abs5n10,0,0,0.0,0.0,nan,nan,
325,Instances_highcost_H3/abs5n10,1,5,1184.0,1184.0,1.0,0.0,8 6 4 10 7
325,Instances_highcost_H3/abs5n10,2,10,1368.0,1480.0,0.9243243243243243,0.10493827160493827,8 6 5 4 1 3 10 7 9 2
325,Instances_highcost_H3/abs5n15,0,0,0.0,0.0,nan,nan,
325,Instances_highcost_H3/abs5n15,1,9,1349.0,1221.0,1.1048321048321048,0.025,9 15 3 6 1 5 2 13 8
325,Instances_highcost_H3/abs5n15,2,15,1748.0,1469.0,1.189925119128659,0.08690476190476192,10 7 8 12 11 13 2 5 4 6 3 15 9 1 14
325,Instances_highcost_H3/abs5n20,0,0,0.0,0.0,nan,nan,
325,Instances_highcost_H3/abs5n20,1,11,1588.0,1535.0,1.0345276872964169,0.13333333333333333,19 14 18 8 3 1 20 12 11 10 4
325,Instances_highcost_H3/abs5n20,2,20,2335.0,2221.0,1.0513282305267897,0.07982456140350877,19 17 5 18 13 8 14 16 4 2 6 9 10 20 12 15 7 3 1 11
325,Instances_highcost_H3/abs5n25,0,0,0.0,0.0,nan,nan,
325,Instances_highcost_H3/abs5n25,1,11,1401.0,1325.0,1.0573584905660378,0.05,13 5 21 15 16 14 7 24 9 3 6
325,Instances_highcost_H3/abs5n25,2,25,2479.0,2284.0,1.0853765323992994,0.11692040598290598,2 11 5 20 1 13 17 6 3 19 9 24 7 18 8 4 25 22 10 21 15 12 14 23 16
325,Instances_highcost_H3/abs5n30,0,0,0.0,0.0,nan,nan,
325,Instances_highcost_H3/abs5n30,1,15,1805.0,1742.0,1.0361653272101032,0.1369047619047619,1 24 10 28 11 30 27 2 29 4 9 8 16 25 19
325,Instances_highcost_H3/abs5n30,2,30,2536.0,2221.0,1.1418280054029717,0.056058738556282885,1 26 24 20 3 11 10 7 23 17 15 30 28 12 27 18 2 13 4 22 29 21 9 8 14 16 25 19 6 5
325,Instances_highcost_H3/abs5n35,0,0,0.0,0.0,nan,nan,
325,Instances_highcost_H3/abs5n35,1,17,2164.0,2125.0,1.0183529411764707,0.04891098484848484,28 19 34 4 23 3 6 25 20 14 35 32 24 22 30 11 5
325,Instances_highcost_H3/abs5n35,2,35,2628.0,2679.0,0.9809630459126539,0.030138673507367732,10 28 1 18 21 33 2 8 19 34 4 15 9 23 3 6 25 7 20 14 31 16 27 35 32 24 22 26 30 29 17 11 12 5 13
325,Instances_highcost_H3/abs5n40,0,0,0.0,0.0,nan,nan,
325,Instances_highcost_H3/abs5n40,1,20,2179.0,2058.0,1.0587949465500486,0.06090497140684529,6 18 30 19 9 15 33 40 29 1 20 37 14 39 17 34 27 35 23 25
325,Instances_highcost_H3/abs5n40,2,40,2876.0,2647.0,1.0865130336229694,0.0928372502227768,6 4 30 31 13 3 38 19 8 25 18 34 27 21 28 35 23 10 5 40 24 15 33 32 9 2 20 7 29 16 1 37 12 14 11 36 39 17 26 22
325,Instances_highcost_H3/abs5n45,0,0,0.0,0.0,nan,nan,
325,Instances_highcost_H3/abs5n45,1,25,2377.0,2092.0,1.1362332695984703,0.09328854016354016,28 1 12 20 35 37 24 34 18 29 25 13 9 14 30 22 41 38 10 43 45 32 39 15 4
325,Instances_highcost_H3/abs5n45,2,45,3050.0,2475.0,1.2323232323232323,0.062114979686207744,28 33 6 27 13 20 35 37 24 44 17 11 34 7 18 8 29 25 12 1 26 31 39 15 16 4 3 23 41 36 5 14 30 22 42 32 38 10 19 43 45 2 9 40 21
325,Instances_highcost_H3/abs5n5,0,0,0.0,0.0,nan,nan,
325,Instances_highcost_H3/abs5n5,1,1,278.0,278.0,1.0,nan,4
325,Instances_highcost_H3/abs5n5,2,5,1010.0,865.0,1.1676300578034682,0.08333333333333333,3 5 4 1 2
325,Instances_highcost_H3/abs5n50,0,0,0.0,0.0,nan,nan,
325,Instances_highcost_H3/abs5n50,1,27,2320.0,2275.0,1.0197802197802197,0.046917656523204426,33 32 50 44 4 13 20 36 5 25 7 34 27 24 40 8 19 29 15 10 46 38 47 9 17 30 23
325,Instances_highcost_H3/abs5n50,2,50,3344.0,3165.0,1.0565560821484992,0.058803201624638146,45 33 41 32 26 44 31 4 49 13 42 20 48 12 36 22 38 18 5 39 14 25 7 34 27 24 1 40 8 19 21 16 2 15 10 6 46 3 29 11 47 35 37 50 28 43 23 30 17 9
325,Instances_highcost_H6/abs5n10,0,0,0.0,0.0,nan,nan,
325,Instances_highcost_H6/abs5n10,1,5,1184.0,1184.0,1.0,0.0,8 6 4 10 7
325,Instances_highcost_H6/abs5n10,2,10,1368.0,1480.0,0.9243243243243243,0.10493827160493827,8 6 5 4 1 3 10 7 9 2
325,Instances_highcost_H6/abs5n10,3,5,1184.0,1184.0,1.0,0.0,8 6 4 10 7
325,Instances_highcost_H6/abs5n10,4,10,1368.0,1480.0,0.9243243243243243,0.10493827160493827,8 6 5 4 1 3 10 7 9 2
325,Instances_highcost_H6/abs5n10,5,5,1184.0,1184.0,1.0,0.0,8 6 4 10 7
325,Instances_highcost_H6/abs5n15,0,0,0.0,0.0,nan,nan,
325,Instances_highcost_H6/abs5n15,1,9,1349.0,1221.0,1.1048321048321048,0.025,9 15 3 6 1 5 2 13 8
325,Instances_highcost_H6/abs5n15,2,15,1748.0,1469.0,1.189925119128659,0.08690476190476192,10 7 8 12 11 13 2 5 4 6 3 15 9 1 14
325,Instances_highcost_H6/abs5n15,3,9,1349.0,1221.0,1.1048321048321048,0.025,9 15 3 6 1 5 2 13 8
325,Instances_highcost_H6/abs5n15,4,15,1748.0,1469.0,1.189925119128659,0.08690476190476192,10 7 8 12 11 13 2 5 4 6 3 15 9 1 14
325,Instances_highcost_H6/abs5n15,5,9,1349.0,1221.0,1.1048321048321048,0.025,9 15 3 6 1 5 2 13 8
325,Instances_highcost_H6/abs5n20,0,0,0.0,0.0,nan,nan,
325,Instances_highcost_H6/abs5n20,1,11,1588.0,1535.0,1.0345276872964169,0.13333333333333333,19 14 18 8 3 1 20 12 11 10 4
325,Instances_highcost_H6/abs5n20,2,20,2335.0,2221.0,1.0513282305267897,0.07982456140350877,19 17 5 18 13 8 14 16 4 2 6 9 10 20 12 15 7 3 1 11
325,Instances_highcost_H6/abs5n20,3,11,1588.0,1535.0,1.0345276872964169,0.13333333333333333,19 14 18 8 3 1 20 12 11 10 4
325,Instances_highcost_H6/abs5n20,4,20,2335.0,2221.0,1.0513282305267897,0.07982456140350877,19 17 5 18 13 8 14 16 4 2 6 9 10 20 12 15 7 3 1 11
325,Instances_highcost_H6/abs5n20,5,11,1588.0,1535.0,1.0345276872964169,0.13333333333333333,19 14 18 8 3 1 20 12 11 10 4
325,Instances_highcost_H6/abs5n25,0,0,0.0,0.0,nan,nan,
325,Instances_highcost_H6/abs5n25,1,11,1401.0,1325.0,1.0573584905660378,0.05,13 5 21 15 16 14 7 24 9 3 6
325,Instances_highcost_H6/abs5n25,2,25,2443.0,2284.0,1.069614711033275,0.1047676282051282,2 11 5 20 1 13 17 6 3 19 9 24 7 18 8 4 22 25 10 21 15 12 14 23 16
325,Instances_highcost_H6/abs5n25,3,11,1401.0,1325.0,1.0573584905660378,0.05,13 5 21 15 16 14 7 24 9 3 6
325,Instances_highcost_H6/abs5n25,4,25,2479.0,2284.0,1.0853765323992994,0.11692040598290598,2 11 5 20 1 13 17 6 3 19 9 24 7 18 8 4 25 22 10 21 15 12 14 23 16
325,Instances_highcost_H6/abs5n25,5,11,1401.0,1325.0,1.0573584905660378,0.05,13 5 21 15 16 14 7 24 9 3 6
325,Instances_highcost_H6/abs5n30,0,0,0.0,0.0,nan,nan,
325,Instances_highcost_H6/abs5n30,1,15,1805.0,1742.0,1.0361653272101032,0.1369047619047619,1 24 10 28 11 30 27 2 29 4 9 8 16 25 19
325,Instances_highcost_H6/abs5n30,2,30,2536.0,2221.0,1.1418280054029717,0.056058738556282885,1 26 24 20 3 11 10 7 23 17 15 30 28 12 27 18 2 13 4 22 29 21 9 8 14 16 25 19 6 5
325,Instances_highcost_H6/abs5n30,3,15,1805.0,1742.0,1.0361653272101032,0.1369047619047619,1 24 10 28 11 30 27 2 29 4 9 8 16 25 19
325,Instances_highcost_H6/abs5n30,4,30,2783.0,2221.0,1.2530391715443494,0.05065073659655679,1 26 24 20 3 11 10 7 23 17 15 6 25 16 14 8 13 4 22 29 21 2 9 18 27 12 5 30 28 19
325,Instances_highcost_H6/abs5n30,5,15,1805.0,1742.0,1.0361653272101032,0.1369047619047619,1 24 10 28 11 30 27 2 29 4 9 8 16 25 19
325,Instances_highcost_H6/abs5n5,0,0,0.0,0.0,nan,nan,
325,Instances_highcost_H6/abs5n5,1,1,278.0,278.0,1.0,nan,4
325,Instances_highcost_H6/abs5n5,2,5,1010.0,865.0,1.1676300578034682,0.08333333333333333,3 5 4 1 2
325,Instances_highcost_H6/abs5n5,3,1,278.0,278.0,1.0,nan,4
325,Instances_highcost_H6/abs5n5,4,5,1010.0,865.0,1.1676300578034682,0.08333333333333333,3 5 4 1 2
325,Instances_highcost_H6/abs5n5,5,1,278.0,278.0,1.0,nan,4
325,Instances_lowcost_H3/abs5n10,0,0,0.0,0.0,nan,nan,
325,Instances_lowcost_H3/abs5n10,1,5,1184.0,1184.0,1.0,0.0,8 6 4 10 7
325,Instances_lowcost_H3/abs5n10,2,10,1368.0,1480.0,0.9243243243243243,0.10493827160493827,8 6 5 4 1 3 10 7 9 2
325,Instances_lowcost_H3/abs5n15,0,0,0.0,0.0,nan,nan,
325,Instances_lowcost_H3/abs5n15,1,9,1349.0,1221.0,1.1048321048321048,0.025,9 15 3 6 1 5 2 13 8
325,Instances_lowcost_H3/abs5n15,2,15,1748.0,1469.0,1.189925119128659,0.08690476190476192,10 7 8 12 11 13 2 5 4 6 3 15 9 1 14
325,Instances_lowcost_H3/abs5n20,0,0,0.0,0.0,nan,nan,
325,Instances_lowcost_H3/abs5n20,1,11,1588.0,1535.0,1.0345276872964169,0.13333333333333333,19 14 18 8 3 1 20 12 11 10 4
325,Instances_lowcost_H3/abs5n20,2,20,2335.0,2221.0,1.0513282305267897,0.07982456140350877,19 17 5 18 13 8 14 16 4 2 6 9 10 20 12 15 7 3 1 11
325,Instances_lowcost_H3/abs5n25,0,0,0.0,0.0,nan,nan,
325,Instances_lowcost_H3/abs5n25,1,11,1401.0,1325.0,1.0573584905660378,0.05,13 5 21 15 16 14 7 24 9 3 6
325,Instances_lowcost_H3/abs5n25,2,25,2479.0,2284.0,1.0853765323992994,0.11692040598290598,2 11 5 20 1 13 17 6 3 19 9 24 7 18 8 4 25 22 10 21 15 12 14 23 16
325,Instances_lowcost_H3/abs5n30,0,0,0.0,0.0,nan,nan,
325,Instances_lowcost_H3/abs5n30,1,15,1805.0,1742.0,1.0361653272101032,0.1369047619047619,1 24 10 28 11 30 27 2 29 4 9 8 16 25 19
325,Instances_lowcost_H3/abs5n30,2,30,2536.0,2221.0,1.1418280054029717,0.056058738556282885,1 26 24 20 3 11 10 7 23 17 15 30 28 12 27 18 2 13 4 22 29 21 9 8 14 16 25 19 6 5
325,Instances_lowcost_H3/abs5n35,0,0,0.0,0.0,nan,nan,
325,Instances_lowcost_H3/abs5n35,1,17,2164.0,2125.0,1.0183529411764707,0.04891098484848484,28 19 34 4 23 3 6 25 20 14 35 32 24 22 30 11 5
325,Instances_lowcost_H3/abs5n35,2,35,2628.0,2679.0,0.9809630459126539,0.030138673507367732,10 28 1 18 21 33 2 8 19 34 4 15 9 23 3 6 25 7 20 14 31 16 27 35 32 24 22 26 30 29 17 11 12 5 13
325,Instances_lowcost_H3/abs5n40,0,0,0.0,0.0,nan,nan,
325,Instances_lowcost_H3/abs5n40,1,20,2179.0,2058.0,1.0587949465500486,0.06090497140684529,6 18 30 19 9 15 33 40 29 1 20 37 14 39 17 34 27 35 23 25
325,Instances_lowcost_H3/abs5n40,2,40,2876.0,2647.0,1.0865130336229694,0.0928372502227768,6 4 30 31 13 3 38 19 8 25 18 34 27 21 28 35 23 10 5 40 24 15 33 32 9 2 20 7 29 16 1 37 12 14 11 36 39 17 26 22
325,Instances_lowcost_H3/abs5n45,0,0,0.0,0.0,nan,nan,
325,Instances_lowcost_H3/abs5n45,1,25,2377.0,2092.0,1.1362332695984703,0.09328854016354016,28 1 12 20 35 37 24 34 18 29 25 13 9 14 30 22 41 38 10 43 45 32 39 15 4
325,Instances_lowcost_H3/abs5n45,2,45,3050.0,2475.0,1.2323232323232323,0.062114979686207744,28 33 6 27 13 20 35 37 24 44 17 11 34 7 18 8 29 25 12 1 26 31 39 15 16 4 3 23 41 36 5 14 30 22 42 32 38 10 19 43 45 2 9 40 21
325,Instances_lowcost_H3/abs5n5,0,0,0.0,0.0,nan,nan,
325,Instances_lowcost_H3/abs5n5,1,1,278.0,278.0,1.0,nan,4
325,Instances_lowcost_H3/abs5n5,2,5,1010.0,865.0,1.1676300578034682,0.08333333333333333,3 5 4 1 2
325,Instances_lowcost_H3/abs5n50,0,0,0.0,0.0,nan,nan,
325,Instances_lowcost_H3/abs5n50,1,27,2320.0,2275.0,1.0197802197802197,0.046917656523204426,33 32 50 44 4 13 20 36 5 25 7 34 27 24 40 8 19 29 15 10 46 38 47 9 17 30 23
325,Instances_lowcost_H3/abs5n50,2,50,3344.0,3165.0,1.0565560821484992,0.058803201624638146,45 33 41 32 26 44 31 4 49 13 42 20 48 12 36 22 38 18 5 39 14 25 7 34 27 24 1 40 8 19 21 16 2 15 10 6 46 3 29 11 47 35 37 50 28 43 23 30 17 9
325,Instances_lowcost_H6/abs5n10,0,0,0.0,0.0,nan,nan,
325,Instances_lowcost_H6/abs5n10,1,5,1184.0,1184.0,1.0,0.0,8 6 4 10 7
325,Instances_lowcost_H6/abs5n10,2,10,1368.0,1480.0,0.9243243243243243,0.10493827160493827,8 6 5 4 1 3 10 7 9 2
325,Instances_lowcost_H6/abs5n10,3,5,1184.0,1184.0,1.0,0.0,8 6 4 10 7
325,Instances_lowcost_H6/abs5n10,4,10,1368.0,1480.0,0.9243243243243243,0.10493827160493827,8 6 5 4 1 3 10 7 9 2
325,Instances_lowcost_H6/abs5n10,5,5,1184.0,1184.0,1.0,0.0,8 6 4 10 7
325,Instances_lowcost_H6/abs5n15,0,0,0.0,0.0,nan,nan,
325,Instances_lowcost_H6/abs5n15,1,9,1349.0,1221.0,1.1048321048321048,0.025,9 15 3 6 1 5 2 13 8
325,Instances_lowcost_H6/abs5n15,2,15,1748.0,1469.0,1.189925119128659,0.08690476190476192,10 7 8 12 11 13 2 5 4 6 3 15 9 1 14
325,Instances_lowcost_H6/abs5n15,3,9,1349.0,1221.0,1.1048321048321048,0.025,9 15 3 6 1 5 2 13 8
325,Instances_lowcost_H6/abs5n15,4,15,1748.0,1469.0,1.189925119128659,0.08690476190476192,10 7 8 12 11 13 2 5 4 6 3 15 9 1 14
325,Instances_lowcost_H6/abs5n15,5,9,1349.0,1221.0,1.1048321048321048,0.025,9 15 3 6 1 5 2 13 8
325,Instances_lowcost_H6/abs5n20,0,0,0.0,0.0,nan,nan,
325,Instances_lowcost_H6/abs5n20,1,11,1588.0,1535.0,1.0345276872964169,0.13333333333333333,19 14 18 8 3 1 20 12 11 10 4
325,Instances_lowcost_H6/abs5n20,2,20,2335.0,2221.0,1.0513282305267897,0.07982456140350877,19 17 5 18 13 8 14 16 4 2 6 9 10 20 12 15 7 3 1 11
325,Instances_lowcost_H6/abs5n20,3,11,1588.0,1535.0,1.0345276872964169,0.13333333333333333,19 14 18 8 3 1 20 12 11 10 4
325,Instances_lowcost_H6/abs5n20,4,20,2335.0,2221.0,1.0513282305267897,0.07982456140350877,19 17 5 18 13 8 14 16 4 2 6 9 10 20 12 15 7 3 1 11
325,Instances_lowcost_H6/abs5n20,5,11,1588.0,1535.0,1.0345276872964169,0.13333333333333333,19 14 18 8 3 1 20 12 11 10 4
325,Instances_lowcost_H6/abs5n25,0,0,0.0,0.0,nan,nan,
325,Instances_lowcost_H6/abs5n25,1,11,1401.0,1325.0,1.0573584905660378,0.05,13 5 21 15 16 14 7 24 9 3 6
325,Instances_lowcost_H6/abs5n25,2,25,2443.0,2284.0,1.069614711033275,0.1047676282051282,2 11 5 20 1 13 17 6 3 19 9 24 7 18 8 4 22 25 10 21 15 12 14 23 16
325,Instances_lowcost_H6/abs5n25,3,11,1401.0,1325.0,1.0573584905660378,0.05,13 5 21 15 16 14 7 24 9 3 6
325,Instances_lowcost_H6/abs5n25,4,25,2479.0,2284.0,1.0853765323992994,0.11692040598290598,2 11 5 20 1 13 17 6 3 19 9 24 7 18 8 4 25 22 10 21 15 12 14 23 16
325,Instances_lowcost_H6/abs5n25,5,11,1401.0,1325.0,1.0573584905660378,0.05,13 5 21 15 16 14 7 24 9 3 6
325,Instances_lowcost_H6/abs5n30,0,0,0.0,0.0,nan,nan,
325,Instances_lowcost_H6/abs5n30,1,15,1805.0,1742.0,1.0361653272101032,0.1369047619047619,1 24 10 28 11 30 27 2 29 4 9 8 16 25 19
325,Instances_lowcost_H6/abs5n30,2,30,2536.0,2221.0,1.1418280054029717,0.056058738556282885,1 26 24 20 3 11 10 7 23 17 15 30 28 12 27 18 2 13 4 22 29 21 9 8 14 16 25 19 6 5
325,Instances_lowcost_H6/abs5n30,3,15,1805.0,1742.0,1.0361653272101032,0.1369047619047619,1 24 10 28 11 30 27 2 29 4 9 8 16 25 19
325,Instances_lowcost_H6/abs5n30,4,30,2783.0,2221.0,1.2530391715443494,0.05065073659655679,1 26 24 20 3 11 10 7 23 17 15 6 25 16 14 8 13 4 22 29 21 2 9 18 27 12 5 30 28 19
325,Instances_lowcost_H6/abs5n30,5,15,1805.0,1742.0,1.0361653272101032,0.1369047619047619,1 24 10 28 11 30 27 2 29 4 9 8 16 25 19
325,Instances_lowcost_H6/abs5n5,0,0,0.0,0.0,nan,nan,
325,Instances_lowcost_H6/abs5n5,1,1,278.0,278.0,1.0,nan,4
325,Instances_lowcost_H6/abs5n5,2,5,1010.0,865.0,1.1676300578034682,0.08333333333333333,3 5 4 1 2
325,Instances_lowcost_H6/abs5n5,3,1,278.0,278.0,1.0,nan,4
325,Instances_lowcost_H6/abs5n5,4,5,1010.0,865.0,1.1676300578034682,0.08333333333333333,3 5 4 1 2
325,Instances_lowcost_H6/abs5n5,5,1,278.0,278.0,1.0,nan,4
350,Instances_highcost_H3/abs5n10,0,0,0.0,0.0,nan,nan,
350,Instances_highcost_H3/abs5n10,1,5,1184.0,1184.0,1.0,0.0,8 6 4 10 7
350,Instances_highcost_H3/abs5n10,2,10,1368.0,1480.0,0.9243243243243243,0.10493827160493827,8 6 5 4 1 3 10 7 9 2
350,Instances_highcost_H3/abs5n15,0,0,0.0,0.0,nan,nan,
350,Instances_highcost_H3/abs5n15,1,9,1349.0,1221.0,1.1048321048321048,0.025,9 15 3 6 1 5 2 13 8
350,Instances_highcost_H3/abs5n15,2,15,1748.0,1469.0,1.189925119128659,0.08690476190476192,10 7 8 12 11 13 2 5 4 6 3 15 9 1 14
350,Instances_highcost_H3/abs5n20,0,0,0.0,0.0,nan,nan,
350,Instances_highcost_H3/abs5n20,1,11,1588.0,1535.0,1.0345276872964169,0.13333333333333333,19 14 18 8 3 1 20 12 11 10 4
350,Instances_highcost_H3/abs5n20,2,20,2378.0,2221.0,1.070688878883386,0.10087719298245613,19 17 5 18 13 8 14 16 4 6 2 9 10 20 12 15 7 1 3 11
350,Instances_highcost_H3/abs5n25,0,0,0.0,0.0,nan,nan,
350,Instances_highcost_H3/abs5n25,1,11,1441.0,1325.0,1.0875471698113208,0.024285714285714285,5 13 6 3 9 24 7 14 16 15 21
350,Instances_highcost_H3/abs5n25,2,25,2443.0,2284.0,1.069614711033275,0.1047676282051282,2 11 5 20 1 13 17 6 3 19 9 24 7 18 8 4 22 25 10 21 15 12 14 23 16
350,Instances_highcost_H3/abs5n30,0,0,0.0,0.0,nan,nan,
350,Instances_highcost_H3/abs5n30,1,15,1890.0,1742.0,1.0849598163030998,0.1051329622758194,1 24 10 11 28 30 27 19 16 25 8 9 29 4 2
350,Instances_highcost_H3/abs5n30,2,30,2578.0,2221.0,1.1607384061233679,0.05384586089270178,1 26 20 24 10 7 28 11 3 30 17 23 16 14 8 13 4 22 29 21 2 9 18 27 12 15 6 25 19 5
350,Instances_highcost_H3/abs5n35,0,0,0.0,0.0,nan,nan,
350,Instances_highcost_H3/abs5n35,1,17,2168.0,2125.0,1.0202352941176471,0.028077651515151514,28 19 34 4 23 3 6 25 20 14 35 32 24 5 11 30 22
350,Instances_highcost_H3/abs5n35,2,35,2900.0,2679.0,1.0824934677118327,0.04523775196353051,28 1 18 21 33 2 8 19 34 4 15 9 23 3 6 25 7 20 14 31 16 27 35 32 10 24 5 11 17 30 29 26 22 12 13
350,Instances_highcost_H3/abs5n40,0,0,0.0,0.0,nan,nan,
350,Instances_highcost_H3/abs5n40,1,20,2179.0,2058.0,1.0587949465500486,0.06090497140684529,6 18 30 19 9 15 33 40 29 1 20 37 14 39 17 34 27 35 23 25
350,Instances_highcost_H3/abs5n40,2,40,3031.0,2647.0,1.1450698904420098,0.07148266358583429,18 6 4 30 31 13 3 19 38 8 25 17 34 27 21 28 35 10 23 36 11 26 39 22 14 37 12 1 7 16 29 40 24 15 33 5 32 9 2 20
350,Instances_highcost_H3/abs5n45,0,0,0.0,0.0,nan,nan,
350,Instances_highcost_H3/abs5n45,1,25,2475.0,2092.0,1.183078393881453,0.0876192063891872,1 18 24 34 15 4 39 38 41 30 14 22 9 13 20 35 37 29 12 25 28 45 10 43 32
350,Instances_highcost_H3/abs5n45,2,45,2824.0,2475.0,1.141010101010101,0.039212319512870436,28 33 6 27 13 20 8 35 37 44 24 34 17 11 18 7 26 31 39 15 16 4 3 23 41 36 5 14 30 22 42 32 38 10 43 19 45 2 1 12 29 25 21 40 9
350,Instances_highcost_H3/abs5n5,0,0,0.0,0.0,nan,nan,
350,Instances_highcost_H3/abs5n5,1,1,278.0,278.0,1.0,nan,4
350,Instances_highcost_H3/abs5n5,2,5,1010.0,865.0,1.1676300578034682,0.08333333333333333,3 5 4 1 2
350,Instances_highcost_H3/abs5n50,0,0,0.0,0.0,nan,nan,
350,Instances_highcost_H3/abs5n50,1,27,2306.0,2275.0,1.0136263736263735,0.06515806053849532,33 32 50 44 4 13 20 36 5 10 25 34 7 27 24 40 8 19 29 15 46 38 47 9 17 23 30
350,Instances_highcost_H3/abs5n50,2,50,3448.0,3165.0,1.0894154818325434,0.05690247623413114,45 33 41 32 26 44 31 4 49 13 42 20 48 12 36 22 38 18 46 5 39 14 25 34 7 27 24 1 40 8 19 21 16 2 15 10 6 3 29 17 23 50 28 37 35 43 30 9 47 11
350,Instances_highcost_H6/abs5n10,0,0,0.0,0.0,nan,nan,
350,Instances_highcost_H6/abs5n10,1,5,1184.0,1184.0,1.0,0.0,8 6 4 10 7
350,Instances_highcost_H6/abs5n10,2,10,1368.0,1480.0,0.9243243243243243,0.10493827160493827,8 6 5 4 1 3 10 7 9 2
350,Instances_highcost_H6/abs5n10,3,5,1184.0,1184.0,1.0,0.0,8 6 4 10 7
350,Instances_highcost_H6/abs5n10,4,10,1368.0,1480.0,0.9243243243243243,0.10493827160493827,8 6 5 4 1 3 10 7 9 2
350,Instances_highcost_H6/abs5n10,5,5,1184.0,1184.0,1.0,0.0,8 6 4 10 7
350,Instances_highcost_H6/abs5n15,0,0,0.0,0.0,nan,nan,
350,Instances_highcost_H6/abs5n15,1,9,1349.0,1221.0,1.1048321048321048,0.025,9 15 3 6 1 5 2 13 8
350,Instances_highcost_H6/abs5n15,2,15,1748.0,1469.0,1.189925119128659,0.08690476190476192,10 7 8 12 11 13 2 5 4 6 3 15 9 1 14
350,Instances_highcost_H6/abs5n15,3,9,1349.0,1221.0,1.1048321048321048,0.025,9 15 3 6 1 5 2 13 8
350,Instances_highcost_H6/abs5n15,4,15,1748.0,1469.0,1.189925119128659,0.08690476190476192,10 7 8 12 11 13 2 5 4 6 3 15 9 1 14
350,Instances_highcost_H6/abs5n15,5,9,1349.0,1221.0,1.1048321048321048,0.025,9 15 3 6 1 5 2 13 8
350,Instances_highcost_H6/abs5n20,0,0,0.0,0.0,nan,nan,
350,Instances_highcost_H6/abs5n20,1,11,1588.0,1535.0,1.0345276872964169,0.13333333333333333,19 14 18 8 3 1 20 12 11 10 4
350,Instances_highcost_H6/abs5n20,2,20,2378.0,2221.0,1.070688878883386,0.10087719298245613,19 17 5 18 13 8 14 16 4 6 2 9 10 20 12 15 7 1 3 11
350,Instances_highcost_H6/abs5n20,3,11,1588.0,1535.0,1.0345276872964169,0.13333333333333333,19 14 18 8 3 1 20 12 11 10 4
350,Instances_highcost_H6/abs5n20,4,20,2357.0,2221.0,1.0612336785231877,0.10614035087719298,19 17 5 18 13 8 14 16 4 2 6 9 10 20 12 15 7 1 3 11
350,Instances_highcost_H6/abs5n20,5,11,1588.0,1535.0,1.0345276872964169,0.13333333333333333,19 14 18 8 3 1 20 12 11 10 4
350,Instances_highcost_H6/abs5n25,0,0,0.0,0.0,nan,nan,
350,Instances_highcost_H6/abs5n25,1,11,1441.0,1325.0,1.0875471698113208,0.024285714285714285,5 13 6 3 9 24 7 14 16 15 21
350,Instances_highcost_H6/abs5n25,2,25,2443.0,2284.0,1.069614711033275,0.1047676282051282,2 11 5 20 1 13 17 6 3 19 9 24 7 18 8 4 22 25 10 21 15 12 14 23 16
350,Instances_highcost_H6/abs5n25,3,11,1441.0,1325.0,1.0875471698113208,0.024285714285714285,5 13 6 3 9 24 7 14 16 15 21
350,Instances_highcost_H6/abs5n25,4,25,2539.0,2284.0,1.111646234676007,0.1030315170940171,2 11 5 20 1 13 17 6 3 19 9 24 7 18 8 4 25 22 10 21 15 16 14 23 12
350,Instances_highcost_H6/abs5n25,5,11,1441.0,1325.0,1.0875471698113208,0.024285714285714285,5 13 6 3 9 24 7 14 16 15 21
350,Instances_highcost_H6/abs5n30,0,0,0.0,0.0,nan,nan,
350,Instances_highcost_H6/abs5n30,1,15,1890.0,1742.0,1.0849598163030998,0.1051329622758194,1 24 10 11 28 30 27 19 16 25 8 9 29 4 2
350,Instances_highcost_H6/abs5n30,2,30,2578.0,2221.0,1.1607384061233679,0.05384586089270178,1 26 20 24 10 7 28 11 3 30 17 23 16 14 8 13 4 22 29 21 2 9 18 27 12 15 6 25 19 5
350,Instances_highcost_H6/abs5n30,3,15,1890.0,1742.0,1.0849598163030998,0.1051329622758194,1 24 10 11 28 30 27 19 16 25 8 9 29 4 2
350,Instances_highcost_H6/abs5n30,4,30,2518.0,2221.0,1.1337235479513732,0.052828200392282657,1 26 20 24 10 7 28 11 3 30 17 23 16 14 8 9 13 4 22 29 21 2 18 27 12 15 6 25 19 5
350,Instances_highcost_H6/abs5n30,5,15,1890.0,1742.0,1.0849598163030998,0.1051329622758194,1 24 10 11 28 30 27 19 16 25 8 9 29 4 2
350,Instances_highcost_H6/abs5n5,0,0,0.0,0.0,nan,nan,
350,Instances_highcost_H6/abs5n5,1,1,278.0,278.0,1.0,nan,4
350,Instances_highcost_H6/abs5n5,2,5,1010.0,865.0,1.1676300578034682,0.08333333333333333,3 5 4 1 2
350,Instances_highcost_H6/abs5n5,3,1,278.0,278.0,1.0,nan,4
350,Instances_highcost_H6/abs5n5,4,5,1010.0,865.0,1.1676300578034682,0.08333333333333333,3 5 4 1 2
350,Instances_highcost_H6/abs5n5,5,1,278.0,278.0,1.0,nan,4
350,Instances_lowcost_H3/abs5n10,0,0,0.0,0.0,nan,nan,
350,Instances_lowcost_H3/abs5n10,1,5,1184.0,1184.0,1.0,0.0,8 6 4 10 7
350,Instances_lowcost_H3/abs5n10,2,10,1368.0,1480.0,0.9243243243243243,0.10493827160493827,8 6 5 4 1 3 10 7 9 2
350,Instances_lowcost_H3/abs5n15,0,0,0.0,0.0,nan,nan,
350,Instances_lowcost_H3/abs5n15,1,9,1349.0,1221.0,1.1048321048321048,0.025,9 15 3 6 1 5 2 13 8
350,Instances_lowcost_H3/abs5n15,2,15,1748.0,1469.0,1.189925119128659,0.08690476190476192,10 7 8 12 11 13 2 5 4 6 3 15 9 1 14
350,Instances_lowcost_H3/abs5n20,0,0,0.0,0.0,nan,nan,
350,Instances_lowcost_H3/abs5n20,1,11,1588.0,1535.0,1.0345276872964169,0.13333333333333333,19 14 18 8 3 1 20 12 11 10 4
350,Instances_lowcost_H3/abs5n20,2,20,2378.0,2221.0,1.070688878883386,0.10087719298245613,19 17 5 18 13 8 14 16 4 6 2 9 10 20 12 15 7 1 3 11
350,Instances_lowcost_H3/abs5n25,0,0,0.0,0.0,nan,nan,
350,Instances_lowcost_H3/abs5n25,1,11,1441.0,1325.0,1.0875471698113208,0.024285714285714285,5 13 6 3 9 24 7 14 16 15 21
350,Instances_lowcost_H3/abs5n25,2,25,2443.0,2284.0,1.069614711033275,0.1047676282051282,2 11 5 20 1 13 17 6 3 19 9 24 7 18 8 4 22 25 10 21 15 12 14 23 16
350,Instances_lowcost_H3/abs5n30,0,0,0.0,0.0,nan,nan,
350,Instances_lowcost_H3/abs5n30,1,15,1890.0,1742.0,1.0849598163030998,0.1051329622758194,1 24 10 11 28 30 27 19 16 25 8 9 29 4 2
350,Instances_lowcost_H3/abs5n30,2,30,2578.0,2221.0,1.1607384061233679,0.05384586089270178,1 26 20 24 10 7 28 11 3 30 17 23 16 14 8 13 4 22 29 21 2 9 18 27 12 15 6 25 19 5
350,Instances_lowcost_H3/abs5n35,0,0,0.0,0.0,nan,nan,
350,Instances_lowcost_H3/abs5n35,1,17,2168.0,2125.0,1.0202352941176471,0.028077651515151514,28 19 34 4 23 3 6 25 20 14 35 32 24 5 11 30 22
350,Instances_lowcost_H3/abs5n35,2,35,2900.0,2679.0,1.0824934677118327,0.04523775196353051,28 1 18 21 33 2 8 19 34 4 15 9 23 3 6 25 7 20 14 31 16 27 35 32 10 24 5 11 17 30 29 26 22 12 13
350,Instances_lowcost_H3/abs5n40,0,0,0.0,0.0,nan,nan,
350,Instances_lowcost_H3/abs5n40,1,20,2179.0,2058.0,1.0587949465500486,0.06090497140684529,6 18 30 19 9 15 33 40 29 1 20 37 14 39 17 34 27 35 23 25
350,Instances_lowcost_H3/abs5n40,2,40,3031.0,2647.0,1.1450698904420098,0.07148266358583429,18 6 4 30 31 13 3 19 38 8 25 17 34 27 21 28 35 10 23 36 11 26 39 22 14 37 12 1 7 16 29 40 24 15 33 5 32 9 2 20
350,Instances_lowcost_H3/abs5n45,0,0,0.0,0.0,nan,nan,
350,Instances_lowcost_H3/abs5n45,1,25,2475.0,2092.0,1.183078393881453,0.0876192063891872,1 18 24 34 15 4 39 38 41 30 14 22 9 13 20 35 37 29 12 25 28 45 10 43 32
350,Instances_lowcost_H3/abs5n45,2,45,2824.0,2475.0,1.141010101010101,0.039212319512870436,28 33 6 27 13 20 8 35 37 44 24 34 17 11 18 7 26 31 39 15 16 4 3 23 41 36 5 14 30 22 42 32 38 10 43 19 45 2 1 12 29 25 21 40 9
350,Instances_lowcost_H3/abs5n5,0,0,0.0,0.0,nan,nan,
350,Instances_lowcost_H3/abs5n5,1,1,278.0,278.0,1.0,nan,4
350,Instances_lowcost_H3/abs5n5,2,5,1010.0,865.0,1.1676300578034682,0.08333333333333333,3 5 4 1 2
350,Instances_lowcost_H3/abs5n50,0,0,0.0,0.0,nan,nan,
350,Instances_lowcost_H3/abs5n50,1,27,2306.0,2275.0,1.0136263736263735,0.06515806053849532,33 32 50 44 4 13 20 36 5 10 25 34 7 27 24 40 8 19 29 15 46 38 47 9 17 23 30
350,Instances_lowcost_H3/abs5n50,2,50,3448.0,3165.0,1.0894154818325434,0.05690247623413114,45 33 41 32 26 44 31 4 49 13 42 20 48 12 36 22 38 18 46 5 39 14 25 34 7 27 24 1 40 8 19 21 16 2 15 10 6 3 29 17 23 50 28 37 35 43 30 9 47 11
350,Instances_lowcost_H6/abs5n10,0,0,0.0,0.0,nan,nan,
350,Instances_lowcost_H6/abs5n10,1,5,1184.0,1184.0,1.0,0.0,8 6 4 10 7
350,Instances_lowcost_H6/abs5n10,2,10,1368.0,1480.0,0.9243243243243243,0.10493827160493827,8 6 5 4 1 3 10 7 9 2
350,Instances_lowcost_H6/abs5n10,3,5,1184.0,1184.0,1.0,0.0,8 6 4 10 7
350,Instances_lowcost_H6/abs5n10,4,10,1368.0,1480.0,0.9243243243243243,0.10493827160493827,8 6 5 4 1 3 10 7 9 2
350,Instances_lowcost_H6/abs5n10,5,5,1184.0,1184.0,1.0,0.0,8 6 4 10 7
350,Instances_lowcost_H6/abs5n15,0,0,0.0,0.0,nan,nan,
350,Instances_lowcost_H6/abs5n15,1,9,1349.0,1221.0,1.1048321048321048,0.025,9 15 3 6 1 5 2 13 8
350,Instances_lowcost_H6/abs5n15,2,15,1748.0,1469.0,1.189925119128659,0.08690476190476192,10 7 8 12 11 13 2 5 4 6 3 15 9 1 14
350,Instances_lowcost_H6/abs5n15,3,9,1349.0,1221.0,1.1048321048321048,0.025,9 15 3 6 1 5 2 13 8
350,Instances_lowcost_H6/abs5n15,4,15,1748.0,1469.0,1.189925119128659,0.08690476190476192,10 7 8 12 11 13 2 5 4 6 3 15 9 1 14
350,Instances_lowcost_H6/abs5n15,5,9,1349.0,1221.0,1.1048321048321048,0.025,9 15 3 6 1 5 2 13 8
350,Instances_lowcost_H6/abs5n20,0,0,0.0,0.0,nan,nan,
350,Instances_lowcost_H6/abs5n20,1,11,1588.0,1535.0,1.0345276872964169,0.13333333333333333,19 14 18 8 3 1 20 12 11 10 4
350,Instances_lowcost_H6/abs5n20,2,20,2378.0,2221.0,1.070688878883386,0.10087719298245613,19 17 5 18 13 8 14 16 4 6 2 9 10 20 12 15 7 1 3 11
350,Instances_lowcost_H6/abs5n20,3,11,1588.0,1535.0,1.0345276872964169,0.13333333333333333,19 14 18 8 3 1 20 12 11 10 4
350,Instances_lowcost_H6/abs5n20,4,20,2357.0,2221.0,1.0612336785231877,0.10614035087719298,19 17 5 18 13 8 14 16 4 2 6 9 10 20 12 15 7 1 3 11
350,Instances_lowcost_H6/abs5n20,5,11,1588.0,1535.0,1.0345276872964169,0.13333333333333333,19 14 18 8 3 1 20 12 11 10 4
350,Instances_lowcost_H6/abs5n25,0,0,0.0,0.0,nan,nan,
350,Instances_lowcost_H6/abs5n25,1,11,1441.0,1325.0,1.0875471698113208,0.024285714285714285,5 13 6 3 9 24 7 14 16 15 21
350,Instances_lowcost_H6/abs5n25,2,25,2443.0,2284.0,1.069614711033275,0.1047676282051282,2 11 5 20 1 13 17 6 3 19 9 24 7 18 8 4 22 25 10 21 15 12 14 23 16
350,Instances_lowcost_H6/abs5n25,3,11,1441.0,1325.0,1.0875471698113208,0.024285714285714285,5 13 6 3 9 24 7 14 16 15 21
350,Instances_lowcost_H6/abs5n25,4,25,2539.0,2284.0,1.111646234676007,0.1030315170940171,2 11 5 20 1 13 17 6 3 19 9 24 7 18 8 4 25 22 10 21 15 16 14 23 12
350,Instances_lowcost_H6/abs5n25,5,11,1441.0,1325.0,1.0875471698113208,0.024285714285714285,5 13 6 3 9 24 7 14 16 15 21
350,Instances_lowcost_H6/abs5n30,0,0,0.0,0.0,nan,nan,
350,Instances_lowcost_H6/abs5n30,1,15,1890.0,1742.0,1.0849598163030998,0.1051329622758194,1 24 10 11 28 30 27 19 16 25 8 9 29 4 2
350,Instances_lowcost_H6/abs5n30,2,30,2578.0,2221.0,1.1607384061233679,0.05384586089270178,1 26 20 24 10 7 28 11 3 30 17 23 16 14 8 13 4 22 29 21 2 9 18 27 12 15 6 25 19 5
350,Instances_lowcost_H6/abs5n30,3,15,1890.0,1742.0,1.0849598163030998,0.1051329622758194,1 24 10 11 28 30 27 19 16 25 8 9 29 4 2
350,Instances_lowcost_H6/abs5n30,4,30,2518.0,2221.0,1.1337235479513732,0.052828200392282657,1 26 20 24 10 7 28 11 3 30 17 23 16 14 8 9 13 4 22 29 21 2 18 27 12 15 6 25 19 5
350,Instances_lowcost_H6/abs5n30,5,15,1890.0,1742.0,1.0849598163030998,0.1051329622758194,1 24 10 11 28 30 27 19 16 25 8 9 29 4 2
350,Instances_lowcost_H6/abs5n5,0,0,0.0,0.0,nan,nan,
350,Instances_lowcost_H6/abs5n5,1,1,278.0,278.0,1.0,nan,4
350,Instances_lowcost_H6/abs5n5,2,5,1010.0,865.0,1.1676300578034682,0.08333333333333333,3 5 4 1 2
350,Instances_lowcost_H6/abs5n5,3,1,278.0,278.0,1.0,nan,4
350,Instances_lowcost_H6/abs5n5,4,5,1010.0,865.0,1.1676300578034682,0.08333333333333333,3 5 4 1 2
350,Instances_lowcost_H6/abs5n5,5,1,278.0,278.0,1.0,nan,4
375,Instances_highcost_H3/abs5n10,0,0,0.0,0.0,nan,nan,
375,Instances_highcost_H3/abs5n10,1,5,1184.0,1184.0,1.0,0.0,8 6 4 10 7
375,Instances_highcost_H3/abs5n10,2,10,1368.0,1480.0,0.9243243243243243,0.10493827160493827,8 6 5 4 1 3 10 7 9 2
375,Instances_highcost_H3/abs5n15,0,0,0.0,0.0,nan,nan,
375,Instances_highcost_H3/abs5n15,1,9,1254.0,1221.0,1.027027027027027,0.0,9 15 3 1 6 5 2 13 8
375,Instances_highcost_H3/abs5n15,2,15,1469.0,1469.0,1.0,0.039625850340136055,9 15 1 3 6 4 14 5 2 11 13 12 8 7 10
375,Instances_highcost_H3/abs5n20,0,0,0.0,0.0,nan,nan,
375,Instances_highcost_H3/abs5n20,1,11,1588.0,1535.0,1.0345276872964169,0.13333333333333333,19 14 18 8 3 1 20 12 11 10 4
375,Instances_highcost_H3/abs5n20,2,20,2343.0,2221.0,1.054930211616389,0.07392930856553147,19 17 18 5 14 16 4 2 6 9 10 11 20 12 15 7 1 3 8 13
375,Instances_highcost_H3/abs5n25,0,0,0.0,0.0,nan,nan,
375,Instances_highcost_H3/abs5n25,1,11,1441.0,1325.0,1.0875471698113208,0.024285714285714285,5 13 6 3 9 24 7 14 16 15 21
375,Instances_highcost_H3/abs5n25,2,25,2443.0,2284.0,1.069614711033275,0.1047676282051282,2 11 5 20 1 13 17 6 3 19 9 24 7 18 8 4 22 25 10 21 15 12 14 23 16
375,Instances_highcost_H3/abs5n30,0,0,0.0,0.0,nan,nan,
375,Instances_highcost_H3/abs5n30,1,15,1900.0,1742.0,1.0907003444316876,0.09863945578231292,1 24 10 28 11 30 27 19 16 25 8 9 29 4 2
375,Instances_highcost_H3/abs5n30,2,30,2486.0,2221.0,1.1193156235929762,0.06144889004745508,1 26 20 24 10 7 28 11 3 30 17 23 16 14 8 9 13 4 22 29 21 2 18 5 12 27 6 25 19 15
375,Instances_highcost_H3/abs5n35,0,0,0.0,0.0,nan,nan,
375,Instances_highcost_H3/abs5n35,1,17,2164.0,2125.0,1.0183529411764707,0.04891098484848484,28 19 34 4 23 3 6 25 20 14 35 32 24 22 30 11 5
375,Instances_highcost_H3/abs5n35,2,35,2659.0,2679.0,0.992534527808884,0.024501418605406947,10 28 1 18 21 33 2 8 19 34 4 15 9 23 3 6 25 7 20 14 31 16 27 35 22 26 29 30 17 11 12 5 24 32 13
375,Instances_highcost_H3/abs5n40,0,0,0.0,0.0,nan,nan,
375,Instances_highcost_H3/abs5n40,1,20,2109.0,2058.0,1.0247813411078717,0.04949874686716792,18 6 30 19 9 15 33 40 29 1 20 37 14 39 17 34 27 35 23 25
375,Instances_highcost_H3/abs5n40,2,40,2833.0,2647.0,1.0702682281828486,0.04349917983311977,18 6 4 30 31 13 3 19 38 8 25 17 34 27 21 28 35 10 23 36 11 26 39 22 14 37 1 7 16 29 5 40 24 15 33 32 9 2 20 12
375,Instances_highcost_H3/abs5n45,0,0,0.0,0.0,nan,nan,
375,Instances_highcost_H3/abs5n45,1,25,2487.0,2092.0,1.1888145315487573,0.09859983766233765,28 1 37 35 24 34 18 12 29 20 13 25 9 14 30 41 38 10 43 45 32 22 39 15 4
375,Instances_highcost_H3/abs5n45,2,45,2907.0,2475.0,1.1745454545454546,0.06363636327150647,28 33 9 6 27 13 20 35 8 29 37 44 24 17 11 34 31 7 26 18 12 25 21 40 1 2 39 15 16 4 3 23 41 36 5 14 30 22 42 38 10 43 45 32 19
375,Instances_highcost_H3/abs5n5,0,0,0.0,0.0,nan,nan,
375,Instances_highcost_H3/abs5n5,1,1,278.0,278.0,1.0,nan,4
375,Instances_highcost_H3/abs5n5,2,5,866.0,865.0,1.001156069364162,0.25,3 4 5 2 1
375,Instances_highcost_H3/abs5n50,0,0,0.0,0.0,nan,nan,
375,Instances_highcost_H3/abs5n50,1,27,2456.0,2275.0,1.0795604395604395,0.06767467728022518,33 32 50 44 4 13 20 36 5 25 34 7 27 24 40 8 19 30 23 17 29 15 10 46 38 47 9
375,Instances_highcost_H3/abs5n50,2,50,3464.0,3165.0,1.094470774091627,0.049998641769526724,45 33 41 32 26 44 31 4 49 13 42 20 48 12 36 5 39 14 25 7 34 27 24 1 40 8 19 21 16 2 15 10 6 46 18 3 38 11 29 17 23 50 28 37 35 43 30 9 47 22
375,Instances_highcost_H6/abs5n10,0,0,0.0,0.0,nan,nan,
375,Instances_highcost_H6/abs5n10,1,5,1184.0,1184.0,1.0,0.0,8 6 4 10 7
375,Instances_highcost_H6/abs5n10,2,10,1368.0,1480.0,0.9243243243243243,0.10493827160493827,8 6 5 4 1 3 10 7 9 2
375,Instances_highcost_H6/abs5n10,3,5,1184.0,1184.0,1.0,0.0,8 6 4 10 7
375,Instances_highcost_H6/abs5n10,4,10,1368.0,1480.0,0.9243243243243243,0.10493827160493827,8 6 5 4 1 3 10 7 9 2
375,Instances_highcost_H6/abs5n10,5,5,1184.0,1184.0,1.0,0.0,8 6 4 10 7
375,Instances_highcost_H6/abs5n15,0,0,0.0,0.0,nan,nan,
375,Instances_highcost_H6/abs5n15,1,9,1254.0,1221.0,1.027027027027027,0.0,9 15 3 1 6 5 2 13 8
375,Instances_highcost_H6/abs5n15,2,15,1469.0,1469.0,1.0,0.039625850340136055,9 15 1 3 6 4 14 5 2 11 13 12 8 7 10
375,Instances_highcost_H6/abs5n15,3,9,1254.0,1221.0,1.027027027027027,0.0,9 15 3 1 6 5 2 13 8
375,Instances_highcost_H6/abs5n15,4,15,1469.0,1469.0,1.0,0.039625850340136055,9 15 1 3 6 4 14 5 2 11 13 12 8 7 10
375,Instances_highcost_H6/abs5n15,5,9,1254.0,1221.0,1.027027027027027,0.0,9 15 3 1 6 5 2 13 8
375,Instances_highcost_H6/abs5n20,0,0,0.0,0.0,nan,nan,
375,Instances_highcost_H6/abs5n20,1,11,1588.0,1535.0,1.0345276872964169,0.13333333333333333,19 14 18 8 3 1 20 12 11 10 4
375,Instances_highcost_H6/abs5n20,2,20,2343.0,2221.0,1.054930211616389,0.07392930856553147,19 17 18 5 14 16 4 2 6 9 10 11 20 12 15 7 1 3 8 13
375,Instances_highcost_H6/abs5n20,3,11,1588.0,1535.0,1.0345276872964169,0.13333333333333333,19 14 18 8 3 1 20 12 11 10 4
375,Instances_highcost_H6/abs5n20,4,20,2484.0,2221.0,1.1184151283205763,0.06797692761315052,19 17 18 5 14 16 4 2 6 9 10 20 12 15 7 3 1 11 8 13
375,Instances_highcost_H6/abs5n20,5,11,1588.0,1535.0,1.0345276872964169,0.13333333333333333,19 14 18 8 3 1 20 12 11 10 4
375,Instances_highcost_H6/abs5n25,0,0,0.0,0.0,nan,nan,
375,Instances_highcost_H6/abs5n25,1,11,1441.0,1325.0,1.0875471698113208,0.024285714285714285,5 13 6 3 9 24 7 14 16 15 21
375,Instances_highcost_H6/abs5n25,2,25,2443.0,2284.0,1.069614711033275,0.1047676282051282,2 11 5 20 1 13 17 6 3 19 9 24 7 18 8 4 22 25 10 21 15 12 14 23 16
375,Instances_highcost_H6/abs5n25,3,11,1441.0,1325.0,1.0875471698113208,0.024285714285714285,5 13 6 3 9 24 7 14 16 15 21
375,Instances_highcost_H6/abs5n25,4,25,2443.0,2284.0,1.069614711033275,0.1047676282051282,2 11 5 20 1 13 17 6 3 19 9 24 7 18 8 4 22 25 10 21 15 12 14 23 16
375,Instances_highcost_H6/abs5n25,5,11,1441.0,1325.0,1.0875471698113208,0.024285714285714285,5 13 6 3 9 24 7 14 16 15 21
375,Instances_highcost_H6/abs5n30,0,0,0.0,0.0,nan,nan,
375,Instances_highcost_H6/abs5n30,1,15,1900.0,1742.0,1.0907003444316876,0.09863945578231292,1 24 10 28 11 30 27 19 16 25 8 9 29 4 2
375,Instances_highcost_H6/abs5n30,2,30,2530.0,2221.0,1.1391265195857723,0.04995463717389186,1 26 20 24 10 7 28 11 3 30 17 23 16 14 8 9 13 4 22 29 21 2 18 5 12 27 15 6 25 19
375,Instances_highcost_H6/abs5n30,3,15,1895.0,1742.0,1.0878300803673937,0.13435374149659865,1 24 10 28 11 30 27 19 16 25 8 9 4 29 2
375,Instances_highcost_H6/abs5n30,4,30,2518.0,2221.0,1.1337235479513732,0.052828200392282657,1 26 20 24 10 7 28 11 3 30 17 23 16 14 8 9 13 4 22 29 21 2 18 27 12 15 6 25 19 5
375,Instances_highcost_H6/abs5n30,5,15,1895.0,1742.0,1.0878300803673937,0.13435374149659865,1 24 10 28 11 30 27 19 16 25 8 9 4 29 2
375,Instances_highcost_H6/abs5n5,0,0,0.0,0.0,nan,nan,
375,Instances_highcost_H6/abs5n5,1,1,278.0,278.0,1.0,nan,4
375,Instances_highcost_H6/abs5n5,2,5,866.0,865.0,1.001156069364162,0.25,3 4 5 2 1
375,Instances_highcost_H6/abs5n5,3,1,278.0,278.0,1.0,nan,4
375,Instances_highcost_H6/abs5n5,4,5,866.0,865.0,1.001156069364162,0.25,3 4 5 2 1
375,Instances_highcost_H6/abs5n5,5,1,278.0,278.0,1.0,nan,4
375,Instances_lowcost_H3/abs5n10,0,0,0.0,0.0,nan,nan,
375,Instances_lowcost_H3/abs5n10,1,5,1184.0,1184.0,1.0,0.0,8 6 4 10 7
375,Instances_lowcost_H3/abs5n10,2,10,1368.0,1480.0,0.9243243243243243,0.10493827160493827,8 6 5 4 1 3 10 7 9 2
375,Instances_lowcost_H3/abs5n15,0,0,0.0,0.0,nan,nan,
375,Instances_lowcost_H3/abs5n15,1,9,1254.0,1221.0,1.027027027027027,0.0,9 15 3 1 6 5 2 13 8
375,Instances_lowcost_H3/abs5n15,2,15,1469.0,1469.0,1.0,0.039625850340136055,9 15 1 3 6 4 14 5 2 11 13 12 8 7 10
375,Instances_lowcost_H3/abs5n20,0,0,0.0,0.0,nan,nan,
375,Instances_lowcost_H3/abs5n20,1,11,1588.0,1535.0,1.0345276872964169,0.13333333333333333,19 14 18 8 3 1 20 12 11 10 4
375,Instances_lowcost_H3/abs5n20,2,20,2343.0,2221.0,1.054930211616389,0.07392930856553147,19 17 18 5 14 16 4 2 6 9 10 11 20 12 15 7 1 3 8 13
375,Instances_lowcost_H3/abs5n25,0,0,0.0,0.0,nan,nan,
375,Instances_lowcost_H3/abs5n25,1,11,1441.0,1325.0,1.0875471698113208,0.024285714285714285,5 13 6 3 9 24 7 14 16 15 21
375,Instances_lowcost_H3/abs5n25,2,25,2443.0,2284.0,1.069614711033275,0.1047676282051282,2 11 5 20 1 13 17 6 3 19 9 24 7 18 8 4 22 25 10 21 15 12 14 23 16
375,Instances_lowcost_H3/abs5n30,0,0,0.0,0.0,nan,nan,
375,Instances_lowcost_H3/abs5n30,1,15,1900.0,1742.0,1.0907003444316876,0.09863945578231292,1 24 10 28 11 30 27 19 16 25 8 9 29 4 2
375,Instances_lowcost_H3/abs5n30,2,30,2486.0,2221.0,1.1193156235929762,0.06144889004745508,1 26 20 24 10 7 28 11 3 30 17 23 16 14 8 9 13 4 22 29 21 2 18 5 12 27 6 25 19 15
375,Instances_lowcost_H3/abs5n35,0,0,0.0,0.0,nan,nan,
375,Instances_lowcost_H3/abs5n35,1,17,2164.0,2125.0,1.0183529411764707,0.04891098484848484,28 19 34 4 23 3 6 25 20 14 35 32 24 22 30 11 5
375,Instances_lowcost_H3/abs5n35,2,35,2659.0,2679.0,0.992534527808884,0.024501418605406947,10 28 1 18 21 33 2 8 19 34 4 15 9 23 3 6 25 7 20 14 31 16 27 35 22 26 29 30 17 11 12 5 24 32 13
375,Instances_lowcost_H3/abs5n40,0,0,0.0,0.0,nan,nan,
375,Instances_lowcost_H3/abs5n40,1,20,2109.0,2058.0,1.0247813411078717,0.04949874686716792,18 6 30 19 9 15 33 40 29 1 20 37 14 39 17 34 27 35 23 25
375,Instances_lowcost_H3/abs5n40,2,40,2833.0,2647.0,1.0702682281828486,0.04349917983311977,18 6 4 30 31 13 3 19 38 8 25 17 34 27 21 28 35 10 23 36 11 26 39 22 14 37 1 7 16 29 5 40 24 15 33 32 9 2 20 12
375,Instances_lowcost_H3/abs5n45,0,0,0.0,0.0,nan,nan,
375,Instances_lowcost_H3/abs5n45,1,25,2487.0,2092.0,1.1888145315487573,0.09859983766233765,28 1 37 35 24 34 18 12 29 20 13 25 9 14 30 41 38 10 43 45 32 22 39 15 4
375,Instances_lowcost_H3/abs5n45,2,45,2907.0,2475.0,1.1745454545454546,0.06363636327150647,28 33 9 6 27 13 20 35 8 29 37 44 24 17 11 34 31 7 26 18 12 25 21 40 1 2 39 15 16 4 3 23 41 36 5 14 30 22 42 38 10 43 45 32 19
375,Instances_lowcost_H3/abs5n5,0,0,0.0,0.0,nan,nan,
375,Instances_lowcost_H3/abs5n5,1,1,278.0,278.0,1.0,nan,4
375,Instances_lowcost_H3/abs5n5,2,5,866.0,865.0,1.001156069364162,0.25,3 4 5 2 1
375,Instances_lowcost_H3/abs5n50,0,0,0.0,0.0,nan,nan,
375,Instances_lowcost_H3/abs5n50,1,27,2456.0,2275.0,1.0795604395604395,0.06767467728022518,33 32 50 44 4 13 20 36 5 25 34 7 27 24 40 8 19 30 23 17 29 15 10 46 38 47 9
375,Instances_lowcost_H3/abs5n50,2,50,3464.0,3165.0,1.094470774091627,0.049998641769526724,45 33 41 32 26 44 31 4 49 13 42 20 48 12 36 5 39 14 25 7 34 27 24 1 40 8 19 21 16 2 15 10 6 46 18 3 38 11 29 17 23 50 28 37 35 43 30 9 47 22
375,Instances_lowcost_H6/abs5n10,0,0,0.0,0.0,nan,nan,
375,Instances_lowcost_H6/abs5n10,1,5,1184.0,1184.0,1.0,0.0,8 6 4 10 7
375,Instances_lowcost_H6/abs5n10,2,10,1368.0,1480.0,0.9243243243243243,0.10493827160493827,8 6 5 4 1 3 10 7 9 2
375,Instances_lowcost_H6/abs5n10,3,5,1184.0,1184.0,1.0,0.0,8 6 4 10 7
375,Instances_lowcost_H6/abs5n10,4,10,1368.0,1480.0,0.9243243243243243,0.10493827160493827,8 6 5 4 1 3 10 7 9 2
375,Instances_lowcost_H6/abs5n10,5,5,1184.0,1184.0,1.0,0.0,8 6 4 10 7
375,Instances_lowcost_H6/abs5n15,0,0,0.0,0.0,nan,nan,
375,Instances_lowcost_H6/abs5n15,1,9,1254.0,1221.0,1.027027027027027,0.0,9 15 3 1 6 5 2 13 8
375,Instances_lowcost_H6/abs5n15,2,15,1469.0,1469.0,1.0,0.039625850340136055,9 15 1 3 6 4 14 5 2 11 13 12 8 7 10
375,Instances_lowcost_H6/abs5n15,3,9,1254.0,1221.0,1.027027027027027,0.0,9 15 3 1 6 5 2 13 8
375,Instances_lowcost_H6/abs5n15,4,15,1469.0,1469.0,1.0,0.039625850340136055,9 15 1 3 6 4 14 5 2 11 13 12 8 7 10
375,Instances_lowcost_H6/abs5n15,5,9,1254.0,1221.0,1.027027027027027,0.0,9 15 3 1 6 5 2 13 8
375,Instances_lowcost_H6/abs5n20,0,0,0.0,0.0,nan,nan,
375,Instances_lowcost_H6/abs5n20,1,11,1588.0,1535.0,1.0345276872964169,0.13333333333333333,19 14 18 8 3 1 20 12 11 10 4
375,Instances_lowcost_H6/abs5n20,2,20,2343.0,2221.0,1.054930211616389,0.07392930856553147,19 17 18 5 14 16 4 2 6 9 10 11 20 12 15 7 1 3 8 13
375,Instances_lowcost_H6/abs5n20,3,11,1588.0,1535.0,1.0345276872964169,0.13333333333333333,19 14 18 8 3 1 20 12 11 10 4
375,Instances_lowcost_H6/abs5n20,4,20,2484.0,2221.0,1.1184151283205763,0.06797692761315052,19 17 18 5 14 16 4 2 6 9 10 20 12 15 7 3 1 11 8 13
375,Instances_lowcost_H6/abs5n20,5,11,1588.0,1535.0,1.0345276872964169,0.13333333333333333,19 14 18 8 3 1 20 12 11 10 4
375,Instances_lowcost_H6/abs5n25,0,0,0.0,0.0,nan,nan,
375,Instances_lowcost_H6/abs5n25,1,11,1441.0,1325.0,1.0875471698113208,0.024285714285714285,5 13 6 3 9 24 7 14 16 15 21
375,Instances_lowcost_H6/abs5n25,2,25,2443.0,2284.0,1.069614711033275,0.1047676282051282,2 11 5 20 1 13 17 6 3 19 9 24 7 18 8 4 22 25 10 21 15 12 14 23 16
375,Instances_lowcost_H6/abs5n25,3,11,1441.0,1325.0,1.0875471698113208,0.024285714285714285,5 13 6 3 9 24 7 14 16 15 21
375,Instances_lowcost_H6/abs5n25,4,25,2443.0,2284.0,1.069614711033275,0.1047676282051282,2 11 5 20 1 13 17 6 3 19 9 24 7 18 8 4 22 25 10 21 15 12 14 23 16
375,Instances_lowcost_H6/abs5n25,5,11,1441.0,1325.0,1.0875471698113208,0.024285714285714285,5 13 6 3 9 24 7 14 16 15 21
375,Instances_lowcost_H6/abs5n30,0,0,0.0,0.0,nan,nan,
375,Instances_lowcost_H6/abs5n30,1,15,1900.0,1742.0,1.0907003444316876,0.09863945578231292,1 24 10 28 11 30 27 19 16 25 8 9 29 4 2
375,Instances_lowcost_H6/abs5n30,2,30,2530.0,2221.0,1.1391265195857723,0.04995463717389186,1 26 20 24 10 7 28 11 3 30 17 23 16 14 8 9 13 4 22 29 21 2 18 5 12 27 15 6 25 19
375,Instances_lowcost_H6/abs5n30,3,15,1895.0,1742.0,1.0878300803673937,0.13435374149659865,1 24 10 28 11 30 27 19 16 25 8 9 4 29 2
375,Instances_lowcost_H6/abs5n30,4,30,2518.0,2221.0,1.1337235479513732,0.052828200392282657,1 26 20 24 10 7 28 11 3 30 17 23 16 14 8 9 13 4 22 29 21 2 18 27 12 15 6 25 19 5
375,Instances_lowcost_H6/abs5n30,5,15,1895.0,1742.0,1.0878300803673937,0.13435374149659865,1 24 10 28 11 30 27 19 16 25 8 9 4 29 2
375,Instances_lowcost_H6/abs5n5,0,0,0.0,0.0,nan,nan,
375,Instances_lowcost_H6/abs5n5,1,1,278.0,278.0,1.0,nan,4
375,Instances_lowcost_H6/abs5n5,2,5,866.0,865.0,1.001156069364162,0.25,3 4 5 2 1
375,Instances_lowcost_H6/abs5n5,3,1,278.0,278.0,1.0,nan,4
375,Instances_lowcost_H6/abs5n5,4,5,866.0,865.0,1.001156069364162,0.25,3 4 5 2 1
375,Instances_lowcost_H6/abs5n5,5,1,278.0,278.0,1.0,nan,4
400,Instances_highcost_H3/abs5n10,0,0,0.0,0.0,nan,nan,
400,Instances_highcost_H3/abs5n10,1,5,1184.0,1184.0,1.0,0.0,8 6 4 10 7
400,Instances_highcost_H3/abs5n10,2,10,1368.0,1480.0,0.9243243243243243,0.10493827160493827,8 6 5 4 1 3 10 7 9 2
400,Instances_highcost_H3/abs5n15,0,0,0.0,0.0,nan,nan,
400,Instances_highcost_H3/abs5n15,1,9,1349.0,1221.0,1.1048321048321048,0.025,9 15 3 6 1 5 2 13 8
400,Instances_highcost_H3/abs5n15,2,15,1582.0,1469.0,1.0769230769230769,0.09319727891156462,9 15 1 3 6 4 14 5 2 11 12 13 7 8 10
400,Instances_highcost_H3/abs5n20,0,0,0.0,0.0,nan,nan,
400,Instances_highcost_H3/abs5n20,1,11,1588.0,1535.0,1.0345276872964169,0.13333333333333333,19 14 18 8 3 1 20 12 11 10 4
400,Instances_highcost_H3/abs5n20,2,20,2329.0,2221.0,1.0486267447095903,0.1131578947368421,19 17 5 18 13 8 14 16 4 6 2 9 10 11 20 12 15 7 1 3
400,Instances_highcost_H3/abs5n25,0,0,0.0,0.0,nan,nan,
400,Instances_highcost_H3/abs5n25,1,11,1441.0,1325.0,1.0875471698113208,0.024285714285714285,5 13 6 3 9 24 7 14 16 15 21
400,Instances_highcost_H3/abs5n25,2,25,2539.0,2284.0,1.111646234676007,0.1030315170940171,2 11 5 20 1 13 17 6 3 19 9 24 7 18 8 4 25 22 10 21 15 16 14 23 12
400,Instances_highcost_H3/abs5n30,0,0,0.0,0.0,nan,nan,
400,Instances_highcost_H3/abs5n30,1,15,1805.0,1742.0,1.0361653272101032,0.1369047619047619,1 24 10 28 11 30 27 2 29 4 9 8 16 25 19
400,Instances_highcost_H3/abs5n30,2,30,2496.0,2221.0,1.1238180999549752,0.05587648257876277,1 26 20 24 10 7 28 11 3 30 15 17 23 16 14 8 9 13 4 22 29 21 2 18 5 27 12 6 25 19
400,Instances_highcost_H3/abs5n35,0,0,0.0,0.0,nan,nan,
400,Instances_highcost_H3/abs5n35,1,17,2164.0,2125.0,1.0183529411764707,0.04891098484848484,28 19 34 4 23 3 6 25 20 14 35 32 24 22 30 11 5
400,Instances_highcost_H3/abs5n35,2,35,2606.0,2679.0,0.9727510265024263,0.023015529741308285,28 1 18 21 33 2 8 19 34 4 15 9 23 3 6 25 7 20 14 31 16 27 35 32 24 22 26 29 30 17 11 12 5 13 10
400,Instances_highcost_H3/abs5n40,0,0,0.0,0.0,nan,nan,
400,Instances_highcost_H3/abs5n40,1,20,2109.0,2058.0,1.0247813411078717,0.04949874686716792,18 6 30 19 9 15 33 40 29 1 20 37 14 39 17 34 27 35 23 25
400,Instances_highcost_H3/abs5n40,2,40,2640.0,2647.0,0.9973554967888175,0.03960885365138361,18 6 4 30 31 13 3 19 38 8 25 17 34 27 21 28 36 35 10 23 5 40 24 15 33 32 9 2 20 7 16 29 1 37 12 14 11 26 39 22
400,Instances_highcost_H3/abs5n45,0,0,0.0,0.0,nan,nan,
400,Instances_highcost_H3/abs5n45,1,25,2132.0,2092.0,1.0191204588910134,0.09834890127072789,28 1 18 37 35 24 34 15 4 39 38 41 10 43 45 32 22 30 14 9 13 20 29 25 12
400,Instances_highcost_H3/abs5n45,2,45,2728.0,2475.0,1.1022222222222222,0.04038350871188913,28 33 6 27 13 20 8 35 37 44 24 17 11 34 16 15 4 39 3 23 41 36 5 30 14 22 42 10 38 43 45 32 19 2 31 7 18 26 1 12 29 25 21 40 9
400,Instances_highcost_H3/abs5n5,0,0,0.0,0.0,nan,nan,
400,Instances_highcost_H3/abs5n5,1,1,278.0,278.0,1.0,nan,4
400,Instances_highcost_H3/abs5n5,2,5,866.0,865.0,1.001156069364162,0.25,3 4 5 2 1
400,Instances_highcost_H3/abs5n50,0,0,0.0,0.0,nan,nan,
400,Instances_highcost_H3/abs5n50,1,27,2456.0,2275.0,1.0795604395604395,0.06767467728022518,33 32 50 44 4 13 20 36 5 25 34 7 27 24 40 8 19 30 23 17 29 15 10 46 38 47 9
400,Instances_highcost_H3/abs5n50,2,50,3944.0,3165.0,1.246129541864139,0.05454778501383348,33 45 26 44 31 4 32 50 41 40 1 24 8 19 27 34 25 14 39 6 10 5 46 18 3 15 2 7 16 21 29 11 38 22 12 42 48 20 49 13 37 28 43 23 30 17 9 35 47 36
400,Instances_highcost_H6/abs5n10,0,0,0.0,0.0,nan,nan,
400,Instances_highcost_H6/abs5n10,1,5,1184.0,1184.0,1.0,0.0,8 6 4 10 7
400,Instances_highcost_H6/abs5n10,2,10,1368.0,1480.0,0.9243243243243243,0.10493827160493827,8 6 5 4 1 3 10 7 9 2
400,Instances_highcost_H6/abs5n10,3,5,1184.0,1184.0,1.0,0.0,8 6 4 10 7
400,Instances_highcost_H6/abs5n10,4,10,1368.0,1480.0,0.9243243243243243,0.10493827160493827,8 6 5 4 1 3 10 7 9 2
400,Instances_highcost_H6/abs5n10,5,5,1184.0,1184.0,1.0,0.0,8 6 4 10 7
400,Instances_highcost_H6/abs5n15,0,0,0.0,0.0,nan,nan,
400,Instances_highcost_H6/abs5n15,1,9,1349.0,1221.0,1.1048321048321048,0.025,9 15 3 6 1 5 2 13 8
400,Instances_highcost_H6/abs5n15,2,15,1582.0,1469.0,1.0769230769230769,0.09319727891156462,9 15 1 3 6 4 14 5 2 11 12 13 7 8 10
400,Instances_highcost_H6/abs5n15,3,9,1349.0,1221.0,1.1048321048321048,0.025,9 15 3 6 1 5 2 13 8
400,Instances_highcost_H6/abs5n15,4,15,1469.0,1469.0,1.0,0.039625850340136055,9 15 1 3 6 4 14 5 2 11 13 12 8 7 10
400,Instances_highcost_H6/abs5n15,5,9,1349.0,1221.0,1.1048321048321048,0.025,9 15 3 6 1 5 2 13 8
400,Instances_highcost_H6/abs5n20,0,0,0.0,0.0,nan,nan,
400,Instances_highcost_H6/abs5n20,1,11,1588.0,1535.0,1.0345276872964169,0.13333333333333333,19 14 18 8 3 1 20 12 11 10 4
400,Instances_highcost_H6/abs5n20,2,20,2329.0,2221.0,1.0486267447095903,0.1131578947368421,19 17 5 18 13 8 14 16 4 6 2 9 10 11 20 12 15 7 1 3
400,Instances_highcost_H6/abs5n20,3,11,1588.0,1535.0,1.0345276872964169,0.13333333333333333,19 14 18 8 3 1 20 12 11 10 4
400,Instances_highcost_H6/abs5n20,4,20,2378.0,2221.0,1.070688878883386,0.10087719298245613,19 17 5 18 13 8 14 16 4 6 2 9 10 20 12 15 7 1 3 11
400,Instances_highcost_H6/abs5n20,5,11,1588.0,1535.0,1.0345276872964169,0.13333333333333333,19 14 18 8 3 1 20 12 11 10 4
400,Instances_highcost_H6/abs5n25,0,0,0.0,0.0,nan,nan,
400,Instances_highcost_H6/abs5n25,1,11,1441.0,1325.0,1.0875471698113208,0.024285714285714285,5 13 6 3 9 24 7 14 16 15 21
400,Instances_highcost_H6/abs5n25,2,25,2539.0,2284.0,1.111646234676007,0.1030315170940171,2 11 5 20 1 13 17 6 3 19 9 24 7 18 8 4 25 22 10 21 15 16 14 23 12
400,Instances_highcost_H6/abs5n25,3,11,1441.0,1325.0,1.0875471698113208,0.024285714285714285,5 13 6 3 9 24 7 14 16 15 21
400,Instances_highcost_H6/abs5n25,4,25,2539.0,2284.0,1.111646234676007,0.1030315170940171,2 11 5 20 1 13 17 6 3 19 9 24 7 18 8 4 25 22 10 21 15 16 14 23 12
400,Instances_highcost_H6/abs5n25,5,11,1441.0,1325.0,1.0875471698113208,0.024285714285714285,5 13 6 3 9 24 7 14 16 15 21
400,Instances_highcost_H6/abs5n30,0,0,0.0,0.0,nan,nan,
400,Instances_highcost_H6/abs5n30,1,15,1805.0,1742.0,1.0361653272101032,0.1369047619047619,1 24 10 28 11 30 27 2 29 4 9 8 16 25 19
400,Instances_highcost_H6/abs5n30,2,30,2452.0,2221.0,1.104007203962179,0.06449717223393518,1 26 20 24 10 7 28 11 3 30 15 17 23 16 14 8 9 13 4 22 29 21 2 18 5 12 27 19 25 6
400,Instances_highcost_H6/abs5n30,3,15,1805.0,1742.0,1.0361653272101032,0.1369047619047619,1 24 10 28 11 30 27 2 29 4 9 8 16 25 19
400,Instances_highcost_H6/abs5n30,4,30,2557.0,2221.0,1.1512832057631697,0.044207510737110246,1 26 20 24 10 7 28 11 3 30 17 23 16 14 8 9 13 4 22 29 21 2 18 27 12 5 15 6 25 19
400,Instances_highcost_H6/abs5n30,5,15,1805.0,1742.0,1.0361653272101032,0.1369047619047619,1 24 10 28 11 30 27 2 29 4 9 8 16 25 19
400,Instances_highcost_H6/abs5n5,0,0,0.0,0.0,nan,nan,
400,Instances_highcost_H6/abs5n5,1,1,278.0,278.0,1.0,nan,4
400,Instances_highcost_H6/abs5n5,2,5,866.0,865.0,1.001156069364162,0.25,3 4 5 2 1
400,Instances_highcost_H6/abs5n5,3,1,278.0,278.0,1.0,nan,4
400,Instances_highcost_H6/abs5n5,4,5,866.0,865.0,1.001156069364162,0.25,3 4 5 2 1
400,Instances_highcost_H6/abs5n5,5,1,278.0,278.0,1.0,nan,4
400,Instances_lowcost_H3/abs5n10,0,0,0.0,0.0,nan,nan,
400,Instances_lowcost_H3/abs5n10,1,5,1184.0,1184.0,1.0,0.0,8 6 4 10 7
400,Instances_lowcost_H3/abs5n10,2,10,1368.0,1480.0,0.9243243243243243,0.10493827160493827,8 6 5 4 1 3 10 7 9 2
400,Instances_lowcost_H3/abs5n15,0,0,0.0,0.0,nan,nan,
400,Instances_lowcost_H3/abs5n15,1,9,1349.0,1221.0,1.1048321048321048,0.025,9 15 3 6 1 5 2 13 8
400,Instances_lowcost_H3/abs5n15,2,15,1582.0,1469.0,1.0769230769230769,0.09319727891156462,9 15 1 3 6 4 14 5 2 11 12 13 7 8 10
400,Instances_lowcost_H3/abs5n20,0,0,0.0,0.0,nan,nan,
400,Instances_lowcost_H3/abs5n20,1,11,1588.0,1535.0,1.0345276872964169,0.13333333333333333,19 14 18 8 3 1 20 12 11 10 4
400,Instances_lowcost_H3/abs5n20,2,20,2329.0,2221.0,1.0486267447095903,0.1131578947368421,19 17 5 18 13 8 14 16 4 6 2 9 10 11 20 12 15 7 1 3
400,Instances_lowcost_H3/abs5n25,0,0,0.0,0.0,nan,nan,
400,Instances_lowcost_H3/abs5n25,1,11,1441.0,1325.0,1.0875471698113208,0.024285714285714285,5 13 6 3 9 24 7 14 16 15 21
400,Instances_lowcost_H3/abs5n25,2,25,2539.0,2284.0,1.111646234676007,0.1030315170940171,2 11 5 20 1 13 17 6 3 19 9 24 7 18 8 4 25 22 10 21 15 16 14 23 12
400,Instances_lowcost_H3/abs5n30,0,0,0.0,0.0,nan,nan,
400,Instances_lowcost_H3/abs5n30,1,15,1805.0,1742.0,1.0361653272101032,0.1369047619047619,1 24 10 28 11 30 27 2 29 4 9 8 16 25 19
400,Instances_lowcost_H3/abs5n30,2,30,2496.0,2221.0,1.1238180999549752,0.05587648257876277,1 26 20 24 10 7 28 11 3 30 15 17 23 16 14 8 9 13 4 22 29 21 2 18 5 27 12 6 25 19
400,Instances_lowcost_H3/abs5n35,0,0,0.0,0.0,nan,nan,
400,Instances_lowcost_H3/abs5n35,1,17,2164.0,2125.0,1.0183529411764707,0.04891098484848484,28 19 34 4 23 3 6 25 20 14 35 32 24 22 30 11 5
400,Instances_lowcost_H3/abs5n35,2,35,2606.0,2679.0,0.9727510265024263,0.023015529741308285,28 1 18 21 33 2 8 19 34 4 15 9 23 3 6 25 7 20 14 31 16 27 35 32 24 22 26 29 30 17 11 12 5 13 10
400,Instances_lowcost_H3/abs5n40,0,0,0.0,0.0,nan,nan,
400,Instances_lowcost_H3/abs5n40,1,20,2109.0,2058.0,1.0247813411078717,0.04949874686716792,18 6 30 19 9 15 33 40 29 1 20 37 14 39 17 34 27 35 23 25
400,Instances_lowcost_H3/abs5n40,2,40,2640.0,2647.0,0.9973554967888175,0.03960885365138361,18 6 4 30 31 13 3 19 38 8 25 17 34 27 21 28 36 35 10 23 5 40 24 15 33 32 9 2 20 7 16 29 1 37 12 14 11 26 39 22
400,Instances_lowcost_H3/abs5n45,0,0,0.0,0.0,nan,nan,
400,Instances_lowcost_H3/abs5n45,1,25,2132.0,2092.0,1.0191204588910134,0.09834890127072789,28 1 18 37 35 24 34 15 4 39 38 41 10 43 45 32 22 30 14 9 13 20 29 25 12
400,Instances_lowcost_H3/abs5n45,2,45,2728.0,2475.0,1.1022222222222222,0.04038350871188913,28 33 6 27 13 20 8 35 37 44 24 17 11 34 16 15 4 39 3 23 41 36 5 30 14 22 42 10 38 43 45 32 19 2 31 7 18 26 1 12 29 25 21 40 9
400,Instances_lowcost_H3/abs5n5,0,0,0.0,0.0,nan,nan,
400,Instances_lowcost_H3/abs5n5,1,1,278.0,278.0,1.0,nan,4
400,Instances_lowcost_H3/abs5n5,2,5,866.0,865.0,1.001156069364162,0.25,3 4 5 2 1
400,Instances_lowcost_H3/abs5n50,0,0,0.0,0.0,nan,nan,
400,Instances_lowcost_H3/abs5n50,1,27,2456.0,2275.0,1.0795604395604395,0.06767467728022518,33 32 50 44 4 13 20 36 5 25 34 7 27 24 40 8 19 30 23 17 29 15 10 46 38 47 9
400,Instances_lowcost_H3/abs5n50,2,50,3944.0,3165.0,1.246129541864139,0.05454778501383348,33 45 26 44 31 4 32 50 41 40 1 24 8 19 27 34 25 14 39 6 10 5 46 18 3 15 2 7 16 21 29 11 38 22 12 42 48 20 49 13 37 28 43 23 30 17 9 35 47 36
400,Instances_lowcost_H6/abs5n10,0,0,0.0,0.0,nan,nan,
400,Instances_lowcost_H6/abs5n10,1,5,1184.0,1184.0,1.0,0.0,8 6 4 10 7
400,Instances_lowcost_H6/abs5n10,2,10,1368.0,1480.0,0.9243243243243243,0.10493827160493827,8 6 5 4 1 3 10 7 9 2
400,Instances_lowcost_H6/abs5n10,3,5,1184.0,1184.0,1.0,0.0,8 6 4 10 7
400,Instances_lowcost_H6/abs5n10,4,10,1368.0,1480.0,0.9243243243243243,0.10493827160493827,8 6 5 4 1 3 10 7 9 2
400,Instances_lowcost_H6/abs5n10,5,5,1184.0,1184.0,1.0,0.0,8 6 4 10 7
400,Instances_lowcost_H6/abs5n15,0,0,0.0,0.0,nan,nan,
400,Instances_lowcost_H6/abs5n15,1,9,1349.0,1221.0,1.1048321048321048,0.025,9 15 3 6 1 5 2 13 8
400,Instances_lowcost_H6/abs5n15,2,15,1582.0,1469.0,1.0769230769230769,0.09319727891156462,9 15 1 3 6 4 14 5 2 11 12 13 7 8 10
400,Instances_lowcost_H6/abs5n15,3,9,1349.0,1221.0,1.1048321048321048,0.025,9 15 3 6 1 5 2 13 8
400,Instances_lowcost_H6/abs5n15,4,15,1469.0,1469.0,1.0,0.039625850340136055,9 15 1 3 6 4 14 5 2 11 13 12 8 7 10
400,Instances_lowcost_H6/abs5n15,5,9,1349.0,1221.0,1.1048321048321048,0.025,9 15 3 6 1 5 2 13 8
400,Instances_lowcost_H6/abs5n20,0,0,0.0,0.0,nan,nan,
400,Instances_lowcost_H6/abs5n20,1,11,1588.0,1535.0,1.0345276872964169,0.13333333333333333,19 14 18 8 3 1 20 12 11 10 4
400,Instances_lowcost_H6/abs5n20,2,20,2329.0,2221.0,1.0486267447095903,0.1131578947368421,19 17 5 18 13 8 14 16 4 6 2 9 10 11 20 12 15 7 1 3
400,Instances_lowcost_H6/abs5n20,3,11,1588.0,1535.0,1.0345276872964169,0.13333333333333333,19 14 18 8 3 1 20 12 11 10 4
400,Instances_lowcost_H6/abs5n20,4,20,2378.0,2221.0,1.070688878883386,0.10087719298245613,19 17 5 18 13 8 14 16 4 6 2 9 10 20 12 15 7 1 3 11
400,Instances_lowcost_H6/abs5n20,5,11,1588.0,1535.0,1.0345276872964169,0.13333333333333333,19 14 18 8 3 1 20 12 11 10 4
400,Instances_lowcost_H6/abs5n25,0,0,0.0,0.0,nan,nan,
400,Instances_lowcost_H6/abs5n25,1,11,1441.0,1325.0,1.0875471698113208,0.024285714285714285,5 13 6 3 9 24 7 14 16 15 21
400,Instances_lowcost_H6/abs5n25,2,25,2539.0,2284.0,1.111646234676007,0.1030315170940171,2 11 5 20 1 13 17 6 3 19 9 24 7 18 8 4 25 22 10 21 15 16 14 23 12
400,Instances_lowcost_H6/abs5n25,3,11,1441.0,1325.0,1.0875471698113208,0.024285714285714285,5 13 6 3 9 24 7 14 16 15 21
400,Instances_lowcost_H6/abs5n25,4,25,2539.0,2284.0,1.111646234676007,0.1030315170940171,2 11 5 20 1 13 17 6 3 19 9 24 7 18 8 4 25 22 10 21 15 16 14 23 12
400,Instances_lowcost_H6/abs5n25,5,11,1441.0,1325.0,1.0875471698113208,0.024285714285714285,5 13 6 3 9 24 7 14 16 15 21
400,Instances_lowcost_H6/abs5n30,0,0,0.0,0.0,nan,nan,
400,Instances_lowcost_H6/abs5n30,1,15,1805.0,1742.0,1.0361653272101032,0.1369047619047619,1 24 10 28 11 30 27 2 29 4 9 8 16 25 19
400,Instances_lowcost_H6/abs5n30,2,30,2452.0,2221.0,1.104007203962179,0.06449717223393518,1 26 20 24 10 7 28 11 3 30 15 17 23 16 14 8 9 13 4 22 29 21 2 18 5 12 27 19 25 6
400,Instances_lowcost_H6/abs5n30,3,15,1805.0,1742.0,1.0361653272101032,0.1369047619047619,1 24 10 28 11 30 27 2 29 4 9 8 16 25 19
400,Instances_lowcost_H6/abs5n30,4,30,2557.0,2221.0,1.1512832057631697,0.044207510737110246,1 26 20 24 10 7 28 11 3 30 17 23 16 14 8 9 13 4 22 29 21 2 18 27 12 5 15 6 25 19
400,Instances_lowcost_H6/abs5n30,5,15,1805.0,1742.0,1.0361653272101032,0.1369047619047619,1 24 10 28 11 30 27 2 29 4 9 8 16 25 19
400,Instances_lowcost_H6/abs5n5,0,0,0.0,0.0,nan,nan,
400,Instances_lowcost_H6/abs5n5,1,1,278.0,278.0,1.0,nan,4
400,Instances_lowcost_H6/abs5n5,2,5,866.0,865.0,1.001156069364162,0.25,3 4 5 2 1
400,Instances_lowcost_H6/abs5n5,3,1,278.0,278.0,1.0,nan,4
400,Instances_lowcost_H6/abs5n5,4,5,866.0,865.0,1.001156069364162,0.25,3 4 5 2 1
400,Instances_lowcost_H6/abs5n5,5,1,278.0,278.0,1.0,nan,4
425,Instances_highcost_H3/abs5n10,0,0,0.0,0.0,nan,nan,
425,Instances_highcost_H3/abs5n10,1,5,1184.0,1184.0,1.0,0.0,8 6 4 10 7
425,Instances_highcost_H3/abs5n10,2,10,1368.0,1480.0,0.9243243243243243,0.10493827160493827,8 6 5 4 1 3 10 7 9 2
425,Instances_highcost_H3/abs5n15,0,0,0.0,0.0,nan,nan,
425,Instances_highcost_H3/abs5n15,1,9,1349.0,1221.0,1.1048321048321048,0.025,9 15 3 6 1 5 2 13 8
425,Instances_highcost_H3/abs5n15,2,15,1854.0,1469.0,1.2620830496936692,0.10822510822510822,10 7 8 11 12 13 2 5 6 3 15 9 1 14 4
425,Instances_highcost_H3/abs5n20,0,0,0.0,0.0,nan,nan,
425,Instances_highcost_H3/abs5n20,1,11,1839.0,1535.0,1.1980456026058632,0.1,19 14 18 8 3 1 20 10 11 4 12
425,Instances_highcost_H3/abs5n20,2,20,2421.0,2221.0,1.090049527239982,0.10983033564302913,19 14 17 18 13 8 5 16 4 11 10 9 20 12 15 7 1 3 6 2
425,Instances_highcost_H3/abs5n25,0,0,0.0,0.0,nan,nan,
425,Instances_highcost_H3/abs5n25,1,11,1441.0,1325.0,1.0875471698113208,0.024285714285714285,5 13 6 3 9 24 7 14 16 15 21
425,Instances_highcost_H3/abs5n25,2,25,2427.0,2284.0,1.0626094570928195,0.07270744301994303,2 11 5 20 1 13 17 6 3 19 9 24 7 18 14 23 16 12 8 4 22 25 10 21 15
425,Instances_highcost_H3/abs5n30,0,0,0.0,0.0,nan,nan,
425,Instances_highcost_H3/abs5n30,1,15,1876.0,1742.0,1.0769230769230769,0.16119178440607013,10 24 1 11 28 30 25 16 19 8 9 4 29 2 27
425,Instances_highcost_H3/abs5n30,2,30,2589.0,2221.0,1.1656911301215669,0.07569394997032958,24 1 26 20 11 28 10 7 30 15 25 16 19 14 8 9 13 4 22 29 21 2 18 5 27 12 6 17 23 3
425,Instances_highcost_H3/abs5n35,0,0,0.0,0.0,nan,nan,
425,Instances_highcost_H3/abs5n35,1,17,2143.0,2125.0,1.008470588235294,0.08224431818181818,28 19 34 4 23 3 6 25 20 14 32 35 22 30 11 5 24
425,Instances_highcost_H3/abs5n35,2,35,2819.0,2679.0,1.0522583053378127,0.05397953128395433,28 1 18 21 19 8 34 4 15 23 3 6 25 7 20 26 29 30 22 14 16 31 27 35 32 24 5 11 17 12 9 13 2 33 10
425,Instances_highcost_H3/abs5n40,0,0,0.0,0.0,nan,nan,
425,Instances_highcost_H3/abs5n40,1,20,2179.0,2058.0,1.0587949465500486,0.05868077751734261,30 6 18 34 17 39 25 19 9 15 33 40 29 1 20 37 14 23 35 27
425,Instances_highcost_H3/abs5n40,2,40,3147.0,2647.0,1.1888930865130336,0.08261700287393324,6 18 30 4 31 13 19 3 38 25 17 34 27 21 28 36 35 10 5 24 40 33 15 32 9 20 29 16 7 1 23 11 14 37 2 12 39 26 22 8
425,Instances_highcost_H3/abs5n45,0,0,0.0,0.0,nan,nan,
425,Instances_highcost_H3/abs5n45,1,25,2212.0,2092.0,1.05736137667304,0.12491575612284994,28 9 14 30 22 41 38 10 43 45 32 39 15 4 34 24 37 35 18 12 20 29 25 13 1
425,Instances_highcost_H3/abs5n45,2,45,3164.0,2475.0,1.2783838383838384,0.06449457985552975,28 25 20 8 35 24 34 15 16 4 39 38 41 23 3 10 43 45 32 36 5 30 14 22 42 19 2 31 18 37 44 17 11 7 26 1 12 29 13 27 40 6 21 33 9
425,Instances_highcost_H3/abs5n5,0,0,0.0,0.0,nan,nan,
425,Instances_highcost_H3/abs5n5,1,1,278.0,278.0,1.0,nan,4
425,Instances_highcost_H3/abs5n5,2,5,1064.0,865.0,1.2300578034682081,0.0,3 4 5 1 2
425,Instances_highcost_H3/abs5n50,0,0,0.0,0.0,nan,nan,
425,Instances_highcost_H3/abs5n50,1,27,2560.0,2275.0,1.1252747252747253,0.048769473791800536,33 32 44 4 13 20 36 5 10 25 34 7 27 24 40 8 19 30 23 50 17 9 47 38 46 15 29
425,Instances_highcost_H3/abs5n50,2,50,3881.0,3165.0,1.2262243285939969,0.06648588620654926,33 45 32 26 44 4 31 13 49 20 42 48 12 36 22 18 5 39 25 34 7 27 24 1 40 8 19 21 16 29 15 46 6 14 10 3 38 11 47 9 37 50 41 23 30 17 43 28 35 2
425,Instances_highcost_H6/abs5n10,0,0,0.0,0.0,nan,nan,
425,Instances_highcost_H6/abs5n10,1,5,1184.0,1184.0,1.0,0.0,8 6 4 10 7
425,Instances_highcost_H6/abs5n10,2,10,1368.0,1480.0,0.9243243243243243,0.10493827160493827,8 6 5 4 1 3 10 7 9 2
425,Instances_highcost_H6/abs5n10,3,5,1184.0,1184.0,1.0,0.0,8 6 4 10 7
425,Instances_highcost_H6/abs5n10,4,10,1368.0,1480.0,0.9243243243243243,0.10493827160493827,8 6 5 4 1 3 10 7 9 2
425,Instances_highcost_H6/abs5n10,5,5,1184.0,1184.0,1.0,0.0,8 6 4 10 7
425,Instances_highcost_H6/abs5n15,0,0,0.0,0.0,nan,nan,
425,Instances_highcost_H6/abs5n15,1,9,1349.0,1221.0,1.1048321048321048,0.025,9 15 3 6 1 5 2 13 8
425,Instances_highcost_H6/abs5n15,2,15,1854.0,1469.0,1.2620830496936692,0.10822510822510822,10 7 8 11 12 13 2 5 6 3 15 9 1 14 4
425,Instances_highcost_H6/abs5n15,3,9,1349.0,1221.0,1.1048321048321048,0.025,9 15 3 6 1 5 2 13 8
425,Instances_highcost_H6/abs5n15,4,15,1933.0,1469.0,1.3158611300204222,0.10657675657675658,10 8 7 11 13 12 2 5 6 3 15 9 1 14 4
425,Instances_highcost_H6/abs5n15,5,9,1349.0,1221.0,1.1048321048321048,0.025,9 15 3 6 1 5 2 13 8
425,Instances_highcost_H6/abs5n20,0,0,0.0,0.0,nan,nan,
425,Instances_highcost_H6/abs5n20,1,11,1839.0,1535.0,1.1980456026058632,0.1,19 14 18 8 3 1 20 10 11 4 12
425,Instances_highcost_H6/abs5n20,2,20,2421.0,2221.0,1.090049527239982,0.10983033564302913,19 14 17 18 13 8 5 16 4 11 10 9 20 12 15 7 1 3 6 2
425,Instances_highcost_H6/abs5n20,3,11,1839.0,1535.0,1.1980456026058632,0.1,19 14 18 8 3 1 20 10 11 4 12
425,Instances_highcost_H6/abs5n20,4,20,2363.0,2221.0,1.0639351643403872,0.0766640866873065,19 14 17 18 13 8 5 3 1 12 15 7 20 11 10 9 6 2 4 16
425,Instances_highcost_H6/abs5n20,5,11,1839.0,1535.0,1.1980456026058632,0.1,19 14 18 8 3 1 20 10 11 4 12
425,Instances_highcost_H6/abs5n25,0,0,0.0,0.0,nan,nan,
425,Instances_highcost_H6/abs5n25,1,11,1441.0,1325.0,1.0875471698113208,0.024285714285714285,5 13 6 3 9 24 7 14 16 15 21
425,Instances_highcost_H6/abs5n25,2,25,2626.0,2284.0,1.1497373029772329,0.0831241096866097,2 11 5 20 1 13 17 6 3 19 9 24 7 18 14 23 16 12 8 4 25 10 21 15 22
425,Instances_highcost_H6/abs5n25,3,11,1441.0,1325.0,1.0875471698113208,0.024285714285714285,5 13 6 3 9 24 7 14 16 15 21
425,Instances_highcost_H6/abs5n25,4,25,2427.0,2284.0,1.0626094570928195,0.07270744301994303,2 11 5 20 1 13 17 6 3 19 9 24 7 18 14 23 16 12 8 4 22 25 10 21 15
425,Instances_highcost_H6/abs5n25,5,11,1441.0,1325.0,1.0875471698113208,0.024285714285714285,5 13 6 3 9 24 7 14 16 15 21
425,Instances_highcost_H6/abs5n30,0,0,0.0,0.0,nan,nan,
425,Instances_highcost_H6/abs5n30,1,15,1876.0,1742.0,1.0769230769230769,0.16119178440607013,10 24 1 11 28 30 25 16 19 8 9 4 29 2 27
425,Instances_highcost_H6/abs5n30,2,30,2589.0,2221.0,1.1656911301215669,0.07569394997032958,24 1 26 20 11 28 10 7 30 15 25 16 19 14 8 9 13 4 22 29 21 2 18 5 27 12 6 17 23 3
425,Instances_highcost_H6/abs5n30,3,15,1876.0,1742.0,1.0769230769230769,0.16119178440607013,10 24 1 11 28 30 25 16 19 8 9 4 29 2 27
425,Instances_highcost_H6/abs5n30,4,30,2662.0,2221.0,1.1985592075641602,0.08779389355270198,1 26 24 10 11 28 30 17 25 16 19 14 8 9 13 4 22 29 21 2 18 27 5 12 6 15 23 7 3 20
425,Instances_highcost_H6/abs5n30,5,15,1876.0,1742.0,1.0769230769230769,0.16119178440607013,10 24 1 11 28 30 25 16 19 8 9 4 29 2 27
425,Instances_highcost_H6/abs5n5,0,0,0.0,0.0,nan,nan,
425,Instances_highcost_H6/abs5n5,1,1,278.0,278.0,1.0,nan,4
425,Instances_highcost_H6/abs5n5,2,5,1064.0,865.0,1.2300578034682081,0.0,3 4 5 1 2
425,Instances_highcost_H6/abs5n5,3,1,278.0,278.0,1.0,nan,4
425,Instances_highcost_H6/abs5n5,4,5,1064.0,865.0,1.2300578034682081,0.0,3 4 5 1 2
425,Instances_highcost_H6/abs5n5,5,1,278.0,278.0,1.0,nan,4
425,Instances_lowcost_H3/abs5n10,0,0,0.0,0.0,nan,nan,
425,Instances_lowcost_H3/abs5n10,1,5,1184.0,1184.0,1.0,0.0,8 6 4 10 7
425,Instances_lowcost_H3/abs5n10,2,10,1368.0,1480.0,0.9243243243243243,0.10493827160493827,8 6 5 4 1 3 10 7 9 2
425,Instances_lowcost_H3/abs5n15,0,0,0.0,0.0,nan,nan,
425,Instances_lowcost_H3/abs5n15,1,9,1349.0,1221.0,1.1048321048321048,0.025,9 15 3 6 1 5 2 13 8
425,Instances_lowcost_H3/abs5n15,2,15,1854.0,1469.0,1.2620830496936692,0.10822510822510822,10 7 8 11 12 13 2 5 6 3 15 9 1 14 4
425,Instances_lowcost_H3/abs5n20,0,0,0.0,0.0,nan,nan,
425,Instances_lowcost_H3/abs5n20,1,11,1839.0,1535.0,1.1980456026058632,0.1,19 14 18 8 3 1 20 10 11 4 12
425,Instances_lowcost_H3/abs5n20,2,20,2421.0,2221.0,1.090049527239982,0.10983033564302913,19 14 17 18 13 8 5 16 4 11 10 9 20 12 15 7 1 3 6 2
425,Instances_lowcost_H3/abs5n25,0,0,0.0,0.0,nan,nan,
425,Instances_lowcost_H3/abs5n25,1,11,1441.0,1325.0,1.0875471698113208,0.024285714285714285,5 13 6 3 9 24 7 14 16 15 21
425,Instances_lowcost_H3/abs5n25,2,25,2427.0,2284.0,1.0626094570928195,0.07270744301994303,2 11 5 20 1 13 17 6 3 19 9 24 7 18 14 23 16 12 8 4 22 25 10 21 15
425,Instances_lowcost_H3/abs5n30,0,0,0.0,0.0,nan,nan,
425,Instances_lowcost_H3/abs5n30,1,15,1876.0,1742.0,1.0769230769230769,0.16119178440607013,10 24 1 11 28 30 25 16 19 8 9 4 29 2 27
425,Instances_lowcost_H3/abs5n30,2,30,2589.0,2221.0,1.1656911301215669,0.07569394997032958,24 1 26 20 11 28 10 7 30 15 25 16 19 14 8 9 13 4 22 29 21 2 18 5 27 12 6 17 23 3
425,Instances_lowcost_H3/abs5n35,0,0,0.0,0.0,nan,nan,
425,Instances_lowcost_H3/abs5n35,1,17,2143.0,2125.0,1.008470588235294,0.08224431818181818,28 19 34 4 23 3 6 25 20 14 32 35 22 30 11 5 24
425,Instances_lowcost_H3/abs5n35,2,35,2819.0,2679.0,1.0522583053378127,0.05397953128395433,28 1 18 21 19 8 34 4 15 23 3 6 25 7 20 26 29 30 22 14 16 31 27 35 32 24 5 11 17 12 9 13 2 33 10
425,Instances_lowcost_H3/abs5n40,0,0,0.0,0.0,nan,nan,
425,Instances_lowcost_H3/abs5n40,1,20,2179.0,2058.0,1.0587949465500486,0.05868077751734261,30 6 18 34 17 39 25 19 9 15 33 40 29 1 20 37 14 23 35 27
425,Instances_lowcost_H3/abs5n40,2,40,3147.0,2647.0,1.1888930865130336,0.08261700287393324,6 18 30 4 31 13 19 3 38 25 17 34 27 21 28 36 35 10 5 24 40 33 15 32 9 20 29 16 7 1 23 11 14 37 2 12 39 26 22 8
425,Instances_lowcost_H3/abs5n45,0,0,0.0,0.0,nan,nan,
425,Instances_lowcost_H3/abs5n45,1,25,2212.0,2092.0,1.05736137667304,0.12491575612284994,28 9 14 30 22 41 38 10 43 45 32 39 15 4 34 24 37 35 18 12 20 29 25 13 1
425,Instances_lowcost_H3/abs5n45,2,45,3164.0,2475.0,1.2783838383838384,0.06449457985552975,28 25 20 8 35 24 34 15 16 4 39 38 41 23 3 10 43 45 32 36 5 30 14 22 42 19 2 31 18 37 44 17 11 7 26 1 12 29 13 27 40 6 21 33 9
425,Instances_lowcost_H3/abs5n5,0,0,0.0,0.0,nan,nan,
425,Instances_lowcost_H3/abs5n5,1,1,278.0,278.0,1.0,nan,4
425,Instances_lowcost_H3/abs5n5,2,5,1064.0,865.0,1.2300578034682081,0.0,3 4 5 1 2
425,Instances_lowcost_H3/abs5n50,0,0,0.0,0.0,nan,nan,
425,Instances_lowcost_H3/abs5n50,1,27,2560.0,2275.0,1.1252747252747253,0.048769473791800536,33 32 44 4 13 20 36 5 10 25 34 7 27 24 40 8 19 30 23 50 17 9 47 38 46 15 29
425,Instances_lowcost_H3/abs5n50,2,50,3881.0,3165.0,1.2262243285939969,0.06648588620654926,33 45 32 26 44 4 31 13 49 20 42 48 12 36 22 18 5 39 25 34 7 27 24 1 40 8 19 21 16 29 15 46 6 14 10 3 38 11 47 9 37 50 41 23 30 17 43 28 35 2
425,Instances_lowcost_H6/abs5n10,0,0,0.0,0.0,nan,nan,
425,Instances_lowcost_H6/abs5n10,1,5,1184.0,1184.0,1.0,0.0,8 6 4 10 7
425,Instances_lowcost_H6/abs5n10,2,10,1368.0,1480.0,0.9243243243243243,0.10493827160493827,8 6 5 4 1 3 10 7 9 2
425,Instances_lowcost_H6/abs5n10,3,5,1184.0,1184.0,1.0,0.0,8 6 4 10 7
425,Instances_lowcost_H6/abs5n10,4,10,1368.0,1480.0,0.9243243243243243,0.10493827160493827,8 6 5 4 1 3 10 7 9 2
425,Instances_lowcost_H6/abs5n10,5,5,1184.0,1184.0,1.0,0.0,8 6 4 10 7
425,Instances_lowcost_H6/abs5n15,0,0,0.0,0.0,nan,nan,
425,Instances_lowcost_H6/abs5n15,1,9,1349.0,1221.0,1.1048321048321048,0.025,9 15 3 6 1 5 2 13 8
425,Instances_lowcost_H6/abs5n15,2,15,1854.0,1469.0,1.2620830496936692,0.10822510822510822,10 7 8 11 12 13 2 5 6 3 15 9 1 14 4
425,Instances_lowcost_H6/abs5n15,3,9,1349.0,1221.0,1.1048321048321048,0.025,9 15 3 6 1 5 2 13 8
425,Instances_lowcost_H6/abs5n15,4,15,1933.0,1469.0,1.3158611300204222,0.10657675657675658,10 8 7 11 13 12 2 5 6 3 15 9 1 14 4
425,Instances_lowcost_H6/abs5n15,5,9,1349.0,1221.0,1.1048321048321048,0.025,9 15 3 6 1 5 2 13 8
425,Instances_lowcost_H6/abs5n20,0,0,0.0,0.0,nan,nan,
425,Instances_lowcost_H6/abs5n20,1,11,1839.0,1535.0,1.1980456026058632,0.1,19 14 18 8 3 1 20 10 11 4 12
425,Instances_lowcost_H6/abs5n20,2,20,2421.0,2221.0,1.090049527239982,0.10983033564302913,19 14 17 18 13 8 5 16 4 11 10 9 20 12 15 7 1 3 6 2
425,Instances_lowcost_H6/abs5n20,3,11,1839.0,1535.0,1.1980456026058632,0.1,19 14 18 8 3 1 20 10 11 4 12
425,Instances_lowcost_H6/abs5n20,4,20,2363.0,2221.0,1.0639351643403872,0.0766640866873065,19 14 17 18 13 8 5 3 1 12 15 7 20 11 10 9 6 2 4 16
425,Instances_lowcost_H6/abs5n20,5,11,1839.0,1535.0,1.1980456026058632,0.1,19 14 18 8 3 1 20 10 11 4 12
425,Instances_lowcost_H6/abs5n25,0,0,0.0,0.0,nan,nan,
425,Instances_lowcost_H6/abs5n25,1,11,1441.0,1325.0,1.0875471698113208,0.024285714285714285,5 13 6 3 9 24 7 14 16 15 21
425,Instances_lowcost_H6/abs5n25,2,25,2626.0,2284.0,1.1497373029772329,0.0831241096866097,2 11 5 20 1 13 17 6 3 19 9 24 7 18 14 23 16 12 8 4 25 10 21 15 22
425,Instances_lowcost_H6/abs5n25,3,11,1441.0,1325.0,1.0875471698113208,0.024285714285714285,5 13 6 3 9 24 7 14 16 15 21
425,Instances_lowcost_H6/abs5n25,4,25,2427.0,2284.0,1.0626094570928195,0.07270744301994303,2 11 5 20 1 13 17 6 3 19 9 24 7 18 14 23 16 12 8 4 22 25 10 21 15
425,Instances_lowcost_H6/abs5n25,5,11,1441.0,1325.0,1.0875471698113208,0.024285714285714285,5 13 6 3 9 24 7 14 16 15 21
425,Instances_lowcost_H6/abs5n30,0,0,0.0,0.0,nan,nan,
425,Instances_lowcost_H6/abs5n30,1,15,1876.0,1742.0,1.0769230769230769,0.16119178440607013,10 24 1 11 28 30 25 16 19 8 9 4 29 2 27
425,Instances_lowcost_H6/abs5n30,2,30,2589.0,2221.0,1.1656911301215669,0.07569394997032958,24 1 26 20 11 28 10 7 30 15 25 16 19 14 8 9 13 4 22 29 21 2 18 5 27 12 6 17 23 3
425,Instances_lowcost_H6/abs5n30,3,15,1876.0,1742.0,1.0769230769230769,0.16119178440607013,10 24 1 11 28 30 25 16 19 8 9 4 29 2 27
425,Instances_lowcost_H6/abs5n30,4,30,2662.0,2221.0,1.1985592075641602,0.08779389355270198,1 26 24 10 11 28 30 17 25 16 19 14 8 9 13 4 22 29 21 2 18 27 5 12 6 15 23 7 3 20
425,Instances_lowcost_H6/abs5n30,5,15,1876.0,1742.0,1.0769230769230769,0.16119178440607013,10 24 1 11 28 30 25 16 19 8 9 4 29 2 27
425,Instances_lowcost_H6/abs5n5,0,0,0.0,0.0,nan,nan,
425,Instances_lowcost_H6/abs5n5,1,1,278.0,278.0,1.0,nan,4
425,Instances_lowcost_H6/abs5n5,2,5,1064.0,865.0,1.2300578034682081,0.0,3 4 5 1 2
425,Instances_lowcost_H6/abs5n5,3,1,278.0,278.0,1.0,nan,4
425,Instances_lowcost_H6/abs5n5,4,5,1064.0,865.0,1.2300578034682081,0.0,3 4 5 1 2
425,Instances_lowcost_H6/abs5n5,5,1,278.0,278.0,1.0,nan,4
450,Instances_highcost_H3/abs5n10,0,0,0.0,0.0,nan,nan,
450,Instances_highcost_H3/abs5n10,1,5,1268.0,1184.0,1.070945945945946,0.08333333333333333,8 7 10 4 6
450,Instances_highcost_H3/abs5n10,2,10,1499.0,1480.0,1.0128378378378378,0.08641975308641975,8 9 7 10 3 1 4 5 6 2
450,Instances_highcost_H3/abs5n15,0,0,0.0,0.0,nan,nan,
450,Instances_highcost_H3/abs5n15,1,9,1531.0,1221.0,1.2538902538902539,0.06666666666666667,9 15 3 6 1 8 13 2 5
450,Instances_highcost_H3/abs5n15,2,15,1802.0,1469.0,1.2266848196051736,0.10054112554112556,10 7 8 13 11 12 2 5 4 6 3 15 9 1 14
450,Instances_highcost_H3/abs5n20,0,0,0.0,0.0,nan,nan,
450,Instances_highcost_H3/abs5n20,1,11,1849.0,1535.0,1.2045602605863193,0.1,19 14 18 8 3 1 11 20 10 4 12
450,Instances_highcost_H3/abs5n20,2,20,2334.0,2221.0,1.0508779828905899,0.06537667698658411,19 17 18 13 8 5 14 16 4 2 6 10 9 11 20 12 15 7 3 1
450,Instances_highcost_H3/abs5n25,0,0,0.0,0.0,nan,nan,
450,Instances_highcost_H3/abs5n25,1,11,1401.0,1325.0,1.0573584905660378,0.05,13 5 21 15 16 14 7 24 9 3 6
450,Instances_highcost_H3/abs5n25,2,25,2353.0,2284.0,1.0302101576182137,0.04081452656820304,17 13 5 2 11 20 1 21 10 25 22 4 8 18 7 24 9 19 3 23 14 16 12 15 6
450,Instances_highcost_H3/abs5n30,0,0,0.0,0.0,nan,nan,
450,Instances_highcost_H3/abs5n30,1,15,1951.0,1742.0,1.1199770378874856,0.21074520717377862,1 24 10 11 28 30 27 9 8 4 29 2 19 16 25
450,Instances_highcost_H3/abs5n30,2,30,2540.0,2221.0,1.1436289959477712,0.07272120649218532,1 26 24 10 7 28 11 3 20 30 17 23 16 14 8 9 13 4 29 22 21 2 18 27 19 25 6 15 12 5
450,Instances_highcost_H3/abs5n35,0,0,0.0,0.0,nan,nan,
450,Instances_highcost_H3/abs5n35,1,17,2308.0,2125.0,1.0861176470588236,0.11906010656010656,28 32 35 14 20 25 6 3 30 22 11 23 4 34 19 5 24
450,Instances_highcost_H3/abs5n35,2,35,2756.0,2679.0,1.028742067935797,0.0585431007068588,28 1 18 21 33 2 19 8 34 4 15 23 9 3 6 25 20 7 14 31 16 27 32 35 22 26 30 29 11 17 12 5 24 13 10
450,Instances_highcost_H3/abs5n40,0,0,0.0,0.0,nan,nan,
450,Instances_highcost_H3/abs5n40,1,20,2009.0,2058.0,0.9761904761904762,0.08546365914786967,18 6 30 19 9 15 33 40 29 20 1 37 14 23 35 27 34 17 39 25
450,Instances_highcost_H3/abs5n40,2,40,2948.0,2647.0,1.1137136380808463,0.09742538176878698,4 30 31 13 19 3 38 18 6 34 27 21 28 36 35 10 5 40 24 15 33 32 9 20 29 1 7 16 23 11 14 37 2 12 39 17 26 22 25 8
450,Instances_highcost_H3/abs5n45,0,0,0.0,0.0,nan,nan,
450,Instances_highcost_H3/abs5n45,1,25,2174.0,2092.0,1.0391969407265775,0.10090781961491342,28 9 14 30 22 41 38 10 43 45 32 39 15 4 34 24 35 37 18 29 20 25 13 12 1
450,Instances_highcost_H3/abs5n45,2,45,3003.0,2475.0,1.2133333333333334,0.05228697784405838,28 33 9 14 5 36 41 23 3 38 10 43 45 32 42 30 22 6 27 13 20 8 35 44 24 17 34 16 15 4 39 19 2 31 7 11 37 18 26 1 12 29 25 21 40
450,Instances_highcost_H3/abs5n5,0,0,0.0,0.0,nan,nan,
450,Instances_highcost_H3/abs5n5,1,1,278.0,278.0,1.0,nan,4
450,Instances_highcost_H3/abs5n5,2,5,866.0,865.0,1.001156069364162,0.25,3 4 5 2 1
450,Instances_highcost_H3/abs5n50,0,0,0.0,0.0,nan,nan,
450,Instances_highcost_H3/abs5n50,1,27,2624.0,2275.0,1.1534065934065934,0.040810072082398834,33 32 44 4 13 20 36 5 10 25 7 34 27 24 40 8 19 29 17 23 50 30 9 47 38 46 15
450,Instances_highcost_H3/abs5n50,2,50,3485.0,3165.0,1.1011058451816746,0.041485691989943466,33 45 26 44 31 4 49 13 20 42 48 12 36 22 38 46 5 39 14 25 34 7 27 24 1 40 8 19 21 16 2 15 29 17 23 32 50 41 28 37 35 9 47 43 30 11 3 18 10 6
450,Instances_highcost_H6/abs5n10,0,0,0.0,0.0,nan,nan,
450,Instances_highcost_H6/abs5n10,1,5,1268.0,1184.0,1.070945945945946,0.08333333333333333,8 7 10 4 6
450,Instances_highcost_H6/abs5n10,2,10,1499.0,1480.0,1.0128378378378378,0.08641975308641975,8 9 7 10 3 1 4 5 6 2
450,Instances_highcost_H6/abs5n10,3,5,1268.0,1184.0,1.070945945945946,0.08333333333333333,8 7 10 4 6
450,Instances_highcost_H6/abs5n10,4,10,1499.0,1480.0,1.0128378378378378,0.08641975308641975,8 9 7 10 3 1 4 5 6 2
450,Instances_highcost_H6/abs5n10,5,5,1268.0,1184.0,1.070945945945946,0.08333333333333333,8 7 10 4 6
450,Instances_highcost_H6/abs5n15,0,0,0.0,0.0,nan,nan,
450,Instances_highcost_H6/abs5n15,1,9,1531.0,1221.0,1.2538902538902539,0.06666666666666667,9 15 3 6 1 8 13 2 5
450,Instances_highcost_H6/abs5n15,2,15,1802.0,1469.0,1.2266848196051736,0.10054112554112556,10 7 8 13 11 12 2 5 4 6 3 15 9 1 14
450,Instances_highcost_H6/abs5n15,3,9,1531.0,1221.0,1.2538902538902539,0.06666666666666667,9 15 3 6 1 8 13 2 5
450,Instances_highcost_H6/abs5n15,4,15,1875.0,1469.0,1.2763784887678693,0.10603563103563103,10 8 7 13 11 12 2 5 4 6 3 15 9 1 14
450,Instances_highcost_H6/abs5n15,5,9,1531.0,1221.0,1.2538902538902539,0.06666666666666667,9 15 3 6 1 8 13 2 5
450,Instances_highcost_H6/abs5n20,0,0,0.0,0.0,nan,nan,
450,Instances_highcost_H6/abs5n20,1,11,1849.0,1535.0,1.2045602605863193,0.1,19 14 18 8 3 1 11 20 10 4 12
450,Instances_highcost_H6/abs5n20,2,20,2334.0,2221.0,1.0508779828905899,0.06537667698658411,19 17 18 13 8 5 14 16 4 2 6 10 9 11 20 12 15 7 3 1
450,Instances_highcost_H6/abs5n20,3,11,1849.0,1535.0,1.2045602605863193,0.1,19 14 18 8 3 1 11 20 10 4 12
450,Instances_highcost_H6/abs5n20,4,20,2344.0,2221.0,1.0553804592525888,0.058797729618163055,19 17 18 8 13 5 14 16 4 2 6 10 9 11 20 12 15 7 3 1
450,Instances_highcost_H6/abs5n20,5,11,1849.0,1535.0,1.2045602605863193,0.1,19 14 18 8 3 1 11 20 10 4 12
450,Instances_highcost_H6/abs5n25,0,0,0.0,0.0,nan,nan,
450,Instances_highcost_H6/abs5n25,1,11,1401.0,1325.0,1.0573584905660378,0.05,13 5 21 15 16 14 7 24 9 3 6
450,Instances_highcost_H6/abs5n25,2,25,2353.0,2284.0,1.0302101576182137,0.04081452656820304,17 13 5 2 11 20 1 21 10 25 22 4 8 18 7 24 9 19 3 23 14 16 12 15 6
450,Instances_highcost_H6/abs5n25,3,11,1401.0,1325.0,1.0573584905660378,0.05,13 5 21 15 16 14 7 24 9 3 6
450,Instances_highcost_H6/abs5n25,4,25,2353.0,2284.0,1.0302101576182137,0.04081452656820304,17 13 5 2 11 20 1 21 10 25 22 4 8 18 7 24 9 19 3 23 14 16 12 15 6
450,Instances_highcost_H6/abs5n25,5,11,1401.0,1325.0,1.0573584905660378,0.05,13 5 21 15 16 14 7 24 9 3 6
450,Instances_highcost_H6/abs5n30,0,0,0.0,0.0,nan,nan,
450,Instances_highcost_H6/abs5n30,1,15,1951.0,1742.0,1.1199770378874856,0.21074520717377862,1 24 10 11 28 30 27 9 8 4 29 2 19 16 25
450,Instances_highcost_H6/abs5n30,2,30,2742.0,2221.0,1.234579018460153,0.10283916437383488,1 26 24 10 7 28 11 3 20 30 17 6 25 16 14 8 9 13 4 29 22 21 2 18 27 19 15 23 12 5
450,Instances_highcost_H6/abs5n30,3,15,1951.0,1742.0,1.1199770378874856,0.21074520717377862,1 24 10 11 28 30 27 9 8 4 29 2 19 16 25
450,Instances_highcost_H6/abs5n30,4,30,2540.0,2221.0,1.1436289959477712,0.07272120649218532,1 26 24 10 7 28 11 3 20 30 17 23 16 14 8 9 13 4 29 22 21 2 18 27 19 25 6 15 12 5
450,Instances_highcost_H6/abs5n30,5,15,1951.0,1742.0,1.1199770378874856,0.21074520717377862,1 24 10 11 28 30 27 9 8 4 29 2 19 16 25
450,Instances_highcost_H6/abs5n5,0,0,0.0,0.0,nan,nan,
450,Instances_highcost_H6/abs5n5,1,1,278.0,278.0,1.0,nan,4
450,Instances_highcost_H6/abs5n5,2,5,866.0,865.0,1.001156069364162,0.25,3 4 5 2 1
450,Instances_highcost_H6/abs5n5,3,1,278.0,278.0,1.0,nan,4
450,Instances_highcost_H6/abs5n5,4,5,866.0,865.0,1.001156069364162,0.25,3 4 5 2 1
450,Instances_highcost_H6/abs5n5,5,1,278.0,278.0,1.0,nan,4
450,Instances_lowcost_H3/abs5n10,0,0,0.0,0.0,nan,nan,
450,Instances_lowcost_H3/abs5n10,1,5,1268.0,1184.0,1.070945945945946,0.08333333333333333,8 7 10 4 6
450,Instances_lowcost_H3/abs5n10,2,10,1499.0,1480.0,1.0128378378378378,0.08641975308641975,8 9 7 10 3 1 4 5 6 2
450,Instances_lowcost_H3/abs5n15,0,0,0.0,0.0,nan,nan,
450,Instances_lowcost_H3/abs5n15,1,9,1531.0,1221.0,1.2538902538902539,0.06666666666666667,9 15 3 6 1 8 13 2 5
450,Instances_lowcost_H3/abs5n15,2,15,1802.0,1469.0,1.2266848196051736,0.10054112554112556,10 7 8 13 11 12 2 5 4 6 3 15 9 1 14
450,Instances_lowcost_H3/abs5n20,0,0,0.0,0.0,nan,nan,
450,Instances_lowcost_H3/abs5n20,1,11,1849.0,1535.0,1.2045602605863193,0.1,19 14 18 8 3 1 11 20 10 4 12
450,Instances_lowcost_H3/abs5n20,2,20,2334.0,2221.0,1.0508779828905899,0.06537667698658411,19 17 18 13 8 5 14 16 4 2 6 10 9 11 20 12 15 7 3 1
450,Instances_lowcost_H3/abs5n25,0,0,0.0,0.0,nan,nan,
450,Instances_lowcost_H3/abs5n25,1,11,1401.0,1325.0,1.0573584905660378,0.05,13 5 21 15 16 14 7 24 9 3 6
450,Instances_lowcost_H3/abs5n25,2,25,2353.0,2284.0,1.0302101576182137,0.04081452656820304,17 13 5 2 11 20 1 21 10 25 22 4 8 18 7 24 9 19 3 23 14 16 12 15 6
450,Instances_lowcost_H3/abs5n30,0,0,0.0,0.0,nan,nan,
450,Instances_lowcost_H3/abs5n30,1,15,1951.0,1742.0,1.1199770378874856,0.21074520717377862,1 24 10 11 28 30 27 9 8 4 29 2 19 16 25
450,Instances_lowcost_H3/abs5n30,2,30,2540.0,2221.0,1.1436289959477712,0.07272120649218532,1 26 24 10 7 28 11 3 20 30 17 23 16 14 8 9 13 4 29 22 21 2 18 27 19 25 6 15 12 5
450,Instances_lowcost_H3/abs5n35,0,0,0.0,0.0,nan,nan,
450,Instances_lowcost_H3/abs5n35,1,17,2308.0,2125.0,1.0861176470588236,0.11906010656010656,28 32 35 14 20 25 6 3 30 22 11 23 4 34 19 5 24
450,Instances_lowcost_H3/abs5n35,2,35,2756.0,2679.0,1.028742067935797,0.0585431007068588,28 1 18 21 33 2 19 8 34 4 15 23 9 3 6 25 20 7 14 31 16 27 32 35 22 26 30 29 11 17 12 5 24 13 10
450,Instances_lowcost_H3/abs5n40,0,0,0.0,0.0,nan,nan,
450,Instances_lowcost_H3/abs5n40,1,20,2009.0,2058.0,0.9761904761904762,0.08546365914786967,18 6 30 19 9 15 33 40 29 20 1 37 14 23 35 27 34 17 39 25
450,Instances_lowcost_H3/abs5n40,2,40,2948.0,2647.0,1.1137136380808463,0.09742538176878698,4 30 31 13 19 3 38 18 6 34 27 21 28 36 35 10 5 40 24 15 33 32 9 20 29 1 7 16 23 11 14 37 2 12 39 17 26 22 25 8
450,Instances_lowcost_H3/abs5n45,0,0,0.0,0.0,nan,nan,
450,Instances_lowcost_H3/abs5n45,1,25,2174.0,2092.0,1.0391969407265775,0.10090781961491342,28 9 14 30 22 41 38 10 43 45 32 39 15 4 34 24 35 37 18 29 20 25 13 12 1
450,Instances_lowcost_H3/abs5n45,2,45,3003.0,2475.0,1.2133333333333334,0.05228697784405838,28 33 9 14 5 36 41 23 3 38 10 43 45 32 42 30 22 6 27 13 20 8 35 44 24 17 34 16 15 4 39 19 2 31 7 11 37 18 26 1 12 29 25 21 40
450,Instances_lowcost_H3/abs5n5,0,0,0.0,0.0,nan,nan,
450,Instances_lowcost_H3/abs5n5,1,1,278.0,278.0,1.0,nan,4
450,Instances_lowcost_H3/abs5n5,2,5,866.0,865.0,1.001156069364162,0.25,3 4 5 2 1
450,Instances_lowcost_H3/abs5n50,0,0,0.0,0.0,nan,nan,
450,Instances_lowcost_H3/abs5n50,1,27,2624.0,2275.0,1.1534065934065934,0.040810072082398834,33 32 44 4 13 20 36 5 10 25 7 34 27 24 40 8 19 29 17 23 50 30 9 47 38 46 15
450,Instances_lowcost_H3/abs5n50,2,50,3485.0,3165.0,1.1011058451816746,0.041485691989943466,33 45 26 44 31 4 49 13 20 42 48 12 36 22 38 46 5 39 14 25 34 7 27 24 1 40 8 19 21 16 2 15 29 17 23 32 50 41 28 37 35 9 47 43 30 11 3 18 10 6
450,Instances_lowcost_H6/abs5n10,0,0,0.0,0.0,nan,nan,
450,Instances_lowcost_H6/abs5n10,1,5,1268.0,1184.0,1.070945945945946,0.08333333333333333,8 7 10 4 6
450,Instances_lowcost_H6/abs5n10,2,10,1499.0,1480.0,1.0128378378378378,0.08641975308641975,8 9 7 10 3 1 4 5 6 2
450,Instances_lowcost_H6/abs5n10,3,5,1268.0,1184.0,1.070945945945946,0.08333333333333333,8 7 10 4 6
450,Instances_lowcost_H6/abs5n10,4,10,1499.0,1480.0,1.0128378378378378,0.08641975308641975,8 9 7 10 3 1 4 5 6 2
450,Instances_lowcost_H6/abs5n10,5,5,1268.0,1184.0,1.070945945945946,0.08333333333333333,8 7 10 4 6
450,Instances_lowcost_H6/abs5n15,0,0,0.0,0.0,nan,nan,
450,Instances_lowcost_H6/abs5n15,1,9,1531.0,1221.0,1.2538902538902539,0.06666666666666667,9 15 3 6 1 8 13 2 5
450,Instances_lowcost_H6/abs5n15,2,15,1802.0,1469.0,1.2266848196051736,0.10054112554112556,10 7 8 13 11 12 2 5 4 6 3 15 9 1 14
450,Instances_lowcost_H6/abs5n15,3,9,1531.0,1221.0,1.2538902538902539,0.06666666666666667,9 15 3 6 1 8 13 2 5
450,Instances_lowcost_H6/abs5n15,4,15,1875.0,1469.0,1.2763784887678693,0.10603563103563103,10 8 7 13 11 12 2 5 4 6 3 15 9 1 14
450,Instances_lowcost_H6/abs5n15,5,9,1531.0,1221.0,1.2538902538902539,0.06666666666666667,9 15 3 6 1 8 13 2 5
450,Instances_lowcost_H6/abs5n20,0,0,0.0,0.0,nan,nan,
450,Instances_lowcost_H6/abs5n20,1,11,1849.0,1535.0,1.2045602605863193,0.1,19 14 18 8 3 1 11 20 10 4 12
450,Instances_lowcost_H6/abs5n20,2,20,2334.0,2221.0,1.0508779828905899,0.06537667698658411,19 17 18 13 8 5 14 16 4 2 6 10 9 11 20 12 15 7 3 1
450,Instances_lowcost_H6/abs5n20,3,11,1849.0,1535.0,1.2045602605863193,0.1,19 14 18 8 3 1 11 20 10 4 12
450,Instances_lowcost_H6/abs5n20,4,20,2344.0,2221.0,1.0553804592525888,0.058797729618163055,19 17 18 8 13 5 14 16 4 2 6 10 9 11 20 12 15 7 3 1
450,Instances_lowcost_H6/abs5n20,5,11,1849.0,1535.0,1.2045602605863193,0.1,19 14 18 8 3 1 11 20 10 4 12
450,Instances_lowcost_H6/abs5n25,0,0,0.0,0.0,nan,nan,
450,Instances_lowcost_H6/abs5n25,1,11,1401.0,1325.0,1.0573584905660378,0.05,13 5 21 15 16 14 7 24 9 3 6
450,Instances_lowcost_H6/abs5n25,2,25,2353.0,2284.0,1.0302101576182137,0.04081452656820304,17 13 5 2 11 20 1 21 10 25 22 4 8 18 7 24 9 19 3 23 14 16 12 15 6
450,Instances_lowcost_H6/abs5n25,3,11,1401.0,1325.0,1.0573584905660378,0.05,13 5 21 15 16 14 7 24 9 3 6
450,Instances_lowcost_H6/abs5n25,4,25,2353.0,2284.0,1.0302101576182137,0.04081452656820304,17 13 5 2 11 20 1 21 10 25 22 4 8 18 7 24 9 19 3 23 14 16 12 15 6
450,Instances_lowcost_H6/abs5n25,5,11,1401.0,1325.0,1.0573584905660378,0.05,13 5 21 15 16 14 7 24 9 3 6
450,Instances_lowcost_H6/abs5n30,0,0,0.0,0.0,nan,nan,
450,Instances_lowcost_H6/abs5n30,1,15,1951.0,1742.0,1.1199770378874856,0.21074520717377862,1 24 10 11 28 30 27 9 8 4 29 2 19 16 25
450,Instances_lowcost_H6/abs5n30,2,30,2742.0,2221.0,1.234579018460153,0.10283916437383488,1 26 24 10 7 28 11 3 20 30 17 6 25 16 14 8 9 13 4 29 22 21 2 18 27 19 15 23 12 5
450,Instances_lowcost_H6/abs5n30,3,15,1951.0,1742.0,1.1199770378874856,0.21074520717377862,1 24 10 11 28 30 27 9 8 4 29 2 19 16 25
450,Instances_lowcost_H6/abs5n30,4,30,2540.0,2221.0,1.1436289959477712,0.07272120649218532,1 26 24 10 7 28 11 3 20 30 17 23 16 14 8 9 13 4 29 22 21 2 18 27 19 25 6 15 12 5
450,Instances_lowcost_H6/abs5n30,5,15,1951.0,1742.0,1.1199770378874856,0.21074520717377862,1 24 10 11 28 30 27 9 8 4 29 2 19 16 25
450,Instances_lowcost_H6/abs5n5,0,0,0.0,0.0,nan,nan,
450,Instances_lowcost_H6/abs5n5,1,1,278.0,278.0,1.0,nan,4
450,Instances_lowcost_H6/abs5n5,2,5,866.0,865.0,1.001156069364162,0.25,3 4 5 2 1
450,Instances_lowcost_H6/abs5n5,3,1,278.0,278.0,1.0,nan,4
450,Instances_lowcost_H6/abs5n5,4,5,866.0,865.0,1.001156069364162,0.25,3 4 5 2 1
450,Instances_lowcost_H6/abs5n5,5,1,278.0,278.0,1.0,nan,4
475,Instances_highcost_H3/abs5n10,0,0,0.0,0.0,nan,nan,
475,Instances_highcost_H3/abs5n10,1,5,1184.0,1184.0,1.0,0.125,7 10 4 6 8
475,Instances_highcost_H3/abs5n10,2,10,1504.0,1480.0,1.0162162162162163,0.05092592592592592,2 7 9 8 6 5 1 4 3 10
475,Instances_highcost_H3/abs5n15,0,0,0.0,0.0,nan,nan,
475,Instances_highcost_H3/abs5n15,1,9,1221.0,1221.0,1.0,0.020833333333333332,9 15 1 3 6 5 2 13 8
475,Instances_highcost_H3/abs5n15,2,15,1965.0,1469.0,1.337644656228727,0.14081632653061224,9 15 1 3 6 4 14 5 2 11 12 7 10 8 13
475,Instances_highcost_H3/abs5n20,0,0,0.0,0.0,nan,nan,
475,Instances_highcost_H3/abs5n20,1,11,1775.0,1535.0,1.1563517915309447,0.15,19 14 18 8 3 1 4 11 20 10 12
475,Instances_highcost_H3/abs5n20,2,20,2401.0,2221.0,1.0810445745159838,0.12315902621630175,19 17 18 5 14 16 2 6 9 10 11 20 12 15 7 1 3 13 8 4
475,Instances_highcost_H3/abs5n25,0,0,0.0,0.0,nan,nan,
475,Instances_highcost_H3/abs5n25,1,11,1590.0,1325.0,1.2,0.08142857142857143,5 13 6 24 7 9 3 14 16 15 21
475,Instances_highcost_H3/abs5n25,2,25,2655.0,2284.0,1.1624343257443082,0.09852460222526012,2 11 20 5 1 17 13 6 23 7 18 24 9 19 3 14 8 4 12 22 25 10 21 15 16
475,Instances_highcost_H3/abs5n30,0,0,0.0,0.0,nan,nan,
475,Instances_highcost_H3/abs5n30,1,15,1794.0,1742.0,1.0298507462686568,0.11369820655534942,10 28 30 25 16 19 8 9 4 29 2 27 11 24 1
475,Instances_highcost_H3/abs5n30,2,30,2549.0,2221.0,1.1476812246735704,0.12900344162893923,7 23 16 14 8 9 13 4 29 22 21 2 18 27 19 25 6 17 15 12 5 30 28 3 20 26 1 24 10 11
475,Instances_highcost_H3/abs5n35,0,0,0.0,0.0,nan,nan,
475,Instances_highcost_H3/abs5n35,1,17,2254.0,2125.0,1.0607058823529412,0.18878968253968254,28 19 34 4 6 25 3 23 11 30 22 20 14 35 24 5 32
475,Instances_highcost_H3/abs5n35,2,35,2996.0,2679.0,1.11832773422919,0.04728053937806259,10 1 8 19 34 4 15 9 23 3 6 25 20 7 26 29 30 17 12 11 5 13 2 33 18 21 28 32 27 31 16 14 35 22 24
475,Instances_highcost_H3/abs5n40,0,0,0.0,0.0,nan,nan,
475,Instances_highcost_H3/abs5n40,1,20,2311.0,2058.0,1.1229348882410106,0.07347081204421924,30 6 18 34 17 25 19 9 15 33 40 20 29 1 37 14 39 27 35 23
475,Instances_highcost_H3/abs5n40,2,40,3194.0,2647.0,1.2066490366452587,0.07893441756010675,4 30 31 13 19 3 38 2 32 15 33 24 40 5 29 20 9 7 1 16 10 23 35 28 36 11 12 37 14 22 8 25 39 26 17 18 6 34 21 27
475,Instances_highcost_H3/abs5n45,0,0,0.0,0.0,nan,nan,
475,Instances_highcost_H3/abs5n45,1,25,2414.0,2092.0,1.1539196940726577,0.06851283277913713,22 14 30 41 38 10 32 45 43 4 15 39 28 9 13 25 20 29 12 1 18 37 35 24 34
475,Instances_highcost_H3/abs5n45,2,45,3404.0,2475.0,1.3753535353535353,0.10182738756273038,42 36 41 23 3 5 14 30 22 32 38 10 19 43 45 2 33 6 9 27 40 21 13 20 8 35 44 17 11 24 37 7 31 16 15 4 39 34 26 18 12 29 25 1 28
475,Instances_highcost_H3/abs5n5,0,0,0.0,0.0,nan,nan,
475,Instances_highcost_H3/abs5n5,1,1,278.0,278.0,1.0,nan,4
475,Instances_highcost_H3/abs5n5,2,5,896.0,865.0,1.0358381502890173,0.3333333333333333,3 5 4 2 1
475,Instances_highcost_H3/abs5n50,0,0,0.0,0.0,nan,nan,
475,Instances_highcost_H3/abs5n50,1,27,2760.0,2275.0,1.213186813186813,0.09222575669944091,33 32 44 4 13 20 36 5 10 46 38 47 50 23 30 17 9 29 15 19 8 40 24 27 34 25 7
475,Instances_highcost_H3/abs5n50,2,50,3842.0,3165.0,1.2139020537124803,0.0648964803757854,45 26 44 31 4 49 13 20 42 48 12 36 22 37 32 33 41 50 28 35 43 23 30 17 9 47 11 18 3 38 46 6 39 14 25 34 7 16 21 2 19 8 1 40 24 27 10 5 15 29
475,Instances_highcost_H6/abs5n10,0,0,0.0,0.0,nan,nan,
475,Instances_highcost_H6/abs5n10,1,5,1184.0,1184.0,1.0,0.125,7 10 4 6 8
475,Instances_highcost_H6/abs5n10,2,10,1504.0,1480.0,1.0162162162162163,0.05092592592592592,2 7 9 8 6 5 1 4 3 10
475,Instances_highcost_H6/abs5n10,3,5,1184.0,1184.0,1.0,0.125,7 10 4 6 8
475,Instances_highcost_H6/abs5n10,4,10,1504.0,1480.0,1.0162162162162163,0.05092592592592592,2 7 9 8 6 5 1 4 3 10
475,Instances_highcost_H6/abs5n10,5,5,1184.0,1184.0,1.0,0.125,7 10 4 6 8
475,Instances_highcost_H6/abs5n15,0,0,0.0,0.0,nan,nan,
475,Instances_highcost_H6/abs5n15,1,9,1221.0,1221.0,1.0,0.020833333333333332,9 15 1 3 6 5 2 13 8
475,Instances_highcost_H6/abs5n15,2,15,1965.0,1469.0,1.337644656228727,0.14081632653061224,9 15 1 3 6 4 14 5 2 11 12 7 10 8 13
475,Instances_highcost_H6/abs5n15,3,9,1221.0,1221.0,1.0,0.020833333333333332,9 15 1 3 6 5 2 13 8
475,Instances_highcost_H6/abs5n15,4,15,1760.0,1469.0,1.1980939414567733,0.075,10 7 8 12 11 13 2 5 4 6 15 9 1 3 14
475,Instances_highcost_H6/abs5n15,5,9,1221.0,1221.0,1.0,0.020833333333333332,9 15 1 3 6 5 2 13 8
475,Instances_highcost_H6/abs5n20,0,0,0.0,0.0,nan,nan,
475,Instances_highcost_H6/abs5n20,1,11,1775.0,1535.0,1.1563517915309447,0.15,19 14 18 8 3 1 4 11 20 10 12
475,Instances_highcost_H6/abs5n20,2,20,2401.0,2221.0,1.0810445745159838,0.12315902621630175,19 17 18 5 14 16 2 6 9 10 11 20 12 15 7 1 3 13 8 4
475,Instances_highcost_H6/abs5n20,3,11,1775.0,1535.0,1.1563517915309447,0.15,19 14 18 8 3 1 4 11 20 10 12
475,Instances_highcost_H6/abs5n20,4,20,2401.0,2221.0,1.0810445745159838,0.12315902621630175,19 17 18 5 14 16 2 6 9 10 11 20 12 15 7 1 3 13 8 4
475,Instances_highcost_H6/abs5n20,5,11,1775.0,1535.0,1.1563517915309447,0.15,19 14 18 8 3 1 4 11 20 10 12
475,Instances_highcost_H6/abs5n25,0,0,0.0,0.0,nan,nan,
475,Instances_highcost_H6/abs5n25,1,11,1590.0,1325.0,1.2,0.08142857142857143,5 13 6 24 7 9 3 14 16 15 21
475,Instances_highcost_H6/abs5n25,2,25,2731.0,2284.0,1.1957092819614712,0.09158015778081567,2 11 20 5 1 17 13 6 23 7 18 24 9 19 3 14 8 4 12 22 25 21 10 15 16
475,Instances_highcost_H6/abs5n25,3,11,1590.0,1325.0,1.2,0.08142857142857143,5 13 6 24 7 9 3 14 16 15 21
475,Instances_highcost_H6/abs5n25,4,25,2731.0,2284.0,1.1957092819614712,0.09158015778081567,2 11 20 5 1 17 13 6 23 7 18 24 9 19 3 14 8 4 12 22 25 21 10 15 16
475,Instances_highcost_H6/abs5n25,5,11,1590.0,1325.0,1.2,0.08142857142857143,5 13 6 24 7 9 3 14 16 15 21
475,Instances_highcost_H6/abs5n30,0,0,0.0,0.0,nan,nan,
475,Instances_highcost_H6/abs5n30,1,15,1794.0,1742.0,1.0298507462686568,0.11369820655534942,10 28 30 25 16 19 8 9 4 29 2 27 11 24 1
475,Instances_highcost_H6/abs5n30,2,30,2549.0,2221.0,1.1476812246735704,0.12900344162893923,7 23 16 14 8 9 13 4 29 22 21 2 18 27 19 25 6 17 15 12 5 30 28 3 20 26 1 24 10 11
475,Instances_highcost_H6/abs5n30,3,15,1794.0,1742.0,1.0298507462686568,0.11369820655534942,10 28 30 25 16 19 8 9 4 29 2 27 11 24 1
475,Instances_highcost_H6/abs5n30,4,30,2574.0,2221.0,1.158937415578568,0.1462945141377976,7 23 16 14 8 9 13 4 22 29 2 21 18 27 19 25 6 17 15 12 5 3 20 26 1 24 10 28 30 11
475,Instances_highcost_H6/abs5n30,5,15,1794.0,1742.0,1.0298507462686568,0.11369820655534942,10 28 30 25 16 19 8 9 4 29 2 27 11 24 1
475,Instances_highcost_H6/abs5n5,0,0,0.0,0.0,nan,nan,
475,Instances_highcost_H6/abs5n5,1,1,278.0,278.0,1.0,nan,4
475,Instances_highcost_H6/abs5n5,2,5,896.0,865.0,1.0358381502890173,0.3333333333333333,3 5 4 2 1
475,Instances_highcost_H6/abs5n5,3,1,278.0,278.0,1.0,nan,4
475,Instances_highcost_H6/abs5n5,4,5,896.0,865.0,1.0358381502890173,0.3333333333333333,3 5 4 2 1
475,Instances_highcost_H6/abs5n5,5,1,278.0,278.0,1.0,nan,4
475,Instances_lowcost_H3/abs5n10,0,0,0.0,0.0,nan,nan,
475,Instances_lowcost_H3/abs5n10,1,5,1184.0,1184.0,1.0,0.125,7 10 4 6 8
475,Instances_lowcost_H3/abs5n10,2,10,1504.0,1480.0,1.0162162162162163,0.05092592592592592,2 7 9 8 6 5 1 4 3 10
475,Instances_lowcost_H3/abs5n15,0,0,0.0,0.0,nan,nan,
475,Instances_lowcost_H3/abs5n15,1,9,1221.0,1221.0,1.0,0.020833333333333332,9 15 1 3 6 5 2 13 8
475,Instances_lowcost_H3/abs5n15,2,15,1965.0,1469.0,1.337644656228727,0.14081632653061224,9 15 1 3 6 4 14 5 2 11 12 7 10 8 13
475,Instances_lowcost_H3/abs5n20,0,0,0.0,0.0,nan,nan,
475,Instances_lowcost_H3/abs5n20,1,11,1775.0,1535.0,1.1563517915309447,0.15,19 14 18 8 3 1 4 11 20 10 12
475,Instances_lowcost_H3/abs5n20,2,20,2401.0,2221.0,1.0810445745159838,0.12315902621630175,19 17 18 5 14 16 2 6 9 10 11 20 12 15 7 1 3 13 8 4
475,Instances_lowcost_H3/abs5n25,0,0,0.0,0.0,nan,nan,
475,Instances_lowcost_H3/abs5n25,1,11,1590.0,1325.0,1.2,0.08142857142857143,5 13 6 24 7 9 3 14 16 15 21
475,Instances_lowcost_H3/abs5n25,2,25,2655.0,2284.0,1.1624343257443082,0.09852460222526012,2 11 20 5 1 17 13 6 23 7 18 24 9 19 3 14 8 4 12 22 25 10 21 15 16
475,Instances_lowcost_H3/abs5n30,0,0,0.0,0.0,nan,nan,
475,Instances_lowcost_H3/abs5n30,1,15,1794.0,1742.0,1.0298507462686568,0.11369820655534942,10 28 30 25 16 19 8 9 4 29 2 27 11 24 1
475,Instances_lowcost_H3/abs5n30,2,30,2549.0,2221.0,1.1476812246735704,0.12900344162893923,7 23 16 14 8 9 13 4 29 22 21 2 18 27 19 25 6 17 15 12 5 30 28 3 20 26 1 24 10 11
475,Instances_lowcost_H3/abs5n35,0,0,0.0,0.0,nan,nan,
475,Instances_lowcost_H3/abs5n35,1,17,2254.0,2125.0,1.0607058823529412,0.18878968253968254,28 19 34 4 6 25 3 23 11 30 22 20 14 35 24 5 32
475,Instances_lowcost_H3/abs5n35,2,35,2996.0,2679.0,1.11832773422919,0.04728053937806259,10 1 8 19 34 4 15 9 23 3 6 25 20 7 26 29 30 17 12 11 5 13 2 33 18 21 28 32 27 31 16 14 35 22 24
475,Instances_lowcost_H3/abs5n40,0,0,0.0,0.0,nan,nan,
475,Instances_lowcost_H3/abs5n40,1,20,2311.0,2058.0,1.1229348882410106,0.07347081204421924,30 6 18 34 17 25 19 9 15 33 40 20 29 1 37 14 39 27 35 23
475,Instances_lowcost_H3/abs5n40,2,40,3194.0,2647.0,1.2066490366452587,0.07893441756010675,4 30 31 13 19 3 38 2 32 15 33 24 40 5 29 20 9 7 1 16 10 23 35 28 36 11 12 37 14 22 8 25 39 26 17 18 6 34 21 27
475,Instances_lowcost_H3/abs5n45,0,0,0.0,0.0,nan,nan,
475,Instances_lowcost_H3/abs5n45,1,25,2414.0,2092.0,1.1539196940726577,0.06851283277913713,22 14 30 41 38 10 32 45 43 4 15 39 28 9 13 25 20 29 12 1 18 37 35 24 34
475,Instances_lowcost_H3/abs5n45,2,45,3404.0,2475.0,1.3753535353535353,0.10182738756273038,42 36 41 23 3 5 14 30 22 32 38 10 19 43 45 2 33 6 9 27 40 21 13 20 8 35 44 17 11 24 37 7 31 16 15 4 39 34 26 18 12 29 25 1 28
475,Instances_lowcost_H3/abs5n5,0,0,0.0,0.0,nan,nan,
475,Instances_lowcost_H3/abs5n5,1,1,278.0,278.0,1.0,nan,4
475,Instances_lowcost_H3/abs5n5,2,5,896.0,865.0,1.0358381502890173,0.3333333333333333,3 5 4 2 1
475,Instances_lowcost_H3/abs5n50,0,0,0.0,0.0,nan,nan,
475,Instances_lowcost_H3/abs5n50,1,27,2760.0,2275.0,1.213186813186813,0.09222575669944091,33 32 44 4 13 20 36 5 10 46 38 47 50 23 30 17 9 29 15 19 8 40 24 27 34 25 7
475,Instances_lowcost_H3/abs5n50,2,50,3842.0,3165.0,1.2139020537124803,0.0648964803757854,45 26 44 31 4 49 13 20 42 48 12 36 22 37 32 33 41 50 28 35 43 23 30 17 9 47 11 18 3 38 46 6 39 14 25 34 7 16 21 2 19 8 1 40 24 27 10 5 15 29
475,Instances_lowcost_H6/abs5n10,0,0,0.0,0.0,nan,nan,
475,Instances_lowcost_H6/abs5n10,1,5,1184.0,1184.0,1.0,0.125,7 10 4 6 8
475,Instances_lowcost_H6/abs5n10,2,10,1504.0,1480.0,1.0162162162162163,0.05092592592592592,2 7 9 8 6 5 1 4 3 10
475,Instances_lowcost_H6/abs5n10,3,5,1184.0,1184.0,1.0,0.125,7 10 4 6 8
475,Instances_lowcost_H6/abs5n10,4,10,1504.0,1480.0,1.0162162162162163,0.05092592592592592,2 7 9 8 6 5 1 4 3 10
475,Instances_lowcost_H6/abs5n10,5,5,1184.0,1184.0,1.0,0.125,7 10 4 6 8
475,Instances_lowcost_H6/abs5n15,0,0,0.0,0.0,nan,nan,
475,Instances_lowcost_H6/abs5n15,1,9,1221.0,1221.0,1.0,0.020833333333333332,9 15 1 3 6 5 2 13 8
475,Instances_lowcost_H6/abs5n15,2,15,1965.0,1469.0,1.337644656228727,0.14081632653061224,9 15 1 3 6 4 14 5 2 11 12 7 10 8 13
475,Instances_lowcost_H6/abs5n15,3,9,1221.0,1221.0,1.0,0.020833333333333332,9 15 1 3 6 5 2 13 8
475,Instances_lowcost_H6/abs5n15,4,15,1760.0,1469.0,1.1980939414567733,0.075,10 7 8 12 11 13 2 5 4 6 15 9 1 3 14
475,Instances_lowcost_H6/abs5n15,5,9,1221.0,1221.0,1.0,0.020833333333333332,9 15 1 3 6 5 2 13 8
475,Instances_lowcost_H6/abs5n20,0,0,0.0,0.0,nan,nan,
475,Instances_lowcost_H6/abs5n20,1,11,1775.0,1535.0,1.1563517915309447,0.15,19 14 18 8 3 1 4 11 20 10 12
475,Instances_lowcost_H6/abs5n20,2,20,2401.0,2221.0,1.0810445745159838,0.12315902621630175,19 17 18 5 14 16 2 6 9 10 11 20 12 15 7 1 3 13 8 4
475,Instances_lowcost_H6/abs5n20,3,11,1775.0,1535.0,1.1563517915309447,0.15,19 14 18 8 3 1 4 11 20 10 12
475,Instances_lowcost_H6/abs5n20,4,20,2401.0,2221.0,1.0810445745159838,0.12315902621630175,19 17 18 5 14 16 2 6 9 10 11 20 12 15 7 1 3 13 8 4
475,Instances_lowcost_H6/abs5n20,5,11,1775.0,1535.0,1.1563517915309447,0.15,19 14 18 8 3 1 4 11 20 10 12
475,Instances_lowcost_H6/abs5n25,0,0,0.0,0.0,nan,nan,
475,Instances_lowcost_H6/abs5n25,1,11,1590.0,1325.0,1.2,0.08142857142857143,5 13 6 24 7 9 3 14 16 15 21
475,Instances_lowcost_H6/abs5n25,2,25,2731.0,2284.0,1.1957092819614712,0.09158015778081567,2 11 20 5 1 17 13 6 23 7 18 24 9 19 3 14 8 4 12 22 25 21 10 15 16
475,Instances_lowcost_H6/abs5n25,3,11,1590.0,1325.0,1.2,0.08142857142857143,5 13 6 24 7 9 3 14 16 15 21
475,Instances_lowcost_H6/abs5n25,4,25,2731.0,2284.0,1.1957092819614712,0.09158015778081567,2 11 20 5 1 17 13 6 23 7 18 24 9 19 3 14 8 4 12 22 25 21 10 15 16
475,Instances_lowcost_H6/abs5n25,5,11,1590.0,1325.0,1.2,0.08142857142857143,5 13 6 24 7 9 3 14 16 15 21
475,Instances_lowcost_H6/abs5n30,0,0,0.0,0.0,nan,nan,
475,Instances_lowcost_H6/abs5n30,1,15,1794.0,1742.0,1.0298507462686568,0.11369820655534942,10 28 30 25 16 19 8 9 4 29 2 27 11 24 1
475,Instances_lowcost_H6/abs5n30,2,30,2549.0,2221.0,1.1476812246735704,0.12900344162893923,7 23 16 14 8 9 13 4 29 22 21 2 18 27 19 25 6 17 15 12 5 30 28 3 20 26 1 24 10 11
475,Instances_lowcost_H6/abs5n30,3,15,1794.0,1742.0,1.0298507462686568,0.11369820655534942,10 28 30 25 16 19 8 9 4 29 2 27 11 24 1
475,Instances_lowcost_H6/abs5n30,4,30,2574.0,2221.0,1.158937415578568,0.1462945141377976,7 23 16 14 8 9 13 4 22 29 2 21 18 27 19 25 6 17 15 12 5 3 20 26 1 24 10 28 30 11
475,Instances_lowcost_H6/abs5n30,5,15,1794.0,1742.0,1.0298507462686568,0.11369820655534942,10 28 30 25 16 19 8 9 4 29 2 27 11 24 1
475,Instances_lowcost_H6/abs5n5,0,0,0.0,0.0,nan,nan,
475,Instances_lowcost_H6/abs5n5,1,1,278.0,278.0,1.0,nan,4
475,Instances_lowcost_H6/abs5n5,2,5,896.0,865.0,1.0358381502890173,0.3333333333333333,3 5 4 2 1
475,Instances_lowcost_H6/abs5n5,3,1,278.0,278.0,1.0,nan,4
475,Instances_lowcost_H6/abs5n5,4,5,896.0,865.0,1.0358381502890173,0.3333333333333333,3 5 4 2 1
475,Instances_lowcost_H6/abs5n5,5,1,278.0,278.0,1.0,nan,4
500,Instances_highcost_H3/abs5n10,0,0,0.0,0.0,nan,nan,
500,Instances_highcost_H3/abs5n10,1,5,1184.0,1184.0,1.0,0.0,8 6 4 10 7
500,Instances_highcost_H3/abs5n10,2,10,1499.0,1480.0,1.0128378378378378,0.02976190476190476,2 7 10 3 1 4 5 6 8 9
500,Instances_highcost_H3/abs5n15,0,0,0.0,0.0,nan,nan,
500,Instances_highcost_H3/abs5n15,1,9,1254.0,1221.0,1.027027027027027,0.0,9 15 3 1 6 5 2 13 8
500,Instances_highcost_H3/abs5n15,2,15,1740.0,1469.0,1.1844792375765827,0.16462585034013605,9 15 1 3 6 4 14 5 2 11 12 13 7 10 8
500,Instances_highcost_H3/abs5n20,0,0,0.0,0.0,nan,nan,
500,Instances_highcost_H3/abs5n20,1,11,1631.0,1535.0,1.062540716612378,0.06666666666666667,19 14 18 8 3 1 11 10 20 12 4
500,Instances_highcost_H3/abs5n20,2,20,2514.0,2221.0,1.1319225574065737,0.07844306965823994,19 17 18 5 14 16 2 6 9 10 20 12 15 7 1 3 11 4 8 13
500,Instances_highcost_H3/abs5n25,0,0,0.0,0.0,nan,nan,
500,Instances_highcost_H3/abs5n25,1,11,1707.0,1325.0,1.2883018867924527,0.1338095238095238,5 13 6 9 24 7 14 16 3 15 21
500,Instances_highcost_H3/abs5n25,2,25,2749.0,2284.0,1.2035901926444834,0.08481608851674642,2 11 20 5 1 17 13 6 23 24 7 18 8 4 25 22 12 14 16 15 21 10 3 19 9
500,Instances_highcost_H3/abs5n30,0,0,0.0,0.0,nan,nan,
500,Instances_highcost_H3/abs5n30,1,15,1881.0,1742.0,1.0797933409873708,0.1135727367870225,10 24 1 11 28 30 25 16 19 8 9 29 4 2 27
500,Instances_highcost_H3/abs5n30,2,30,2582.0,2221.0,1.1625393966681674,0.11140482798706693,26 1 20 3 7 23 16 14 8 9 13 4 22 29 21 2 18 27 19 25 6 17 15 12 5 30 28 10 24 11
500,Instances_highcost_H3/abs5n35,0,0,0.0,0.0,nan,nan,
500,Instances_highcost_H3/abs5n35,1,17,2150.0,2125.0,1.011764705882353,0.08797348484848484,28 19 34 4 23 3 6 25 30 11 5 24 35 22 20 14 32
500,Instances_highcost_H3/abs5n35,2,35,2858.0,2679.0,1.066815976110489,0.038793214332931494,28 1 18 21 8 19 34 4 15 9 23 3 6 25 30 29 11 12 17 5 13 2 33 10 32 27 31 16 14 7 20 26 22 35 24
500,Instances_highcost_H3/abs5n40,0,0,0.0,0.0,nan,nan,
500,Instances_highcost_H3/abs5n40,1,20,2326.0,2058.0,1.13022351797862,0.08955662681424455,30 6 18 34 27 17 39 25 19 9 15 33 40 20 1 29 37 14 23 35
500,Instances_highcost_H3/abs5n40,2,40,2946.0,2647.0,1.1129580657347942,0.05264392266761274,4 30 31 13 19 3 38 8 25 18 6 34 27 21 28 36 10 5 40 15 33 24 32 9 2 20 7 1 29 16 37 12 14 11 35 23 26 22 39 17
500,Instances_highcost_H3/abs5n45,0,0,0.0,0.0,nan,nan,
500,Instances_highcost_H3/abs5n45,1,25,2357.0,2092.0,1.1266730401529637,0.09081525240412709,9 14 41 38 10 43 32 30 22 45 4 15 39 34 24 35 37 18 12 29 20 13 25 1 28
500,Instances_highcost_H3/abs5n45,2,45,3406.0,2475.0,1.3761616161616161,0.07240276671435654,33 9 14 36 41 23 3 38 5 30 22 42 10 32 43 45 19 4 15 16 39 2 31 7 26 17 44 24 11 35 8 37 18 29 20 27 40 6 21 13 25 12 1 28 34
500,Instances_highcost_H3/abs5n5,0,0,0.0,0.0,nan,nan,
500,Instances_highcost_H3/abs5n5,1,1,278.0,278.0,1.0,nan,4
500,Instances_highcost_H3/abs5n5,2,5,865.0,865.0,1.0,0.3333333333333333,3 5 2 4 1
500,Instances_highcost_H3/abs5n50,0,0,0.0,0.0,nan,nan,
500,Instances_highcost_H3/abs5n50,1,27,2542.0,2275.0,1.1173626373626373,0.05662966915199589,33 32 44 4 13 20 36 5 10 25 34 7 27 24 40 8 19 23 50 30 17 9 47 38 46 15 29
500,Instances_highcost_H3/abs5n50,2,50,3760.0,3165.0,1.187993680884676,0.05390505176694906,45 26 44 31 4 49 13 20 42 48 12 36 22 37 32 33 41 50 28 35 9 47 43 23 30 17 11 3 18 46 6 39 14 25 34 7 27 1 40 8 24 19 21 16 2 15 29 38 5 10
500,Instances_highcost_H6/abs5n10,0,0,0.0,0.0,nan,nan,
500,Instances_highcost_H6/abs5n10,1,5,1184.0,1184.0,1.0,0.0,8 6 4 10 7
500,Instances_highcost_H6/abs5n10,2,10,1499.0,1480.0,1.0128378378378378,0.02976190476190476,2 7 10 3 1 4 5 6 8 9
500,Instances_highcost_H6/abs5n10,3,5,1184.0,1184.0,1.0,0.0,8 6 4 10 7
500,Instances_highcost_H6/abs5n10,4,10,1499.0,1480.0,1.0128378378378378,0.02976190476190476,2 7 10 3 1 4 5 6 8 9
500,Instances_highcost_H6/abs5n10,5,5,1184.0,1184.0,1.0,0.0,8 6 4 10 7
500,Instances_highcost_H6/abs5n15,0,0,0.0,0.0,nan,nan,
500,Instances_highcost_H6/abs5n15,1,9,1254.0,1221.0,1.027027027027027,0.0,9 15 3 1 6 5 2 13 8
500,Instances_highcost_H6/abs5n15,2,15,1740.0,1469.0,1.1844792375765827,0.16462585034013605,9 15 1 3 6 4 14 5 2 11 12 13 7 10 8
500,Instances_highcost_H6/abs5n15,3,9,1221.0,1221.0,1.0,0.020833333333333332,9 15 1 3 6 5 2 13 8
500,Instances_highcost_H6/abs5n15,4,15,1502.0,1469.0,1.0224642614023145,0.04081632653061224,9 15 3 1 6 4 14 5 2 11 13 12 8 7 10
500,Instances_highcost_H6/abs5n15,5,9,1254.0,1221.0,1.027027027027027,0.0,9 15 3 1 6 5 2 13 8
500,Instances_highcost_H6/abs5n20,0,0,0.0,0.0,nan,nan,
500,Instances_highcost_H6/abs5n20,1,11,1631.0,1535.0,1.062540716612378,0.06666666666666667,19 14 18 8 3 1 11 10 20 12 4
500,Instances_highcost_H6/abs5n20,2,20,2514.0,2221.0,1.1319225574065737,0.07844306965823994,19 17 18 5 14 16 2 6 9 10 20 12 15 7 1 3 11 4 8 13
500,Instances_highcost_H6/abs5n20,3,11,1631.0,1535.0,1.062540716612378,0.06666666666666667,19 14 18 8 3 1 11 10 20 12 4
500,Instances_highcost_H6/abs5n20,4,20,2442.0,2221.0,1.0995047276001801,0.135453216374269,19 17 5 14 18 8 13 3 1 20 12 15 7 11 9 10 6 2 16 4
500,Instances_highcost_H6/abs5n20,5,11,1631.0,1535.0,1.062540716612378,0.06666666666666667,19 14 18 8 3 1 11 10 20 12 4
500,Instances_highcost_H6/abs5n25,0,0,0.0,0.0,nan,nan,
500,Instances_highcost_H6/abs5n25,1,11,1707.0,1325.0,1.2883018867924527,0.1338095238095238,5 13 6 9 24 7 14 16 3 15 21
500,Instances_highcost_H6/abs5n25,2,25,2749.0,2284.0,1.2035901926444834,0.08481608851674642,2 11 20 5 1 17 13 6 23 24 7 18 8 4 25 22 12 14 16 15 21 10 3 19 9
500,Instances_highcost_H6/abs5n25,3,11,1707.0,1325.0,1.2883018867924527,0.1338095238095238,5 13 6 9 24 7 14 16 3 15 21
500,Instances_highcost_H6/abs5n25,4,25,2749.0,2284.0,1.2035901926444834,0.08481608851674642,2 11 20 5 1 17 13 6 23 24 7 18 8 4 25 22 12 14 16 15 21 10 3 19 9
500,Instances_highcost_H6/abs5n25,5,11,1707.0,1325.0,1.2883018867924527,0.1338095238095238,5 13 6 9 24 7 14 16 3 15 21
500,Instances_highcost_H6/abs5n30,0,0,0.0,0.0,nan,nan,
500,Instances_highcost_H6/abs5n30,1,15,1881.0,1742.0,1.0797933409873708,0.1135727367870225,10 24 1 11 28 30 25 16 19 8 9 29 4 2 27
500,Instances_highcost_H6/abs5n30,2,30,2582.0,2221.0,1.1625393966681674,0.11140482798706693,26 1 20 3 7 23 16 14 8 9 13 4 22 29 21 2 18 27 19 25 6 17 15 12 5 30 28 10 24 11
500,Instances_highcost_H6/abs5n30,3,15,1881.0,1742.0,1.0797933409873708,0.1135727367870225,10 24 1 11 28 30 25 16 19 8 9 29 4 2 27
500,Instances_highcost_H6/abs5n30,4,30,2616.0,2221.0,1.1778478162989645,0.09500861432918999,26 1 20 3 7 23 16 14 8 9 13 4 29 22 21 2 18 27 19 25 6 17 15 30 28 10 24 11 12 5
500,Instances_highcost_H6/abs5n30,5,15,1881.0,1742.0,1.0797933409873708,0.1135727367870225,10 24 1 11 28 30 25 16 19 8 9 29 4 2 27
500,Instances_highcost_H6/abs5n5,0,0,0.0,0.0,nan,nan,
500,Instances_highcost_H6/abs5n5,1,1,278.0,278.0,1.0,nan,4
500,Instances_highcost_H6/abs5n5,2,5,865.0,865.0,1.0,0.3333333333333333,3 5 2 4 1
500,Instances_highcost_H6/abs5n5,3,1,278.0,278.0,1.0,nan,4
500,Instances_highcost_H6/abs5n5,4,5,865.0,865.0,1.0,0.3333333333333333,3 5 2 4 1
500,Instances_highcost_H6/abs5n5,5,1,278.0,278.0,1.0,nan,4
500,Instances_lowcost_H3/abs5n10,0,0,0.0,0.0,nan,nan,
500,Instances_lowcost_H3/abs5n10,1,5,1184.0,1184.0,1.0,0.0,8 6 4 10 7
500,Instances_lowcost_H3/abs5n10,2,10,1499.0,1480.0,1.0128378378378378,0.02976190476190476,2 7 10 3 1 4 5 6 8 9
500,Instances_lowcost_H3/abs5n15,0,0,0.0,0.0,nan,nan,
500,Instances_lowcost_H3/abs5n15,1,9,1254.0,1221.0,1.027027027027027,0.0,9 15 3 1 6 5 2 13 8
500,Instances_lowcost_H3/abs5n15,2,15,1740.0,1469.0,1.1844792375765827,0.16462585034013605,9 15 1 3 6 4 14 5 2 11 12 13 7 10 8
500,Instances_lowcost_H3/abs5n20,0,0,0.0,0.0,nan,nan,
500,Instances_lowcost_H3/abs5n20,1,11,1631.0,1535.0,1.062540716612378,0.06666666666666667,19 14 18 8 3 1 11 10 20 12 4
500,Instances_lowcost_H3/abs5n20,2,20,2514.0,2221.0,1.1319225574065737,0.07844306965823994,19 17 18 5 14 16 2 6 9 10 20 12 15 7 1 3 11 4 8 13
500,Instances_lowcost_H3/abs5n25,0,0,0.0,0.0,nan,nan,
500,Instances_lowcost_H3/abs5n25,1,11,1707.0,1325.0,1.2883018867924527,0.1338095238095238,5 13 6 9 24 7 14 16 3 15 21
500,Instances_lowcost_H3/abs5n25,2,25,2749.0,2284.0,1.2035901926444834,0.08481608851674642,2 11 20 5 1 17 13 6 23 24 7 18 8 4 25 22 12 14 16 15 21 10 3 19 9
500,Instances_lowcost_H3/abs5n30,0,0,0.0,0.0,nan,nan,
500,Instances_lowcost_H3/abs5n30,1,15,1881.0,1742.0,1.0797933409873708,0.1135727367870225,10 24 1 11 28 30 25 16 19 8 9 29 4 2 27
500,Instances_lowcost_H3/abs5n30,2,30,2582.0,2221.0,1.1625393966681674,0.11140482798706693,26 1 20 3 7 23 16 14 8 9 13 4 22 29 21 2 18 27 19 25 6 17 15 12 5 30 28 10 24 11
500,Instances_lowcost_H3/abs5n35,0,0,0.0,0.0,nan,nan,
500,Instances_lowcost_H3/abs5n35,1,17,2150.0,2125.0,1.011764705882353,0.08797348484848484,28 19 34 4 23 3 6 25 30 11 5 24 35 22 20 14 32
500,Instances_lowcost_H3/abs5n35,2,35,2858.0,2679.0,1.066815976110489,0.038793214332931494,28 1 18 21 8 19 34 4 15 9 23 3 6 25 30 29 11 12 17 5 13 2 33 10 32 27 31 16 14 7 20 26 22 35 24
500,Instances_lowcost_H3/abs5n40,0,0,0.0,0.0,nan,nan,
500,Instances_lowcost_H3/abs5n40,1,20,2326.0,2058.0,1.13022351797862,0.08955662681424455,30 6 18 34 27 17 39 25 19 9 15 33 40 20 1 29 37 14 23 35
500,Instances_lowcost_H3/abs5n40,2,40,2946.0,2647.0,1.1129580657347942,0.05264392266761274,4 30 31 13 19 3 38 8 25 18 6 34 27 21 28 36 10 5 40 15 33 24 32 9 2 20 7 1 29 16 37 12 14 11 35 23 26 22 39 17
500,Instances_lowcost_H3/abs5n45,0,0,0.0,0.0,nan,nan,
500,Instances_lowcost_H3/abs5n45,1,25,2357.0,2092.0,1.1266730401529637,0.09081525240412709,9 14 41 38 10 43 32 30 22 45 4 15 39 34 24 35 37 18 12 29 20 13 25 1 28
500,Instances_lowcost_H3/abs5n45,2,45,3406.0,2475.0,1.3761616161616161,0.07240276671435654,33 9 14 36 41 23 3 38 5 30 22 42 10 32 43 45 19 4 15 16 39 2 31 7 26 17 44 24 11 35 8 37 18 29 20 27 40 6 21 13 25 12 1 28 34
500,Instances_lowcost_H3/abs5n5,0,0,0.0,0.0,nan,nan,
500,Instances_lowcost_H3/abs5n5,1,1,278.0,278.0,1.0,nan,4
500,Instances_lowcost_H3/abs5n5,2,5,865.0,865.0,1.0,0.3333333333333333,3 5 2 4 1
500,Instances_lowcost_H3/abs5n50,0,0,0.0,0.0,nan,nan,
500,Instances_lowcost_H3/abs5n50,1,27,2542.0,2275.0,1.1173626373626373,0.05662966915199589,33 32 44 4 13 20 36 5 10 25 34 7 27 24 40 8 19 23 50 30 17 9 47 38 46 15 29
500,Instances_lowcost_H3/abs5n50,2,50,3760.0,3165.0,1.187993680884676,0.05390505176694906,45 26 44 31 4 49 13 20 42 48 12 36 22 37 32 33 41 50 28 35 9 47 43 23 30 17 11 3 18 46 6 39 14 25 34 7 27 1 40 8 24 19 21 16 2 15 29 38 5 10
500,Instances_lowcost_H6/abs5n10,0,0,0.0,0.0,nan,nan,
500,Instances_lowcost_H6/abs5n10,1,5,1184.0,1184.0,1.0,0.0,8 6 4 10 7
500,Instances_lowcost_H6/abs5n10,2,10,1499.0,1480.0,1.0128378378378378,0.02976190476190476,2 7 10 3 1 4 5 6 8 9
500,Instances_lowcost_H6/abs5n10,3,5,1184.0,1184.0,1.0,0.0,8 6 4 10 7
500,Instances_lowcost_H6/abs5n10,4,10,1499.0,1480.0,1.0128378378378378,0.02976190476190476,2 7 10 3 1 4 5 6 8 9
500,Instances_lowcost_H6/abs5n10,5,5,1184.0,1184.0,1.0,0.0,8 6 4 10 7
500,Instances_lowcost_H6/abs5n15,0,0,0.0,0.0,nan,nan,
500,Instances_lowcost_H6/abs5n15,1,9,1254.0,1221.0,1.027027027027027,0.0,9 15 3 1 6 5 2 13 8
500,Instances_lowcost_H6/abs5n15,2,15,1740.0,1469.0,1.1844792375765827,0.16462585034013605,9 15 1 3 6 4 14 5 2 11 12 13 7 10 8
500,Instances_lowcost_H6/abs5n15,3,9,1221.0,1221.0,1.0,0.020833333333333332,9 15 1 3 6 5 2 13 8
500,Instances_lowcost_H6/abs5n15,4,15,1502.0,1469.0,1.0224642614023145,0.04081632653061224,9 15 3 1 6 4 14 5 2 11 13 12 8 7 10
500,Instances_lowcost_H6/abs5n15,5,9,1254.0,1221.0,1.027027027027027,0.0,9 15 3 1 6 5 2 13 8
500,Instances_lowcost_H6/abs5n20,0,0,0.0,0.0,nan,nan,
500,Instances_lowcost_H6/abs5n20,1,11,1631.0,1535.0,1.062540716612378,0.06666666666666667,19 14 18 8 3 1 11 10 20 12 4
500,Instances_lowcost_H6/abs5n20,2,20,2514.0,2221.0,1.1319225574065737,0.07844306965823994,19 17 18 5 14 16 2 6 9 10 20 12 15 7 1 3 11 4 8 13
500,Instances_lowcost_H6/abs5n20,3,11,1631.0,1535.0,1.062540716612378,0.06666666666666667,19 14 18 8 3 1 11 10 20 12 4
500,Instances_lowcost_H6/abs5n20,4,20,2442.0,2221.0,1.0995047276001801,0.135453216374269,19 17 5 14 18 8 13 3 1 20 12 15 7 11 9 10 6 2 16 4
500,Instances_lowcost_H6/abs5n20,5,11,1631.0,1535.0,1.062540716612378,0.06666666666666667,19 14 18 8 3 1 11 10 20 12 4
500,Instances_lowcost_H6/abs5n25,0,0,0.0,0.0,nan,nan,
500,Instances_lowcost_H6/abs5n25,1,11,1707.0,1325.0,1.2883018867924527,0.1338095238095238,5 13 6 9 24 7 14 16 3 15 21
500,Instances_lowcost_H6/abs5n25,2,25,2749.0,2284.0,1.2035901926444834,0.08481608851674642,2 11 20 5 1 17 13 6 23 24 7 18 8 4 25 22 12 14 16 15 21 10 3 19 9
500,Instances_lowcost_H6/abs5n25,3,11,1707.0,1325.0,1.2883018867924527,0.1338095238095238,5 13 6 9 24 7 14 16 3 15 21
500,Instances_lowcost_H6/abs5n25,4,25,2749.0,2284.0,1.2035901926444834,0.08481608851674642,2 11 20 5 1 17 13 6 23 24 7 18 8 4 25 22 12 14 16 15 21 10 3 19 9
500,Instances_lowcost_H6/abs5n25,5,11,1707.0,1325.0,1.2883018867924527,0.1338095238095238,5 13 6 9 24 7 14 16 3 15 21
500,Instances_lowcost_H6/abs5n30,0,0,0.0,0.0,nan,nan,
500,Instances_lowcost_H6/abs5n30,1,15,1881.0,1742.0,1.0797933409873708,0.1135727367870225,10 24 1 11 28 30 25 16 19 8 9 29 4 2 27
500,Instances_lowcost_H6/abs5n30,2,30,2582.0,2221.0,1.1625393966681674,0.11140482798706693,26 1 20 3 7 23 16 14 8 9 13 4 22 29 21 2 18 27 19 25 6 17 15 12 5 30 28 10 24 11
500,Instances_lowcost_H6/abs5n30,3,15,1881.0,1742.0,1.0797933409873708,0.1135727367870225,10 24 1 11 28 30 25 16 19 8 9 29 4 2 27
500,Instances_lowcost_H6/abs5n30,4,30,2616.0,2221.0,1.1778478162989645,0.09500861432918999,26 1 20 3 7 23 16 14 8 9 13 4 29 22 21 2 18 27 19 25 6 17 15 30 28 10 24 11 12 5
500,Instances_lowcost_H6/abs5n30,5,15,1881.0,1742.0,1.0797933409873708,0.1135727367870225,10 24 1 11 28 30 25 16 19 8 9 29 4 2 27
500,Instances_lowcost_H6/abs5n5,0,0,0.0,0.0,nan,nan,
500,Instances_lowcost_H6/abs5n5,1,1,278.0,278.0,1.0,nan,4
500,Instances_lowcost_H6/abs5n5,2,5,865.0,865.0,1.0,0.3333333333333333,3 5 2 4 1
500,Instances_lowcost_H6/abs5n5,3,1,278.0,278.0,1.0,nan,4
500,Instances_lowcost_H6/abs5n5,4,5,865.0,865.0,1.0,0.3333333333333333,3 5 2 4 1
500,Instances_lowcost_H6/abs5n5,5,1,278.0,278.0,1.0,nan,4
